source_file,asset_id,compressor_model,fault_mode,operating_state,start_timestamp,end_timestamp,start_time_s,end_time_s,window_size_samples,radial_rms,axial_rms,radial_std,axial_std,radial_peak,axial_peak,radial_crest_factor,axial_crest_factor,radial_kurtosis,axial_kurtosis,radial_dominant_freq_hz,axial_dominant_freq_hz,radial_energy_0_30hz,radial_energy_30_80hz,radial_energy_80_200hz,axial_energy_0_30hz,axial_energy_30_80hz,axial_energy_80_200hz,temp_mean,temp_max,temp_min,temp_delta,temp_slope,current_mean,current_max,current_min,current_std,current_delta,current_inrush_flag,is_healthy
em2x3125u_mechanical_looseness_timeseries.csv,EMB_COMP_001,EM2X3125U,mechanical_looseness,startup,2026-01-01 00:00:00.000,2026-01-01 00:00:01.990,0.0,1.99,200,0.08242727152557512,0.056191482178030445,0.08242696351168273,0.05618191712025294,0.1808142002531437,0.119885083332004,2.193621078395657,2.1335098966098505,2.5802273533523583,2.328289665404376,40.0,40.0,34.407565289320566,101.47716024199426,0.0,12.182355776689054,50.96107164073029,0.0,25.993870922383294,28.03380361580566,24.011284178852048,4.022519436953612,0.020083657352030434,3.6290755638657117,6.4044829264475736,0.7880588790634246,1.6015648238966858,5.6164240473841485,1,0
em2x3125u_mechanical_looseness_timeseries.csv,EMB_COMP_001,EM2X3125U,mechanical_looseness,startup,2026-01-01 00:00:01.000,2026-01-01 00:00:02.990,1.0,2.99,200,0.07529421348882687,0.047155045694714286,0.07529377755748451,0.04713763742244996,0.1808142002531437,0.119885083332004,2.4014355403284116,2.5423596046995707,2.73804691371235,2.511337325670239,40.0,40.0,38.06207057160927,75.32247119974586,0.0,5.98119761575624,38.46200795238996,0.0,27.618715372472742,28.679249806014685,25.90169088019878,2.777558925815903,0.012719026478294955,1.5003028380294847,3.5544789211179437,0.6735415349353578,0.9413415248579154,2.8809373861825858,1,0
em2x3125u_mechanical_looseness_timeseries.csv,EMB_COMP_001,EM2X3125U,mechanical_looseness,steady_state,2026-01-01 00:00:02.000,2026-01-01 00:00:03.990,2.0,3.99,200,0.06560136956442052,0.035377173189791375,0.06559849563849136,0.035373157013205946,0.133559704338538,0.0655551086687386,2.0359285976092685,1.8530341109236936,2.391754754886893,1.9305043202424839,20.0,40.0,38.23285804414081,47.833671014249866,0.0,0.7718781950299326,24.25338065067038,0.0,28.588335584823582,29.31590369136484,27.7333018675058,1.58260182385904,0.006898107486852184,0.752601410513457,0.8361399743531277,0.6735415349353578,0.03311113902163692,0.16259843941776986,0,0
em2x3125u_mechanical_looseness_timeseries.csv,EMB_COMP_001,EM2X3125U,mechanical_looseness,steady_state,2026-01-01 00:00:03.000,2026-01-01 00:00:04.990,3.0,4.99,200,0.06493790901333048,0.03489173976728843,0.06493643103225383,0.03489093685640351,0.133559704338538,0.064105221401493,2.0567293645245157,1.8372606762816874,2.3762591824084662,1.9701999953736595,20.0,40.0,36.30783026412398,48.03407788126807,0.0,0.7961317400080888,23.551426414359504,0.0,29.27516649338091,30.048621663023216,28.26602427530621,1.7825973877170043,0.006795049130081926,0.7507159233324111,0.8412454779518066,0.6367489085095954,0.0356504185422124,0.20449656944221117,0,0
em2x3125u_mechanical_looseness_timeseries.csv,EMB_COMP_001,EM2X3125U,mechanical_looseness,steady_state,2026-01-01 00:00:04.000,2026-01-01 00:00:05.990,4.0,5.99,200,0.06299939986294897,0.03414568209775271,0.06299866419617883,0.034144552133173564,0.1353000386802086,0.0633574318947366,2.1476401199780453,1.8555034781076007,2.4026813505355364,1.9547643610939285,20.0,40.0,33.69809144208812,45.68366077916356,0.0,0.7734390101680474,22.543572429761294,0.0,29.955429983728934,30.80083313087568,29.116394465740655,1.6844386651350263,0.0068283839149742955,0.7525884789660627,0.8577610988231519,0.6367489085095954,0.03838317550782118,0.22101219031355646,0,0
em2x3125u_mechanical_looseness_timeseries.csv,EMB_COMP_001,EM2X3125U,mechanical_looseness,steady_state,2026-01-01 00:00:05.000,2026-01-01 00:00:06.990,5.0,6.99,200,0.06263943660059096,0.034261932577335355,0.06263461639514234,0.03426087428052297,0.1353000386802086,0.0625223518680834,2.1599817307254026,1.82483436177919,2.436000455707529,1.9183661347067724,20.0,40.0,34.02112703896086,44.44081106281644,0.0,0.7721306872546008,22.706434957275874,0.0,30.632258752892604,31.42822925459172,29.81947197060276,1.608757283988961,0.0067956331031627385,0.7538265631688411,0.8577610988231519,0.6612638640809987,0.03733725487252448,0.1964972347421532,0,0
em2x3125u_mechanical_looseness_timeseries.csv,EMB_COMP_001,EM2X3125U,mechanical_looseness,steady_state,2026-01-01 00:00:06.000,2026-01-01 00:00:07.990,6.0,7.99,200,0.06375561072207894,0.034597927903944184,0.063755494340525,0.03459784393608872,0.1337678590516593,0.061934173500474,2.0981346980546562,1.790112219218003,2.4174131257788583,1.9111006691318795,20.0,40.0,35.13349227616087,46.179005490797586,0.0,0.7642278938604158,23.182099821325515,0.0,31.31802980878194,32.17285027466929,30.37337202038538,1.7994782542839083,0.007001561698287617,0.7498999140497404,0.8369301889620718,0.6673006652747712,0.03810408761980459,0.16962952368730067,0,0
em2x3125u_mechanical_looseness_timeseries.csv,EMB_COMP_001,EM2X3125U,mechanical_looseness,steady_state,2026-01-01 00:00:07.000,2026-01-01 00:00:08.990,7.0,8.99,200,0.06551794042615604,0.035090937630829246,0.06551681596865037,0.03509088827270054,0.1316964311724371,0.0602827172492775,2.0100819762622044,1.7178998715701441,2.4043809242277883,1.914396111994468,20.0,40.0,36.60973475245317,49.25379043567016,0.0,0.8404316725281412,23.787321296081426,0.0,32.006974448765284,32.80471318799545,31.1523100613335,1.6524031266619552,0.006821852512010609,0.7510152945444091,0.855372865199416,0.6476753510338662,0.037961418463468094,0.20769751416554982,0,0
em2x3125u_mechanical_looseness_timeseries.csv,EMB_COMP_001,EM2X3125U,mechanical_looseness,steady_state,2026-01-01 00:00:08.000,2026-01-01 00:00:09.990,8.0,9.99,200,0.06546882727961313,0.03486367759784394,0.0654684586897462,0.034862383055625806,0.1316964311724371,0.0605930185696804,2.0115898916284256,1.7379984770576136,2.354799410376356,1.9327914591399777,20.0,40.0,36.484675751343715,49.23918290157763,0.0,0.8636818796983985,23.445755953133425,0.0,32.69040117025272,33.510206110252064,31.87809314642412,1.632112963827943,0.006853920223655472,0.7532295546637533,0.855372865199416,0.6476753510338662,0.03682343993128289,0.20769751416554982,0,0
em2x3125u_mechanical_looseness_timeseries.csv,EMB_COMP_001,EM2X3125U,mechanical_looseness,steady_state,2026-01-01 00:00:09.000,2026-01-01 00:00:10.990,9.0,10.99,200,0.06293020417636051,0.03422000379115532,0.06292771220869953,0.03421867229409449,0.128409040672814,0.0652257479423899,2.040499349294188,1.9060707398065364,2.3764447170321987,1.9376952190989067,20.0,40.0,33.54188554511943,45.66401888467467,0.0,0.7567394880132029,22.662102906908345,0.0,33.37251204453364,34.117802935495725,32.48735798835353,1.6304449471421947,0.006756841947156873,0.7509183614213404,0.848656213184644,0.6536882366467469,0.03583748644075111,0.1949679765378971,0,0
em2x3125u_mechanical_looseness_timeseries.csv,EMB_COMP_001,EM2X3125U,mechanical_looseness,steady_state,2026-01-01 00:00:10.000,2026-01-01 00:00:11.990,10.0,11.99,200,0.061702934392126846,0.033878508759951576,0.06170041458594111,0.03387707034294264,0.127431943601733,0.0652257479423899,2.0652493249655404,1.9252839138980784,2.4175175717499386,1.9381113950704383,20.0,40.0,31.589119301155165,44.551876513773585,0.0,0.7251388589620545,22.23284678086344,0.0,34.052460035292995,34.91748803320444,33.17361941787947,1.7438686153249705,0.006836625046651979,0.7502210523167315,0.848656213184644,0.6733545865281997,0.033224453310451076,0.17530162665644433,0,0
em2x3125u_mechanical_looseness_timeseries.csv,EMB_COMP_001,EM2X3125U,mechanical_looseness,steady_state,2026-01-01 00:00:11.000,2026-01-01 00:00:12.990,11.0,12.99,200,0.06295992493215426,0.03448940565081905,0.06295982879413124,0.034488097506484364,0.1374204998852971,0.0628384075863455,2.1826661965271037,1.8219626114332073,2.4076839126357523,1.9403466872517918,20.0,40.0,33.637828096542044,45.64148493047707,0.0,0.8282366024279173,22.960638302146908,0.0,34.73412818655775,35.50266534918663,33.9104370174793,1.5922283317073251,0.006874360311480515,0.7492405266401285,0.8587089290604777,0.6733545865281997,0.03313270337109889,0.185354342532278,0,0
em2x3125u_mechanical_looseness_timeseries.csv,EMB_COMP_001,EM2X3125U,mechanical_looseness,steady_state,2026-01-01 00:00:12.000,2026-01-01 00:00:13.990,12.0,13.99,200,0.06508633580346226,0.03477309647710919,0.06508631337494558,0.034773085553861265,0.1411349857884557,0.0643839281717893,2.1684272750371676,1.851544288388946,2.4274363981336218,1.9577844601336667,20.0,40.0,36.91711010993146,47.81736783095453,0.0,0.8840912251700677,23.301285247092537,0.0,35.413823689725994,36.31185025170473,34.607073236438865,1.7047770152658686,0.006775559701380608,0.7497143205926138,0.8587089290604777,0.639346977199386,0.035112726032444475,0.21936195186109164,0,0
em2x3125u_mechanical_looseness_timeseries.csv,EMB_COMP_001,EM2X3125U,mechanical_looseness,steady_state,2026-01-01 00:00:13.000,2026-01-01 00:00:14.990,13.0,14.99,200,0.06573718714713592,0.03441998129818164,0.06573717813671134,0.03441907871555781,0.1411349857884557,0.0643839281717893,2.1469580904421885,1.8705393130237002,2.366324025375878,1.9555226522123168,20.0,40.0,36.760681102914894,49.67832829296283,0.0,0.8082446430577449,22.88530984238063,0.0,36.095998502247056,36.83946826440074,35.35975752382691,1.479710740573836,0.0067485730382112665,0.751266881135435,0.8409465362870778,0.639346977199386,0.03565560715970916,0.20159955908769178,0,0
em2x3125u_mechanical_looseness_timeseries.csv,EMB_COMP_001,EM2X3125U,mechanical_looseness,steady_state,2026-01-01 00:00:14.000,2026-01-01 00:00:15.990,14.0,15.99,200,0.06358291575482876,0.034170846581801244,0.06358275911746611,0.034169811222789954,0.1361545876273411,0.0633744558615323,2.141370618364587,1.8546352285952539,2.3928859062708843,1.9391301464885728,20.0,40.0,33.61869274187353,47.23776456572864,0.0,0.7627833104288542,22.588761033643117,0.0,36.78290837667887,37.57384971476473,35.92144772128634,1.6524019934783851,0.006822229912621527,0.7510715547908738,0.8397104108090547,0.6653219101259567,0.03381525288832442,0.17438850068309808,0,0
em2x3125u_mechanical_looseness_timeseries.csv,EMB_COMP_001,EM2X3125U,mechanical_looseness,steady_state,2026-01-01 00:00:15.000,2026-01-01 00:00:16.990,15.0,16.990000000000002,200,0.06230674783162551,0.03406388970602568,0.062306695145482406,0.03406243394508145,0.1333560389293638,0.0630974116624623,2.1403145497135907,1.8523255038399438,2.460082982168988,1.9610040379286728,20.0,40.0,33.260924269778,44.386413286608004,0.0,0.7908290432104972,22.416852324937146,0.0,37.465232424648924,38.32201616568996,36.72803922807396,1.5939769376159987,0.006820623654154123,0.7523853031673664,0.829957614947779,0.6653219101259567,0.033589986490827804,0.16463570482182233,0,0
em2x3125u_mechanical_looseness_timeseries.csv,EMB_COMP_001,EM2X3125U,mechanical_looseness,steady_state,2026-01-01 00:00:16.000,2026-01-01 00:00:17.990,16.0,17.990000000000002,200,0.06437159592641821,0.03476297214116003,0.06437119858223192,0.03475864034882223,0.1292599515063355,0.0637363663048922,2.008027758921649,1.8334556103569495,2.3802434880900862,1.9674047558102419,20.0,40.0,35.85801778588483,47.01542977312316,0.0,0.8917420217311853,23.281131576324462,0.0,38.13465134849279,38.97216667034215,37.22043088237958,1.7517357879625663,0.006705398451481008,0.749868241399906,0.829957614947779,0.6690695859890525,0.03456205310880159,0.16088802895872645,0,0
em2x3125u_mechanical_looseness_timeseries.csv,EMB_COMP_001,EM2X3125U,mechanical_looseness,steady_state,2026-01-01 00:00:17.000,2026-01-01 00:00:18.990,17.0,18.99,200,0.0663359328732616,0.03505472712006769,0.06633552931306945,0.035049989366765975,0.1400284636756785,0.0637363663048922,2.110899140337869,1.818196047756572,2.3690570183888515,1.9576084086056498,20.0,40.0,37.42836780747464,50.590684442344845,0.0,0.8905693334380653,23.68045380367849,0.0,38.810552928973166,39.61674859920378,37.99712329006235,1.6196253091414334,0.0068229662687977035,0.7481526270540455,0.825179601239272,0.6308663281749691,0.036517527676022496,0.1943132730643029,0,0
em2x3125u_mechanical_looseness_timeseries.csv,EMB_COMP_001,EM2X3125U,mechanical_looseness,steady_state,2026-01-01 00:00:18.000,2026-01-01 00:00:19.990,18.0,19.99,200,0.06480511369868827,0.034984281396198275,0.06480213105541825,0.03498386886480628,0.1400284636756785,0.0630248586237149,2.160762564613984,1.8015193140586785,2.3622157938116204,1.967355010990385,20.0,40.0,35.38087715720429,48.62384991720635,0.0,0.8671814945237531,23.61223487405749,0.0,39.51292035784259,40.30216100281711,38.5601835373989,1.7419774654182092,0.007016873017523504,0.7519112969273902,0.8534053868279471,0.6308663281749691,0.03905138323216472,0.22253905865297796,0,0
em2x3125u_mechanical_looseness_timeseries.csv,EMB_COMP_001,EM2X3125U,mechanical_looseness,shutdown,2026-01-01 00:00:19.000,2026-01-01 00:00:20.990,19.0,20.99,200,0.04630957948505435,0.02598365119134663,0.046308022129087086,0.025983605534095466,0.1270435057567251,0.0630248586237149,2.743352610181362,2.4255582158024103,3.9582526898183588,3.3481572469385488,40.0,40.0,19.190017886397275,23.698952080165103,0.0,0.5635843133133336,12.939550433497892,0.0,39.730736018292475,40.30216100281711,39.00226442611922,1.2998965766978898,-0.0025499080019541283,0.5863020847642532,0.8534053868279471,0.2748805181636087,0.17826561396299664,0.5785248686643384,0,0
em2x3125u_mechanical_looseness_timeseries.csv,EMB_COMP_001,EM2X3125U,mechanical_looseness,shutdown,2026-01-01 00:00:20.000,2026-01-01 00:00:21.990,20.000000000000004,21.99,200,0.014679186125862427,0.008954399727798249,0.014678942157330614,0.008954066763047035,0.0381143966864018,0.0242820225126331,2.596492500306281,2.7117420766074827,2.3844669475023847,2.5457969007304495,40.0,40.0,0.32477866192348925,3.986002365193582,0.0,0.17509852126191353,1.4285953749677212,0.0,39.08739231811964,40.16181656692783,38.06368079280568,2.098135774122156,-0.01010581122866128,0.2796269755416254,0.5745272746972161,0.0,0.16264577596052424,0.5745272746972161,0,0
em2x3125u_mechanical_looseness_timeseries.csv,EMB_COMP_001,EM2X3125U,mechanical_looseness,idle,2026-01-01 00:00:21.000,2026-01-01 00:00:22.990,21.000000000000004,22.99,200,0.007411630650455702,0.004563082080974959,0.00741163060763878,0.004561317531442599,0.0258469043639516,0.0171452617659067,3.487343822558455,3.7573862274779426,5.194412912521223,5.684469800214934,40.0,40.0,0.19139316730305328,0.909271878312546,0.0,0.08613808805462292,0.3299818856812638,0.0,38.26751384435617,39.19583890282915,37.72497477564902,1.4708641271801355,-0.006517503884156747,0.06995389707483121,0.2876655967667123,0.0,0.09036440335236148,0.2876655967667123,0,0
em2x3125u_mechanical_looseness_timeseries.csv,EMB_COMP_001,EM2X3125U,mechanical_looseness,idle,2026-01-01 00:00:22.000,2026-01-01 00:00:23.990,22.000000000000004,23.99,200,0.00153878039754096,0.0011594416390832277,0.0015387130764835404,0.0011470551903539825,0.0041959185526389,0.0031679665896392,2.7267819107548847,2.7323208714016136,2.842319266060214,2.723625262894052,34.0,44.0,0.028175839801003303,0.01939249476694204,0.0,0.01634051021357248,0.010226901018403064,0.0,37.76132373686927,38.17182387621568,37.30368376747656,0.8681401087391265,-0.0037886423769711926,0.0006676933115222119,0.0053194745866541,0.0,0.0010300665334801056,0.0053194745866541,0,0
em2x3125u_mechanical_looseness_timeseries.csv,EMB_COMP_001,EM2X3125U,mechanical_looseness,idle,2026-01-01 00:00:23.000,2026-01-01 00:00:24.990,23.000000000000004,24.99,200,0.0013808459668148418,0.00131324041888854,0.0013793462226363413,0.001303226841575489,0.0035589401410397,0.0042333511457807,2.577362158104431,3.2235918761650613,2.5459366392659675,3.207889116207937,34.0,13.5,0.023314664069785135,0.014816766263309775,0.0,0.019605755759031413,0.014681006402404396,0.0,37.38403499503851,37.84354690694733,36.945090412785866,0.898456494161465,-0.0037876368251476217,0.0006467151948112244,0.0053194745866541,0.0,0.001008156239737476,0.0053194745866541,0,0
em2x3125u_mechanical_looseness_timeseries.csv,EMB_COMP_001,EM2X3125U,mechanical_looseness,idle,2026-01-01 00:00:24.000,2026-01-01 00:00:25.990,24.000000000000004,25.99,200,0.0013987153419700471,0.0012511289865879194,0.0013955444337984562,0.0012449072029992834,0.0038368154565315,0.0042333511457807,2.743099572445859,3.3836248629534995,2.71494555178286,3.429663050065174,32.0,32.5,0.0215390734266896,0.01742400070487293,0.0,0.01826054645766417,0.012751535444550348,0.0,37.012477688192426,37.43211426142249,36.5656521922778,0.8664620691446885,-0.0037614991604692093,0.0007786314892102302,0.0056032331932734,0.0,0.0011467065629508911,0.0056032331932734,0,0
em2x3125u_mechanical_looseness_timeseries.csv,EMB_COMP_001,EM2X3125U,mechanical_looseness,idle,2026-01-01 00:00:25.000,2026-01-01 00:00:26.990,25.000000000000004,26.99,200,0.0014892178782610055,0.001187547923187729,0.0014836213233074998,0.00118555877248252,0.0038368154565315,0.0036259262853865,2.5763963168450803,3.053288389114811,2.6489489658939256,2.8037469390855447,25.0,26.5,0.025837931831185382,0.018237460576423736,0.0,0.018335424718462705,0.009779038219384074,0.0,36.639873140282646,37.16671845038882,36.182388891613456,0.9843295587753644,-0.0038201138346270623,0.0008287130045055896,0.0056032331932734,0.0,0.0012162746551465592,0.0056032331932734,0,0
em2x3125u_mechanical_looseness_timeseries.csv,EMB_COMP_001,EM2X3125U,mechanical_looseness,idle,2026-01-01 00:00:26.000,2026-01-01 00:00:27.990,26.000000000000004,27.99,200,0.0015044647739762172,0.001116360865991915,0.0014869473375457637,0.0011158145802078784,0.0040226170722594,0.0036259262853865,2.6737861476329856,3.247987631817219,2.949382216711842,3.183258836011504,24.5,35.0,0.02582664167567562,0.018394241868247282,0.0,0.015344724138102145,0.00976559604590377,0.0,36.263133399812766,36.67511927655998,35.76231710491476,0.9128021716452253,-0.0037776100091289713,0.0007161118845947723,0.0059834396814901,0.0,0.0011630231441997635,0.0059834396814901,0,0
em2x3125u_mechanical_looseness_timeseries.csv,EMB_COMP_001,EM2X3125U,mechanical_looseness,idle,2026-01-01 00:00:27.000,2026-01-01 00:00:28.990,27.000000000000004,28.99,200,0.0014932426958943698,0.0011223917024537123,0.0014720547744726555,0.001122136219233073,0.0040226170722594,0.003233916320539,2.693880293752299,2.8812724768627445,3.128501182785702,2.9992570941344074,24.0,13.0,0.025540419043146786,0.017859980976588703,0.0,0.01533981620819176,0.010206298086666255,0.0,35.88665697785907,36.33146394242302,35.44267967627025,0.8887842661527685,-0.003752865365758505,0.0007982373393941669,0.0059834396814901,0.0,0.0011892263936683033,0.0059834396814901,0,0
em2x3125u_mechanical_looseness_timeseries.csv,EMB_COMP_001,EM2X3125U,mechanical_looseness,idle,2026-01-01 00:00:28.000,2026-01-01 00:00:29.990,28.000000000000004,29.99,200,0.0014398810802832896,0.0012376515608688444,0.0014279026563836115,0.0012366456588029057,0.0039565152511483,0.003233916320539,2.747806958037031,2.612945697146584,2.9808066563288476,2.641499362700841,4.0,26.5,0.024690528855569476,0.016201161377161894,0.0,0.020642052890865445,0.010077095747979341,0.0,35.51365024919118,35.94269437913576,35.086175506379675,0.8565188727560837,-0.0036817603628931292,0.0008332810991622994,0.0057595526346446,0.0,0.0011650804449465039,0.0057595526346446,0,0
em2x3125u_mechanical_looseness_timeseries.csv,EMB_COMP_001,EM2X3125U,mechanical_looseness,idle,2026-01-01 00:00:29.000,2026-01-01 00:00:30.990,29.000000000000004,30.99,200,0.057487911066812364,0.041369545115978214,0.057484703867460296,0.041369087415205855,0.1595832643927275,0.1232763377441158,2.775944740925793,2.9798813933901007,5.052534133210916,4.371045068932774,40.0,40.0,14.906513083516653,51.31101771127305,0.0,5.685882482022725,28.58525461966867,0.0,30.309339109703195,35.568399569828294,24.27061656819728,11.297783001631014,-0.07322844668674929,2.5006490240885815,6.484655571965177,0.0,2.563032125042171,6.484655571965177,1,0
em2x3125u_mechanical_looseness_timeseries.csv,EMB_COMP_001,EM2X3125U,mechanical_looseness,startup,2026-01-01 00:00:30.000,2026-01-01 00:00:31.990,30.000000000000004,31.99,200,0.08193787737975743,0.058776098032630446,0.08192969578781512,0.05876288153679109,0.1727081269174498,0.1232763377441158,2.10779351919259,2.097388936497232,2.561017698387704,2.146685231006626,40.0,40.0,31.648842520478688,102.69741250440958,0.0,11.574627695250983,57.51221216085596,0.0,26.300723158880274,28.359735497401864,24.27061656819728,4.089118929204584,0.02029830787044355,3.616218632372762,6.484655571965177,0.8916224089886193,1.596146488726889,5.593033162976557,1,0
em2x3125u_mechanical_looseness_timeseries.csv,EMB_COMP_001,EM2X3125U,mechanical_looseness,startup,2026-01-01 00:00:31.000,2026-01-01 00:00:32.990,31.000000000000004,32.99,200,0.0740483295756355,0.048523602260056975,0.07404831511158202,0.048505599710345265,0.1727081269174498,0.1207565589778493,2.332370330394014,2.488614887465849,2.72064289449646,2.5862453638436387,40.0,40.0,37.80995760708652,71.85358696988193,0.0,6.237079285617698,40.82014302452537,0.0,27.887837135949002,28.971752738185828,26.25618439978497,2.715568338400857,0.012132430262978031,1.4907261702914822,3.571106928845755,0.6258491138919203,0.928169964289806,2.9452578149538344,1,0
em2x3125u_mechanical_looseness_timeseries.csv,EMB_COMP_001,EM2X3125U,mechanical_looseness,steady_state,2026-01-01 00:00:32.000,2026-01-01 00:00:33.990,32.0,33.99,200,0.06496717194771698,0.03518075096809221,0.0649631027780187,0.035180725752450605,0.1319916949160098,0.0628532966334587,2.0316675477613755,1.7865820058947746,2.3835285254712435,1.9103547140929158,20.0,40.0,36.55872087637496,47.84663581210637,0.0,0.7557513271049391,23.997947176176147,0.0,28.81879002144233,29.643801394152185,27.9789640131587,1.664837380993486,0.007115993399029792,0.748980250324073,0.8424034849091048,0.6258491138919203,0.03354715901184747,0.21655437101718444,0,0
em2x3125u_mechanical_looseness_timeseries.csv,EMB_COMP_001,EM2X3125U,mechanical_looseness,steady_state,2026-01-01 00:00:33.000,2026-01-01 00:00:34.990,33.0,34.99,200,0.06459716139867329,0.03478990406597384,0.0645957772939518,0.03478914227391588,0.1319916949160098,0.0628532966334587,2.043304876841239,1.8066533473121065,2.375860702547432,1.9328649586219995,20.0,40.0,36.28265641747321,47.170136240623364,0.0,0.879000088334912,23.328162369752825,0.0,29.532958640450943,30.36883340104557,28.63102186841216,1.7378115326334118,0.0071599081207189205,0.7495684566335554,0.8424034849091048,0.6539616019820316,0.03746415027709251,0.1884418829270732,0,0
em2x3125u_mechanical_looseness_timeseries.csv,EMB_COMP_001,EM2X3125U,mechanical_looseness,steady_state,2026-01-01 00:00:34.000,2026-01-01 00:00:35.990,34.0,35.99,200,0.06232367638057312,0.03401438755533934,0.06232367313688236,0.03401438422292954,0.1308267952280184,0.0621004439024429,2.0991508015210467,1.825711070099653,2.4367526978976737,1.9388564902665453,20.0,40.0,32.90078463803538,44.79490041272835,0.0,0.8473031341328623,22.296547607858344,0.0,30.245656470897075,31.04630035508957,29.36232400525524,1.6839763498343316,0.007084334751982,0.7515408973818842,0.834678133343115,0.6713308371820473,0.03635021001342588,0.1633472961610677,0,0
em2x3125u_mechanical_looseness_timeseries.csv,EMB_COMP_001,EM2X3125U,mechanical_looseness,steady_state,2026-01-01 00:00:35.000,2026-01-01 00:00:36.990,35.0,36.99,200,0.06204328302920634,0.03407669807863561,0.06204322002601125,0.03407669662800373,0.126801969802083,0.0623372382009839,2.0437662807493933,1.8293215515521513,2.4240134671078297,1.9814148326846166,20.0,40.0,32.57111658917492,44.42425701643679,0.0,0.9201840685304171,22.306295671681376,0.0,30.94211438501858,31.86644648922289,30.01422210319528,1.8522243860276113,0.006916356231234547,0.7499008349297968,0.8597139182847582,0.6652411837407219,0.03441279981334665,0.19447273454403624,0,0
em2x3125u_mechanical_looseness_timeseries.csv,EMB_COMP_001,EM2X3125U,mechanical_looseness,steady_state,2026-01-01 00:00:36.000,2026-01-01 00:00:37.990,36.0,37.99,200,0.06366943371558385,0.03454945827534149,0.0636635244890171,0.03454858864312418,0.131397046651493,0.0645402617034223,2.0637382647135434,1.868054230809336,2.371861088604119,2.0042215632003955,20.0,40.0,34.717958095930285,46.34845869698063,0.0,0.9833024337008809,22.88995652193725,0.0,31.64622439584002,32.446349052736096,30.911555713327942,1.5347933394081537,0.0071447416783058095,0.7504294258177296,0.8597139182847582,0.6652411837407219,0.036119911931017656,0.19447273454403624,0,0
em2x3125u_mechanical_looseness_timeseries.csv,EMB_COMP_001,EM2X3125U,mechanical_looseness,steady_state,2026-01-01 00:00:37.000,2026-01-01 00:00:38.990,37.0,38.99,200,0.06528020740409139,0.035094864566652305,0.06527952791637232,0.035094854353743855,0.131397046651493,0.0676323738451865,2.0128160108029585,1.9271302135028567,2.3506507999689235,1.9882264283585875,20.0,40.0,36.65389685599869,48.580043878073056,0.0,0.8045300549732533,23.83226804938516,0.0,32.35443480275113,33.243243064635266,31.51754267315441,1.7257003914808564,0.006963101455746302,0.7502748819531909,0.8501747426214985,0.6700850016320564,0.036480746191370844,0.18008974098944208,0,0
em2x3125u_mechanical_looseness_timeseries.csv,EMB_COMP_001,EM2X3125U,mechanical_looseness,steady_state,2026-01-01 00:00:38.000,2026-01-01 00:00:39.990,38.0,39.99,200,0.06524441292830627,0.034682023500416014,0.06524430076292786,0.03468102761206257,0.1336978895516112,0.0676323738451865,2.049185264315658,1.9500700080079019,2.4250316488970234,1.9855785083211024,20.0,40.0,37.16740401486823,47.978030676543085,0.0,0.775126535589103,23.28697360020367,0.0,33.05246630758079,33.86076088287929,32.245338007514206,1.615422875365084,0.0070561107449531035,0.7460341176853705,0.8448894429451835,0.6617918280518511,0.03394269870906149,0.18309761489333243,0,0
em2x3125u_mechanical_looseness_timeseries.csv,EMB_COMP_001,EM2X3125U,mechanical_looseness,steady_state,2026-01-01 00:00:39.000,2026-01-01 00:00:40.990,39.0,40.99,200,0.06276912233237952,0.033560699763249546,0.06276865930423832,0.03355788114488556,0.1336978895516112,0.0609544253395656,2.1299945671319827,1.816244171592435,2.4830804454926705,1.9579886786762482,20.0,40.0,34.3897244083215,44.4156126011465,0.0,0.7950771326958896,21.728281478329727,0.0,33.759291014741386,34.60185194891269,32.85976472338394,1.7420872255287492,0.007148680150557225,0.7475278993909038,0.8448894429451835,0.6617918280518511,0.03212420313537361,0.18309761489333243,0,0
em2x3125u_mechanical_looseness_timeseries.csv,EMB_COMP_001,EM2X3125U,mechanical_looseness,steady_state,2026-01-01 00:00:40.000,2026-01-01 00:00:41.990,40.0,41.99,200,0.06246992912763178,0.03372566374905407,0.06246991044676382,0.03372470780675725,0.1329841818408198,0.0630295955634524,2.1287711335340394,1.8688911812809093,2.4142022522212416,1.9711461738635476,20.0,40.0,33.409328127139815,44.64047607128672,0.0,0.8552103410154666,21.892942258836385,0.0,34.47221742881582,35.37505940598583,33.6276792987793,1.7473801072065314,0.007120061713121747,0.7526885796862709,0.8541627090432768,0.6452820584140538,0.03399361401089271,0.208880650629223,0,0
em2x3125u_mechanical_looseness_timeseries.csv,EMB_COMP_001,EM2X3125U,mechanical_looseness,steady_state,2026-01-01 00:00:41.000,2026-01-01 00:00:42.990,41.0,42.99,200,0.06373823494145477,0.03473536616643073,0.06373740878833666,0.03473128653078039,0.1329841818408198,0.0630295955634524,2.086411428916556,1.8145654564703004,2.405519373574659,1.9972407236243028,20.0,40.0,33.96056761627395,47.290376319283766,0.0,1.0179524454523359,23.107377821019863,0.0,35.16755465772778,36.11281794098483,34.388174342712084,1.724643598272749,0.006851695908898788,0.7514863959567795,0.8541627090432768,0.6452820584140538,0.03362299753837859,0.208880650629223,0,0
em2x3125u_mechanical_looseness_timeseries.csv,EMB_COMP_001,EM2X3125U,mechanical_looseness,steady_state,2026-01-01 00:00:42.000,2026-01-01 00:00:43.990,42.0,43.99,200,0.06498125244963199,0.0356584508599671,0.06498071408243418,0.035657838643799844,0.1380571945764517,0.0625244612532366,2.12456961618987,1.7534261793585468,2.4210130175153757,1.9505199977827927,20.0,40.0,36.37717104892248,48.07330955597205,0.0,0.9670068397565583,24.463290555743345,0.0,35.863855834417826,36.67726019469004,35.02027609048275,1.6569841042072895,0.007211789877862536,0.7508707413399107,0.8405361646834262,0.6688576578232045,0.03441671776313435,0.17167850686022168,0,0
em2x3125u_mechanical_looseness_timeseries.csv,EMB_COMP_001,EM2X3125U,mechanical_looseness,steady_state,2026-01-01 00:00:43.000,2026-01-01 00:00:44.990,43.0,44.99,200,0.06464753247277155,0.03533631932280867,0.06464612347088079,0.03533557542818657,0.1380571945764517,0.0637907037380255,2.1355369539370903,1.805244715933113,2.3835793776850664,1.9142233055034086,20.0,40.0,35.711415307201946,47.872660611619956,0.0,0.8212875599318926,24.159417499377074,0.0,36.58200089311142,37.40053774082597,35.683128232646766,1.7174095081792018,0.007155532159239079,0.7540105386857064,0.8621038694309839,0.6688576578232045,0.0373824196757197,0.19324621160777944,0,0
em2x3125u_mechanical_looseness_timeseries.csv,EMB_COMP_001,EM2X3125U,mechanical_looseness,steady_state,2026-01-01 00:00:44.000,2026-01-01 00:00:45.990,44.0,45.99,200,0.06220443038185811,0.03433244980026438,0.06220434887523023,0.034330767971130195,0.1286176707321333,0.0637907037380255,2.067660935765832,1.8580294767527568,2.3948295364100427,1.9674535786525837,20.0,40.0,32.08599207510529,45.30337442945241,0.0,0.8661604311017322,22.708400042872313,0.0,37.283486146960506,38.05762577608832,36.4828815909616,1.5747441851267254,0.00680578670838894,0.7501913543693435,0.8621038694309839,0.6393551113195356,0.037332987754998194,0.22274875811144834,0,0
em2x3125u_mechanical_looseness_timeseries.csv,EMB_COMP_001,EM2X3125U,mechanical_looseness,steady_state,2026-01-01 00:00:45.000,2026-01-01 00:00:46.990,45.0,46.99,200,0.06190202046080753,0.03429088611078873,0.06190201987865991,0.03429072156720084,0.1405832148841223,0.0639113161231806,2.2710601986429624,1.8637989090364326,2.4304614147598116,2.0049491350517714,20.0,40.0,32.41588479457693,44.221991629932326,0.0,0.9231932786426129,22.59422786267214,0.0,37.98176356015052,38.83727468540776,37.271512714104574,1.5657619713031892,0.007039269634450818,0.7460299144814491,0.8392707288025938,0.6393551113195356,0.034638448977640686,0.1999156174830582,0,0
em2x3125u_mechanical_looseness_timeseries.csv,EMB_COMP_001,EM2X3125U,mechanical_looseness,steady_state,2026-01-01 00:00:46.000,2026-01-01 00:00:47.990,46.0,47.99,200,0.06428225965231367,0.03445910553237131,0.064281673074486,0.03445808490695835,0.1405832148841223,0.0639113161231806,2.186967534192186,1.8547003799370683,2.419225324529914,1.9608521192789115,20.0,40.0,35.2686833008245,47.381659225916756,0.0,0.899976287075933,22.847481506000726,0.0,38.69480798682672,39.60984251612136,37.874485513876365,1.7353570022449958,0.007048574216946082,0.7498954155911021,0.8406367518055267,0.6741469311050552,0.033492269289804484,0.16648982070047147,0,0
em2x3125u_mechanical_looseness_timeseries.csv,EMB_COMP_001,EM2X3125U,mechanical_looseness,steady_state,2026-01-01 00:00:47.000,2026-01-01 00:00:48.990,47.0,48.99,200,0.06615403435952383,0.035198039101223995,0.06615401276190346,0.03519775681343283,0.1324930811085604,0.0639104847312889,2.0027966909547383,1.8157399208374208,2.3976847967038437,1.9413792632742966,20.0,40.0,37.72558122511041,49.80185360628157,0.0,0.9571459293273792,23.824812192977895,0.0,39.397675507618175,40.27022555560431,38.572689516829854,1.6975360387744587,0.006931663373443223,0.7498253561540935,0.8406367518055267,0.6555141259151069,0.03326573753259626,0.18512262589041972,0,0
em2x3125u_mechanical_looseness_timeseries.csv,EMB_COMP_001,EM2X3125U,mechanical_looseness,steady_state,2026-01-01 00:00:48.000,2026-01-01 00:00:49.990,48.0,49.99,200,0.06457578997240222,0.03514978240289071,0.06457477383531084,0.03514928173814022,0.1324930811085604,0.0642950791599542,2.0517454167449443,1.8291743153057636,2.3396589701841126,1.9351481256178384,20.0,40.0,36.032356821924225,47.37694796459278,0.0,0.9239348502252459,23.786083135595558,0.0,40.09166497937618,40.82467316789307,39.281207477639605,1.5434656902534627,0.0068950773057215465,0.7490117961395028,0.8418631917361883,0.651483644735672,0.03459512757645892,0.1903795470005163,0,0
em2x3125u_mechanical_looseness_timeseries.csv,EMB_COMP_001,EM2X3125U,mechanical_looseness,shutdown,2026-01-01 00:00:49.000,2026-01-01 00:00:50.990,49.0,50.99,200,0.04590010458061384,0.025776605458514238,0.04590009893699194,0.025772063090345854,0.1231387492652621,0.0642950791599542,2.682755309391396,2.4943190934676376,4.006728118229741,3.1297537630998797,40.0,40.0,19.42240192085503,22.72126636902873,0.0,0.5351985364586636,12.750193960878676,0.0,40.3569269548082,40.82467316789307,39.69202753154436,1.1326456363487054,-0.0017073964534662035,0.5868406470790096,0.8418631917361883,0.2798459598733658,0.17744996992133888,0.5620172318628225,0,0
em2x3125u_mechanical_looseness_timeseries.csv,EMB_COMP_001,EM2X3125U,mechanical_looseness,shutdown,2026-01-01 00:00:50.000,2026-01-01 00:00:51.990,50.0,51.99,200,0.013853100738599073,0.009458189730508241,0.013851160963706142,0.009457450353874537,0.0330747802777904,0.0270827750361803,2.3875362564594447,2.8634205707274383,2.3539480370991117,2.6786766870304737,40.0,40.0,0.2659633832321041,3.578712446830536,0.0,0.21935559074836,1.5696821910394352,0.0,39.77577903543052,40.80596257866722,38.687156478781866,2.1188060998853544,-0.010012626807514245,0.2800242470494662,0.5681973475399196,0.0,0.1633372566925321,0.5681973475399196,0,0
em2x3125u_mechanical_looseness_timeseries.csv,EMB_COMP_001,EM2X3125U,mechanical_looseness,idle,2026-01-01 00:00:51.000,2026-01-01 00:00:52.990,51.0,52.99,200,0.007183283400166328,0.004171507076223606,0.007181694377987062,0.0041633544488596155,0.0234018815383262,0.0192465356916693,3.2578251803046405,4.613808712292263,5.061200618352416,6.403790983782645,40.0,40.0,0.145239883119882,0.8937294048386075,0.0,0.11114617887373404,0.23575515867759927,0.0,38.9432607840702,39.826628992364654,38.36987206982538,1.4567569225392774,-0.006708012768045005,0.069820274241996,0.2828236151008747,0.0,0.09007228761075853,0.2828236151008747,0,0
em2x3125u_mechanical_looseness_timeseries.csv,EMB_COMP_001,EM2X3125U,mechanical_looseness,idle,2026-01-01 00:00:52.000,2026-01-01 00:00:53.990,52.0,53.99,200,0.0015606987271297925,0.001230716787438398,0.0015580531009400792,0.001229692593781791,0.004861014738766,0.0032867867358407,3.114640035431863,2.6706280188814078,2.8796572741095448,2.6219227887889125,17.5,14.5,0.024958382086301373,0.02439639929597974,0.0,0.01998365922506462,0.010281740689129279,0.0,38.4254839126289,38.8371758802377,37.97519284025702,0.8619830399806787,-0.0037063378108935893,0.0008499696747372978,0.0049226877501555,0.0,0.0011765600304567087,0.0049226877501555,0,0
em2x3125u_mechanical_looseness_timeseries.csv,EMB_COMP_001,EM2X3125U,mechanical_looseness,idle,2026-01-01 00:00:53.000,2026-01-01 00:00:54.990,53.0,54.99,200,0.0015238899830687222,0.0012511243879719672,0.0015237606905102775,0.00125005873098664,0.0041255541860616,0.0032867867358407,2.707251987937998,2.6270663152594094,2.731539679873883,2.632991149729059,41.5,43.0,0.024801677045725477,0.022323185328132353,0.0,0.018959436424840607,0.012297488586387038,0.0,38.046607601943286,38.45988068425659,37.62021570744417,0.839664976812422,-0.00385781827875205,0.0007827734025061027,0.0048836076579766,0.0,0.0011425609504228116,0.0048836076579766,0,0
em2x3125u_mechanical_looseness_timeseries.csv,EMB_COMP_001,EM2X3125U,mechanical_looseness,idle,2026-01-01 00:00:54.000,2026-01-01 00:00:55.990,54.0,55.99,200,0.001481137865844592,0.0011787944031872014,0.0014731711078564789,0.0011777693570255575,0.0041726286843245,0.003114051481446,2.8171777796965136,2.641725709781356,3.0512342611246703,2.8373850542064427,46.5,33.5,0.025237103117314915,0.018485355240323055,0.0,0.014307708246229543,0.013558693044855942,0.0,37.663071804861886,38.082265241070736,37.23643161780041,0.8458336232703232,-0.003753746076551753,0.0007321365971252082,0.0048282957929674,0.0,0.0011198223256954614,0.0048282957929674,0,0
em2x3125u_mechanical_looseness_timeseries.csv,EMB_COMP_001,EM2X3125U,mechanical_looseness,idle,2026-01-01 00:00:55.000,2026-01-01 00:00:56.990,55.0,56.99,200,0.0014552910855408013,0.0010868476224881014,0.0014437088474373706,0.001084899537283765,0.0041726286843245,0.0029735114499927,2.867212426285088,2.735904636921864,3.0991056575561036,2.9084108503904775,50.0,34.5,0.022400145781758526,0.020222692363174838,0.0,0.01299820728855136,0.010778056329272897,0.0,37.28715683906736,37.72220579806205,36.84439826552665,0.8778075325353996,-0.0037251226436315053,0.0007638963138038421,0.0050245332040889,0.0,0.0011138975088576984,0.0050245332040889,0,0
em2x3125u_mechanical_looseness_timeseries.csv,EMB_COMP_001,EM2X3125U,mechanical_looseness,idle,2026-01-01 00:00:56.000,2026-01-01 00:00:57.990,56.0,57.99,200,0.0015367594188520032,0.001078298578295864,0.0015332416754124118,0.0010781404640987434,0.0047347473669523,0.0029735114499927,3.0809945323056955,2.757595632456474,2.8854650282909504,3.142483245231989,7.0,34.5,0.026136099750406223,0.021883787033416632,0.0,0.013208998083743517,0.010178504142474884,0.0,36.91720670312784,37.30530541577961,36.46868128046214,0.8366241353174644,-0.0036702945288119367,0.0007727030808416241,0.0051130704651189,0.0,0.0011295042721163272,0.0051130704651189,0,0
em2x3125u_mechanical_looseness_timeseries.csv,EMB_COMP_001,EM2X3125U,mechanical_looseness,idle,2026-01-01 00:00:57.000,2026-01-01 00:00:58.990,57.0,58.99,200,0.0015677393019445454,0.0012778497387383456,0.0015628731181666377,0.0012777756924241496,0.0047347473669523,0.0038421030878388,3.0201114184479247,3.0066939573288236,2.9662225121760812,3.021244244695718,30.5,35.0,0.02872022052299951,0.02013454004620757,0.0,0.01884667920669834,0.013901524713151836,0.0,36.54519450724271,36.9535349682021,36.0839395268628,0.8695954413392997,-0.003778402686395466,0.000650968991755945,0.0051130704651189,0.0,0.0010209669827672837,0.0051130704651189,0,0
em2x3125u_mechanical_looseness_timeseries.csv,EMB_COMP_001,EM2X3125U,mechanical_looseness,idle,2026-01-01 00:00:58.000,2026-01-01 00:00:59.990,58.0,59.99,200,0.0014598493285222583,0.0013230445673531185,0.0014596574121353491,0.0013104853128879344,0.0039917377349029,0.0038421030878388,2.7343491255659664,2.9039861412418686,2.760916721580392,2.8693626525959233,50.0,27.0,0.025393280640182557,0.018368542131097027,0.0,0.021335179807395216,0.013022555126364152,0.0,36.172805168862595,36.60172736326928,35.75177465196566,0.8499527113036223,-0.003713545699279007,0.0006134374512300486,0.0041334555200985,0.0,0.0009759454831621626,0.0041334555200985,0,0
em2x3125u_mechanical_looseness_timeseries.csv,EMB_COMP_001,EM2X3125U,mechanical_looseness,idle,2026-01-01 00:00:59.000,2026-01-01 00:01:00.990,59.0,60.99,200,0.057187161740918924,0.03917801682151123,0.05718716009451799,0.03913071403195617,0.1622714010596385,0.1166393798093232,2.8375494799828305,2.9771639626557294,5.121427360270578,4.696607197876291,40.0,40.0,15.399103518445594,50.01632308401265,0.0,8.00972769750065,22.63730602415961,0.0,30.798999742565655,36.26697123414767,24.532307754902217,11.734663479245452,-0.07587000928812085,2.500653973659684,6.461782611505178,0.0,2.5629526990304967,6.461782611505178,1,0
em2x3125u_mechanical_looseness_timeseries.csv,EMB_COMP_001,EM2X3125U,mechanical_looseness,startup,2026-01-01 00:01:00.000,2026-01-01 00:01:01.990,60.0,61.99,200,0.08141624513600809,0.057240866014572914,0.0813833831257396,0.057230352580759196,0.1915955196975987,0.1326343565484151,2.353283664427573,2.3171270070345864,2.6472300773248083,2.367208000421337,40.0,40.0,30.550400507426115,101.91699898957754,0.0,14.0344380104387,51.48364861053247,0.0,26.60878321258323,28.616564146926653,24.532307754902217,4.084256392024436,0.01994585059850139,3.621660107499506,6.461782611505178,0.8430071771480474,1.5965031836764476,5.618775434357131,1,0
em2x3125u_mechanical_looseness_timeseries.csv,EMB_COMP_001,EM2X3125U,mechanical_looseness,startup,2026-01-01 00:01:01.000,2026-01-01 00:01:02.990,61.0,62.99,200,0.07435351509774676,0.04859844043601588,0.07430491341305841,0.04859122999841897,0.1915955196975987,0.1326343565484151,2.57681858679745,2.7291895657236136,2.7558368639543467,2.832295982864221,40.0,40.0,37.430439894233274,72.99644239184182,0.0,6.3327764197225695,40.88937651410011,0.0,28.23575763132358,29.2697955390327,26.592981521237014,2.676814017795685,0.01276809616451788,1.49613557021365,3.664233265215994,0.6359518924039839,0.9414371771355244,3.02828137281201,1,0
em2x3125u_mechanical_looseness_timeseries.csv,EMB_COMP_001,EM2X3125U,mechanical_looseness,steady_state,2026-01-01 00:01:02.000,2026-01-01 00:01:03.990,62.0,63.99,200,0.06586209796977148,0.03572959666762516,0.06586184002559875,0.03572893406562129,0.1371231919770528,0.0681106691447952,2.0819742492865596,1.906281500415334,2.3947718253251606,1.9444575993246143,20.0,40.0,38.531915129536536,48.226604535890004,0.0,0.8784128589051359,24.6551672449462,0.0,29.215788614050613,30.20867923113636,28.18070339512094,2.027975836015422,0.007076736582148288,0.7501502733892235,0.8503279723594372,0.6342006490822709,0.037181458336266474,0.21612732327716633,0,0
em2x3125u_mechanical_looseness_timeseries.csv,EMB_COMP_001,EM2X3125U,mechanical_looseness,steady_state,2026-01-01 00:01:03.000,2026-01-01 00:01:04.990,63.0,64.99,200,0.06448276847050875,0.035147032150708774,0.06448276664904738,0.035147009529023214,0.1323390299434013,0.0625832987830011,2.0523161936498844,1.780614036333052,2.390980090989963,1.9397625539936323,20.0,40.0,36.21573587748911,46.94483464954767,0.0,0.8617865245711016,23.845081808420204,0.0,29.919789833271388,30.907005968360732,29.16353618030056,1.743469788060171,0.0070574099983397864,0.7477694884293585,0.8503279723594372,0.6342006490822709,0.036649798589753764,0.21612732327716633,0,0
em2x3125u_mechanical_looseness_timeseries.csv,EMB_COMP_001,EM2X3125U,mechanical_looseness,steady_state,2026-01-01 00:01:04.000,2026-01-01 00:01:05.990,64.0,65.99,200,0.062288978402291396,0.033854504662105774,0.06228884452557522,0.033854504037637914,0.1319791769939439,0.0629441431861685,2.11882070278245,1.8592545900287096,2.4436631710195673,1.972511567832599,20.0,40.0,33.186275632155805,44.41714292154213,0.0,0.840135489464987,22.08328905734743,0.0,30.649560438024526,31.41807057242685,29.80126764028347,1.6168029321433792,0.007428496713103094,0.7470755375038804,0.8248253801218652,0.6384433576812234,0.03377061016578067,0.18638202244064184,0,0
em2x3125u_mechanical_looseness_timeseries.csv,EMB_COMP_001,EM2X3125U,mechanical_looseness,steady_state,2026-01-01 00:01:05.000,2026-01-01 00:01:06.990,65.0,66.99,200,0.06215035438054901,0.03406784700499012,0.06215026585988358,0.0340678049347819,0.1399170122553578,0.0632852402348901,2.251266523737589,1.8576237067643382,2.5288814209159565,1.9607118255823044,20.0,40.0,32.890038198706876,44.36443120615761,0.0,0.7917867005016713,22.42153145952569,0.0,31.37215610395819,32.241166860829985,30.58074736048297,1.6604195003470146,0.0069423634706177245,0.7508031838747096,0.844100568270853,0.6384433576812234,0.03612760950886347,0.2056572105896296,0,0
em2x3125u_mechanical_looseness_timeseries.csv,EMB_COMP_001,EM2X3125U,mechanical_looseness,steady_state,2026-01-01 00:01:06.000,2026-01-01 00:01:07.990,66.0,67.99,200,0.06381997585568461,0.03498613290968119,0.06381780878680829,0.03498470120002978,0.1399170122553578,0.0632852402348901,2.192370184716938,1.8088663985318059,2.447375440521285,1.9491046724189498,20.0,40.0,34.995654780764504,46.45880178977139,0.0,0.8228966022429,23.65802635842651,0.0,32.07100245734292,32.97584732438755,31.20458364781667,1.7712636765708822,0.007197637656921257,0.7478228433189907,0.844100568270853,0.6568907574964419,0.035494693018562576,0.18720981077441112,0,0
em2x3125u_mechanical_looseness_timeseries.csv,EMB_COMP_001,EM2X3125U,mechanical_looseness,steady_state,2026-01-01 00:01:07.000,2026-01-01 00:01:08.990,67.0,68.99,200,0.06562870478234263,0.03555667903643755,0.0656286926109599,0.03555660555086147,0.1355308866419164,0.0637190228486733,2.0651159746547507,1.7920408928903546,2.3825502890090307,1.899521397937806,20.0,40.0,37.49188803945783,48.66034112126679,0.0,0.7296425615608476,24.555801651369816,0.0,32.791558195171035,33.77812420901508,31.771414136907776,2.006710072107307,0.007363143975368856,0.7413295511096066,0.852593898375835,0.6509953096013781,0.03520030550357466,0.2015985887744569,0,0
em2x3125u_mechanical_looseness_timeseries.csv,EMB_COMP_001,EM2X3125U,mechanical_looseness,steady_state,2026-01-01 00:01:08.000,2026-01-01 00:01:09.990,68.0,69.99,200,0.06496420090560685,0.0349290048199353,0.0649632223650897,0.03492822209065817,0.1355308866419164,0.0637190228486733,2.08623957121928,1.8242438677298487,2.389170787717567,1.9269503254596925,20.0,40.0,36.21290384065501,48.21220929555314,0.0,0.7674250575096402,23.632595077009668,0.0,33.51864375114746,34.348758815699185,32.63613968337236,1.7126191323268216,0.007291505047354144,0.7465758575882185,0.852593898375835,0.6509953096013781,0.03798989319997141,0.2015985887744569,0,0
em2x3125u_mechanical_looseness_timeseries.csv,EMB_COMP_001,EM2X3125U,mechanical_looseness,steady_state,2026-01-01 00:01:09.000,2026-01-01 00:01:10.990,69.0,70.99,200,0.06247908710986274,0.03416857757315464,0.06247368895054852,0.034168433702835906,0.1307148466382087,0.0625620574590147,2.0921375885079874,1.8309822036070966,2.433079749016282,1.9752031943996935,20.0,40.0,33.94070360910105,44.11862322331126,0.0,0.9013021001295891,22.44867390054297,0.0,34.23243454809651,35.07335885873461,33.34848688620644,1.7248719725281703,0.007104888326872538,0.7526046077331634,0.8392093273299909,0.6614099166765217,0.03613117219263956,0.17779941065346916,0,0
em2x3125u_mechanical_looseness_timeseries.csv,EMB_COMP_001,EM2X3125U,mechanical_looseness,steady_state,2026-01-01 00:01:10.000,2026-01-01 00:01:11.990,70.0,71.99,200,0.06191751749670642,0.03386854413457632,0.06191532759388096,0.03386838707448396,0.1264004574333023,0.0622214044681483,2.0414329020866497,1.837144349072466,2.4315403010903833,1.9465061440444924,20.0,40.0,33.382956427252985,43.29412387948372,0.0,0.7959177967813695,22.14593382567433,0.0,34.937406374872424,35.67202398912372,34.0948156133747,1.5772083757490236,0.007029427469737775,0.7477727899464,0.8387704114551984,0.6527004430543422,0.03679431611604341,0.1860699684008562,0,0
em2x3125u_mechanical_looseness_timeseries.csv,EMB_COMP_001,EM2X3125U,mechanical_looseness,steady_state,2026-01-01 00:01:11.000,2026-01-01 00:01:12.990,71.0,72.99,200,0.06390902811434658,0.03414233663542204,0.06390671151656033,0.0341393397053931,0.1291540672311338,0.0633291299293369,2.0209048868659094,1.8548563505063127,2.362801946827367,1.9449380446534321,20.0,40.0,34.68150524815935,47.001724496829794,0.0,0.8042299505082785,22.505767443023583,0.0,35.658026161712876,36.44424284164862,34.8490493735976,1.595193468051015,0.007215987558999642,0.7486918868720233,0.8387704114551984,0.647015806289142,0.03866272003453801,0.19175460516605636,0,0
em2x3125u_mechanical_looseness_timeseries.csv,EMB_COMP_001,EM2X3125U,mechanical_looseness,steady_state,2026-01-01 00:01:12.000,2026-01-01 00:01:13.990,72.0,73.99,200,0.0659028397621966,0.034948675356621224,0.0658978167970607,0.034945594997743065,0.1339627326934053,0.0687969469296724,2.0327308076070105,1.9685137198379805,2.3753269033994493,1.9518523134340806,20.0,40.0,37.60128455146018,49.249645534617805,0.0,0.8667896541470482,23.55710263537257,0.0,36.38264463452576,37.3006982248328,35.50344541789407,1.7972528069387295,0.00718573174773699,0.748787827411889,0.8378036004670016,0.647015806289142,0.037767383114626595,0.19078779417785963,0,0
em2x3125u_mechanical_looseness_timeseries.csv,EMB_COMP_001,EM2X3125U,mechanical_looseness,steady_state,2026-01-01 00:01:13.000,2026-01-01 00:01:14.990,73.0,74.99,200,0.064327890725859,0.03489764379145076,0.06432443696553669,0.03489752602338823,0.1339627326934053,0.0687969469296724,2.08249844945645,1.9713923192294809,2.4070438443586206,1.9481716312266313,20.0,40.0,36.11887101055621,46.636841677840145,0.0,0.835368010882387,23.52205990260662,0.0,37.09783423160894,37.92568329588305,36.23820813084573,1.6874751650373199,0.00713613090692099,0.7445755488526811,0.8378036004670016,0.6485181673176489,0.03750810134144148,0.18928543314935276,0,0
em2x3125u_mechanical_looseness_timeseries.csv,EMB_COMP_001,EM2X3125U,mechanical_looseness,steady_state,2026-01-01 00:01:14.000,2026-01-01 00:01:15.990,74.0,75.99,200,0.06234939389727181,0.034176831686772866,0.06234433049260442,0.03416890140398486,0.1306087379835987,0.0619585163606006,2.0947876125113973,1.8128806358776615,2.3738399466445608,1.9581446572347179,20.0,40.0,33.39837129388299,44.33813088473525,0.0,0.8329481074413511,22.517331569801694,0.0,37.81252334349578,38.737864197349126,37.03833438361983,1.699529813729292,0.007165835875775665,0.7463374053368294,0.8277836537091003,0.6485181673176489,0.03820781631408871,0.17926548639145146,0,0
em2x3125u_mechanical_looseness_timeseries.csv,EMB_COMP_001,EM2X3125U,mechanical_looseness,steady_state,2026-01-01 00:01:15.000,2026-01-01 00:01:16.990,75.0,76.99,200,0.06237072178862971,0.03407101528773655,0.062367189971852595,0.03407005966680639,0.1306087379835987,0.0609996113904212,2.094071292396185,1.7903667054024441,2.381112149375127,1.9339995562141392,20.0,40.0,33.339642799698346,44.45882215001831,0.0,0.8462633842634343,22.36973422272319,0.0,38.535602109991785,39.330526716244734,37.65430947857712,1.6762172376676148,0.007441632070163403,0.7464172798836779,0.8395018475984057,0.6494174407251325,0.0360436317015782,0.19008440687327322,0,0
em2x3125u_mechanical_looseness_timeseries.csv,EMB_COMP_001,EM2X3125U,mechanical_looseness,steady_state,2026-01-01 00:01:16.000,2026-01-01 00:01:17.990,76.0,77.99,200,0.06293394168332306,0.03442321061601445,0.06293392003940579,0.03441853196061587,0.1365195522603793,0.0604851818635616,2.1692515772701992,1.757104604165613,2.4112723198338157,1.899344878193577,20.0,40.0,33.78234345009123,45.46582132820269,0.0,0.7412600143048954,22.958574554618966,0.0,39.259393797358726,40.06524730886358,38.42079170203305,1.6444556068305332,0.007148621346783637,0.7456977561187221,0.8395018475984057,0.6517345132280512,0.032699570721545265,0.18776733437035453,0,0
em2x3125u_mechanical_looseness_timeseries.csv,EMB_COMP_001,EM2X3125U,mechanical_looseness,steady_state,2026-01-01 00:01:17.000,2026-01-01 00:01:18.990,77.0,78.99000000000001,200,0.06462311346687134,0.03474234097367116,0.06462139822704312,0.03473621302448098,0.1365195522603793,0.0617661847964771,2.11254990569845,1.7778360083244091,2.4397850545758355,1.9170853005486386,20.0,40.0,36.3903599170362,47.13770325204427,0.0,0.7091990252501451,23.423074114737993,0.0,39.972028652266744,40.80614882614193,39.123671218225695,1.6824776079162334,0.007041439216703699,0.7501398831307222,0.8414351805085959,0.6692590751479734,0.033883448805962155,0.17217610536062244,0,0
em2x3125u_mechanical_looseness_timeseries.csv,EMB_COMP_001,EM2X3125U,mechanical_looseness,steady_state,2026-01-01 00:01:18.000,2026-01-01 00:01:19.990,78.0,79.99000000000001,200,0.06470966762647067,0.034817111395526255,0.06470721750016847,0.034815027162866496,0.1336771566459502,0.0617661847964771,2.0657988450440925,1.7740180710227904,2.4098107175976873,1.942789271039192,20.0,40.0,36.48343968730904,47.258324749948294,0.0,0.7969415655201598,23.44506761227107,0.0,40.683355707301956,41.46150377701214,39.90417230234583,1.557331474666313,0.007076162779058444,0.7503537227015801,0.8414351805085959,0.6312330427408991,0.03442396842052514,0.2102021377676968,0,0
em2x3125u_mechanical_looseness_timeseries.csv,EMB_COMP_001,EM2X3125U,mechanical_looseness,shutdown,2026-01-01 00:01:19.000,2026-01-01 00:01:20.990,79.0,80.99000000000001,200,0.046731156410051176,0.025685337587262567,0.046730599722587376,0.02568310598404954,0.1316870314638574,0.0612161488082698,2.8179707411548987,2.3833110466349123,4.175307514455194,3.290037483799977,40.0,40.0,19.69743075302914,23.977612158491656,0.0,0.5026292776131647,12.695216495491477,0.0,40.94789959789553,41.46150377701214,40.310791212456856,1.1507125645552847,-0.0017362208577305692,0.5840786703559805,0.8390288037506068,0.2809913746887424,0.17443549304616024,0.5580374290618644,0,0
em2x3125u_mechanical_looseness_timeseries.csv,EMB_COMP_001,EM2X3125U,mechanical_looseness,shutdown,2026-01-01 00:01:20.000,2026-01-01 00:01:21.990,80.00000000000001,81.99000000000001,200,0.014344786119582455,0.008744262515792259,0.014342036989952437,0.008741719943303328,0.0352779369810312,0.0196172620234888,2.459286369761368,2.2434438568215165,2.2706604388213965,2.294223624641287,40.0,40.0,0.3381965617066549,3.7757059175624046,0.0,0.17911973145445556,1.3492912617070756,0.0,40.35418873508117,41.33932553563983,39.30842406707848,2.0309014685613533,-0.010022444116610294,0.2801209611971405,0.5760453678259261,0.0,0.1629931456645948,0.5760453678259261,0,0
em2x3125u_mechanical_looseness_timeseries.csv,EMB_COMP_001,EM2X3125U,mechanical_looseness,idle,2026-01-01 00:01:21.000,2026-01-01 00:01:22.990,81.00000000000001,82.99000000000001,200,0.007576078944802297,0.0044067525549215236,0.00757459854148836,0.004406752490062614,0.0273256672643625,0.0147842177067715,3.6068350743770634,3.3549008079113216,4.278108008726831,4.345336642041456,40.0,40.0,0.16516085519217646,0.985382820599217,0.0,0.09862505964576439,0.2918548025398473,0.0,39.487881467727476,40.34885009943962,38.87690111902836,1.4719489804112627,-0.00717873509946943,0.06984468002707722,0.2749226643768512,0.0,0.08987994324931677,0.2749226643768512,0,0
em2x3125u_mechanical_looseness_timeseries.csv,EMB_COMP_001,EM2X3125U,mechanical_looseness,idle,2026-01-01 00:01:22.000,2026-01-01 00:01:23.990,82.00000000000001,83.99000000000001,200,0.0014143815425694383,0.0012479910928404367,0.0014099477155369705,0.0012479321126020757,0.0041302594059374,0.0040228349971772,2.9201875743048498,3.223448484733331,2.9608116594014455,3.3748736868542513,47.0,18.0,0.02278030517559361,0.017076095889909656,0.0,0.019019389372691757,0.012129053014408881,0.0,38.93619427705145,39.40096786574966,38.45788731932388,0.9430805464257759,-0.003744998937312101,0.0006904811686430323,0.0042476141218027,0.0,0.0010026154353277826,0.0042476141218027,0,0
em2x3125u_mechanical_looseness_timeseries.csv,EMB_COMP_001,EM2X3125U,mechanical_looseness,idle,2026-01-01 00:01:23.000,2026-01-01 00:01:24.990,83.00000000000001,84.99000000000001,200,0.0014028616334392555,0.0012551201448498912,0.001387095439533068,0.001254871987486818,0.0043653411855983,0.0040228349971772,3.1117403752045236,3.2051393754486504,3.1963381816771466,3.561895010523441,50.0,29.5,0.019710524853317764,0.019793913235798564,0.0,0.018306037624436115,0.013199225309447575,0.0,38.559250195222006,38.96682255051007,38.1272853690972,0.8395371814128652,-0.003746544064783466,0.0008393537864530882,0.0048956082048273,0.0,0.001150779099345142,0.0048956082048273,0,0
em2x3125u_mechanical_looseness_timeseries.csv,EMB_COMP_001,EM2X3125U,mechanical_looseness,idle,2026-01-01 00:01:24.000,2026-01-01 00:01:25.990,84.00000000000001,85.99000000000001,200,0.0015980890413227918,0.0012156245160800786,0.0015933632930309892,0.0012130593770838043,0.0043653411855983,0.004161622210955,2.7316007260677795,3.4234437985625945,3.263157698968065,3.4237486289425396,50.0,14.5,0.028627276038434173,0.023177670690166612,0.0,0.016668151370585853,0.012787160963549059,0.0,38.18186014239986,38.66598012526465,37.7846424844622,0.8813376408024496,-0.0037405619004336516,0.0009413942280988779,0.0052474173511355,0.0,0.001244505615013497,0.0052474173511355,0,0
em2x3125u_mechanical_looseness_timeseries.csv,EMB_COMP_001,EM2X3125U,mechanical_looseness,idle,2026-01-01 00:01:25.000,2026-01-01 00:01:26.990,85.00000000000001,86.99000000000001,200,0.0014727310626629316,0.0011386304638692922,0.0014725669043503349,0.0011386303392072802,0.0042521804330071,0.004161622210955,2.887275579913744,3.6549366480262457,3.2896436332830366,3.4603040213207574,26.0,24.0,0.02769292202620015,0.01593921345215654,0.0,0.013912165443086795,0.012020086614269683,0.0,37.810287290641625,38.24325389653863,37.359598966304524,0.8836549302341083,-0.003702435839354362,0.000917523797136443,0.0052474173511355,0.0,0.0012245654492360424,0.0052474173511355,0,0
em2x3125u_mechanical_looseness_timeseries.csv,EMB_COMP_001,EM2X3125U,mechanical_looseness,idle,2026-01-01 00:01:26.000,2026-01-01 00:01:27.990,86.00000000000001,87.99000000000001,200,0.0013186434089076152,0.0011464662713879053,0.001318246948606948,0.0011441070681039417,0.0037998955223099,0.0046427514264438,2.8816702807150816,4.049618852566254,2.99753009882128,3.614028020833723,27.5,40.5,0.020309185847610108,0.014960097993250208,0.0,0.017003061518157447,0.009179193811285692,0.0,37.433411444462365,37.86276741400761,36.98592336840986,0.8768440455977498,-0.003856748244451425,0.0009251657525493448,0.0044017789355198,0.0,0.0011819565735348924,0.0044017789355198,0,0
em2x3125u_mechanical_looseness_timeseries.csv,EMB_COMP_001,EM2X3125U,mechanical_looseness,idle,2026-01-01 00:01:27.000,2026-01-01 00:01:28.990,87.00000000000001,88.99000000000001,200,0.0013943879656893108,0.0011898245536277846,0.001388850983632224,0.001186814528554428,0.0037998955223099,0.0046427514264438,2.725135052661929,3.902047081049062,2.8641918126091506,3.534121842583832,50.0,40.5,0.023308543042095484,0.01630544655220561,0.0,0.020363017617708104,0.00787740305219877,0.0,37.053717475244696,37.46763468205208,36.59959706857568,0.8680376134763961,-0.003760601875593581,0.0008998994876995382,0.0055460363495906,0.0,0.0011971226779114172,0.0055460363495906,0,0
em2x3125u_mechanical_looseness_timeseries.csv,EMB_COMP_001,EM2X3125U,mechanical_looseness,idle,2026-01-01 00:01:28.000,2026-01-01 00:01:29.990,88.00000000000001,89.99000000000001,200,0.0015334019698811264,0.001207878843436465,0.0015265474446373591,0.0012077129220269408,0.0040634490014737,0.0038529718305441,2.6499568158169966,3.1898661455003516,2.636852797066937,3.050228342603243,31.5,23.5,0.026594413960477403,0.020123897602979744,0.0,0.017602394258922363,0.011570925574320061,0.0,36.68166167110763,37.11787409972642,36.226919809198826,0.8909542905275956,-0.0037943021324559497,0.0008697390994535503,0.0055460363495906,0.0,0.0012330249626472613,0.0055460363495906,0,0
em2x3125u_mechanical_looseness_timeseries.csv,EMB_COMP_001,EM2X3125U,mechanical_looseness,idle,2026-01-01 00:01:29.000,2026-01-01 00:01:30.990,89.00000000000001,90.99,200,0.05935805522991585,0.03941958983181874,0.05935633165539478,0.039401182713456814,0.1768761297905867,0.1144797027118813,2.979816793280703,2.904132265208794,5.012150065834476,4.607392380403229,40.0,40.0,18.79033544807488,51.67599739729049,0.0,7.772038380234649,23.313594227276262,0.0,31.2017028463716,36.78097658528738,24.74474880884981,12.036227776437567,-0.0773711180052868,2.5035355640310164,6.433970944414059,0.0,2.567170320640632,6.433970944414059,1,0
em2x3125u_mechanical_looseness_timeseries.csv,EMB_COMP_001,EM2X3125U,mechanical_looseness,startup,2026-01-01 00:01:30.000,2026-01-01 00:01:31.990,90.00000000000001,91.99,200,0.08637862126272858,0.05740452386889474,0.08636213146050987,0.05738682682121727,0.1818471540322196,0.1255518961730684,2.1052333479497736,2.1871428889439852,2.4950184281966457,2.220322139122806,40.0,40.0,39.51247456599249,109.68740065829911,0.0,15.050856578913336,50.81469894337869,0.0,26.90650735924005,28.97578743778916,24.74474880884981,4.231038628939352,0.020084359253220115,3.6209378267279795,6.433970944414059,0.8161335429527607,1.60319222902451,5.617837401461299,1,0
em2x3125u_mechanical_looseness_timeseries.csv,EMB_COMP_001,EM2X3125U,mechanical_looseness,startup,2026-01-01 00:01:31.000,2026-01-01 00:01:32.990,91.0,92.99,200,0.07760499732756133,0.04866028232502271,0.07759919827056161,0.0486599257136275,0.1818471540322196,0.1255518961730684,2.3432402589315826,2.58017196313112,2.6875247812993446,2.640535670046598,40.0,40.0,41.998981049498674,78.49677716292723,0.0,7.847822692663941,39.56091691237252,0.0,28.613944385634742,29.823198240829548,26.87553513494452,2.9476631058850273,0.014024033491561437,1.4928670584035553,3.70375188662916,0.649935976249923,0.9363374102942399,3.053815910379237,1,0
em2x3125u_mechanical_looseness_timeseries.csv,EMB_COMP_001,EM2X3125U,mechanical_looseness,steady_state,2026-01-01 00:01:32.000,2026-01-01 00:01:33.990,92.0,93.99,200,0.0650515873681841,0.03539404678333104,0.06505023947805115,0.03539346354350409,0.1301005817173624,0.0639655228705991,1.9999601390356376,1.8072395977259066,2.3687466202812955,1.9554361389470944,20.0,40.0,37.45094351412373,47.18158886806365,0.0,0.9358703907015228,24.119990412498954,0.0,29.692515974789902,30.60936008670189,28.861580880680627,1.7477792060212636,0.007301376007007469,0.747559222316914,0.8561682199961999,0.6455638855145396,0.03805951851550437,0.21060433448166027,0,0
em2x3125u_mechanical_looseness_timeseries.csv,EMB_COMP_001,EM2X3125U,mechanical_looseness,steady_state,2026-01-01 00:01:33.000,2026-01-01 00:01:34.990,93.0,94.99,200,0.06435455537742144,0.03514057889585752,0.06435438154447357,0.03513958445658569,0.1301005817173624,0.0672519208648383,2.0216219497494614,1.9137966128601875,2.373564873587142,1.9614082655724763,20.0,40.0,36.677734869453225,46.15213144364021,0.0,0.8961209327232272,23.80006576654995,0.0,30.413522206536467,31.28228667208356,29.58497647379097,1.697310198292591,0.0071697245660168555,0.7461023567848335,0.835592288853148,0.6455638855145396,0.03535868161329812,0.19002840333860838,0,0
em2x3125u_mechanical_looseness_timeseries.csv,EMB_COMP_001,EM2X3125U,mechanical_looseness,steady_state,2026-01-01 00:01:34.000,2026-01-01 00:01:35.990,94.0,95.99,200,0.0621934471714796,0.03435132021114491,0.06219320762566902,0.03435089080795065,0.1271050446328036,0.0672519208648383,2.0437047697701964,1.9577681571324048,2.3721163136202916,1.9436571266448355,20.0,40.0,32.98323890731104,44.38202498147205,0.0,0.8230591544277772,22.77675412551671,0.0,31.1297763860292,31.993669692775423,30.21612208299697,1.777547609778452,0.007395596862053491,0.7472106362744464,0.83320228392934,0.6445923699761646,0.03455841627165201,0.1886099139531754,0,0
em2x3125u_mechanical_looseness_timeseries.csv,EMB_COMP_001,EM2X3125U,mechanical_looseness,steady_state,2026-01-01 00:01:35.000,2026-01-01 00:01:36.990,95.0,96.99,200,0.06127293105135051,0.03380298190751377,0.06127283302213913,0.033802649260830486,0.1271050446328036,0.0613309853308553,2.0744077760256268,1.8143661260021138,2.382105372328925,1.9128158456294055,20.0,40.0,32.15257013259299,42.940707066409026,0.0,0.7662059087613776,22.08874585087984,0.0,31.85457692432996,32.76757850378785,31.025711789253645,1.7418667145342077,0.007190965169521822,0.749234615343335,0.83320228392934,0.6151664700222214,0.03691929908757356,0.21803581390711868,0,0
em2x3125u_mechanical_looseness_timeseries.csv,EMB_COMP_001,EM2X3125U,mechanical_looseness,steady_state,2026-01-01 00:01:36.000,2026-01-01 00:01:37.990,96.0,97.99,200,0.0626175888716073,0.034333059687747566,0.06261753887085537,0.034332298120378434,0.1264758565949559,0.0673266802029423,2.019813583916257,1.9609868976218616,2.363252163238799,1.9293465467978645,20.0,40.0,33.737858526049365,44.69177856163382,0.0,0.7862241444395184,22.792032582074228,0.0,32.580211288376205,33.47053681939658,31.77271702929473,1.6978197901018497,0.0072818344058733575,0.7528116634598611,0.8464469404060642,0.6151664700222214,0.035991662934389025,0.2312804703838428,0,0
em2x3125u_mechanical_looseness_timeseries.csv,EMB_COMP_001,EM2X3125U,mechanical_looseness,steady_state,2026-01-01 00:01:37.000,2026-01-01 00:01:38.990,97.0,98.99,200,0.0645581431239849,0.034904598442886826,0.06455669647704425,0.03490353418181473,0.1361051857111504,0.0673266802029423,2.10825744243849,1.9288770880176889,2.386412342588595,1.9495413747262362,20.0,40.0,36.30134341454592,47.05914119071261,0.0,0.826416631646786,23.544661685593624,0.0,33.307316357769565,34.198551269796994,32.498953207164234,1.6995980626327594,0.007238066567822044,0.7541729276852556,0.8464469404060642,0.665029742932612,0.036009850776668594,0.1814171974734522,0,0
em2x3125u_mechanical_looseness_timeseries.csv,EMB_COMP_001,EM2X3125U,mechanical_looseness,steady_state,2026-01-01 00:01:38.000,2026-01-01 00:01:39.990,98.0,99.99,200,0.06454227476549154,0.0345617780875431,0.06454155941453364,0.03456037467666034,0.1361051857111504,0.0652967484813677,2.108775778444069,1.8892763073697942,2.3839983881100357,1.9591935711131512,20.0,40.0,35.97789250120304,47.337361187492526,0.0,0.9593761592446999,22.929212269660518,0.0,34.03803072947532,34.8991827569354,33.074909064274344,1.824273692661059,0.0073170470049728036,0.7483085182109264,0.8376875133183319,0.665029742932612,0.03726944826947106,0.17265777038571994,0,0
em2x3125u_mechanical_looseness_timeseries.csv,EMB_COMP_001,EM2X3125U,mechanical_looseness,steady_state,2026-01-01 00:01:39.000,2026-01-01 00:01:40.990,99.0,100.99,200,0.0629177846808761,0.03400914512088038,0.06291778466630657,0.034007185092364764,0.1384211339412264,0.0648583489202216,2.200031908995353,1.9070855409535399,2.40634683925934,1.9506150748497657,20.0,40.0,32.94946678704371,46.224388337347406,0.0,1.0002112894435713,22.134269660701204,0.0,34.752553717538696,35.54804389907779,33.90842374893623,1.6396201501415604,0.006886738878940692,0.7468607289428164,0.8693936021241482,0.6470470316495921,0.03762617948682415,0.22234657047455608,0,0
em2x3125u_mechanical_looseness_timeseries.csv,EMB_COMP_001,EM2X3125U,mechanical_looseness,steady_state,2026-01-01 00:01:40.000,2026-01-01 00:01:41.990,100.0,101.99,200,0.06227507658624651,0.03392625798090384,0.06227494373067127,0.03392616629068008,0.1384211339412264,0.0628291063098737,2.2227372735467146,1.8519315140867727,2.4426545934128363,1.9566258368627063,20.0,40.0,32.80518637069443,44.761526379867234,0.0,0.948483511963056,22.07123661159607,0.0,35.47247372038858,36.44935005801695,34.569497430598084,1.8798526274188632,0.0074105686885615535,0.7510448876128847,0.8693936021241482,0.6470470316495921,0.038843373896409544,0.22234657047455608,0,0
em2x3125u_mechanical_looseness_timeseries.csv,EMB_COMP_001,EM2X3125U,mechanical_looseness,steady_state,2026-01-01 00:01:41.000,2026-01-01 00:01:42.990,101.0,102.99,200,0.06376300671163736,0.03430212723599598,0.06376096131239524,0.03430196948809235,0.1323948646189852,0.0628291063098737,2.076358557207464,1.8316387749836713,2.3750375225187863,1.9668479843396853,20.0,40.0,34.92297326536656,46.38645851773072,0.0,0.9084128249847949,22.62460146703765,0.0,36.20941764464537,37.06698444986443,35.3398873356145,1.7270971142499292,0.007312985103335284,0.749676548107285,0.8526046197019364,0.6461013025467941,0.037420301031562804,0.20650331715514225,0,0
em2x3125u_mechanical_looseness_timeseries.csv,EMB_COMP_001,EM2X3125U,mechanical_looseness,steady_state,2026-01-01 00:01:42.000,2026-01-01 00:01:43.990,102.0,103.99,200,0.06543611731066873,0.034942424437149906,0.06543547429681251,0.03494229840344866,0.1315309004124234,0.0669759181918227,2.0100657835176685,1.9167507484287667,2.3560988326803023,1.9620181504538865,20.0,40.0,36.53895671918306,49.104220124304135,0.0,0.9072890640572812,23.513599132461813,0.0,36.93366707336307,37.765985102984125,35.98481056426925,1.7811745387148719,0.0073674434512861165,0.7487723320988495,0.8339613148885663,0.6282538136752143,0.03664612134836135,0.20570750121335202,0,0
em2x3125u_mechanical_looseness_timeseries.csv,EMB_COMP_001,EM2X3125U,mechanical_looseness,steady_state,2026-01-01 00:01:43.000,2026-01-01 00:01:44.990,103.0,104.99,200,0.06466526109003694,0.03493545360927541,0.06466515162888564,0.0349349139678499,0.1292290252669199,0.0669759181918227,1.9984304259900434,1.917133206309378,2.379129937398213,1.9483560964307083,20.0,40.0,36.06361852359974,47.58792950861244,0.0,0.8564098103290089,23.552560673279537,0.0,37.65836399108347,38.46252089163721,36.75103236216023,1.7114885294769806,0.007250358179444191,0.7485467475935778,0.8342731261778847,0.6282538136752143,0.036070962256876976,0.20601931250267047,0,0
em2x3125u_mechanical_looseness_timeseries.csv,EMB_COMP_001,EM2X3125U,mechanical_looseness,steady_state,2026-01-01 00:01:44.000,2026-01-01 00:01:45.990,104.0,105.99,200,0.06253564122082404,0.03435851610617999,0.06253512383239217,0.034358314807032095,0.1293512263546937,0.0618541587572602,2.0684400740040774,1.8002569891583482,2.4208368927577593,1.9691563500395972,20.0,40.0,33.938319095857814,44.27454904851223,0.0,0.8784761563700663,22.733663012832473,0.0,38.37864332375801,39.17982721565114,37.46680538195771,1.7130218336934249,0.007157514745952281,0.7476160463821132,0.8342731261778847,0.5978200206422748,0.038450251389061434,0.23645310553560994,0,0
em2x3125u_mechanical_looseness_timeseries.csv,EMB_COMP_001,EM2X3125U,mechanical_looseness,steady_state,2026-01-01 00:01:45.000,2026-01-01 00:01:46.990,105.0,106.99,200,0.06211549212627989,0.034147365940411255,0.06211536979573928,0.03414587017093611,0.1302211901874357,0.0618541587572602,2.096436584977833,1.8113888744800577,2.405665170362617,1.9808298288211412,20.0,40.0,33.630899223211394,43.5365573508389,0.0,0.9246804901971412,22.394815393234776,0.0,39.09949193280116,39.91990919234925,38.125549518876426,1.794359673472826,0.007290131426257699,0.746961685050726,0.8251824406398144,0.5978200206422748,0.038840046994615275,0.2273624199975396,0,0
em2x3125u_mechanical_looseness_timeseries.csv,EMB_COMP_001,EM2X3125U,mechanical_looseness,steady_state,2026-01-01 00:01:46.000,2026-01-01 00:01:47.990,106.0,107.99,200,0.06445047940235726,0.034889728372761386,0.06444961806746384,0.03488967415560957,0.1302211901874357,0.0622805046696981,2.020484430759298,1.7850670548160774,2.366712181801523,1.9581450951163444,20.0,40.0,36.425894028738625,46.66214637165703,0.0,0.8344748387782217,23.511474698555265,0.0,39.82493620060453,40.67948210504841,38.98991276102558,1.6895693440228285,0.0072525008719215266,0.7496254634564562,0.8368995568061466,0.6556079974640435,0.03618724437623662,0.18129155934210306,0,0
em2x3125u_mechanical_looseness_timeseries.csv,EMB_COMP_001,EM2X3125U,mechanical_looseness,steady_state,2026-01-01 00:01:47.000,2026-01-01 00:01:48.990,107.0,108.99,200,0.06654942903994815,0.035534705335137896,0.06654942101379226,0.03553168895289303,0.1345610417357598,0.0646834280387676,2.0219713929474254,1.8202888536353354,2.375445075591396,1.9577556376823513,20.0,40.0,38.075426086474955,50.50274228160785,0.0,0.7986483336501158,24.451386519705963,0.0,40.54905006110974,41.49281681199996,39.72785608504449,1.764960726955465,0.007233103339608684,0.7485162448688161,0.8368995568061466,0.6665022692458858,0.036472971509091255,0.17039728756026074,0,0
em2x3125u_mechanical_looseness_timeseries.csv,EMB_COMP_001,EM2X3125U,mechanical_looseness,steady_state,2026-01-01 00:01:48.000,2026-01-01 00:01:49.990,108.0,109.99,200,0.06533699775361895,0.034903333868881684,0.06533685006614232,0.03489974494646438,0.1345610417357598,0.0646834280387676,2.0594922687323294,1.8532163225942315,2.401347100098343,1.9858696847718444,20.0,40.0,35.67627551475023,49.70453701356898,0.0,0.880471912537048,23.48016882080385,0.0,41.275598803183996,42.0304465708066,40.46326709194906,1.5671794788575468,0.007263912745460588,0.7435124664048582,0.838173428909868,0.6613101308133784,0.034997970641979174,0.1768632980964896,0,0
em2x3125u_mechanical_looseness_timeseries.csv,EMB_COMP_001,EM2X3125U,mechanical_looseness,shutdown,2026-01-01 00:01:49.000,2026-01-01 00:01:50.990,109.0,110.99,200,0.04687028136292595,0.025341240968832272,0.04686966395686725,0.02534061124184588,0.1311532881984227,0.0604075669822251,2.7982184954870783,2.383765146171083,4.190011918963387,3.4492264199760294,40.0,40.0,19.22440336958472,24.71138575325355,0.0,0.5707766195084085,12.272793133816268,0.0,41.52646073962179,42.0304465708066,40.76605707112288,1.2643894996837233,-0.0020636697164186334,0.5819884614601571,0.838173428909868,0.2740717619421676,0.1720108771943288,0.5641016669677004,0,0
em2x3125u_mechanical_looseness_timeseries.csv,EMB_COMP_001,EM2X3125U,mechanical_looseness,shutdown,2026-01-01 00:01:50.000,2026-01-01 00:01:51.990,110.0,111.99,200,0.014369826325117772,0.008495043890525553,0.01436197506670674,0.00848911814129051,0.0367064011951972,0.020294461581033,2.5544081302524972,2.3889766601049858,2.5240398315031096,2.6294522570543504,40.0,40.0,0.25989475992160993,3.8689890416634114,0.0,0.17784484001942724,1.2639152907210807,0.0,40.914543122146334,41.952221887265225,39.89372668836303,2.058495198902193,-0.00997571897341845,0.2800846257162343,0.5667384518678275,0.0,0.16253100078368107,0.5667384518678275,0,0
em2x3125u_mechanical_looseness_timeseries.csv,EMB_COMP_001,EM2X3125U,mechanical_looseness,idle,2026-01-01 00:01:51.000,2026-01-01 00:01:52.990,111.0,112.99,200,0.00710812752163557,0.004589171895655528,0.007102849886609524,0.004581114632845241,0.0254723990346878,0.020294461581033,3.583559658595804,4.422249164439741,4.325121069602077,6.921817677110321,40.0,40.0,0.14869298919220494,0.8618335005047019,0.0,0.11670525652978378,0.30390625297209084,0.0,40.06836137614419,40.93089503327286,39.4399271301113,1.490967903161561,-0.0069844623572436725,0.0699918495292518,0.2886348751672122,0.0,0.0898878230867943,0.2886348751672122,0,0
em2x3125u_mechanical_looseness_timeseries.csv,EMB_COMP_001,EM2X3125U,mechanical_looseness,idle,2026-01-01 00:01:52.000,2026-01-01 00:01:53.990,112.0,113.99,200,0.0015273843422595637,0.0013520213357255987,0.0015272283568951084,0.0013501584283248569,0.0046561767907183,0.0034614329215952,3.048464398836314,2.560191048862057,3.0228566562747523,2.8764029141930934,34.5,35.0,0.027106850387532633,0.019608439656035648,0.0,0.02416412866760352,0.012294455292770434,0.0,39.52592758395824,39.95947113427707,39.03527099246231,0.9242001418147581,-0.003882483973138418,0.0009283141476607187,0.0047370448081542,0.0,0.001217251101557441,0.0047370448081542,0,0
em2x3125u_mechanical_looseness_timeseries.csv,EMB_COMP_001,EM2X3125U,mechanical_looseness,idle,2026-01-01 00:01:53.000,2026-01-01 00:01:54.990,113.0,114.99,200,0.001511440289569689,0.0012146938977406169,0.0015088265543222062,0.001214686470539031,0.0046561767907183,0.0034614329215952,3.080622385713911,2.849633910266294,3.0616324222015634,3.2738662964251035,45.5,16.0,0.0244959158246787,0.021085255402870755,0.0,0.01868961729019293,0.010871360905053874,0.0,39.15281159122424,39.57021100648155,38.72555833730996,0.8446526691715874,-0.003619295895137939,0.0007701624419909055,0.0047929121700158,0.0,0.0011688903517759494,0.0047929121700158,0,0
em2x3125u_mechanical_looseness_timeseries.csv,EMB_COMP_001,EM2X3125U,mechanical_looseness,idle,2026-01-01 00:01:54.000,2026-01-01 00:01:55.990,114.0,115.99,200,0.0014312693170584726,0.0012287828686447931,0.001431221117941472,0.0012285886221519956,0.0037222445006686,0.0033767552316932,2.60065974747402,2.7480487544698393,2.6028580908932595,2.952684423191662,45.5,34.5,0.023671357394767334,0.01740408527376344,0.0,0.018698788073314668,0.011724328374579266,0.0,38.78304029465783,39.20177731914645,38.340381664136935,0.8613956550095168,-0.0037891895809113794,0.0007236521155046369,0.0049427425155034,0.0,0.0011477711324262166,0.0049427425155034,0,0
em2x3125u_mechanical_looseness_timeseries.csv,EMB_COMP_001,EM2X3125U,mechanical_looseness,idle,2026-01-01 00:01:55.000,2026-01-01 00:01:56.990,115.0,116.99,200,0.0014907960816472401,0.0012625346882239946,0.0014843821997480675,0.001262408105172453,0.0037222445006686,0.0032339197727252,2.496816664929615,2.5614502341114678,2.6237090757107078,2.7776039789357787,11.5,14.5,0.028455434905601935,0.01593824262432708,0.0,0.019320611929246334,0.012988502478423961,0.0,38.40637746898409,38.847249098689154,37.9541661876038,0.8930829110853509,-0.003738381310357629,0.0007884159472987168,0.0062740445837664,0.0,0.0011690586455000316,0.0062740445837664,0,0
em2x3125u_mechanical_looseness_timeseries.csv,EMB_COMP_001,EM2X3125U,mechanical_looseness,idle,2026-01-01 00:01:56.000,2026-01-01 00:01:57.990,116.0,117.99,200,0.0015333696485861944,0.0011643002967912488,0.0015327951186228205,0.0011642969567718382,0.0037729592139695,0.0031544931076196,2.4605672985951323,2.7093466490674434,2.6801344032062273,2.6625200283831334,29.5,42.0,0.03104442956945017,0.016090308938311863,0.0,0.015827969008803924,0.011477285619848416,0.0,38.0280881259634,38.47261101760842,37.595767739283296,0.8768432783251257,-0.003839826687933907,0.0008565808069148328,0.0062740445837664,0.0,0.0012337641786154372,0.0062740445837664,0,0
em2x3125u_mechanical_looseness_timeseries.csv,EMB_COMP_001,EM2X3125U,mechanical_looseness,idle,2026-01-01 00:01:57.000,2026-01-01 00:01:58.990,117.0,118.99,200,0.0015527304993067895,0.00117246373217687,0.0015526791552678122,0.0011721732595448501,0.0045197168995499,0.0037735925972487,2.9108186524111623,3.218515416457625,2.890625532432868,3.0662093729278883,48.5,9.5,0.029593927636931767,0.018872567506708623,0.0,0.01850209303043152,0.009079678855118529,0.0,37.64429577550986,38.093981627859954,37.16383420946968,0.9301474183902769,-0.003841806346947595,0.0008430754296121232,0.004978055401878,0.0,0.0011495007915883772,0.004978055401878,0,0
em2x3125u_mechanical_looseness_timeseries.csv,EMB_COMP_001,EM2X3125U,mechanical_looseness,idle,2026-01-01 00:01:58.000,2026-01-01 00:01:59.990,118.0,119.99,200,0.0014711237713579454,0.0011622715843031684,0.001467269431846183,0.0011621961718575626,0.0045197168995499,0.0037735925972487,3.072288673153517,3.2467390997183587,3.1137897224922715,3.196686187872791,49.0,4.0,0.024855945072419606,0.018265257446061882,0.0,0.018687961758654725,0.008338788185909716,0.0,37.26632227662977,37.725185665182856,36.777147539420376,0.9480381257624799,-0.003786510693139883,0.000715266852766685,0.0045950730009635,0.0,0.0010093233506281599,0.0045950730009635,0,0
em2x3125u_mechanical_looseness_timeseries.csv,EMB_COMP_001,EM2X3125U,mechanical_looseness,idle,2026-01-01 00:01:59.000,2026-01-01 00:02:00.990,119.0,120.99,200,0.05806154733183263,0.03931281001066616,0.05806135311061586,0.03931279431516641,0.1715095499851216,0.1286610423445652,2.953926615233183,3.2727511035119985,5.161034818624394,4.9530920719009845,40.0,40.0,13.397129399904305,54.0282667912669,0.0,7.1442777735908995,23.784116991843156,0.0,31.634843558465718,37.345927706140735,25.0871823589059,12.258745347234836,-0.07964768126703982,2.495771809921153,6.421490573140687,0.0,2.5596038282737834,6.421490573140687,1,0
em2x3125u_mechanical_looseness_timeseries.csv,EMB_COMP_001,EM2X3125U,mechanical_looseness,startup,2026-01-01 00:02:00.000,2026-01-01 00:02:01.990,120.0,121.99,200,0.08259713213474845,0.05748443018053023,0.08259467109776805,0.05747708529300863,0.1757376879606493,0.1304093313602535,2.1276487865698765,2.2686026625070848,2.5770526830104536,2.3690981566160416,40.0,40.0,30.062399896042898,106.38859459299921,0.0,13.678853652652679,52.3982487496955,0.0,27.189806436547688,29.2072051017375,25.0871823589059,4.120022742831601,0.02005496251719184,3.6121743774438118,6.421490573140687,0.792225331651737,1.593777924205111,5.62926524148895,1,0
em2x3125u_mechanical_looseness_timeseries.csv,EMB_COMP_001,EM2X3125U,mechanical_looseness,startup,2026-01-01 00:02:01.000,2026-01-01 00:02:02.990,121.0,122.99,200,0.07456388991830956,0.048481265754070565,0.07456229862185865,0.048461307086000646,0.1757376879606493,0.1304093313602535,2.3568739258799853,2.6898912256494487,2.6700664552852102,2.8286622445824463,40.0,40.0,39.898949368956515,71.29672888689065,0.0,6.932532820019336,40.04193087310714,0.0,28.879926900997052,30.032909470238565,26.9932119348298,3.039697535408763,0.013807557701676217,1.4880271673477412,3.519567240912441,0.6607579932439488,0.9325650970997312,2.8588092476684923,1,0
em2x3125u_mechanical_looseness_timeseries.csv,EMB_COMP_001,EM2X3125U,mechanical_looseness,steady_state,2026-01-01 00:02:02.000,2026-01-01 00:02:03.990,122.0,123.99,200,0.06562086156080438,0.034859894113197155,0.0656205143415796,0.03485839504101437,0.1306874439817217,0.0663263925239429,1.9915533090132707,1.9026561672438715,2.3741000951796822,1.9454203056416242,20.0,40.0,38.128061046539635,47.99541259819207,0.0,0.8600724191774328,23.442187846645886,0.0,29.94021976879731,30.804671467434343,29.100579256521687,1.7040922109126555,0.007408671039666475,0.7480927639422558,0.8498322287951503,0.5976262063966384,0.037911804487312246,0.25220602239851186,0,0
em2x3125u_mechanical_looseness_timeseries.csv,EMB_COMP_001,EM2X3125U,mechanical_looseness,steady_state,2026-01-01 00:02:03.000,2026-01-01 00:02:04.990,123.0,124.99,200,0.06473618804976572,0.034819632630474655,0.06473555509270426,0.03481962643149845,0.1296704908325999,0.0663263925239429,2.003060339804317,1.9048561835167976,2.3798916599442377,1.9175121021480295,20.0,40.0,36.86910189788422,46.949959971932095,0.0,0.7629833628649986,23.48620710801613,0.0,30.689300178526537,31.541579228440728,29.827967232245125,1.7136119961956027,0.007417338046571512,0.7516290805630291,0.8498322287951503,0.5976262063966384,0.03840310082762065,0.25220602239851186,0,0
em2x3125u_mechanical_looseness_timeseries.csv,EMB_COMP_001,EM2X3125U,mechanical_looseness,steady_state,2026-01-01 00:02:04.000,2026-01-01 00:02:05.990,124.0,125.99,200,0.06236702304368841,0.03408871106755693,0.062366697156204125,0.03408869570245233,0.1294655390487533,0.0617295520231179,2.075865300770602,1.8108502812201497,2.3593351900415787,1.9119500432477783,20.0,40.0,33.39023806643622,44.40430276972209,0.0,0.7244258549671877,22.52055500618751,0.0,31.43261700692553,32.32372027423279,30.61572232749929,1.7079979467334994,0.007191826980788058,0.7498223207811128,0.8492067697775509,0.6370013222208402,0.03872254455538311,0.21220544755671078,0,0
em2x3125u_mechanical_looseness_timeseries.csv,EMB_COMP_001,EM2X3125U,mechanical_looseness,steady_state,2026-01-01 00:02:05.000,2026-01-01 00:02:06.990,125.0,126.99,200,0.061617162945199734,0.03410368259497108,0.06161644648893327,0.03410365404883148,0.1274463057043103,0.0652632579143426,2.0683572500353,1.91367186615695,2.37034598275855,1.953307446087233,20.0,40.0,32.3613678172932,43.57255162281309,0.0,0.7905704096130927,22.47470212731369,0.0,32.17651934782491,32.991724683504806,31.25779604344055,1.7339286400642564,0.007462249169542515,0.7517229135834859,0.8659079498237376,0.6370013222208402,0.03853377127437596,0.22890662760289748,0,0
em2x3125u_mechanical_looseness_timeseries.csv,EMB_COMP_001,EM2X3125U,mechanical_looseness,steady_state,2026-01-01 00:02:06.000,2026-01-01 00:02:07.990,126.0,127.99,200,0.06397815233653653,0.034532734726247176,0.063976474881146,0.03453205276104563,0.1298515256034197,0.0652632579143426,2.0296229394118392,1.8898954407088469,2.3587424223907876,1.9628590032706927,20.0,40.0,34.87275856136231,46.989191833390954,0.0,0.8144766253667978,23.03479197417736,0.0,32.93063696953764,33.773346237378874,32.13464142058556,1.6387048167933145,0.007394600975343652,0.7513726311926296,0.8659079498237376,0.6510684347745128,0.03754777339703162,0.21483951504922483,0,0
em2x3125u_mechanical_looseness_timeseries.csv,EMB_COMP_001,EM2X3125U,mechanical_looseness,steady_state,2026-01-01 00:02:07.000,2026-01-01 00:02:08.990,127.0,128.99,200,0.06651346122588014,0.034767294202337165,0.06651322448634255,0.03476728867214303,0.1298515256034197,0.0635593152998507,1.952259335331281,1.8281352276064684,2.3584122715155176,1.9666035352930424,20.0,40.0,38.554752219068256,49.92766148499819,0.0,0.8558571799413257,23.321814025384068,0.0,33.668607292512895,34.593688494841324,32.82037821671729,1.7733102781240362,0.007362293389343145,0.7457070732896669,0.8521801265801334,0.640121169620665,0.03965615083578112,0.21205895695946841,0,0
em2x3125u_mechanical_looseness_timeseries.csv,EMB_COMP_001,EM2X3125U,mechanical_looseness,steady_state,2026-01-01 00:02:08.000,2026-01-01 00:02:09.990,128.0,129.99,200,0.06485086418568828,0.03465178526715879,0.06484860247768073,0.03465029307621881,0.1287924260342518,0.0635593152998507,1.985978562528926,1.8342291691415105,2.3815808658522126,1.973303456547277,20.0,40.0,36.72983419781627,47.377354132168755,0.0,0.9080634884282642,23.104797512360005,0.0,34.41731139871033,35.25454289300097,33.532110144417764,1.7224327485832092,0.0076463974490112675,0.7445541313322134,0.8442726676683722,0.640121169620665,0.03994112032534323,0.20415149804770716,0,0
em2x3125u_mechanical_looseness_timeseries.csv,EMB_COMP_001,EM2X3125U,mechanical_looseness,steady_state,2026-01-01 00:02:09.000,2026-01-01 00:02:10.990,129.0,130.99,200,0.06244915784102661,0.03431847107660728,0.06244775286469343,0.03431449607241588,0.1302441015584965,0.0618628713474621,2.085602209241184,1.802611521048503,2.3930222513992185,1.9723483191620488,20.0,40.0,33.33972954148577,44.65472450050985,0.0,0.9303503732892241,22.619427002153447,0.0,35.17333701967728,36.0209278264299,34.349411290408504,1.671516536021393,0.007388204417575451,0.7489871061348012,0.8343382187353872,0.6448545220453306,0.03542424689374511,0.1894836966900566,0,0
em2x3125u_mechanical_looseness_timeseries.csv,EMB_COMP_001,EM2X3125U,mechanical_looseness,steady_state,2026-01-01 00:02:10.000,2026-01-01 00:02:11.990,130.0,131.99,200,0.061665192289337034,0.03409795042539558,0.06166093179051809,0.034096462611574,0.1351792888767634,0.0618628713474621,2.1921489880789395,1.8142694964266144,2.428888267028958,1.9719288546165374,20.0,40.0,32.37299836058482,43.67252949242671,0.0,0.9305621073094117,22.3230455923973,0.0,35.90947018298481,36.81277738056243,35.1270939242174,1.685683456345032,0.007322775242355736,0.7513702119007439,0.8305641418469234,0.6625540000818193,0.0331631749435328,0.1680101417651041,0,0
em2x3125u_mechanical_looseness_timeseries.csv,EMB_COMP_001,EM2X3125U,mechanical_looseness,steady_state,2026-01-01 00:02:11.000,2026-01-01 00:02:12.990,131.0,132.99,200,0.0633962436274021,0.03429804424697105,0.06339619599859748,0.03429795167380421,0.1351792888767634,0.0614683436571302,2.1322917753810597,1.7921821785088703,2.402046878409508,1.9532426396247495,20.0,40.0,34.03576648611081,46.35368288906902,0.0,0.8647062225342217,22.6644158299361,0.0,36.6473465534505,37.47935612981322,35.69526718600937,1.7840889438038516,0.007340035384274759,0.7502592409487773,0.8485667616303992,0.669100710360277,0.03619921676666283,0.17946605127012227,0,0
em2x3125u_mechanical_looseness_timeseries.csv,EMB_COMP_001,EM2X3125U,mechanical_looseness,steady_state,2026-01-01 00:02:12.000,2026-01-01 00:02:13.990,132.0,133.99,200,0.06583618621328316,0.03500434483834668,0.06583454002164538,0.03500303429646781,0.1335918799985835,0.0617768434699239,2.029155813579461,1.7648335872365308,2.3315021410670984,1.9389023726561823,20.0,40.0,38.01228947797377,48.67186227692422,0.0,0.8531333108261163,23.651752836958895,0.0,37.38756799323086,38.2415784411246,36.48460615010733,1.75697229101727,0.007270433964191467,0.751768814298812,0.8485667616303992,0.669100710360277,0.036800218875757934,0.17946605127012227,0,0
em2x3125u_mechanical_looseness_timeseries.csv,EMB_COMP_001,EM2X3125U,mechanical_looseness,steady_state,2026-01-01 00:02:13.000,2026-01-01 00:02:14.990,133.0,134.99,200,0.06461894392412494,0.03513409967297466,0.06461764858496076,0.03513247514345967,0.1335918799985835,0.065019297372826,2.067379500281621,1.8506037717778547,2.346843744953304,1.9403142204610275,20.0,40.0,36.749819387778196,46.75968046689394,0.0,0.8999255865508294,23.787433720671352,0.0,38.12812644347072,39.00246029913095,37.24579353048495,1.7566667686459994,0.007475957440896017,0.7532953526992802,0.8359951084535264,0.6748780465054482,0.03610252339012123,0.16111706194807818,0,0
em2x3125u_mechanical_looseness_timeseries.csv,EMB_COMP_001,EM2X3125U,mechanical_looseness,steady_state,2026-01-01 00:02:14.000,2026-01-01 00:02:15.990,134.0,135.99,200,0.0628262216469988,0.03385471396306121,0.0628260505758789,0.033854406774744224,0.1390093422793465,0.065019297372826,2.2126007045338043,1.9205389667083994,2.4132833540803076,1.9595337123411394,20.0,40.0,33.2430989644511,45.70335200497282,0.0,0.8533072618700931,22.072143194201672,0.0,38.87856339125341,39.85292549085075,37.972530994803456,1.8803944960472947,0.007497961454112107,0.7493768199082433,0.8315004560598414,0.6561296748454933,0.03660842868201161,0.17537078121434801,0,0
em2x3125u_mechanical_looseness_timeseries.csv,EMB_COMP_001,EM2X3125U,mechanical_looseness,steady_state,2026-01-01 00:02:15.000,2026-01-01 00:02:16.990,135.0,136.99,200,0.062276267405051065,0.03334433494912602,0.06227557561919365,0.03334361480215032,0.1390093422793465,0.0632846775127793,2.2321399157598165,1.8979139217901255,2.4616323623660694,1.9670852006584572,20.0,40.0,32.61202963611915,44.95786660696,0.0,0.762205229852583,21.476452321419288,0.0,39.63499419664433,40.40774233441815,38.72848196752639,1.6792603668917607,0.00745517858734971,0.7491809846172718,0.8653716567963528,0.6561296748454933,0.03693517975069813,0.2092419819508594,0,0
em2x3125u_mechanical_looseness_timeseries.csv,EMB_COMP_001,EM2X3125U,mechanical_looseness,steady_state,2026-01-01 00:02:16.000,2026-01-01 00:02:17.990,136.0,137.99,200,0.06342906246708482,0.03457492726910835,0.06342885508671281,0.03457423929043207,0.1300735392117137,0.0628996303254145,2.050693075894234,1.8192266851596073,2.4415876241516172,1.92708581279999,20.0,40.0,34.94930324497948,45.522463079254514,0.0,0.7656774391756166,23.147511101143156,0.0,40.37871216119328,41.21951879920934,39.54705965137354,1.6724591478358022,0.007305922549936277,0.748023807282616,0.8653716567963528,0.6397003768995572,0.03708311206783581,0.22567127989679558,0,0
em2x3125u_mechanical_looseness_timeseries.csv,EMB_COMP_001,EM2X3125U,mechanical_looseness,steady_state,2026-01-01 00:02:17.000,2026-01-01 00:02:18.990,137.0,138.99,200,0.06601624388440257,0.035391389194042285,0.06601553503213874,0.035391387420405096,0.1422868710261305,0.0639090775227974,2.15533121325838,1.8057804165979368,2.408163305865642,1.9132957448660974,20.0,40.0,37.684533288807735,49.477654984675354,0.0,0.7761220731191326,24.275289068531016,0.0,41.109174302377085,41.98930572177865,40.29516087623944,1.6941448455392063,0.00728167900642436,0.7487381271491864,0.8641856972975658,0.6397003768995572,0.0353036888665029,0.22448532039800861,0,0
em2x3125u_mechanical_looseness_timeseries.csv,EMB_COMP_001,EM2X3125U,mechanical_looseness,steady_state,2026-01-01 00:02:18.000,2026-01-01 00:02:19.990,138.0,139.99,200,0.06479612670775162,0.03450702339045813,0.06479481832535351,0.03450672818659355,0.1422868710261305,0.0639090775227974,2.195916303267377,1.85205999369014,2.4210471816897083,1.963715058670739,20.0,40.0,35.65012289592097,48.31730221898759,0.0,0.7808976467909394,23.033388168407857,0.0,41.857180611612456,42.65606196159377,40.91105922554397,1.7450027360497984,0.00761166831588877,0.7535635798668323,0.8471157809142005,0.6068519002885787,0.03671677348266408,0.24026388062562176,0,0
em2x3125u_mechanical_looseness_timeseries.csv,EMB_COMP_001,EM2X3125U,mechanical_looseness,shutdown,2026-01-01 00:02:19.000,2026-01-01 00:02:20.990,139.0,140.99,200,0.04597219023174688,0.025135666321062306,0.045968144271447686,0.025135472728710685,0.129261602594189,0.0622411016847187,2.811734701839922,2.476206554053595,4.176789030707596,3.203456242325774,40.0,40.0,19.0575645937371,23.21440538233315,0.0,0.5033311304225672,12.132640408396812,0.0,42.072740742624404,42.65606196159377,41.35735497390572,1.2987069876880497,-0.002788403991864413,0.5869587034702921,0.8255424170623321,0.2623538865427967,0.17919311277228422,0.5631885305195354,0,0
em2x3125u_mechanical_looseness_timeseries.csv,EMB_COMP_001,EM2X3125U,mechanical_looseness,shutdown,2026-01-01 00:02:20.000,2026-01-01 00:02:21.990,140.0,141.99,200,0.014930585719537197,0.009529481594231457,0.014926048046712414,0.009525332698624498,0.037389111583942,0.0224190684572728,2.504195902711106,2.3526010555331656,2.3110149281630386,2.5133176235367243,40.0,40.0,0.3502367470180249,4.113492589677283,0.0,0.19725283377979128,1.6174081931622735,0.0,41.40329090081306,42.466315036207824,40.32771407196182,2.1386009642460024,-0.010080708535544502,0.2802182498193857,0.5607824930594351,0.0,0.16174633893593804,0.5607824930594351,0,0
em2x3125u_mechanical_looseness_timeseries.csv,EMB_COMP_001,EM2X3125U,mechanical_looseness,idle,2026-01-01 00:02:21.000,2026-01-01 00:02:22.990,141.0,142.99,200,0.0078061410319174365,0.004751446201923274,0.007804328968849787,0.0047492264294642286,0.0212665530512542,0.0174177248776545,2.7243362583766255,3.6657733535116557,4.093180971885957,4.650373564293993,40.0,40.0,0.20657630447258235,1.0117206816952975,0.0,0.10393149029152644,0.34764343386887886,0.0,40.543017287475124,41.45487628637338,39.89670862578231,1.5581676605910673,-0.007140949000874105,0.07080960087130583,0.2990810409731893,0.0,0.09070111892302195,0.2990810409731893,0,0
em2x3125u_mechanical_looseness_timeseries.csv,EMB_COMP_001,EM2X3125U,mechanical_looseness,idle,2026-01-01 00:02:22.000,2026-01-01 00:02:23.990,142.0,143.99,200,0.0014703584217619586,0.0012070128224681027,0.0014693299685136056,0.0012045070082898916,0.0039339252012433,0.0040316213695016,2.6754872438035906,3.340164490761359,3.1026147359954925,3.0509411651994567,31.5,44.0,0.02337236581041301,0.019809215954819274,0.0,0.01729992600728728,0.011962142276152546,0.0,39.998228814527046,40.46545589482668,39.579758837473385,0.8856970573532976,-0.0037614931112252754,0.0007752127885838028,0.0061282159539503,0.0,0.001189484091259414,0.0061282159539503,0,0
em2x3125u_mechanical_looseness_timeseries.csv,EMB_COMP_001,EM2X3125U,mechanical_looseness,idle,2026-01-01 00:02:23.000,2026-01-01 00:02:24.990,143.0,144.99,200,0.0014184986100536842,0.0011524813075133836,0.0014184355591984658,0.0011520699902882487,0.0039339252012433,0.0034149670193817,2.773302119128913,2.9631430871099336,2.8185561521049407,2.699818408294215,34.0,6.0,0.0209117264623027,0.01941393579495358,0.0,0.017341711821669905,0.009715002343711202,0.0,39.619694331734955,40.078232943274486,39.1799987970212,0.8982341462532872,-0.0038501631409617815,0.0007113563675445668,0.0050162768869066,0.0,0.0010630457028247295,0.0050162768869066,0,0
em2x3125u_mechanical_looseness_timeseries.csv,EMB_COMP_001,EM2X3125U,mechanical_looseness,idle,2026-01-01 00:02:24.000,2026-01-01 00:02:25.990,144.0,145.99,200,0.0015704535599443663,0.0012022267046112802,0.0015603048311488626,0.0012003601198936006,0.0038682446523606,0.003699045877423,2.4631385168101585,3.076828906923195,2.4008352691775774,2.9145739610232706,18.0,38.0,0.02571027862346023,0.0234450034447059,0.0,0.016165958228885433,0.012693889891113991,0.0,39.24230461622677,39.7132844162373,38.828282379243326,0.8850020369939742,-0.0037803615551977726,0.0009211452677170566,0.0076753287954108,0.0,0.001418598986754335,0.0076753287954108,0,0
em2x3125u_mechanical_looseness_timeseries.csv,EMB_COMP_001,EM2X3125U,mechanical_looseness,idle,2026-01-01 00:02:25.000,2026-01-01 00:02:26.990,145.0,146.99,200,0.0016455816311911752,0.0011699645241646575,0.0016447890087966793,0.001160933534594345,0.0044906349369565,0.003699045877423,2.7289043896934464,3.1616735388315127,2.6754863538149896,3.2055598922400477,38.0,38.5,0.03039132106394116,0.02376064857901053,0.0,0.01590273070687156,0.011159653932091423,0.0,38.87090574789372,39.3042525594416,38.4381271040522,0.8661254553894011,-0.003725000019612008,0.0009469197888037631,0.0078717287697899,0.0,0.0014463718794526543,0.0078717287697899,0,0
em2x3125u_mechanical_looseness_timeseries.csv,EMB_COMP_001,EM2X3125U,mechanical_looseness,idle,2026-01-01 00:02:26.000,2026-01-01 00:02:27.990,146.0,147.99,200,0.0016093792374423444,0.001225999433167307,0.0015906872984564047,0.001221045071600651,0.0044906349369565,0.0044851444451282,2.79029008979456,3.6583576825488886,3.165822622397737,3.5035316405259724,41.5,25.5,0.0279107915971861,0.023699889787980512,0.0,0.01893730928551005,0.01095710416259406,0.0,38.490946547888626,38.92773291372301,38.06043405061287,0.8672988631101433,-0.0038278288220277424,0.0007442047792698825,0.0078717287697899,0.0,0.0011697532598237386,0.0078717287697899,0,0
em2x3125u_mechanical_looseness_timeseries.csv,EMB_COMP_001,EM2X3125U,mechanical_looseness,idle,2026-01-01 00:02:27.000,2026-01-01 00:02:28.990,147.0,148.99,200,0.0015058327586200875,0.0013115306934262144,0.0014998437952213274,0.001311510393275425,0.0042499716143068,0.0044851444451282,2.8223397252968394,3.4197784829658127,2.9539453649285887,3.8447537779349976,41.5,41.5,0.023877227738193552,0.0212058791935023,0.0,0.019786123558425,0.014695609090226555,0.0,38.10916183590457,38.53617280757762,37.645834808310205,0.8903379992674161,-0.003728402843474084,0.000705753240116159,0.0048738762875296,0.0,0.0011384399807633726,0.0048738762875296,0,0
em2x3125u_mechanical_looseness_timeseries.csv,EMB_COMP_001,EM2X3125U,mechanical_looseness,idle,2026-01-01 00:02:28.000,2026-01-01 00:02:29.990,148.0,149.99,200,0.0013439701706831678,0.001172623032135337,0.001343235327729084,0.001172572254826066,0.0036125546535615,0.0040560576540714,2.6879723466817453,3.458961271368986,2.757556328333612,3.852185890120749,14.5,41.5,0.021631540457391463,0.014725547522339982,0.0,0.016032376218522944,0.011542317206141765,0.0,37.739474480233866,38.19201336842946,37.328570832482775,0.8634425359466817,-0.003672682934275,0.0006676410131898774,0.0053595810972104,0.0,0.0010945547372225842,0.0053595810972104,0,0
em2x3125u_mechanical_looseness_timeseries.csv,EMB_COMP_001,EM2X3125U,mechanical_looseness,idle,2026-01-01 00:02:29.000,2026-01-01 00:02:30.990,149.0,150.99,200,0.059017022625965525,0.03954173993582183,0.059014028269723184,0.03950342387629547,0.1807458534483837,0.1255471652387855,3.0626054213867024,3.1750541438630338,5.043151416088639,4.764451633754784,40.0,40.0,16.56455140072182,53.102776715582685,0.0,6.437535128889582,24.80512599104378,0.0,32.026384266127735,37.78662857214467,25.4128575997974,12.37377097234727,-0.08090119438943551,2.5032857168960114,6.542770524434819,0.0,2.56698825453845,6.542770524434819,1,0
em2x3125u_mechanical_looseness_timeseries.csv,EMB_COMP_001,EM2X3125U,mechanical_looseness,startup,2026-01-01 00:02:30.000,2026-01-01 00:02:31.990,150.0,151.99,200,0.08294594437320366,0.05772782386918297,0.08293496268674719,0.05770665192418573,0.1807458534483837,0.1533755548858904,2.1790800600827818,2.656874009896073,2.513540686782817,2.4110787392222273,40.0,40.0,32.58943608695551,105.00226328001297,0.0,13.940344633226637,52.6623496652332,0.0,27.505513754784438,29.57486343471712,25.4128575997974,4.162005834919718,0.020155348173001283,3.61591231405727,6.542770524434819,0.7657385591900325,1.60762691009735,5.777031965244786,1,0
em2x3125u_mechanical_looseness_timeseries.csv,EMB_COMP_001,EM2X3125U,mechanical_looseness,startup,2026-01-01 00:02:31.000,2026-01-01 00:02:32.990,151.0,152.99,200,0.07397403267498653,0.048932028966407276,0.07397250953880849,0.048931986235479216,0.1754780351888922,0.1533755548858904,2.372157213057118,3.134461376845532,2.6405614785434763,2.956247063656473,40.0,40.0,38.17685447988565,71.27359645597414,0.0,7.953373471053688,39.98934674437373,0.0,29.187102388630056,30.385220247000618,27.48481317778199,2.900407069218627,0.0134778993559722,1.4863872147972452,3.6642200606235447,0.6415758719380177,0.9347249287075723,3.022644188685527,1,0
em2x3125u_mechanical_looseness_timeseries.csv,EMB_COMP_001,EM2X3125U,mechanical_looseness,steady_state,2026-01-01 00:02:32.000,2026-01-01 00:02:33.990,152.0,153.99,200,0.06500543185184898,0.03513548175522861,0.06500519471055972,0.03513548107233845,0.1354356547558478,0.062907006847106,2.0834513501042995,1.790412531848795,2.3894136257963687,1.9371501780195333,20.0,40.0,37.1863898570354,47.333471262191544,0.0,0.7894302140067957,23.902139658162906,0.0,30.238549615689404,31.19527103766363,29.46095241854101,1.7343186191226216,0.007578610256944296,0.7473662950438773,0.8482658373881944,0.6415758719380177,0.03812817314043808,0.2066899654501767,0,0
em2x3125u_mechanical_looseness_timeseries.csv,EMB_COMP_001,EM2X3125U,mechanical_looseness,steady_state,2026-01-01 00:02:33.000,2026-01-01 00:02:34.990,153.0,154.99,200,0.06475230053394221,0.03473125281128172,0.06475178920126257,0.03472585773453525,0.1354356547558478,0.0636512046328409,2.0915960303967025,1.832678048750523,2.3942450838159317,1.9842763835312827,20.0,40.0,36.8109101973708,47.0460723746387,0.0,0.8171131061334564,23.30068766843602,0.0,31.00604962475346,31.840947176356565,30.019361524473105,1.8215856518834599,0.007642752474925796,0.7477937783321866,0.8505128435574896,0.6505777519828384,0.039637856757341584,0.19993509157465117,0,0
em2x3125u_mechanical_looseness_timeseries.csv,EMB_COMP_001,EM2X3125U,mechanical_looseness,steady_state,2026-01-01 00:02:34.000,2026-01-01 00:02:35.990,154.0,155.99,200,0.06297382446585882,0.03458803922213393,0.06297361224848695,0.03458462561021319,0.1301986237425681,0.0636512046328409,2.067503837457976,1.8402663482614696,2.4006468836142463,1.9818453627039505,20.0,40.0,35.01876394139469,44.295067750837525,0.0,0.8484128654146617,23.073630052399952,0.0,31.766947009317196,32.75791656729971,30.8589156067455,1.8990009605542078,0.007369532017452271,0.7473150266139339,0.8505128435574896,0.6505777519828384,0.03509097922008919,0.19993509157465117,0,0
em2x3125u_mechanical_looseness_timeseries.csv,EMB_COMP_001,EM2X3125U,mechanical_looseness,steady_state,2026-01-01 00:02:35.000,2026-01-01 00:02:36.990,155.0,156.99,200,0.06271064427255041,0.034378348163383095,0.06270811873347064,0.03437727521514979,0.132798120247667,0.0622368872285789,2.1176328482690323,1.8103512982298655,2.427115858840941,1.9670772495195885,20.0,40.0,34.29127737717169,44.355062637354536,0.0,0.9424400972566419,22.69350931612239,0.0,32.52675539149433,33.50593203862137,31.707068882656408,1.798863155964959,0.007645346278033166,0.7473087928671212,0.8356166099063453,0.6780513374281035,0.030692599493537944,0.1575652724782418,0,0
em2x3125u_mechanical_looseness_timeseries.csv,EMB_COMP_001,EM2X3125U,mechanical_looseness,steady_state,2026-01-01 00:02:36.000,2026-01-01 00:02:37.990,156.0,157.99,200,0.06431549182921122,0.03444608201361886,0.06431001912437688,0.03444418589502267,0.1335275674114383,0.0622444426872931,2.0761338149449076,1.8070108136734877,2.418291460690868,1.9227778030652916,20.0,40.0,35.93712482165433,46.77874298102909,0.0,0.8858993101224805,22.84236463172196,0.0,33.28948168628991,34.273096229246285,32.47333994568099,1.7997562835652943,0.0076295868871842105,0.7465445472777228,0.8356166099063453,0.6795318503613152,0.032309478426278,0.1560847595450301,0,0
em2x3125u_mechanical_looseness_timeseries.csv,EMB_COMP_001,EM2X3125U,mechanical_looseness,steady_state,2026-01-01 00:02:37.000,2026-01-01 00:02:38.990,157.0,158.99,200,0.06618489530411935,0.03509736318564298,0.06618316889968631,0.035097291623767596,0.1335275674114383,0.0638941144819098,2.017493066928332,1.8204819018440253,2.3891047188694507,1.9477673310872954,20.0,40.0,38.596459158578234,49.00779491451433,0.0,0.799676440871045,23.839029850681463,0.0,34.0503061790074,34.907341176741205,33.13634494059297,1.7709962361482354,0.007782742206373142,0.7485105990871346,0.8573867824938706,0.6505248456567819,0.03681960610629172,0.20686193683708864,0,0
em2x3125u_mechanical_looseness_timeseries.csv,EMB_COMP_001,EM2X3125U,mechanical_looseness,steady_state,2026-01-01 00:02:38.000,2026-01-01 00:02:39.990,158.0,159.99,200,0.06569419803292101,0.03507613109917503,0.065692587602165,0.0350760920235314,0.131564879195457,0.0657709153176433,2.002686434036786,1.8750903607835525,2.3312872969033345,1.9782818292558089,20.0,40.0,37.149243205662906,49.16194992013188,0.0,0.820220214919984,23.78711934532964,0.0,34.81436933251175,35.70776771802723,33.830293336760846,1.8774743812663814,0.007557361229984366,0.7490550940676424,0.8573867824938706,0.6505248456567819,0.03998731564438473,0.20686193683708864,0,0
em2x3125u_mechanical_looseness_timeseries.csv,EMB_COMP_001,EM2X3125U,mechanical_looseness,steady_state,2026-01-01 00:02:39.000,2026-01-01 00:02:40.990,159.0,160.99,200,0.06296904294118065,0.03428996922094283,0.06296535002687029,0.034289328072249964,0.1287882799058287,0.0657709153176433,2.045263416598689,1.9180803252944674,2.350845076022581,1.9529472361391988,20.0,40.0,33.4001375231893,45.89300620433172,0.0,0.7942510861593195,22.72103163699717,0.0,35.586042472960145,36.540355599349546,34.72913424003205,1.8112213593174928,0.007705789104722053,0.7493924525512321,0.8297598395171948,0.6598481466000964,0.03698091893724972,0.1699116929170984,0,0
em2x3125u_mechanical_looseness_timeseries.csv,EMB_COMP_001,EM2X3125U,mechanical_looseness,steady_state,2026-01-01 00:02:40.000,2026-01-01 00:02:41.990,160.0,161.99,200,0.0617484905281111,0.03375797317811389,0.06174677175781129,0.03375778666939829,0.1340647228844879,0.0634354424707682,2.1711417030259987,1.8791247370234576,2.411327893500147,1.9445963551954808,20.0,40.0,32.211488596615546,44.041940124519805,0.0,0.7795501016770114,22.012866033972365,0.0,36.344471473299244,37.155802883299806,35.44487829980946,1.7109245834903462,0.00734030716842309,0.7530568433887277,0.8576926489941025,0.6629644918010246,0.033359988934287176,0.1947281571930779,0,0
em2x3125u_mechanical_looseness_timeseries.csv,EMB_COMP_001,EM2X3125U,mechanical_looseness,steady_state,2026-01-01 00:02:41.000,2026-01-01 00:02:42.990,161.0,162.99,200,0.06365600009873133,0.03459432174805494,0.06365089601542398,0.03459112064972581,0.1340647228844879,0.0639589618495761,2.10608147977491,1.848828322618355,2.365071094760075,1.9205401727174587,20.0,40.0,34.58568956289569,46.44382803814873,0.0,0.7346494721043876,23.19721825192758,0.0,37.09606385395312,37.99502870202834,36.1467512276982,1.8482774743301391,0.007700287986418309,0.7539942657221335,0.8576926489941025,0.630403131785728,0.03512505777410653,0.22728951720837443,0,0
em2x3125u_mechanical_looseness_timeseries.csv,EMB_COMP_001,EM2X3125U,mechanical_looseness,steady_state,2026-01-01 00:02:42.000,2026-01-01 00:02:43.990,162.0,163.99,200,0.06594077177421155,0.0352441735908846,0.06593954854188142,0.03524394417027381,0.1327119821321193,0.0639589618495761,2.0125937043403086,1.8147385889087257,2.397660396500179,1.9095962378921048,20.0,40.0,37.84200518003857,49.1203144043978,0.0,0.7433499010609599,24.100114386126258,0.0,37.861055787152765,38.71482677777036,37.000005969060325,1.7148208087100372,0.007628879141192031,0.7537326941087735,0.8235282530530516,0.630403131785728,0.03541439955134479,0.1931251212673235,0,0
em2x3125u_mechanical_looseness_timeseries.csv,EMB_COMP_001,EM2X3125U,mechanical_looseness,steady_state,2026-01-01 00:02:43.000,2026-01-01 00:02:44.990,163.0,164.99,200,0.06518339302430054,0.034335574953026554,0.06518338114640843,0.03433410044426516,0.1387188849705553,0.0603295932937394,2.128132313069995,1.757057902081863,2.417766933238477,1.933733541709596,20.0,40.0,36.25482321829005,48.73667926798669,0.0,0.7718273227426956,22.805228328166535,0.0,38.632185117731844,39.62637908318355,37.82687000166737,1.7995090815161774,0.007796461572836199,0.7483942576699555,0.8454376659168075,0.6487544408639799,0.03363788033510165,0.19668322505282754,0,0
em2x3125u_mechanical_looseness_timeseries.csv,EMB_COMP_001,EM2X3125U,mechanical_looseness,steady_state,2026-01-01 00:02:44.000,2026-01-01 00:02:45.990,164.0,165.99,200,0.06310609115959907,0.03382304240604301,0.06310566881003073,0.033820890356391305,0.1387188849705553,0.0657006761737584,2.1981853482214095,1.942482742534715,2.4225790025545133,1.9692460744009408,20.0,40.0,33.80099349772289,45.845771929332244,0.0,0.8004776561181305,22.07892485875918,0.0,39.40384095013621,40.34610514695972,38.52821641412257,1.8178887328371545,0.007592018082872126,0.7486145293050774,0.8454376659168075,0.6468029365572441,0.03527057515557255,0.1986347293595634,0,0
em2x3125u_mechanical_looseness_timeseries.csv,EMB_COMP_001,EM2X3125U,mechanical_looseness,steady_state,2026-01-01 00:02:45.000,2026-01-01 00:02:46.990,165.0,166.99,200,0.06250741186672315,0.03377407837331575,0.06250581035854652,0.033773950094037504,0.1338677712552492,0.0657006761737584,2.1416303644226855,1.9452988604914008,2.463428089484148,1.927323825749916,20.0,40.0,33.788270706128344,44.35287413650957,0.0,0.6930070721003478,22.121146326851925,0.0,40.165897010611495,41.1666965074826,39.11384139796037,2.052855109522227,0.007575257727913654,0.7523121111619955,0.8556907439529859,0.6468029365572441,0.03565210989258855,0.20888780739574186,0,0
em2x3125u_mechanical_looseness_timeseries.csv,EMB_COMP_001,EM2X3125U,mechanical_looseness,steady_state,2026-01-01 00:02:46.000,2026-01-01 00:02:47.990,166.0,167.99,200,0.06393140279904501,0.03457883075231557,0.06393140268757888,0.03457802898860617,0.1338677712552492,0.0662465149734704,2.0939282636427445,1.9158113080221546,2.4272259300368297,1.9067933652717892,20.0,40.0,35.39219718667041,46.35554624039107,0.0,0.7116286276647148,23.203860249092678,0.0,40.92464881897418,41.88225689435632,40.08170622127349,1.8005506730828245,0.007549366259673978,0.751759110672485,0.8556907439529859,0.6690491649208912,0.035844422209450215,0.18664157903209477,0,0
em2x3125u_mechanical_looseness_timeseries.csv,EMB_COMP_001,EM2X3125U,mechanical_looseness,steady_state,2026-01-01 00:02:47.000,2026-01-01 00:02:48.990,167.0,168.99,200,0.06524826715396008,0.03543927125318057,0.06524442708066938,0.035437165104330794,0.1297892618706488,0.0662465149734704,1.989160287803468,1.8692967612172604,2.3689064131495865,1.9539992387310698,20.0,40.0,36.92190318601904,48.219157946067675,0.0,0.8699511130168324,24.245904336903653,0.0,41.681438294161026,42.56205830845188,40.6520920096753,1.909966298776581,0.007630853041668246,0.7490198724812825,0.8535040658688611,0.6536043523574842,0.03601622683652379,0.19989971351137692,0,0
em2x3125u_mechanical_looseness_timeseries.csv,EMB_COMP_001,EM2X3125U,mechanical_looseness,steady_state,2026-01-01 00:02:48.000,2026-01-01 00:02:49.990,168.0,169.99,200,0.06498592862193876,0.03528960341454677,0.06497845475714091,0.035289400632153675,0.1349631540348597,0.0661141056891587,2.076805808531559,1.873472617771208,2.3558310439988626,1.9523884834346314,20.0,40.0,35.501734555825124,48.94586046408466,0.0,0.8550963341895952,24.05207940256913,0.0,42.43951969784452,43.296253449720815,41.57314740910638,1.7231060406144323,0.007556249858188746,0.7496819022882815,0.8535040658688611,0.6168523726982804,0.036903611325967055,0.23665169317058066,0,0
em2x3125u_mechanical_looseness_timeseries.csv,EMB_COMP_001,EM2X3125U,mechanical_looseness,shutdown,2026-01-01 00:02:49.000,2026-01-01 00:02:50.990,169.0,170.99,200,0.0474237908510108,0.026089008458699207,0.04742240091996885,0.026088833508071785,0.1349631540348597,0.0642551324312125,2.8458955223311313,2.4629196825526365,4.137550605405961,3.276299475795108,40.0,40.0,19.96195712563793,25.017370921191816,0.0,0.5077056442590783,13.10492835553251,0.0,42.80889834656074,43.33852458747735,42.22935413016185,1.1091704573155,-0.0004551218528339664,0.5875078066418017,0.8532692950978303,0.2710643725798882,0.1787462737673122,0.5822049225179422,0,0
em2x3125u_mechanical_looseness_timeseries.csv,EMB_COMP_001,EM2X3125U,mechanical_looseness,shutdown,2026-01-01 00:02:50.000,2026-01-01 00:02:51.990,170.0,171.99,200,0.014487683672594138,0.008958339904193828,0.014483200845877094,0.008956225759714323,0.0337561564606415,0.0209034406314454,2.329989888203929,2.333405614767921,2.41025031305564,2.307234891080726,40.0,40.0,0.31507034420626734,3.8828824836997553,0.0,0.15104401779780854,1.453243928478738,0.0,42.29739031132362,43.33852458747735,41.126236612566814,2.212287974910538,-0.010099181863435162,0.27971606380337455,0.5714975107405622,0.0,0.16392927373598884,0.5714975107405622,0,0
em2x3125u_mechanical_looseness_timeseries.csv,EMB_COMP_001,EM2X3125U,mechanical_looseness,idle,2026-01-01 00:02:51.000,2026-01-01 00:02:52.990,171.0,172.99,200,0.006985291178256376,0.004682646408270534,0.0069824246130137145,0.0046816237439286194,0.0234531373174327,0.0168777783013218,3.357503176164937,3.6043247407090377,5.093411857963817,4.607760994932242,40.0,40.0,0.15003909114891248,0.8250571294162556,0.0,0.09997251484650033,0.3384429931818363,0.0,41.36980245261628,42.41395767610174,40.71883761958308,1.695120056518661,-0.008096663340085792,0.06953085662502989,0.2833513055468513,0.0,0.08976275628527527,0.2833513055468513,0,0
em2x3125u_mechanical_looseness_timeseries.csv,EMB_COMP_001,EM2X3125U,mechanical_looseness,idle,2026-01-01 00:02:52.000,2026-01-01 00:02:53.990,172.0,173.99,200,0.0015263934010322114,0.0011787000476470451,0.0015255651038586595,0.0011786509009487623,0.0041847465741677,0.0034495089924006,2.7415911070748855,2.9265367378974907,3.303645667371817,2.598048255080772,49.5,32.0,0.024859718675899818,0.02189198719654983,0.0,0.01588344677517048,0.01196946714979292,0.0,40.75856814479911,41.2279367509509,40.29889473838722,0.9290420125636842,-0.003738856055787091,0.0008678041014893376,0.00585947919964,0.0,0.0012954111006763277,0.00585947919964,0,0
em2x3125u_mechanical_looseness_timeseries.csv,EMB_COMP_001,EM2X3125U,mechanical_looseness,idle,2026-01-01 00:02:53.000,2026-01-01 00:02:54.990,173.0,174.99,200,0.0014919562369995136,0.0011335276111346657,0.0014915143901878271,0.0011320388984170729,0.0041847465741677,0.0034495089924006,2.8048722009324356,3.043162741265409,2.970248778330611,3.0208372015842415,37.5,10.0,0.023041801137423653,0.02153429411370911,0.0,0.01581263043115248,0.010067833329368973,0.0,40.37804948999386,40.865251610655385,39.9595988792974,0.9056527313579821,-0.003886355420928338,0.000921777297426957,0.0065246702517944,0.0,0.0013403761818067254,0.0065246702517944,0,0
em2x3125u_mechanical_looseness_timeseries.csv,EMB_COMP_001,EM2X3125U,mechanical_looseness,idle,2026-01-01 00:02:54.000,2026-01-01 00:02:55.990,174.0,175.99,200,0.0014266614631669354,0.0011185257005843184,0.001416073427313385,0.0011178669937656786,0.0034479076752577,0.003101907527516,2.4167665310058606,2.7732107772718697,2.7141226679166124,2.834063905109952,37.5,50.0,0.022574397865838144,0.017598604333354893,0.0,0.015359081248804056,0.010111289466124418,0.0,40.00067331444342,40.46500350476622,39.60414236770324,0.8608611370629831,-0.003716931314653336,0.0009057695606208241,0.0065246702517944,0.0,0.001248287396023597,0.0065246702517944,0,0
em2x3125u_mechanical_looseness_timeseries.csv,EMB_COMP_001,EM2X3125U,mechanical_looseness,idle,2026-01-01 00:02:55.000,2026-01-01 00:02:56.990,175.0,176.99,200,0.0014385046730774477,0.001152109796694835,0.0014199284347243993,0.0011471718166220764,0.0044796606486831,0.0031136363947241,3.114109208348689,2.702551791206428,3.006920193737737,2.8899293127829733,10.0,47.0,0.02525393781422275,0.015526435566089625,0.0,0.014385645724131629,0.012183915540438146,0.0,39.62293041622636,40.117296063456855,39.12822437835722,0.9890716850996384,-0.00387294399572671,0.000804991682725749,0.0040571411291573,0.0,0.0011344125623414744,0.0040571411291573,0,0
em2x3125u_mechanical_looseness_timeseries.csv,EMB_COMP_001,EM2X3125U,mechanical_looseness,idle,2026-01-01 00:02:56.000,2026-01-01 00:02:57.990,176.0,177.99,200,0.0015172001428364224,0.0011496046285634064,0.001515362705288978,0.001149431945190923,0.0044796606486831,0.0035149634336135,2.952583856410879,3.057541128732183,2.623508587532746,3.3497854161875655,17.5,27.0,0.02881680515252586,0.01736452165503675,0.0,0.014425578716937554,0.012090779914279105,0.0,39.24473357083812,39.689743130304834,38.78998185322201,0.899761277082824,-0.0037337153525037153,0.0006854352215828654,0.0038940022425912,0.0,0.0010240958333314336,0.0038940022425912,0,0
em2x3125u_mechanical_looseness_timeseries.csv,EMB_COMP_001,EM2X3125U,mechanical_looseness,idle,2026-01-01 00:02:57.000,2026-01-01 00:02:58.990,177.0,178.99,200,0.0015447649542010956,0.0012090800836186196,0.00153910345765811,0.0012087325825346918,0.0054348307744953,0.0035934029792445,3.5182250605277523,2.972014036067745,3.1637127603349855,3.283530778929154,24.5,34.0,0.029349586789941536,0.018031050024898656,0.0,0.018128361349601257,0.011130465791524234,0.0,38.871320210435385,39.286860974846775,38.394693344342414,0.8921676305043604,-0.00384055033351658,0.0007059339965448446,0.0060864489295832,0.0,0.0010688741694106292,0.0060864489295832,0,0
em2x3125u_mechanical_looseness_timeseries.csv,EMB_COMP_001,EM2X3125U,mechanical_looseness,idle,2026-01-01 00:02:58.000,2026-01-01 00:02:59.990,178.0,179.99,200,0.0015092586244945202,0.001246756207156247,0.0015090108921075411,0.0012467235752716562,0.0054348307744953,0.0042175250335297,3.6009936841113164,3.3827985048893745,3.540214197048817,3.2745931347109747,14.0,4.5,0.025619689326736243,0.021033783715966477,0.0,0.018153750604537885,0.013012668081282317,0.0,38.49497686681388,38.94018847638253,38.08397663167983,0.856211844702699,-0.003748079314261719,0.0007416577784309054,0.0060864489295832,0.0,0.0011453968323758615,0.0060864489295832,0,0
em2x3125u_mechanical_looseness_timeseries.csv,EMB_COMP_001,EM2X3125U,mechanical_looseness,idle,2026-01-01 00:02:59.000,2026-01-01 00:03:00.990,179.0,180.99,200,0.057220007918478574,0.04247918074973737,0.057204541079584226,0.04247787503835215,0.1904915104413845,0.1547511094015751,3.3291066773842117,3.642987145003541,5.31504600413381,5.09190103962721,40.0,40.0,14.751664657251748,50.69558190765226,0.0,6.547384341465707,29.540702249100786,0.0,32.550970338443975,38.57277874747791,25.7230224271326,12.84975632034531,-0.08428329640161827,2.5037920588601885,6.412662771176229,0.0,2.5657588782746856,6.412662771176229,1,0
em2x3125u_mechanical_looseness_timeseries.csv,EMB_COMP_001,EM2X3125U,mechanical_looseness,startup,2026-01-01 00:03:00.000,2026-01-01 00:03:01.990,180.0,181.99,200,0.08270037283588562,0.05884407352751623,0.08269812003412703,0.05884372923409706,0.1904915104413845,0.1547511094015751,2.303393611288845,2.6298503846646772,2.607337684152676,2.423223212011221,40.0,40.0,29.744246468154625,107.16773064956611,0.0,13.125715261128816,56.156713251208,0.0,27.803293144317994,29.87585818540144,25.7230224271326,4.152835758268839,0.020189835237735973,3.621579481758523,6.412662771176229,0.7362164488069949,1.6009386009465632,5.676446322369234,1,0
em2x3125u_mechanical_looseness_timeseries.csv,EMB_COMP_001,EM2X3125U,mechanical_looseness,startup,2026-01-01 00:03:01.000,2026-01-01 00:03:02.990,181.0,182.99,200,0.07572789289176647,0.047722341110471835,0.07572235982979103,0.04772195305169869,0.1779436705007127,0.1186816027906366,2.349777125781611,2.4869191248581473,2.6766173267358617,2.717028496500632,40.0,40.0,37.7496782128923,76.99447647749597,0.0,6.9403364745815725,38.63473591056792,0.0,29.499693429016546,30.68673916209849,27.590562004265383,3.0961771578331074,0.013802592059091182,1.4933770072743437,3.6269349832858895,0.6461441288510726,0.9374105315558938,2.980790854434817,1,0
em2x3125u_mechanical_looseness_timeseries.csv,EMB_COMP_001,EM2X3125U,mechanical_looseness,steady_state,2026-01-01 00:03:02.000,2026-01-01 00:03:03.990,182.0,183.99,200,0.06628899498838314,0.03506217008263178,0.0662884469645992,0.035059683896193336,0.13241475196686,0.0654956475864026,1.9975374794875849,1.8679861352576745,2.3847928494643145,1.9193253846718552,20.0,40.0,38.55681452079783,49.332041256497405,0.0,0.7707556350275914,23.813270316827087,0.0,30.577119458848202,31.576156659504974,29.647145999855933,1.929010659649041,0.007845914297518377,0.748293897441518,0.8376268427698108,0.6461441288510726,0.03580147077773389,0.19148271391873817,0,0
em2x3125u_mechanical_looseness_timeseries.csv,EMB_COMP_001,EM2X3125U,mechanical_looseness,steady_state,2026-01-01 00:03:03.000,2026-01-01 00:03:04.990,183.0,184.99,200,0.06490642891002783,0.034712735619022925,0.06490576640033303,0.03471252507198152,0.1330228652207575,0.0613677302450981,2.049455923775309,1.7678736391916046,2.375068226399026,1.913302825461054,20.0,40.0,36.796484476183736,47.458818341250385,0.0,0.8316597388373029,23.270141078463656,0.0,31.356947288591808,32.16666674728346,30.41543527222339,1.7512314750600666,0.007845152937391773,0.7505874896443683,0.8329275012278363,0.6261244084748604,0.03742569299485094,0.20680309275297593,0,0
em2x3125u_mechanical_looseness_timeseries.csv,EMB_COMP_001,EM2X3125U,mechanical_looseness,steady_state,2026-01-01 00:03:04.000,2026-01-01 00:03:05.990,184.0,185.99,200,0.06257424718703739,0.03413985153023919,0.06257402605842151,0.034139506877714935,0.1330228652207575,0.0609329739307715,2.125840440767044,1.7848048892890014,2.4000374904035313,1.9347989853742542,20.0,40.0,33.419585720536574,44.890981593522866,0.0,0.8800293667899599,22.43757343844018,0.0,32.12957402951917,32.993079953708815,31.27011728008857,1.7229626736202448,0.0077369183352547855,0.7538115528947366,0.861777480323822,0.6261244084748604,0.03865521656717663,0.23565307184896156,0,0
em2x3125u_mechanical_looseness_timeseries.csv,EMB_COMP_001,EM2X3125U,mechanical_looseness,steady_state,2026-01-01 00:03:05.000,2026-01-01 00:03:06.990,185.0,186.99,200,0.06270929822057583,0.03406398585787911,0.06270472583648817,0.034063286009616334,0.129979176322355,0.0627303346305578,2.0727257362243443,1.841544171967417,2.4219335755884126,1.9197688375666233,20.0,40.0,33.53215511594808,45.11028380606963,0.0,0.7731124861301168,22.434548030828793,0.0,32.9037296424479,33.91507722316534,31.961615865124536,1.953461358040805,0.007886783088149142,0.7475520645267508,0.861777480323822,0.6432395708941939,0.03900567431108655,0.21853790942962803,0,0
em2x3125u_mechanical_looseness_timeseries.csv,EMB_COMP_001,EM2X3125U,mechanical_looseness,steady_state,2026-01-01 00:03:06.000,2026-01-01 00:03:07.990,186.0,187.99,200,0.06413738437398897,0.03461198444217079,0.06413210007680502,0.03461196419332017,0.129979176322355,0.0636540857177547,2.0265743230880537,1.8390764570031237,2.376820761033996,1.911917552754642,20.0,40.0,35.587091601501335,46.69327280888093,0.0,0.7310655077475068,23.228695842323177,0.0,33.6778268606561,34.602575548705026,32.82858822993046,1.7739873187745658,0.007764598576273337,0.7438090493439521,0.8403276895760655,0.6472639914690208,0.0364779088875857,0.1930636981070447,0,0
em2x3125u_mechanical_looseness_timeseries.csv,EMB_COMP_001,EM2X3125U,mechanical_looseness,steady_state,2026-01-01 00:03:07.000,2026-01-01 00:03:08.990,187.0,188.99,200,0.06552235522465111,0.035363177626964094,0.06552214076223742,0.03536292566089795,0.1304812645390422,0.0644857060653995,1.9914007073108382,1.8235269111175616,2.3555958217173174,1.9329812434668376,20.0,40.0,37.95930879354596,47.90963412209986,0.0,0.7735092811179335,24.240437849328263,0.0,34.4648393733737,35.35651690289123,33.57629683714625,1.7802200657449774,0.007881255976552188,0.7465650958358984,0.8281928939655899,0.6490324389670046,0.035934063903295725,0.17916045499858535,0,0
em2x3125u_mechanical_looseness_timeseries.csv,EMB_COMP_001,EM2X3125U,mechanical_looseness,steady_state,2026-01-01 00:03:08.000,2026-01-01 00:03:09.990,188.0,189.99,200,0.06493915252043758,0.035111948933619526,0.06493874814024042,0.03510905305101068,0.1304812645390422,0.0644857060653995,2.009284991792544,1.8365743863239312,2.34830190254519,1.9493054565817507,20.0,40.0,37.58975719436937,46.759360734431745,0.0,0.8131108612140946,23.840727834920425,0.0,35.251611760880394,36.1590518133766,34.43766868292578,1.7213831304508176,0.0075514980505844275,0.746561551312276,0.8392833621963252,0.6490324389670046,0.03525580031197702,0.19025092322932058,0,0
em2x3125u_mechanical_looseness_timeseries.csv,EMB_COMP_001,EM2X3125U,mechanical_looseness,steady_state,2026-01-01 00:03:09.000,2026-01-01 00:03:10.990,189.0,190.99,200,0.06256078021592057,0.03401517493940079,0.06255903513904568,0.034011788337941516,0.1290434743179453,0.0630791879745809,2.062689657522943,1.8544425565048146,2.3694083399598047,1.9254866090625165,20.0,40.0,33.93446571385646,44.347582910190916,0.0,0.8191391474462822,22.318325021644547,0.0,36.029305420728676,36.9406728614497,35.09182871468587,1.848844146763831,0.007862109577780886,0.749482190786285,0.8469531645614914,0.6621883279994492,0.033205189353577386,0.18476483656204223,0,0
em2x3125u_mechanical_looseness_timeseries.csv,EMB_COMP_001,EM2X3125U,mechanical_looseness,steady_state,2026-01-01 00:03:10.000,2026-01-01 00:03:11.990,190.0,191.99,200,0.06217038081356179,0.03364416089418749,0.06217026159147504,0.03364268778942746,0.1278017101372028,0.0634589776511305,2.055668768065906,1.8861810181776282,2.3783439755060645,1.9250797072261927,20.0,40.0,33.2317817400538,44.071506634065514,0.0,0.8196366637974851,21.82088324066225,0.0,36.80555933381467,37.769420221789474,35.94943652248206,1.8199836993074143,0.007673019275174851,0.7514016004103606,0.8469531645614914,0.62559103517346,0.0348860831101821,0.22136212938803135,0,0
em2x3125u_mechanical_looseness_timeseries.csv,EMB_COMP_001,EM2X3125U,mechanical_looseness,steady_state,2026-01-01 00:03:11.000,2026-01-01 00:03:12.990,191.0,192.99,200,0.06416327962605904,0.03404500136872043,0.06416156086369527,0.034044558523303244,0.1328652778083095,0.0634589776511305,2.0707370100568876,1.8639734204691438,2.376152565600207,1.937832939436348,20.0,40.0,36.03985118403481,46.2949222665526,0.0,0.817158962269884,22.364597364302206,0.0,37.57838751530212,38.53417874262978,36.73438047257007,1.7997982700597035,0.00781508044142761,0.751369665172684,0.863083877791091,0.62559103517346,0.03975235040638743,0.23749284261763093,0,0
em2x3125u_mechanical_looseness_timeseries.csv,EMB_COMP_001,EM2X3125U,mechanical_looseness,steady_state,2026-01-01 00:03:12.000,2026-01-01 00:03:13.990,192.0,193.99,200,0.06575369979460875,0.034737036906723,0.06574687316931196,0.034736953964872336,0.1328652778083095,0.0619960714927326,2.0206509781705595,1.7847253828588323,2.4074658518713745,1.9364896190960277,20.0,40.0,38.3785155553278,48.080903095027324,0.0,0.7903690870665688,23.342771656105835,0.0,38.363641985085295,39.229571471514,37.4753465258249,1.7542249456891028,0.007904495295289147,0.7522363227417785,0.863083877791091,0.6299507422448297,0.038699164987972726,0.23313313554626125,0,0
em2x3125u_mechanical_looseness_timeseries.csv,EMB_COMP_001,EM2X3125U,mechanical_looseness,steady_state,2026-01-01 00:03:13.000,2026-01-01 00:03:14.990,193.0,194.99,200,0.06492407439235813,0.034953104604292934,0.06492387243999122,0.03495292064664976,0.1335623420531246,0.0654423512343465,2.057208259080633,1.8722900862519913,2.3781950618866015,1.9603489363895563,20.0,40.0,37.3900700508834,46.914048418693596,0.0,0.8685286256770929,23.568629597119138,0.0,39.151105164044445,40.06847257961952,38.26409272499728,1.8043798546222334,0.007857647975554856,0.7530420908811696,0.8484080722546172,0.658482325494428,0.03593107874526746,0.18992574676018925,0,0
em2x3125u_mechanical_looseness_timeseries.csv,EMB_COMP_001,EM2X3125U,mechanical_looseness,steady_state,2026-01-01 00:03:14.000,2026-01-01 00:03:15.990,194.0,195.99,200,0.06236072089248353,0.0341628406329236,0.0623555262549256,0.03416143167077738,0.1335623420531246,0.0670420636191041,2.1417703346213743,1.9624264954856814,2.358239497391421,1.9725688204873224,20.0,40.0,33.65121046919676,44.11399970384983,0.0,0.8180099861912042,22.52612685622255,0.0,39.92233588726883,40.83715649925022,39.05060373850159,1.7865527607486271,0.007608294397797943,0.7525072295388394,0.8484080722546172,0.6573828119590499,0.037100529214740594,0.19102526029556732,0,0
em2x3125u_mechanical_looseness_timeseries.csv,EMB_COMP_001,EM2X3125U,mechanical_looseness,steady_state,2026-01-01 00:03:15.000,2026-01-01 00:03:16.990,195.0,196.99,200,0.061733954228220436,0.0337432900724723,0.06173311274738383,0.033743278878379544,0.1302680308210416,0.0670420636191041,2.110152062177352,1.9868265209205804,2.4054953060410673,1.9289229325502937,20.0,40.0,33.35227287042607,42.87000134071294,0.0,0.698862893838711,22.07441410860255,0.0,40.68732220799651,41.53432493767976,39.75272846454784,1.7815964731319198,0.00778833199745375,0.7477674546838383,0.8353282634388598,0.6567892801628135,0.035617825196492654,0.17853898327604634,0,0
em2x3125u_mechanical_looseness_timeseries.csv,EMB_COMP_001,EM2X3125U,mechanical_looseness,steady_state,2026-01-01 00:03:16.000,2026-01-01 00:03:17.990,196.0,197.99,200,0.06305879778127242,0.03457692613028858,0.06305852806244079,0.03457691663153545,0.1302680308210416,0.061838375399053,2.0658184964593374,1.7884289414866184,2.3792771951721448,1.9126478533756677,20.0,40.0,35.19395008421626,44.33389221536731,0.0,0.7482031484346878,23.163306657410264,0.0,41.46276558311774,42.34383059710533,40.491494712557056,1.8523358845482747,0.0077699239016105,0.747596613946824,0.8281405597555667,0.6567892801628135,0.03533953544813629,0.1713512795927532,0,0
em2x3125u_mechanical_looseness_timeseries.csv,EMB_COMP_001,EM2X3125U,mechanical_looseness,steady_state,2026-01-01 00:03:17.000,2026-01-01 00:03:18.990,197.0,198.99,200,0.06465735982305114,0.035592122337734886,0.06465679408527056,0.03558975555117167,0.1283258087195205,0.0653381738094002,1.9847053617826627,1.835748180156384,2.3844995737492636,1.9507382513502745,20.0,40.0,36.16108477364139,47.44933721808162,0.0,0.8695175107465429,24.464406600577657,0.0,42.25103991797203,43.273275806999855,41.2924667405283,1.9808090664715579,0.007985665851565458,0.7541696141470365,0.848712636987273,0.6736287976779664,0.036112265998810775,0.1750838393093066,0,0
em2x3125u_mechanical_looseness_timeseries.csv,EMB_COMP_001,EM2X3125U,mechanical_looseness,steady_state,2026-01-01 00:03:18.000,2026-01-01 00:03:19.990,198.0,199.99,200,0.06471708741245988,0.03538636956041505,0.06471615454222376,0.03538569733978408,0.1349802926883947,0.0660537555445079,2.0856978903906476,1.8666440317290678,2.4128358793251983,1.9718190544886134,20.0,40.0,36.29537346749841,47.472409179889205,0.0,0.8757313052163922,24.167554347934143,0.0,43.032185334389375,43.91965463141856,42.158346101054256,1.7613085303643032,0.007742382697010399,0.75245431993057,0.848712636987273,0.6588387512608944,0.036329904765774426,0.18987388572637853,0,0
em2x3125u_mechanical_looseness_timeseries.csv,EMB_COMP_001,EM2X3125U,mechanical_looseness,shutdown,2026-01-01 00:03:19.000,2026-01-01 00:03:20.990,199.0,200.99,200,0.04681274611522664,0.025803650148518098,0.046812702460904465,0.02580239427163755,0.1349802926883947,0.0660537555445079,2.883408983445431,2.5598609175183444,4.20792034509997,3.283821843233164,40.0,40.0,20.30102219057675,23.52837789331095,0.0,0.5257232702003821,12.789583070328742,0.0,43.37129817946263,43.91965463141856,42.77369040414044,1.145964227278121,-0.0008307378771720314,0.5832983433716916,0.8336538483530498,0.2703376605557516,0.17432254464669714,0.5633161877972982,0,0
em2x3125u_mechanical_looseness_timeseries.csv,EMB_COMP_001,EM2X3125U,mechanical_looseness,shutdown,2026-01-01 00:03:20.000,2026-01-01 00:03:21.990,200.0,201.99,200,0.014487656492998309,0.009128604461822341,0.01448649956771468,0.009121067241052095,0.0331295573284498,0.0227877423425197,2.2867437079600053,2.496300769501255,2.3985761308340514,2.6479906529981796,40.0,40.0,0.33570985065620185,3.8699824121400934,0.0,0.20923267760560613,1.4555256529774334,0.0,42.82301691106991,43.87935137725179,41.77822599149847,2.1011253857533134,-0.010032829666944177,0.2803104822430232,0.5646435589058667,0.0,0.16250536701346488,0.5646435589058667,0,0
em2x3125u_mechanical_looseness_timeseries.csv,EMB_COMP_001,EM2X3125U,mechanical_looseness,idle,2026-01-01 00:03:21.000,2026-01-01 00:03:22.990,201.0,202.99,200,0.007610590278838944,0.004463207593993467,0.007606663461870752,0.004428400085923554,0.028548689998834,0.0151275293841131,3.751179468721752,3.3893851149723697,5.624141639041243,4.20797541106888,40.0,40.0,0.19258016251210316,0.9650038566361063,0.0,0.10175897125508045,0.29108375032234474,0.0,41.99980955962372,42.85109190592711,41.41974028025357,1.4313516256735426,-0.006512562556904996,0.07026487746980138,0.2916257342638518,0.0,0.09083930302577496,0.2916257342638518,0,0
em2x3125u_mechanical_looseness_timeseries.csv,EMB_COMP_001,EM2X3125U,mechanical_looseness,idle,2026-01-01 00:03:22.000,2026-01-01 00:03:23.990,202.0,203.99,200,0.0015531348397541979,0.0012467355865027345,0.0015522762654900362,0.0012464745967250607,0.0052208743556392,0.0030397605646583,3.3615074634894326,2.4381758229788306,3.4991301958031826,2.4491286795344727,44.5,30.5,0.027744452538013466,0.021227872457102018,0.0,0.017512967349205537,0.013561014674971488,0.0,41.49720959214632,41.9407869353776,41.0212692832639,0.9195176521137043,-0.003771275346805924,0.0007266426777214111,0.0054305274666779,0.0,0.0010550955795209478,0.0054305274666779,0,0
em2x3125u_mechanical_looseness_timeseries.csv,EMB_COMP_001,EM2X3125U,mechanical_looseness,idle,2026-01-01 00:03:23.000,2026-01-01 00:03:24.990,203.0,204.99,200,0.001506774482590141,0.0011519472438345205,0.0015053200572809522,0.0011516017801627056,0.0052208743556392,0.003200529622586,3.46493414639232,2.778364755604869,3.469684993947445,2.809639546038816,46.5,39.5,0.023790745295261664,0.022279672069526343,0.0,0.015503816815063801,0.011022989871364467,0.0,41.125465950169,41.527442767085255,40.72042113640502,0.8070216306802322,-0.0036949883233592805,0.0008003868435409879,0.0048987166164455,0.0,0.0010767224492276327,0.0048987166164455,0,0
em2x3125u_mechanical_looseness_timeseries.csv,EMB_COMP_001,EM2X3125U,mechanical_looseness,idle,2026-01-01 00:03:24.000,2026-01-01 00:03:25.990,204.0,205.99,200,0.0014425462203339595,0.0011411990528812145,0.0014343408617887147,0.0011407086420796076,0.0040755888074783,0.003200529622586,2.8252743309221473,2.8045323158177715,3.1329878724663636,2.6966367485486167,46.5,15.0,0.02204358099788558,0.01911705777752897,0.0,0.016923356744508518,0.009148539973403846,0.0,40.7498404625867,41.17570684190666,40.32216218184197,0.8535446600646921,-0.003738435695493842,0.0007252157346391061,0.0048987166164455,0.0,0.0010488405393334842,0.0048987166164455,0,0
em2x3125u_mechanical_looseness_timeseries.csv,EMB_COMP_001,EM2X3125U,mechanical_looseness,idle,2026-01-01 00:03:25.000,2026-01-01 00:03:26.990,205.0,206.99,200,0.0015024640663468221,0.0011788992418595564,0.0015024639780397435,0.0011655226104084308,0.0045790630648862,0.0038548482019507,3.0477022162799527,3.2698707956332136,3.2928907364312723,3.2641299847265848,47.5,30.5,0.028454658231111433,0.016725507111650828,0.0,0.0159897311574937,0.011197548074866625,0.0,40.37145205306365,40.76580111644039,39.93363701968111,0.8321640967592856,-0.003762112351727169,0.0007080836637011138,0.0040704962656265,0.0,0.0010032139170981773,0.0040704962656265,0,0
em2x3125u_mechanical_looseness_timeseries.csv,EMB_COMP_001,EM2X3125U,mechanical_looseness,idle,2026-01-01 00:03:26.000,2026-01-01 00:03:27.990,206.0,207.99,200,0.0014754845238671651,0.0011856945560875698,0.0014723217934760528,0.0011836264037289092,0.0045790630648862,0.0038548482019507,3.1034300874161143,3.251130893837046,3.1715194196414793,3.150001348273697,21.5,43.0,0.028835590727688598,0.014585378981190405,0.0,0.014609521262890474,0.013922389038786624,0.0,39.99799830333625,40.41657001918491,39.55880234897117,0.8577676702137396,-0.003686293465364829,0.0007452747711015059,0.005086381586111,0.0,0.001084317124445126,0.005086381586111,0,0
em2x3125u_mechanical_looseness_timeseries.csv,EMB_COMP_001,EM2X3125U,mechanical_looseness,idle,2026-01-01 00:03:27.000,2026-01-01 00:03:28.990,207.0,208.99,200,0.001414963404904588,0.001212114132391137,0.0014077340795691268,0.0012052718882930083,0.003681688152717,0.0040481137947447,2.601967047314032,3.3397133871865576,2.680193484371803,3.1613642869153433,21.0,43.5,0.02369345615696423,0.016160978414229782,0.0,0.015340057233268594,0.014294013909175562,0.0,39.62227239476932,40.03746379735912,39.18545261548952,0.8520111818696066,-0.0037932634053861377,0.0007333801716522642,0.005086381586111,0.0,0.0010924898106575158,0.005086381586111,0,0
em2x3125u_mechanical_looseness_timeseries.csv,EMB_COMP_001,EM2X3125U,mechanical_looseness,idle,2026-01-01 00:03:28.000,2026-01-01 00:03:29.990,208.0,209.99,200,0.0014476233645260746,0.0012764789018646792,0.0014308291870562607,0.0012760032143922853,0.003681688152717,0.0040481137947447,2.543263837083976,3.1713127328867077,2.5003035321051477,2.9009766926425398,31.5,37.5,0.024455425637416827,0.017014697041329775,0.0,0.020054028751129518,0.012641237846343883,0.0,39.24678377878208,39.679018315487525,38.82209075284581,0.8569275626417152,-0.0037108894842051467,0.0008966480372922156,0.0074826731333682,0.0,0.0012248859446917343,0.0074826731333682,0,0
em2x3125u_mechanical_looseness_timeseries.csv,EMB_COMP_001,EM2X3125U,mechanical_looseness,idle,2026-01-01 00:03:29.000,2026-01-01 00:03:30.990,209.0,210.99,200,0.059507907554226906,0.040356158821480415,0.05950766027890344,0.040340712525735234,0.1804188593032586,0.1179046941972951,3.031846803533647,2.921603483593633,5.130209645008939,4.4835677544838495,40.0,40.0,16.69782694445966,54.183038424628336,0.0,8.239064072481028,24.309303032314414,0.0,33.080213398995404,39.3481273871353,26.116198574196403,13.231928812938897,-0.08768585508023395,2.498916920872753,6.340137527576776,0.0,2.5610812420852276,6.340137527576776,1,0
em2x3125u_mechanical_looseness_timeseries.csv,EMB_COMP_001,EM2X3125U,mechanical_looseness,startup,2026-01-01 00:03:30.000,2026-01-01 00:03:31.990,210.0,211.99,200,0.08403783966729264,0.05441215753625672,0.08403296732852482,0.05440846912530619,0.1911808532315805,0.1179046941972951,2.2749377421941,2.166881438559592,2.635370886381559,2.3059343816934557,40.0,40.0,32.845440412529996,108.39952342109828,0.0,13.51149211004661,45.695318134054816,0.0,28.0979088559557,30.1645993874723,26.116198574196403,4.048400813275897,0.020079566287445002,3.617078705965108,6.340137527576776,0.6982457323990728,1.5964504651364566,5.6418917951777035,1,0
em2x3125u_mechanical_looseness_timeseries.csv,EMB_COMP_001,EM2X3125U,mechanical_looseness,startup,2026-01-01 00:03:31.000,2026-01-01 00:03:32.990,211.0,212.99,200,0.07523359095493025,0.044007838916496754,0.07523351203816826,0.043999994730132476,0.1911808532315805,0.1128853554740753,2.5411634723924066,2.5651192663259628,2.777937383974291,2.6540785180406488,40.0,40.0,37.831587703456464,75.38111536548925,0.0,5.762482605717739,32.962504563523794,0.0,29.80193404692437,31.10132724888006,28.11821572715553,2.983111521724531,0.014118864421342369,1.4956165935396428,3.6509678343619454,0.6614407844155978,0.9360391880419185,2.9895270499463473,1,0
em2x3125u_mechanical_looseness_timeseries.csv,EMB_COMP_001,EM2X3125U,mechanical_looseness,steady_state,2026-01-01 00:03:32.000,2026-01-01 00:03:33.990,212.0,213.99,200,0.0653213781951125,0.034967433469564616,0.06531934925016496,0.034966267513258896,0.1303280824631504,0.0643745586678129,1.9951826808348305,1.8409860913539458,2.362398363117542,1.944433842627889,20.0,40.0,37.24223292947691,48.09019832258475,0.0,0.904643333388371,23.54883487006627,0.0,30.914022698955943,31.774699452438373,29.941336692000203,1.8333627604381704,0.008081343928228221,0.7543004330959551,0.879097313172475,0.6614407844155978,0.03673819687221263,0.21765652875687713,0,0
em2x3125u_mechanical_looseness_timeseries.csv,EMB_COMP_001,EM2X3125U,mechanical_looseness,steady_state,2026-01-01 00:03:33.000,2026-01-01 00:03:34.990,213.0,214.99,200,0.06428468614013463,0.034827450466834754,0.06428441488475221,0.03482693618149731,0.1303280824631504,0.0643745586678129,2.0273581515051236,1.848385621253415,2.3991835993147377,1.9415614045441678,20.0,40.0,35.726192475462675,46.92353835874338,0.0,0.8753082287047209,23.383903864953947,0.0,31.724568782351984,32.618572319178234,30.695466566213327,1.9231057529649078,0.007946202704437985,0.7500527405036783,0.879097313172475,0.679875536615533,0.03489050172988824,0.19922177655694195,0,0
em2x3125u_mechanical_looseness_timeseries.csv,EMB_COMP_001,EM2X3125U,mechanical_looseness,steady_state,2026-01-01 00:03:34.000,2026-01-01 00:03:35.990,214.0,215.99,200,0.0628075961840325,0.03422260272377357,0.06280672813665883,0.034220450604674116,0.1334958355515929,0.0621845522421702,2.125472771803538,1.8170608689260266,2.3988086942017275,1.9028541577973652,20.0,40.0,34.49582822885926,44.40194081028787,0.0,0.7718236303822698,22.64931757029988,0.0,32.50997415471531,33.49079659714853,31.58315259286127,1.9076440042872598,0.007714457225129974,0.7446754766927124,0.8460478994693682,0.6627413545860672,0.03514234253539976,0.183306544883301,0,0
em2x3125u_mechanical_looseness_timeseries.csv,EMB_COMP_001,EM2X3125U,mechanical_looseness,steady_state,2026-01-01 00:03:35.000,2026-01-01 00:03:36.990,215.0,216.99,200,0.06245325696331055,0.034112858121636225,0.06245286146752933,0.03411186532722018,0.1334958355515929,0.0606061650975654,2.1375320046161526,1.7766369760476235,2.41347563501107,1.890426296247957,20.0,40.0,34.56333378843075,43.46371588570486,0.0,0.6811716735870056,22.592700471485,0.0,33.29652834681093,34.205670872590325,32.37068369176192,1.8349871808284064,0.00809114696656594,0.7468222860345626,0.8325051182311012,0.6627413545860672,0.03631646365957372,0.16976376364503398,0,0
em2x3125u_mechanical_looseness_timeseries.csv,EMB_COMP_001,EM2X3125U,mechanical_looseness,steady_state,2026-01-01 00:03:36.000,2026-01-01 00:03:37.990,216.0,217.99,200,0.06407688387076282,0.034617626823515935,0.06407605645343653,0.03461640411969375,0.1291785672010292,0.0637986390760154,2.0159932786614667,1.8429524184678268,2.365948852771589,1.9298345648466861,20.0,40.0,35.32593016896862,46.79528190127614,0.0,0.7374139971384585,23.229380505797522,0.0,34.09688816511072,34.95455852249987,33.22223826548995,1.732320257009924,0.007837953709322753,0.748541427583953,0.854790155035105,0.61654446501063,0.037447340327146354,0.23824569002447504,0,0
em2x3125u_mechanical_looseness_timeseries.csv,EMB_COMP_001,EM2X3125U,mechanical_looseness,steady_state,2026-01-01 00:03:37.000,2026-01-01 00:03:38.990,217.0,218.99,200,0.0660657939243956,0.0353194010446104,0.06606537534423262,0.03531847957541983,0.1348840656856011,0.0641948256116112,2.0416626770573556,1.8175513659059368,2.3631837675746845,1.943607659718375,20.0,40.0,37.34979084592324,49.94510345015663,0.0,0.7674761628836423,24.180513964938154,0.0,34.88839764634067,35.87779418992256,34.02597523669131,1.851818953231252,0.007868524244727174,0.7477061661082095,0.854790155035105,0.61654446501063,0.038623597445874916,0.23824569002447504,0,0
em2x3125u_mechanical_looseness_timeseries.csv,EMB_COMP_001,EM2X3125U,mechanical_looseness,steady_state,2026-01-01 00:03:38.000,2026-01-01 00:03:39.990,218.0,219.99,200,0.06522892597999033,0.034987339002977236,0.06522889124893673,0.03498729068697833,0.1384177276795468,0.0641948256116112,2.122029844888262,1.8348016008347638,2.420607378012315,1.9414076964857703,20.0,40.0,36.42799640485446,48.67285272569439,0.0,0.7637414050773301,23.719583475708802,0.0,35.68263626603524,36.62668826391405,34.72401203131248,1.9026762326015643,0.00804111676099152,0.7504466586320169,0.834562978427732,0.6379812694123527,0.036623675179856686,0.1965817090153793,0,0
em2x3125u_mechanical_looseness_timeseries.csv,EMB_COMP_001,EM2X3125U,mechanical_looseness,steady_state,2026-01-01 00:03:39.000,2026-01-01 00:03:40.990,219.0,220.99,200,0.062419481996253606,0.03407280397125773,0.06241752291375662,0.03407266818322175,0.1384177276795468,0.0614315197358135,2.217540473787568,1.802948761940295,2.4455906684600373,1.9092401124207827,20.0,40.0,33.515964074839125,44.40577630178648,0.0,0.7225630873272961,22.4983860566518,0.0,36.471165423944264,37.38192677080436,35.528610487682734,1.8533162831216288,0.007783819253129254,0.7508185001340766,0.834562978427732,0.6588771310107437,0.03378490421337533,0.17568584741698823,0,0
em2x3125u_mechanical_looseness_timeseries.csv,EMB_COMP_001,EM2X3125U,mechanical_looseness,steady_state,2026-01-01 00:03:40.000,2026-01-01 00:03:41.990,220.0,221.99,200,0.06156870066933616,0.034313891734746776,0.061567461087455526,0.03431322261177803,0.1337543119656254,0.0614315197358135,2.1724400630764125,1.790281330100689,2.429155393996085,1.9099887762658778,20.0,40.0,33.59672739808288,42.21600154258293,0.0,0.770246314366241,22.778013370477474,0.0,37.26164471903218,38.14583240604796,36.417318833976736,1.728513572071222,0.007909003326233857,0.7474412188678548,0.8228210814022493,0.6493729306292798,0.03315616275108161,0.1734481507729695,0,0
em2x3125u_mechanical_looseness_timeseries.csv,EMB_COMP_001,EM2X3125U,mechanical_looseness,steady_state,2026-01-01 00:03:41.000,2026-01-01 00:03:42.990,221.0,222.99,200,0.06392470263016516,0.03476400453467011,0.06392445130598774,0.034763992725714774,0.1337543119656254,0.0622116357223394,2.0923728459005555,1.7895416985202552,2.440407329616942,1.9121338532243457,20.0,40.0,35.422861781950296,46.30990059752388,0.0,0.8185841287316058,23.35759518728172,0.0,38.054722897472544,39.01064119875646,37.207237847344025,1.8034033514124346,0.007825831068233535,0.7461102485146048,0.8297747154882714,0.6434637582447054,0.03494903987167284,0.18631095724356606,0,0
em2x3125u_mechanical_looseness_timeseries.csv,EMB_COMP_001,EM2X3125U,mechanical_looseness,steady_state,2026-01-01 00:03:42.000,2026-01-01 00:03:43.990,222.0,223.99,200,0.06592212534925664,0.034754111670906314,0.06592109033996352,0.03475327699402859,0.1397113281475441,0.0639676237346425,2.1193389534598728,1.8405771478311637,2.421596102497202,1.9523749663399037,20.0,40.0,37.54918355863867,49.36532564588347,0.0,0.8723631806380534,23.28917338909348,0.0,38.8499666045063,39.77387655122941,37.89657311192324,1.8773034393061678,0.008066194984182576,0.7528158946071608,0.8394974437685768,0.6434637582447054,0.03529718157404121,0.19603368552387146,0,0
em2x3125u_mechanical_looseness_timeseries.csv,EMB_COMP_001,EM2X3125U,mechanical_looseness,steady_state,2026-01-01 00:03:43.000,2026-01-01 00:03:44.990,223.0,224.99,200,0.06491357392500638,0.035019862410378175,0.06491232772410428,0.035018591511048046,0.1397113281475441,0.0639676237346425,2.1522667710292827,1.8266097960363668,2.387524387147214,1.9706187506806068,20.0,40.0,36.804091881442375,47.47089724245901,0.0,0.8762253609310588,23.649997401290204,0.0,39.650421263750616,40.59063607626538,38.6941866219387,1.8964494543266852,0.007943015896601126,0.7550057046197284,0.8448376640037079,0.6725060944664242,0.033602377854984246,0.17233156953728368,0,0
em2x3125u_mechanical_looseness_timeseries.csv,EMB_COMP_001,EM2X3125U,mechanical_looseness,steady_state,2026-01-01 00:03:44.000,2026-01-01 00:03:45.990,224.0,225.99,200,0.06303089377426876,0.034676799228384896,0.06303058355547378,0.03467643252313142,0.1376666176642346,0.066919287897008,2.1841133676012467,1.9298000215149855,2.429541392022475,1.9505407670897048,20.0,40.0,33.870711357177505,45.58720835455236,0.0,0.8031681891370203,23.250408884531222,0.0,40.43694239497722,41.433358289137736,39.48733255730011,1.9460257318376293,0.00782042365451167,0.7523125058883227,0.8634111490084625,0.6688290689991732,0.03524897606792361,0.19458208000928934,0,0
em2x3125u_mechanical_looseness_timeseries.csv,EMB_COMP_001,EM2X3125U,mechanical_looseness,steady_state,2026-01-01 00:03:45.000,2026-01-01 00:03:46.990,225.0,226.99,200,0.0620035075176286,0.034159679424469486,0.062003159510251656,0.03415932810127774,0.1376666176642346,0.066919287897008,2.22030370822318,1.9590139317604935,2.470692317537293,1.9461120359900372,20.0,40.0,32.81638522089848,44.07595783418747,0.0,0.8260460806678201,22.51187208697762,0.0,41.22965544889543,42.18125560913303,40.25464023044443,1.9266153786886022,0.008039000293603962,0.7516226718407989,0.8634111490084625,0.6266562703686855,0.039263139735999236,0.23675487863977696,0,0
em2x3125u_mechanical_looseness_timeseries.csv,EMB_COMP_001,EM2X3125U,mechanical_looseness,steady_state,2026-01-01 00:03:46.000,2026-01-01 00:03:47.990,226.0,227.99,200,0.06336964279317593,0.034868604054986325,0.06336910930275512,0.03486460594691807,0.1401261986344919,0.0668331630505154,2.2112511994399573,1.916714616539346,2.4372913789619295,1.957337497187322,20.0,40.0,34.47217941335798,45.84072452253416,0.0,0.8838567223792622,23.427053547981373,0.0,42.033391959714315,42.94912152399737,41.08161773284871,1.867503791148657,0.007964723620468921,0.7507786049415087,0.8415101761852054,0.6266562703686855,0.037833225615276765,0.21485390581651986,0,0
em2x3125u_mechanical_looseness_timeseries.csv,EMB_COMP_001,EM2X3125U,mechanical_looseness,steady_state,2026-01-01 00:03:47.000,2026-01-01 00:03:48.990,227.0,228.99,200,0.0656287495644086,0.035428726673686926,0.06562680699631179,0.035424365393742906,0.1401261986344919,0.0679706980545309,2.135134366638677,1.9185193608725726,2.4054661672205357,1.9478350214823141,20.0,40.0,37.43573202719761,48.70962341875503,0.0,0.7769174911955332,24.321849408101905,0.0,42.82279517203853,43.677531186885325,41.865821194202965,1.8117099926823599,0.007751568856865004,0.7485000514295514,0.8415101761852054,0.6446853411870979,0.03602138268650847,0.19682483499810755,0,0
em2x3125u_mechanical_looseness_timeseries.csv,EMB_COMP_001,EM2X3125U,mechanical_looseness,steady_state,2026-01-01 00:03:48.000,2026-01-01 00:03:49.990,228.0,229.99,200,0.06486047504570719,0.03512149701256106,0.06485586825452194,0.035121246207181794,0.1369554983952459,0.0679706980545309,2.1115401683187387,1.9353018474759622,2.3771081180994615,1.9054697461250412,20.0,40.0,36.65687953232066,47.472694850765826,0.0,0.6718589268819819,23.998217509277115,0.0,43.61533842836424,44.58553356992293,42.72570408033771,1.8598294895852234,0.007984902034275461,0.7500468376175147,0.8338811047471897,0.6446853411870979,0.03769934966361077,0.18919576356009182,0,0
em2x3125u_mechanical_looseness_timeseries.csv,EMB_COMP_001,EM2X3125U,mechanical_looseness,shutdown,2026-01-01 00:03:49.000,2026-01-01 00:03:50.990,229.0,230.99,200,0.04659663304022498,0.025838958844989428,0.04659655691210831,0.02583892453322178,0.128535791729297,0.0614658062454308,2.7584780990149493,2.378803519683997,4.115559497336939,3.2083907113802828,40.0,40.0,19.769710301695543,23.655408615194858,0.0,0.4965891390351392,12.857428823863414,0.0,43.92237188771612,44.58553356992293,43.153017577546464,1.4325159923764659,-0.0017547235978407389,0.5889324351869413,0.828167538008602,0.2685083910339967,0.17846159263289557,0.5596591469746053,0,0
em2x3125u_mechanical_looseness_timeseries.csv,EMB_COMP_001,EM2X3125U,mechanical_looseness,shutdown,2026-01-01 00:03:50.000,2026-01-01 00:03:51.990,230.0,231.99,200,0.014179776272256254,0.008998187318097857,0.014173807756929693,0.008990594792815705,0.0344226792130546,0.0224386920965248,2.4275897272374483,2.4936902626370485,2.2975276498698753,2.4612604810704113,40.0,40.0,0.3688258338042658,3.6552853144927897,0.0,0.18235841112691697,1.4383690995619414,0.0,43.32068860396262,44.3978888775327,42.30680895440012,2.0910799231325825,-0.010105372432845542,0.2803624647559254,0.563464166867611,0.0,0.16370135083746765,0.563464166867611,0,0
em2x3125u_mechanical_looseness_timeseries.csv,EMB_COMP_001,EM2X3125U,mechanical_looseness,idle,2026-01-01 00:03:51.000,2026-01-01 00:03:52.990,231.0,232.99,200,0.00719434898438842,0.004652962869034338,0.007183549212301256,0.004639264525046672,0.0221937095289937,0.0170974779098803,3.084880866518091,3.674535643442317,4.0553186339399945,4.516286539874809,40.0,40.0,0.21896946372683504,0.8136564446454704,0.0,0.08917556918258314,0.3413198844358961,0.0,42.48642676659321,43.34795535065554,41.89530091770199,1.4526544329535511,-0.006669397006669949,0.0696556674924419,0.2856572558214919,0.0,0.08951060255730393,0.2856572558214919,0,0
em2x3125u_mechanical_looseness_timeseries.csv,EMB_COMP_001,EM2X3125U,mechanical_looseness,idle,2026-01-01 00:03:52.000,2026-01-01 00:03:53.990,232.0,233.99,200,0.0015081581712788519,0.0011720365218891844,0.0015081576217153487,0.0011631204785368405,0.0039894179134147,0.0034538578405453,2.6452251424211353,2.9468858487260183,2.741247117223835,2.962446734877148,9.5,39.5,0.026227987499021502,0.019587038086542892,0.0,0.014091643226947148,0.013120579264334428,0.0,41.969660009276375,42.38748707758796,41.55083410703897,0.8366529705489896,-0.003751795663978622,0.0008734438985411537,0.0049725776925347,0.0,0.001222835946651162,0.0049725776925347,0,0
em2x3125u_mechanical_looseness_timeseries.csv,EMB_COMP_001,EM2X3125U,mechanical_looseness,idle,2026-01-01 00:03:53.000,2026-01-01 00:03:54.990,233.0,234.99,200,0.0015513044778800254,0.001161040310230075,0.0015391678998905338,0.0011519252366300706,0.0039939318825501,0.0029367467059563,2.574563497688158,2.5294097716334636,2.766355877474492,2.9438112913368286,9.0,39.5,0.029876552433875297,0.017747979893334705,0.0,0.015018527084871234,0.01153110812279549,0.0,41.590529067913494,42.05071743689941,41.18388722732215,0.8668302095772589,-0.0038062435240122294,0.0007349073196770957,0.0046495405784075,0.0,0.0011220066218759503,0.0046495405784075,0,0
em2x3125u_mechanical_looseness_timeseries.csv,EMB_COMP_001,EM2X3125U,mechanical_looseness,idle,2026-01-01 00:03:54.000,2026-01-01 00:03:55.990,234.0,235.99,200,0.001479854229948781,0.0012927875615383788,0.0014779337155529455,0.001291074341934362,0.0039939318825501,0.004046412970116,2.6988684437441743,3.129990642314727,2.8843216159299145,3.342984203332281,37.5,44.5,0.02686243016383861,0.016828480351834714,0.0,0.01956624067414864,0.01377435649612075,0.0,41.21157932973191,41.62686279330636,40.75778969566685,0.8690730976395074,-0.0037807692263804094,0.0006828918534882112,0.0047249707919933,0.0,0.0010709499599645352,0.0047249707919933,0,0
em2x3125u_mechanical_looseness_timeseries.csv,EMB_COMP_001,EM2X3125U,mechanical_looseness,idle,2026-01-01 00:03:55.000,2026-01-01 00:03:56.990,235.0,236.99,200,0.0014653803258228408,0.0012495990860015313,0.0014647033689911078,0.00124958279805576,0.0050413974432489,0.004046412970116,3.440333785304544,3.2381689579045045,3.3079164162661727,3.394694536707052,11.0,35.0,0.026496123918745965,0.016452698132178492,0.0,0.017764453348080193,0.013573032462351189,0.0,40.83652057104488,41.3096105054285,40.44143241777301,0.8681780876554939,-0.003753263892802952,0.0008006853515985901,0.0050956584211834,0.0,0.0011422430977879577,0.0050956584211834,0,0
em2x3125u_mechanical_looseness_timeseries.csv,EMB_COMP_001,EM2X3125U,mechanical_looseness,idle,2026-01-01 00:03:56.000,2026-01-01 00:03:57.990,236.0,237.99,200,0.0015113987117052652,0.0011203685081622274,0.0015091374001303512,0.0011201715691880644,0.0050413974432489,0.0030583256222164,3.335584054826171,2.7297497206816885,3.311034641025256,2.9937223920137535,30.0,50.0,0.028677216145771338,0.0173621755910488,0.0,0.013662614138292471,0.012296825132365588,0.0,40.46214654815246,40.8774697511458,40.05091282726433,0.8265569238814763,-0.0037446122665420016,0.0008090885716272192,0.0050956584211834,0.0,0.001128482187147552,0.0050956584211834,0,0
em2x3125u_mechanical_looseness_timeseries.csv,EMB_COMP_001,EM2X3125U,mechanical_looseness,idle,2026-01-01 00:03:57.000,2026-01-01 00:03:58.990,237.0,238.99,200,0.00151721254033536,0.001110715821428107,0.0015169192177881387,0.0011106547106421725,0.0047088787685103,0.0030583256222164,3.1036381807584217,2.7534726373881546,2.8506719067189263,2.9429653992118587,1.0,37.5,0.028192877531181798,0.017945035575305544,0.0,0.013296501096840252,0.011384484789208787,0.0,40.089730232383374,40.529777373548725,39.703167815454144,0.8266095580945816,-0.0037355421038488233,0.0007204656221494401,0.004651902009272,0.0,0.0010098238634006875,0.004651902009272,0,0
em2x3125u_mechanical_looseness_timeseries.csv,EMB_COMP_001,EM2X3125U,mechanical_looseness,idle,2026-01-01 00:03:58.000,2026-01-01 00:03:59.990,238.0,239.99,200,0.001453125856643502,0.001173894931767788,0.0014426301333941105,0.0011627830519388357,0.0047088787685103,0.0034914054884917,3.2405168120723475,2.9742061184589446,2.9119384399006627,2.994195051192725,0.5,50.0,0.02619083073115556,0.0157132562952468,0.0,0.015171256372690546,0.012609473737365675,0.0,39.716264066426895,40.160449578359774,39.26541318503776,0.895036393322016,-0.003737639581952379,0.0006965262531325391,0.0036794836621866,0.0,0.000953380546883829,0.0036794836621866,0,0
em2x3125u_mechanical_looseness_timeseries.csv,EMB_COMP_001,EM2X3125U,mechanical_looseness,idle,2026-01-01 00:03:59.000,2026-01-01 00:04:00.990,239.0,240.99,200,0.059817812162930424,0.03852614090413354,0.059687874835691594,0.03851461203412024,0.180971915696142,0.1185971264111489,3.025385067631941,3.0783546866596336,5.045211024070607,4.36969322632656,40.0,40.0,14.889007152047908,56.3659179086659,0.0,5.44848625886579,24.222443957609045,0.0,33.46143216296185,39.74723594552107,26.365712971318786,13.381522974202284,-0.08898433975608223,2.506270855207182,6.517951159430759,0.0,2.5683489847591505,6.517951159430759,1,0
em2x3125u_mechanical_looseness_timeseries.csv,EMB_COMP_001,EM2X3125U,mechanical_looseness,startup,2026-01-01 00:04:00.000,2026-01-01 00:04:01.990,240.0,241.99,200,0.0866032728762317,0.056943381889739436,0.08647779271767289,0.056943211724003205,0.180971915696142,0.1477888365416541,2.0896660101377047,2.5953645821005233,2.4900606295410026,2.2476477023427766,40.0,40.0,29.065901221621747,120.54653681931387,0.0,11.716225277697545,53.148374249950294,0.0,28.406148319293457,30.556357725318744,26.365712971318786,4.190644753999958,0.020277390485630244,3.631813490507957,6.517951159430759,0.8031097517429286,1.593302877522656,5.714841407687831,1,0
em2x3125u_mechanical_looseness_timeseries.csv,EMB_COMP_001,EM2X3125U,mechanical_looseness,startup,2026-01-01 00:04:01.000,2026-01-01 00:04:02.990,241.0,242.99,200,0.07714135448413514,0.048709204884093,0.07714064801632681,0.04870102288613896,0.1778891363639723,0.1477888365416541,2.3060152048607976,3.0341048861981648,2.7023356044636984,2.763438797673224,40.0,40.0,34.97244133820838,84.07229724227227,0.0,6.629497091744314,40.83071445066015,0.0,30.18926455284195,31.450034252999068,28.3217540400853,3.1282802129137686,0.015142545459718474,1.501844105804886,3.6634394549521376,0.6766155282734455,0.9372869381883401,2.9868239266786922,1,0
em2x3125u_mechanical_looseness_timeseries.csv,EMB_COMP_001,EM2X3125U,mechanical_looseness,steady_state,2026-01-01 00:04:02.000,2026-01-01 00:04:03.990,242.0,243.99,200,0.06475254898974551,0.03545698068373298,0.06475082516201637,0.03545385269780228,0.1353394927769491,0.064766657553282,2.0901029363088397,1.8266264161346306,2.430572837341945,1.9596353845828638,20.0,40.0,36.496078428793346,47.360709658980106,0.0,0.890930768598349,24.2492989137402,0.0,31.34917664012356,32.24043399582708,30.458570801198288,1.7818631946287944,0.00775908888853811,0.7514266413986206,0.8642052506154738,0.6766155282734455,0.032747818775003074,0.1875897223420283,0,0
em2x3125u_mechanical_looseness_timeseries.csv,EMB_COMP_001,EM2X3125U,mechanical_looseness,steady_state,2026-01-01 00:04:03.000,2026-01-01 00:04:04.990,243.0,244.99,200,0.0649111200801369,0.03525038487477672,0.06491111812768201,0.035249838915886976,0.1353394927769491,0.0637083950326417,2.0849970330178236,1.8073106225353017,2.41154071733202,1.9564875990488162,20.0,40.0,36.54566221816853,47.72664958742598,0.0,0.9519425008225644,23.899843323392787,0.0,32.149857436818166,33.032323427973424,31.300869226813127,1.7314542011602967,0.008136107921333909,0.7517602260421622,0.8568930494207885,0.6691812920445819,0.03364249676743034,0.1877117573762066,0,0
em2x3125u_mechanical_looseness_timeseries.csv,EMB_COMP_001,EM2X3125U,mechanical_looseness,steady_state,2026-01-01 00:04:04.000,2026-01-01 00:04:05.990,244.0,245.99,200,0.062472055613720115,0.03412811474749252,0.06247143259686873,0.034128048995656204,0.1306440276329734,0.0629330497232362,2.0912394565784282,1.8440236206677678,2.392678944263641,1.9750781357309402,20.0,40.0,33.40849746222236,44.64608003061787,0.0,0.9984194147173423,22.296298320691267,0.0,32.96647829357114,33.87312823795781,32.04758151580127,1.8255467221565382,0.00802144624541291,0.7513842255957576,0.8457973970345752,0.6691812920445819,0.034796101911663754,0.17661610498999336,0,0
em2x3125u_mechanical_looseness_timeseries.csv,EMB_COMP_001,EM2X3125U,mechanical_looseness,steady_state,2026-01-01 00:04:05.000,2026-01-01 00:04:06.990,245.0,246.99,200,0.06156185276980652,0.033999137079022315,0.06156183087951475,0.03399496600345603,0.131494468927435,0.0654358449222842,2.135973220609882,1.9246325214135664,2.373785932665107,1.9939794107141187,20.0,40.0,32.30706135855205,43.490411696076876,0.0,0.9042403561803575,22.208921121084064,0.0,33.76782737834431,34.664765167979006,32.88567725619516,1.7790879117838472,0.007962911714005854,0.7511247343815978,0.8709433598262725,0.6564256723250791,0.0352513546156793,0.21451768750119338,0,0
em2x3125u_mechanical_looseness_timeseries.csv,EMB_COMP_001,EM2X3125U,mechanical_looseness,steady_state,2026-01-01 00:04:06.000,2026-01-01 00:04:07.990,246.0,247.99,200,0.06353496013056922,0.034513801784372085,0.06353484720568925,0.03451179582926174,0.1385524344179632,0.0699011487769167,2.1807274944885036,2.0253100256422076,2.3705753516025236,1.9723925842162873,20.0,40.0,35.18186629692853,45.552222905578255,0.0,0.7914416959326899,23.032037605541866,0.0,34.55291020468435,35.40552258193157,33.6385285824409,1.7669939994906727,0.007846767917018733,0.7505147773719681,0.8709433598262725,0.6078848434210891,0.03639522283633816,0.2630585164051834,0,0
em2x3125u_mechanical_looseness_timeseries.csv,EMB_COMP_001,EM2X3125U,mechanical_looseness,steady_state,2026-01-01 00:04:07.000,2026-01-01 00:04:08.990,247.0,248.99,200,0.06494541876424603,0.034968284945686115,0.06494480448379816,0.03496553567486636,0.1385524344179632,0.0699011487769167,2.1333673268150446,1.9989870502796876,2.389678789285478,1.952029316533992,20.0,40.0,37.24031678705976,47.1201301521306,0.0,0.824805621043391,23.629035645405867,0.0,35.358538334772,36.244376538405234,34.40682261886548,1.8375539195397508,0.008259101735238014,0.7494447499895764,0.827868270619744,0.6078848434210891,0.03504512940699129,0.21998342719865493,0,0
em2x3125u_mechanical_looseness_timeseries.csv,EMB_COMP_001,EM2X3125U,mechanical_looseness,steady_state,2026-01-01 00:04:08.000,2026-01-01 00:04:09.990,248.0,249.99,200,0.06497927295998354,0.03487366425959701,0.0649792208133719,0.03487155148449704,0.1312298885156436,0.065101753790338,2.0195653558090663,1.8667884540530442,2.367151870262521,1.9538660300429045,20.0,40.0,36.16464440745028,48.28232597234297,0.0,0.8931008371211618,23.42747913040813,0.0,36.180187558908706,37.17713706895726,35.2636101581226,1.9135269108346549,0.008106211271806473,0.7486005893573602,0.8431239596332546,0.6603061762538946,0.0349456730543214,0.18281778337935994,0,0
em2x3125u_mechanical_looseness_timeseries.csv,EMB_COMP_001,EM2X3125U,mechanical_looseness,steady_state,2026-01-01 00:04:09.000,2026-01-01 00:04:10.990,249.0,250.99,200,0.06364001006617367,0.03411454874077154,0.06363949658794775,0.034114405518106905,0.1300961222885077,0.0626877509236615,2.0442504982829535,1.8375664705405022,2.4007886749298044,1.949977400489328,20.0,40.0,34.79588734139215,46.203853407370154,0.0,0.8919876943896555,22.384007488169527,0.0,36.97840298282898,37.85640910708742,36.01315590070264,1.8432532063847802,0.007910767895132736,0.7470457727153087,0.8431239596332546,0.6501567412561859,0.03378015229642225,0.19296721837706865,0,0
em2x3125u_mechanical_looseness_timeseries.csv,EMB_COMP_001,EM2X3125U,mechanical_looseness,steady_state,2026-01-01 00:04:10.000,2026-01-01 00:04:11.990,250.0,251.99,200,0.0621727321230699,0.03358293270484454,0.0621726433826378,0.03358262366884304,0.1312322982634696,0.0629472835873927,2.1107693643524854,1.8743831618467368,2.4355494918752854,1.9714011539452165,20.0,40.0,33.28269055044735,44.03011084597447,0.0,0.8636534897799182,21.69353672783085,0.0,37.781526838714896,38.71749659500045,36.92372587045682,1.7937707245436272,0.00812647270480893,0.7466792376737413,0.8239906321537064,0.6501567412561859,0.03324181807129273,0.17383389089752044,0,0
em2x3125u_mechanical_looseness_timeseries.csv,EMB_COMP_001,EM2X3125U,mechanical_looseness,steady_state,2026-01-01 00:04:11.000,2026-01-01 00:04:12.990,251.0,252.99,200,0.0632327669714807,0.034137766338051066,0.06323253984369885,0.034133837825645254,0.1312322982634696,0.0647587542305654,2.0753844019297483,1.8969827606554088,2.3923139015883335,1.999954894017045,20.0,40.0,33.73080236916912,46.23689966680718,0.0,0.8265231620054042,22.477279275697924,0.0,38.586508964343054,39.42220131628239,37.72454610274095,1.697655213541438,0.007905809790560499,0.7513201840583279,0.8529492954286277,0.6592199633743514,0.03639376455527297,0.19372933205427634,0,0
em2x3125u_mechanical_looseness_timeseries.csv,EMB_COMP_001,EM2X3125U,mechanical_looseness,steady_state,2026-01-01 00:04:12.000,2026-01-01 00:04:13.990,252.0,253.99,200,0.06557783087460772,0.03510237489583467,0.06557760329784178,0.03510143064355561,0.1363435447113982,0.0651881449797308,2.0791103165962075,1.8570864556365438,2.340141576406201,1.9740178041798115,20.0,40.0,36.91643667814021,49.09286463155775,0.0,0.8581694366035044,23.78474386421468,0.0,39.3833252717928,40.26074951757768,38.45000007693248,1.8107494406451963,0.007887106132167466,0.7534057504748682,0.8529492954286277,0.6434119545498066,0.035047034630197225,0.20953734087882114,0,0
em2x3125u_mechanical_looseness_timeseries.csv,EMB_COMP_001,EM2X3125U,mechanical_looseness,steady_state,2026-01-01 00:04:13.000,2026-01-01 00:04:14.990,253.0,254.99,200,0.06493947438091663,0.03476412145105747,0.06493865026435147,0.03476337653040905,0.1363435447113982,0.0673937613852847,2.0995480177687527,1.9386010223259846,2.3374387497733227,2.0094031916007964,20.0,40.0,36.20515504559998,48.13545759611899,0.0,0.9903780589224525,23.181047079765307,0.0,40.18735145665628,41.17988851295847,39.28111104184809,1.8987774711103782,0.007955927115754552,0.7497364154940747,0.8569174274124625,0.6434119545498066,0.03536513377945359,0.21350547286265587,0,0
em2x3125u_mechanical_looseness_timeseries.csv,EMB_COMP_001,EM2X3125U,mechanical_looseness,steady_state,2026-01-01 00:04:14.000,2026-01-01 00:04:15.990,254.0,255.99,200,0.062026224948778706,0.034089207283964515,0.06201593458158697,0.03408908856459295,0.1280478515598567,0.0673937613852847,2.064414715962461,1.9769823576093122,2.4343136352876025,2.01280905879474,20.0,40.0,32.094553934311385,44.824999339226046,0.0,0.9178729580037444,22.32345284822275,0.0,40.98638866737972,41.89877452102438,40.08995462189426,1.8088198991301212,0.00794285041827574,0.7481152138708551,0.8569174274124625,0.6516019788147231,0.0358055447641083,0.20531544859773931,0,0
em2x3125u_mechanical_looseness_timeseries.csv,EMB_COMP_001,EM2X3125U,mechanical_looseness,steady_state,2026-01-01 00:04:15.000,2026-01-01 00:04:16.990,255.0,256.99,200,0.0612608369209376,0.03395140894900844,0.06125567778420735,0.03395047884701039,0.1280478515598567,0.0652198868336477,2.090207349356221,1.9209773276744224,2.4443786404837122,1.938954897217518,20.0,40.0,31.023987482112897,44.02168277332734,0.0,0.7129335639722604,22.34235443869732,0.0,41.78936273430085,42.74587064434645,40.844037170496016,1.9018334738504308,0.008078211163908035,0.7485707584750443,0.8495953074511011,0.6562673020353307,0.03581323176047132,0.19332800541577044,0,0
em2x3125u_mechanical_looseness_timeseries.csv,EMB_COMP_001,EM2X3125U,mechanical_looseness,steady_state,2026-01-01 00:04:16.000,2026-01-01 00:04:17.990,256.0,257.99,200,0.06345544177867055,0.034325190775347146,0.06345524389751027,0.034323527366993456,0.1279944354799633,0.0669022678383562,2.0170757919612567,1.9490719884478076,2.374631202032837,1.9457390581649392,20.0,40.0,34.093927718060144,46.44550689233849,0.0,0.8050266401806658,22.76322705042566,0.0,42.598114284803216,43.528683450554446,41.686147906341496,1.84253554421295,0.008024206129895106,0.7482618648087089,0.8495953074511011,0.6363012016400845,0.03744852733938326,0.2132941058110166,0,0
em2x3125u_mechanical_looseness_timeseries.csv,EMB_COMP_001,EM2X3125U,mechanical_looseness,steady_state,2026-01-01 00:04:17.000,2026-01-01 00:04:18.990,257.0,258.99,200,0.06573346749153014,0.03506057178336401,0.06573224918339736,0.03506051148738404,0.1302448758797649,0.0669022678383562,1.9814088751144485,1.9081910087416443,2.3492674109555427,1.9547663051670663,20.0,40.0,37.55274758444697,48.87484378929551,0.0,0.8674404676214595,23.717437226190366,0.0,43.393497944316074,44.33557081743039,42.324563625407066,2.011007192023321,0.007998969915318637,0.7504208182690784,0.8484603753625188,0.6363012016400845,0.037171813812922956,0.2121591737224343,0,0
em2x3125u_mechanical_looseness_timeseries.csv,EMB_COMP_001,EM2X3125U,mechanical_looseness,steady_state,2026-01-01 00:04:18.000,2026-01-01 00:04:19.990,258.0,259.99,200,0.06472341352234884,0.035001213444028116,0.0647198152670715,0.035001101120042,0.1302448758797649,0.0642973242431598,2.0123301413141887,1.8370027183766158,2.3370498421345363,1.9483499497698265,20.0,40.0,36.60868995538392,47.16665289764168,0.0,0.8197549421200254,23.685814447327388,0.0,44.189431789480324,45.16199205475501,43.18544370104375,1.9765483537112587,0.008121412139443009,0.7489612205194569,0.8484603753625188,0.6405898242437386,0.03538171793024693,0.20787055111878028,0,0
em2x3125u_mechanical_looseness_timeseries.csv,EMB_COMP_001,EM2X3125U,mechanical_looseness,shutdown,2026-01-01 00:04:19.000,2026-01-01 00:04:20.990,259.0,260.99,200,0.04648314258257651,0.025673168149965293,0.04648307668042355,0.025673121346133823,0.1250018549029895,0.0623265532228032,2.689186831138317,2.427692322923825,4.012536348928164,3.3220560007672493,40.0,40.0,19.962735377849334,23.255468362033255,0.0,0.5047958211945166,12.67771931778447,0.0,44.43322096977154,45.16199205475501,43.69503715769751,1.466954897057498,-0.00264581694986653,0.5819365403199392,0.819968552564443,0.2666476827275047,0.174058265852796,0.5533208698369383,0,0
em2x3125u_mechanical_looseness_timeseries.csv,EMB_COMP_001,EM2X3125U,mechanical_looseness,shutdown,2026-01-01 00:04:20.000,2026-01-01 00:04:21.990,260.0,261.99,200,0.01426700745716272,0.00899166559379934,0.014266865070046264,0.008990481151239354,0.0330301249915679,0.0224341835795137,2.3151403747942387,2.4949975447245647,2.470230063081075,2.412715620385187,40.0,40.0,0.2745796429432101,3.811988986933196,0.0,0.18321310951769015,1.4351938436063238,0.0,43.76841061177006,44.8523643468502,42.73186805474814,2.120496292102061,-0.010107096938696894,0.27914464012553775,0.5629326973293173,0.0,0.16294748008645354,0.5629326973293173,0,0
em2x3125u_mechanical_looseness_timeseries.csv,EMB_COMP_001,EM2X3125U,mechanical_looseness,idle,2026-01-01 00:04:21.000,2026-01-01 00:04:22.990,261.0,262.99,200,0.00623467390315191,0.004767250232491785,0.006233920003466209,0.004766021202741716,0.0219109610369518,0.0158385185179537,3.5143716218862413,3.3223593781598275,4.9758849997543795,4.268284661677313,40.0,40.0,0.10942292820865629,0.6722704602493228,0.0,0.12186238855901153,0.333482358134399,0.0,42.97892097223453,43.768402768785,42.452810378406745,1.3155923903782565,-0.00592469008471694,0.06963282108377811,0.2888225546735724,0.0,0.08963341327041281,0.2888225546735724,0,0
em2x3125u_mechanical_looseness_timeseries.csv,EMB_COMP_001,EM2X3125U,mechanical_looseness,idle,2026-01-01 00:04:22.000,2026-01-01 00:04:23.990,262.0,263.99,200,0.0014473046668411222,0.001200639412725995,0.0014473038489694538,0.0012005510666790614,0.0047271712250619,0.0034096027879093,3.266189443981683,2.8398224743996687,3.4720283248481065,3.0724411607658886,18.0,30.0,0.02336462029211985,0.018529149837885128,0.0,0.014953690370335266,0.013890485657209139,0.0,42.51450611706117,42.93914003812741,42.10717627957843,0.8319637585489801,-0.003630799388869948,0.0008060243383230671,0.0054490769010302,0.0,0.0011437330798646653,0.0054490769010302,0,0
em2x3125u_mechanical_looseness_timeseries.csv,EMB_COMP_001,EM2X3125U,mechanical_looseness,idle,2026-01-01 00:04:23.000,2026-01-01 00:04:24.990,263.0,264.99,200,0.0014038865256913282,0.0011534885608523926,0.001402138810186994,0.0011315734169263958,0.0041623618668771,0.0029768655285341,2.9648848327163706,2.58074993507893,3.02911961021682,2.763005747463672,15.0,33.0,0.0242164765015456,0.0154271702342509,0.0,0.01344471507129401,0.012172976822116372,0.0,42.13585877243634,42.56212785326568,41.72767097624905,0.8344568770166276,-0.0039124401143858095,0.000735212868476218,0.0045449848031919,0.0,0.0010591011295527585,0.0045449848031919,0,0
em2x3125u_mechanical_looseness_timeseries.csv,EMB_COMP_001,EM2X3125U,mechanical_looseness,idle,2026-01-01 00:04:24.000,2026-01-01 00:04:25.990,264.0,265.99,200,0.001394506847245728,0.001129967790396182,0.0013897682724313292,0.0011032953598221482,0.0045766709324759,0.0030144594119101,3.2819279026956534,2.667739237817734,2.929155892922161,2.9719256391777935,12.5,4.5,0.023089166145955495,0.015542653370469551,0.0,0.013463327544726945,0.011013127889670085,0.0,41.75921913198774,42.229312623631,41.350013477770766,0.8792991458602373,-0.003622733735571342,0.0008806055485314543,0.00446456759373,0.0,0.0011572006173186128,0.00446456759373,0,0
em2x3125u_mechanical_looseness_timeseries.csv,EMB_COMP_001,EM2X3125U,mechanical_looseness,idle,2026-01-01 00:04:25.000,2026-01-01 00:04:26.990,265.0,266.99,200,0.0015070755428332457,0.001083077681667227,0.0015016296919794269,0.001081504416596254,0.0045766709324759,0.0030144594119101,3.0367893329832225,2.783234723542466,3.217270995171213,2.7598372585385382,28.0,2.0,0.028754491902533735,0.016677321733206425,0.0,0.015052053814663102,0.008371916389740075,0.0,41.38815770450923,41.79867400316541,40.949057607177686,0.8496163959877236,-0.0038237131649944862,0.000842760514081988,0.00446456759373,0.0,0.0011002694324624424,0.00446456759373,0,0
em2x3125u_mechanical_looseness_timeseries.csv,EMB_COMP_001,EM2X3125U,mechanical_looseness,idle,2026-01-01 00:04:26.000,2026-01-01 00:04:27.990,266.0,267.99,200,0.0014701192664384542,0.0011765787209700195,0.0014680851988307867,0.0011745902350735712,0.0045757798799874,0.0034048597577172,3.1125228982766773,2.8938648107710927,3.4302027056572486,2.8237740822247113,5.0,29.5,0.02624787979906628,0.016859924821843612,0.0,0.017229961437285148,0.010366336334069299,0.0,41.006745252886255,41.46248468344697,40.54955584406754,0.9129288393794255,-0.0038037821820306747,0.0007084524743737281,0.0042789727435559,0.0,0.0009985294438064458,0.0042789727435559,0,0
em2x3125u_mechanical_looseness_timeseries.csv,EMB_COMP_001,EM2X3125U,mechanical_looseness,idle,2026-01-01 00:04:27.000,2026-01-01 00:04:28.990,267.0,268.99,200,0.0014650991285117356,0.001256543907790804,0.0014417742258967395,0.0012564794777782892,0.0045757798799874,0.0034048597577172,3.123187906497173,2.70970217324396,2.8760088367686394,2.765164446575666,37.5,29.5,0.020554594916175666,0.02104470930204944,0.0,0.0167027823153068,0.014876318687856573,0.0,40.63479163557717,41.08258990428372,40.15840544342542,0.9241844608582994,-0.0037603968757831804,0.0008375288380246368,0.0042930194156198,0.0,0.001111231584676185,0.0042930194156198,0,0
em2x3125u_mechanical_looseness_timeseries.csv,EMB_COMP_001,EM2X3125U,mechanical_looseness,idle,2026-01-01 00:04:28.000,2026-01-01 00:04:29.990,268.0,269.99,200,0.001557195756424709,0.0012016424941763974,0.0015542651389213707,0.0011972820439243106,0.003929889618437,0.0045099415384061,2.523696588706323,3.753147512894176,2.6956321088595976,3.6398227977862767,37.0,50.0,0.02674173853564535,0.02165411479621151,0.0,0.01475058458952926,0.014628256474061614,0.0,40.26456817075065,40.66523624142168,39.81056368643597,0.8546725549857115,-0.003793590726225524,0.0008730571664470535,0.0084098232602106,0.0,0.00128044796683362,0.0084098232602106,0,0
em2x3125u_mechanical_looseness_timeseries.csv,EMB_COMP_001,EM2X3125U,mechanical_looseness,idle,2026-01-01 00:04:29.000,2026-01-01 00:04:30.990,269.0,270.99,200,0.0594842011333314,0.03790517346190687,0.059477038429764206,0.037894557074233684,0.1814927031187038,0.1260062780680745,3.051107683398073,3.3242501368502007,5.058797177472881,4.473151768392142,40.0,40.0,13.365574166162066,57.39387179249111,0.0,5.76906961599684,23.03539654800362,0.0,33.88516741861967,40.29658823893785,26.67066402328826,13.62592421564959,-0.0908457659870614,2.5052940538851742,6.445130173300463,0.0,2.5693874123585294,6.445130173300463,1,0
em2x3125u_mechanical_looseness_timeseries.csv,EMB_COMP_001,EM2X3125U,mechanical_looseness,startup,2026-01-01 00:04:30.000,2026-01-01 00:04:31.990,270.0,271.99,200,0.08381363171920421,0.05571886009257259,0.08380475872771509,0.05571269309215391,0.1933160728590079,0.1355506002603882,2.30649918030832,2.4327597519974624,2.5765687217808306,2.292580273434062,40.0,40.0,31.76592364163507,108.79884941914149,0.0,12.44330051555722,49.66177267087646,0.0,28.69838451546557,30.8363454336138,26.67066402328826,4.16568141032554,0.02005159663061236,3.6184181921204708,6.445130173300463,0.7714236522155983,1.607295119994765,5.673706521084864,1,0
em2x3125u_mechanical_looseness_timeseries.csv,EMB_COMP_001,EM2X3125U,mechanical_looseness,startup,2026-01-01 00:04:31.000,2026-01-01 00:04:32.990,271.0,272.99,200,0.07486018384435196,0.04774344698357317,0.0748597662285129,0.04774225839477812,0.1933160728590079,0.1355506002603882,2.582361716622917,2.8391456592362587,2.7328332971466143,2.813228458663309,40.0,40.0,40.342103892709694,71.80131711574792,0.0,7.119826498461752,38.46978161383681,0.0,30.469314144348473,31.77347638430268,28.670287822687552,3.103188561615127,0.014973989372517949,1.4890634553633797,3.689577446410274,0.6700153399122308,0.9291776566053049,3.019562106498043,1,0
em2x3125u_mechanical_looseness_timeseries.csv,EMB_COMP_001,EM2X3125U,mechanical_looseness,steady_state,2026-01-01 00:04:32.000,2026-01-01 00:04:33.990,272.0,273.99,200,0.06557127099563757,0.03527104196167763,0.06556972334010866,0.03526883877215038,0.1295857642425997,0.0651419574785782,1.976258234360304,1.8468963165124423,2.3628784318504823,1.9499867039947145,20.0,40.0,36.32912471545257,49.664520041336544,0.0,0.8168136244733425,24.061040981644773,0.0,31.65172143442524,32.61115885046118,30.708976671206894,1.902182179254286,0.008273157158647173,0.7509915531170539,0.8467019493907086,0.6589728248820891,0.03586861409083434,0.18772912450861956,0,0
em2x3125u_mechanical_looseness_timeseries.csv,EMB_COMP_001,EM2X3125U,mechanical_looseness,steady_state,2026-01-01 00:04:33.000,2026-01-01 00:04:34.990,273.0,274.99,200,0.06467778520015892,0.03492439236520736,0.06467430071571617,0.03492438543055096,0.130557696566868,0.0682970077303453,2.0185863842249687,1.9555675304571556,2.370014270575294,1.9620064065690193,20.0,40.0,35.09575846061491,48.55955584722988,0.0,0.7747693397866814,23.620439094011015,0.0,32.47917628934693,33.41903394731973,31.351753081958208,2.067280865361525,0.008268899701237838,0.7510706841734901,0.8467019493907086,0.6382120538915539,0.03572190297955865,0.20848989549915475,0,0
em2x3125u_mechanical_looseness_timeseries.csv,EMB_COMP_001,EM2X3125U,mechanical_looseness,steady_state,2026-01-01 00:04:34.000,2026-01-01 00:04:35.990,274.0,275.99,200,0.06175905352170437,0.03430324413845033,0.06175612866889671,0.03430002527639576,0.130557696566868,0.0682970077303453,2.1139847378163803,1.9909780968439523,2.4318497728260198,1.9791557674463909,20.0,40.0,32.13436375606258,44.14384204571164,0.0,0.7575859877800093,22.772352312492146,0.0,33.29990646364769,34.3236314865459,32.31917711843084,2.004454368115063,0.008232996901289561,0.7490510740910554,0.8281873015252893,0.6382120538915539,0.034595352877724014,0.1899752476337354,0,0
em2x3125u_mechanical_looseness_timeseries.csv,EMB_COMP_001,EM2X3125U,mechanical_looseness,steady_state,2026-01-01 00:04:35.000,2026-01-01 00:04:36.990,275.0,276.99,200,0.061898570026030296,0.03431048049860346,0.061898216365697804,0.03430647569344703,0.1324777493658867,0.0645448182207693,2.14023925447996,1.8811983184961942,2.426227712046534,1.93984514275338,20.0,40.0,32.41350549803556,44.21892762572797,0.0,0.7951879687264312,22.743648210500872,0.0,34.120702848366236,35.01522432314033,33.07381690568159,1.9414074174587412,0.008255885655521619,0.7511214383331063,0.8369147795295251,0.6612418431821255,0.03563790072655547,0.17567293634739956,0,0
em2x3125u_mechanical_looseness_timeseries.csv,EMB_COMP_001,EM2X3125U,mechanical_looseness,steady_state,2026-01-01 00:04:36.000,2026-01-01 00:04:37.990,276.0,277.99,200,0.0647554970760722,0.034461913016283145,0.06475538255608655,0.034458650930773715,0.1324777493658867,0.0635829717881265,2.0458147238103517,1.8450215389402134,2.382627155114328,1.9520064576198053,20.0,40.0,35.96894867221532,47.902199160402446,0.0,0.8628771153555488,22.885115249784416,0.0,34.93396669470252,35.94258769422199,33.896662498539655,2.0459251956823366,0.008071841136784531,0.753028828146131,0.8756206642914628,0.6550755314705407,0.036728498391333735,0.22054513282092214,0,0
em2x3125u_mechanical_looseness_timeseries.csv,EMB_COMP_001,EM2X3125U,mechanical_looseness,steady_state,2026-01-01 00:04:37.000,2026-01-01 00:04:38.990,277.0,278.99,200,0.06584148949522936,0.03476369084863375,0.06584106405198568,0.03476369056655041,0.1300375459951082,0.0635829717881265,1.9750091772229765,1.829005213082125,2.3520152941752697,1.994519810168479,20.0,40.0,38.16504551455519,48.53587627184722,0.0,0.9428402575326408,23.227446541710776,0.0,35.75196587675355,36.67199950540002,34.843721638728624,1.8282778666713924,0.008236924906670698,0.7500032189738346,0.8756206642914628,0.6550755314705407,0.038173196103533716,0.22054513282092214,0,0
em2x3125u_mechanical_looseness_timeseries.csv,EMB_COMP_001,EM2X3125U,mechanical_looseness,steady_state,2026-01-01 00:04:38.000,2026-01-01 00:04:39.990,278.0,279.99,200,0.06477409996421893,0.03471250077320324,0.0647740740932569,0.03471164300782595,0.1341143276986097,0.0628112016819149,2.070493110250766,1.8094692195268978,2.327090035777286,1.9461158888453634,20.0,40.0,36.42709732579083,47.496023436468334,0.0,0.8283822784093413,23.270098086759077,0.0,36.57122337703459,37.506014202094825,35.57728050856825,1.9287336935265742,0.008094883065777481,0.7494936946158706,0.8475827965141237,0.6615288168653428,0.03501223667891662,0.1860539796487809,0,0
em2x3125u_mechanical_looseness_timeseries.csv,EMB_COMP_001,EM2X3125U,mechanical_looseness,steady_state,2026-01-01 00:04:39.000,2026-01-01 00:04:40.990,279.0,280.99,200,0.06304681318558807,0.034217697810832746,0.06304660972198428,0.034217394931499,0.1341143276986097,0.0652778436456861,2.12721818791734,1.9077216710067573,2.4125143363839245,1.9484289026943085,20.0,40.0,33.70875459335143,45.79223580685188,0.0,0.7678415607299135,22.65045400637758,0.0,37.39146263633492,38.32359774732287,36.436642979451925,1.8869547678709466,0.008360153797592983,0.7519418011288077,0.858335451587348,0.6645846018202339,0.03483852718194922,0.1937508497671141,0,0
em2x3125u_mechanical_looseness_timeseries.csv,EMB_COMP_001,EM2X3125U,mechanical_looseness,steady_state,2026-01-01 00:04:40.000,2026-01-01 00:04:41.990,280.0,281.99,200,0.062415310792379906,0.03379624490082992,0.06241531051376649,0.033795363926602026,0.1314448593698786,0.0652778436456861,2.1059713987024846,1.9315117356154294,2.453189490128297,1.9867574645834971,20.0,40.0,33.2659495971663,44.64754202613165,0.0,0.8200186089591525,22.022802298083114,0.0,38.22069962094369,39.311157469710345,37.24278966556695,2.068367804143392,0.008270789906586654,0.7533336199251067,0.858335451587348,0.6323688653996666,0.036365761477179896,0.2259665861876814,0,0
em2x3125u_mechanical_looseness_timeseries.csv,EMB_COMP_001,EM2X3125U,mechanical_looseness,steady_state,2026-01-01 00:04:41.000,2026-01-01 00:04:42.990,281.0,282.99,200,0.06377472102833465,0.03433948118563237,0.06377471106234935,0.0343372791084452,0.1341397594180112,0.0655958231097643,2.1033374549520003,1.910215904403634,2.368227957242831,1.9553107303164718,20.0,40.0,35.38025835500475,45.96656622155217,0.0,0.7699306422448016,22.812067698407123,0.0,39.03754447742256,39.92464947283619,38.03267296321202,1.8919765096241647,0.008087347538019807,0.7546262097998485,0.8436676097339177,0.6323688653996666,0.03382044549705597,0.2112987443342511,0,0
em2x3125u_mechanical_looseness_timeseries.csv,EMB_COMP_001,EM2X3125U,mechanical_looseness,steady_state,2026-01-01 00:04:42.000,2026-01-01 00:04:43.990,282.0,283.99,200,0.06555637565290162,0.0352155309880686,0.0655540195252125,0.035211741238303035,0.1341397594180112,0.0655958231097643,2.04617412238033,1.8626958409909784,2.350814355199672,1.9394748094347312,20.0,40.0,37.98598822770577,47.96076227061677,0.0,0.8203224773651864,23.980811387708652,0.0,39.8557261605618,40.90752928030989,38.98512167383948,1.9224076064704079,0.008215679279382684,0.7545849272755082,0.8554344350120887,0.6781305251812457,0.034457522560183224,0.177303909830843,0,0
em2x3125u_mechanical_looseness_timeseries.csv,EMB_COMP_001,EM2X3125U,mechanical_looseness,steady_state,2026-01-01 00:04:43.000,2026-01-01 00:04:44.990,283.0,284.99,200,0.06450295626096024,0.03514311925358783,0.06450227626068226,0.03514311702949865,0.1295889567347135,0.0608842040033289,2.009039030869131,1.7324644282141548,2.3767042554938587,1.956682335350594,20.0,40.0,35.96495255916305,47.25453539127534,0.0,0.8840774210020592,23.817401347402953,0.0,40.67983900894749,41.58265281066991,39.67754559030162,1.9051072203682935,0.008193212868834508,0.7560036721749817,0.8590203232997673,0.6789703386405976,0.03528375158396368,0.18004998465916966,0,0
em2x3125u_mechanical_looseness_timeseries.csv,EMB_COMP_001,EM2X3125U,mechanical_looseness,steady_state,2026-01-01 00:04:44.000,2026-01-01 00:04:45.990,284.0,285.99,200,0.06272326663967386,0.03424610356139884,0.06272269157472997,0.03424311875762107,0.1328774638238153,0.0610568901325702,2.1184716763423057,1.7828857529179367,2.384718692356631,1.9813548244015367,20.0,40.0,33.27053565289553,45.41237316172081,0.0,0.8663013961631325,22.58552224881792,0.0,41.49704719971438,42.635954827333066,40.59574770146039,2.0402071258726764,0.008200425339764712,0.7539063045482173,0.8590203232997673,0.656372910920258,0.035447613234886335,0.20264741237950934,0,0
em2x3125u_mechanical_looseness_timeseries.csv,EMB_COMP_001,EM2X3125U,mechanical_looseness,steady_state,2026-01-01 00:04:45.000,2026-01-01 00:04:46.990,285.0,286.99,200,0.0629967231431725,0.03402120269354801,0.06298936836698228,0.034015174822581436,0.1328774638238153,0.0643985535248953,2.1092758034703647,1.8928946782092522,2.371539186258041,1.9546965338914395,20.0,40.0,33.167652656313145,46.201611563924516,0.0,0.8406254941916194,22.30044854025979,0.0,42.32065810428841,43.247690858527534,41.27875785028503,1.9689330082425016,0.00834807430833694,0.7466461060726867,0.8484539049823061,0.6523471547198895,0.03581249608686446,0.19610675026241664,0,0
em2x3125u_mechanical_looseness_timeseries.csv,EMB_COMP_001,EM2X3125U,mechanical_looseness,steady_state,2026-01-01 00:04:46.000,2026-01-01 00:04:47.990,286.0,287.99,200,0.06429799700561736,0.034655984878548395,0.06428994835855951,0.034654891073868654,0.1318765597670042,0.0643985535248953,2.0510212745115974,1.8582231539683403,2.363917874638253,1.9018445446317551,20.0,40.0,34.724342453027,47.94712441773076,0.0,0.760220022300061,23.260767958186154,0.0,43.14773242183494,44.13129633678611,42.226467678516,1.9048286582701053,0.00826386060517778,0.7477321462131062,0.843017928131725,0.6420380495984855,0.037075806134026335,0.2009798785332395,0,0
em2x3125u_mechanical_looseness_timeseries.csv,EMB_COMP_001,EM2X3125U,mechanical_looseness,steady_state,2026-01-01 00:04:47.000,2026-01-01 00:04:48.990,287.0,288.99,200,0.06632524343161568,0.034975193793200014,0.06632516135280972,0.03497516825324952,0.1382538470006523,0.064835802811073,2.084483069303745,1.853765362800608,2.394076542136702,1.9172053778412335,20.0,40.0,38.055113181601186,49.927799569529355,0.0,0.7297450057527264,23.73684408952303,0.0,43.9786331615669,44.93100714652296,42.90011878248454,2.030888364038418,0.008420130417273273,0.7470048037277741,0.8477539083692491,0.6420380495984855,0.03813622545840733,0.2057158587707636,0,0
em2x3125u_mechanical_looseness_timeseries.csv,EMB_COMP_001,EM2X3125U,mechanical_looseness,steady_state,2026-01-01 00:04:48.000,2026-01-01 00:04:49.990,288.0,289.99,200,0.06562442051196893,0.034548726239278245,0.06562440600219308,0.03454855320926301,0.1382538470006523,0.064835802811073,2.106743890796519,1.8766481392695038,2.392841086307774,1.9597425210661448,20.0,40.0,37.22863333818928,48.92103699275316,0.0,0.7871774208441047,23.08494181112411,0.0,44.801900801022406,45.719923103465845,43.84316586456144,1.8767572389044034,0.008114929824338844,0.7471535505768458,0.8644017899446961,0.643829561949676,0.03887784306952009,0.22057222799502008,0,0
em2x3125u_mechanical_looseness_timeseries.csv,EMB_COMP_001,EM2X3125U,mechanical_looseness,shutdown,2026-01-01 00:04:49.000,2026-01-01 00:04:50.990,289.0,290.99,200,0.04682737559906888,0.025352252219806283,0.04682730579175227,0.02535029307708672,0.1292734776374459,0.0605888238427949,2.7606389635044244,2.3898793415860813,4.1260941174336985,3.3087849527860467,40.0,40.0,19.78493624034136,24.07638781950889,0.0,0.49387085170371653,12.35978198238368,0.0,45.18364259574299,45.73601759760167,44.63088054731184,1.1051370502898337,-0.0004967099352908997,0.5859133450479653,0.8644017899446961,0.2798457585618674,0.17703866993500075,0.5845560313828286,0,0
em2x3125u_mechanical_looseness_timeseries.csv,EMB_COMP_001,EM2X3125U,mechanical_looseness,shutdown,2026-01-01 00:04:50.000,2026-01-01 00:04:51.990,290.0,291.99,200,0.014725523518149276,0.009092324955161164,0.014724921349293622,0.009091859054953213,0.0392060791745541,0.0211855335333706,2.662457407794869,2.330045795530532,2.444189626502371,2.6103567901992046,40.0,40.0,0.33939654219107784,3.9978782853698966,0.0,0.1499403643411052,1.503566586721113,0.0,44.65461636668702,45.73601759760167,43.63113531956124,2.104882278040435,-0.010089502193643565,0.2801734342390903,0.5682961475029898,0.0,0.16308295319146127,0.5682961475029898,0,0
em2x3125u_mechanical_looseness_timeseries.csv,EMB_COMP_001,EM2X3125U,mechanical_looseness,idle,2026-01-01 00:04:51.000,2026-01-01 00:04:52.990,291.0,292.99,200,0.00772482822291189,0.0046501004554387985,0.007721678979337675,0.004649121954100458,0.0218549211162303,0.0155157923237062,2.829178913183916,3.3366574491006515,3.752880172883673,4.519502544379093,40.0,40.0,0.14183327332637277,1.050817307949746,0.0,0.08571735140441551,0.3466543210280832,0.0,43.809295862179084,44.755604329764594,43.22461365115605,1.5309906786085463,-0.006756781133211367,0.06995432913461418,0.287854567511101,0.0,0.09013308585319427,0.287854567511101,0,0
em2x3125u_mechanical_looseness_timeseries.csv,EMB_COMP_001,EM2X3125U,mechanical_looseness,idle,2026-01-01 00:04:52.000,2026-01-01 00:04:53.990,292.0,293.99,200,0.0015140451212852177,0.0012072233393537618,0.0015139053308191675,0.0012009203490173756,0.0032967861238218,0.003537372960383,2.1774688729377356,2.9301727733963374,2.2640619099203625,2.7534729371312037,5.0,26.5,0.029302109769685305,0.016601997163953174,0.0,0.018689326517396347,0.010566702153354878,0.0,43.27997557127511,43.74344167498906,42.81824416006032,0.9251975149287404,-0.003824537400921199,0.0008176772973983692,0.0067859077360535,0.0,0.0012201135272045585,0.0067859077360535,0,0
em2x3125u_mechanical_looseness_timeseries.csv,EMB_COMP_001,EM2X3125U,mechanical_looseness,idle,2026-01-01 00:04:53.000,2026-01-01 00:04:54.990,293.0,294.99,200,0.0015272230420812218,0.0011593448615507076,0.001517782410755243,0.0011592299493459028,0.0036101734075535,0.0033732531875677,2.3638809185551177,2.9096201651816784,2.562917647406009,2.8279946729899037,44.0,27.5,0.026610070632639343,0.01975147981915082,0.0,0.01689524250110993,0.01030726881484348,0.0,42.90488484150552,43.32096354732614,42.39848479155079,0.9224787557753444,-0.003717120211214596,0.0007591294845178681,0.0067859077360535,0.0,0.001202914108645176,0.0067859077360535,0,0
em2x3125u_mechanical_looseness_timeseries.csv,EMB_COMP_001,EM2X3125U,mechanical_looseness,idle,2026-01-01 00:04:54.000,2026-01-01 00:04:55.990,294.0,295.99,200,0.0015236143248871816,0.0012055040351141252,0.001506162767291362,0.0011958935485336334,0.0038420656010818,0.003340263767917,2.5216785759521474,2.770844120485069,2.8378294742977657,2.8083526055942323,43.5,17.0,0.023736399264586528,0.021806710094004575,0.0,0.016825095243337935,0.011894789688849211,0.0,42.534644836655914,42.99793144617275,42.10301734632046,0.8949140998522864,-0.0037564368040430367,0.0008472574561762423,0.0067634006628844,0.0,0.0012562307500150784,0.0067634006628844,0,0
em2x3125u_mechanical_looseness_timeseries.csv,EMB_COMP_001,EM2X3125U,mechanical_looseness,idle,2026-01-01 00:04:55.000,2026-01-01 00:04:56.990,295.0,296.99,200,0.0014520856865727994,0.0012417564544951593,0.0014513752059916896,0.0012373785702018256,0.0038420656010818,0.0034984169979895,2.6458945478278295,2.81731331882772,2.9529494297196646,2.666140636045193,16.0,3.0,0.024136097721491473,0.01835205316062555,0.0,0.019668578465003937,0.011068716851143821,0.0,42.15658657376519,42.585897559942346,41.73266386158273,0.8532336983596167,-0.0038305801322953722,0.0008770577989465791,0.0067634006628844,0.0,0.0012662975756533008,0.0067634006628844,0,0
em2x3125u_mechanical_looseness_timeseries.csv,EMB_COMP_001,EM2X3125U,mechanical_looseness,idle,2026-01-01 00:04:56.000,2026-01-01 00:04:57.990,296.0,297.99,200,0.001406402124523255,0.00119114309368827,0.0014011032036860907,0.001191107317450551,0.0048044083954779,0.0034984169979895,3.416098647537601,2.9370249607517422,3.318507871283503,2.5774834447448525,35.5,26.5,0.02107435024305704,0.018192338176856435,0.0,0.018447957313136153,0.009927283230587162,0.0,41.776339355749535,42.22709279502053,41.33431032823045,0.8927824667900808,-0.0038279108929733666,0.0007165487406892456,0.0054148550251286,0.0,0.0010816075464293625,0.0054148550251286,0,0
em2x3125u_mechanical_looseness_timeseries.csv,EMB_COMP_001,EM2X3125U,mechanical_looseness,idle,2026-01-01 00:04:57.000,2026-01-01 00:04:58.990,297.0,298.99,200,0.0014313751537208886,0.001193127794935581,0.0014283780071985934,0.0011895723750902963,0.0048044083954779,0.0036115088958327,3.3564983875741756,3.0269254569060573,3.2129222199686733,2.5543695114288676,31.5,17.0,0.022377005409925245,0.018497115501767688,0.0,0.016328001580509215,0.012075679026762617,0.0,41.402582088129,41.87046096645412,40.9477001579746,0.9227608084795165,-0.0037154656767335193,0.0008590185765935518,0.0056517884890851,0.0,0.00125151120131593,0.0056517884890851,0,0
em2x3125u_mechanical_looseness_timeseries.csv,EMB_COMP_001,EM2X3125U,mechanical_looseness,idle,2026-01-01 00:04:58.000,2026-01-01 00:04:59.990,298.0,299.99,200,0.0015371562468494723,0.0012147179817308647,0.0015294072047322973,0.001214280947403143,0.005109962503451,0.0036115088958327,3.3242960915159316,2.973125408653803,3.411100127270254,2.6903575868344833,25.0,5.0,0.028988251838790273,0.017794055254026886,0.0,0.01743000408275682,0.012454096941809838,0.0,41.03292012944612,41.44650875927181,40.571983391060506,0.8745253682113017,-0.00373512874205077,0.0008340156959447701,0.0056517884890851,0.0,0.0011586229997293128,0.0056517884890851,0,0
em2x3125u_mechanical_looseness_timeseries.csv,EMB_COMP_001,EM2X3125U,mechanical_looseness,idle,2026-01-01 00:04:59.000,2026-01-01 00:05:00.990,299.0,300.99,200,0.058761319280123694,0.040316938429608686,0.05873961249776512,0.040244973061634444,0.1760386484771515,0.1229261763495024,2.995825325805737,3.0489958101388384,5.151572959370002,4.316021057725474,40.0,40.0,14.192892173932593,54.83227510724583,0.0,6.813172332383152,25.632581108821643,0.0,34.42018411434074,41.09243801987625,26.926790599470785,14.165647420405463,-0.09438328930014442,2.4989456668358216,6.381867303415022,0.0,2.5613634473992586,6.381867303415022,1,0
em2x3125u_mechanical_looseness_timeseries.csv,EMB_COMP_001,EM2X3125U,mechanical_looseness,startup,2026-01-01 00:05:00.000,2026-01-01 00:05:01.990,300.0,301.99,200,0.0831759345079827,0.05728674871367686,0.08313741130321135,0.05727617156844988,0.1760386484771515,0.139813467399382,2.116461324041468,2.440590023675098,2.5326674719219033,2.288237743467535,40.0,40.0,31.172676440746237,107.08107584997832,0.0,13.422503528642862,52.202744568306414,0.0,28.998119439221327,31.01540731579339,26.926790599470785,4.088616716322605,0.020136070791387087,3.619584817088204,6.381867303415022,0.7983704579850817,1.5962311560770055,5.58349684542994,1,0
em2x3125u_mechanical_looseness_timeseries.csv,EMB_COMP_001,EM2X3125U,mechanical_looseness,startup,2026-01-01 00:05:01.000,2026-01-01 00:05:02.990,301.0,302.99,200,0.07508209692992525,0.047703383013686276,0.07507669101704936,0.0476956342423918,0.1724445390113897,0.139813467399382,2.296746442395364,2.9308920786450092,2.586344945603053,2.824724074631347,40.0,40.0,39.48511218778733,73.31355711472047,0.0,7.016665831464113,38.48231316420275,0.0,30.659163164503816,31.861605856627182,28.96013876967854,2.9014670869486423,0.013430615530837211,1.4971354348430055,3.687949088642346,0.6628049393830642,0.9414067060105596,3.025144149259282,1,0
em2x3125u_mechanical_looseness_timeseries.csv,EMB_COMP_001,EM2X3125U,mechanical_looseness,steady_state,2026-01-01 00:05:02.000,2026-01-01 00:05:03.990,302.0,303.99,200,0.06615329687072304,0.034787240683164786,0.06615326899875967,0.03477858290588237,0.1355132887220644,0.0663485115437022,2.04847369870144,1.9072657169906384,2.320263595853877,1.928092627721453,20.0,40.0,37.55587126489339,49.97304784177509,0.0,0.7593088748210307,23.43657117999113,0.0,31.739175821278433,32.77277362394128,30.81950017062222,1.9532734533190634,0.008427937916810244,0.7513570401381112,0.8551405469868051,0.6628049393830642,0.03563226061262037,0.1923356076037409,0,0
em2x3125u_mechanical_looseness_timeseries.csv,EMB_COMP_001,EM2X3125U,mechanical_looseness,steady_state,2026-01-01 00:05:03.000,2026-01-01 00:05:04.990,303.0,304.99,200,0.06469302014945874,0.034746744360071476,0.0646924015098706,0.03474629820913782,0.1309660296242208,0.0634910931559364,2.0244228716120087,1.8272530081665987,2.370892558682667,1.9346572731664413,20.0,40.0,36.06564218119387,47.63727180351234,0.0,0.8284043454210169,23.31971437458661,0.0,32.59243313065112,33.56260644326405,31.68433412639576,1.8782723168682907,0.008603209445655255,0.7499908342839067,0.8551405469868051,0.6544847148942942,0.03518186523659053,0.20065583209251092,0,0
em2x3125u_mechanical_looseness_timeseries.csv,EMB_COMP_001,EM2X3125U,mechanical_looseness,steady_state,2026-01-01 00:05:04.000,2026-01-01 00:05:05.990,304.0,305.99,200,0.06220124460962388,0.03496536121920071,0.062198332130871115,0.034965231457818824,0.1287741618546664,0.0634910931559364,2.0702827196281253,1.8158283210033368,2.410389373518848,1.9522531723678458,20.0,40.0,33.57861182757979,43.79474178220336,0.0,0.974613217269876,23.477806257913922,0.0,33.45448996019172,34.489309389737166,32.39831111810711,2.090998271630056,0.00869720502472367,0.7488705834022272,0.827949015352753,0.6544847148942942,0.03432202448222728,0.17346430045845884,0,0
em2x3125u_mechanical_looseness_timeseries.csv,EMB_COMP_001,EM2X3125U,mechanical_looseness,steady_state,2026-01-01 00:05:05.000,2026-01-01 00:05:06.990,305.0,306.99,200,0.0619603102465359,0.03415315411682421,0.061960292169613775,0.034152617581399335,0.133405859834224,0.0630783738083742,2.153085730258791,1.8469267462855243,2.4110036642418153,1.9592534099602825,20.0,40.0,32.69462629079489,44.08786535681686,0.0,0.9584050078162185,22.372479353120447,0.0,34.30286297777447,35.39205495390479,33.369149932277814,2.0229050216269755,0.00841633801453072,0.7489467802809977,0.8377493223509332,0.6475054800362876,0.03448826730474667,0.19024384231464564,0,0
em2x3125u_mechanical_looseness_timeseries.csv,EMB_COMP_001,EM2X3125U,mechanical_looseness,steady_state,2026-01-01 00:05:06.000,2026-01-01 00:05:07.990,306.0,307.99,200,0.06379243344270989,0.03426188531364438,0.06379175472204865,0.034259975103729995,0.1337417534318083,0.0618804283030909,2.0965143703432765,1.806101086867154,2.435005607489215,1.9501015384625664,20.0,40.0,33.99236603673734,47.40050680622628,0.0,0.8601237190042601,22.618270961358498,0.0,35.14594905232289,36.10108847931462,34.17940268748761,1.9216857918270094,0.008675062111002245,0.7475813252648355,0.8377493223509332,0.6475054800362876,0.03574420174597072,0.19024384231464564,0,0
em2x3125u_mechanical_looseness_timeseries.csv,EMB_COMP_001,EM2X3125U,mechanical_looseness,steady_state,2026-01-01 00:05:07.000,2026-01-01 00:05:08.990,307.0,308.99,200,0.06563238779555973,0.035616942556386096,0.06563236914593372,0.03561675002033427,0.1351173927844975,0.067148479277804,2.0586999395081995,1.8852959984282627,2.4203808775320264,1.9556176588833063,20.0,40.0,38.28458715462985,47.87067380554744,0.0,0.9315945665990367,24.447147924838717,0.0,35.9916567971551,37.02500083669833,35.06606093778118,1.9589398989171514,0.008423045490767498,0.7463928970962534,0.8343295495167476,0.6555464867563144,0.0350572525170388,0.1787830627604332,0,0
em2x3125u_mechanical_looseness_timeseries.csv,EMB_COMP_001,EM2X3125U,mechanical_looseness,steady_state,2026-01-01 00:05:08.000,2026-01-01 00:05:09.990,308.0,309.99,200,0.06468482146445766,0.035388295394960766,0.06468461888287032,0.03538804817580175,0.1351173927844975,0.067148479277804,2.0888577834096735,1.8974770762020323,2.413696583042011,1.9683517331414264,20.0,40.0,37.087286105132655,46.594987543112566,0.0,0.9576178063338506,24.091921770933578,0.0,36.84881687294089,37.82690608874439,35.76036564412406,2.0665404446203297,0.008627997012445088,0.7464723738148669,0.8343295495167476,0.6496242118175053,0.034307949198243676,0.18470533769924236,0,0
em2x3125u_mechanical_looseness_timeseries.csv,EMB_COMP_001,EM2X3125U,mechanical_looseness,steady_state,2026-01-01 00:05:09.000,2026-01-01 00:05:10.990,309.0,310.99,200,0.06263833824153553,0.03390122524479993,0.06263643851356598,0.033901091797407565,0.1384001607966489,0.0631542640768446,2.209512012642693,1.8628903120996123,2.4412782389079797,1.9700602712183357,20.0,40.0,33.25011899360424,45.21885544975029,0.0,0.8510151832136824,22.134876050854626,0.0,37.70613870631656,38.59242314026033,36.7708672763448,1.8215558639155276,0.008380805946085777,0.7484430371309786,0.8368175652026728,0.6496242118175053,0.03349434502139839,0.18719335338516752,0,0
em2x3125u_mechanical_looseness_timeseries.csv,EMB_COMP_001,EM2X3125U,mechanical_looseness,steady_state,2026-01-01 00:05:10.000,2026-01-01 00:05:11.990,310.0,311.99,200,0.06243134284713458,0.03356745960844201,0.062431337892553444,0.03356689217034209,0.1384001607966489,0.0643168657056982,2.2168378010949845,1.9160480553471164,2.3921046248137414,1.996983336073261,20.0,40.0,33.46726960412805,44.49738014774137,0.0,0.819354681733107,21.71577946361504,0.0,38.563949291102226,39.53051684979267,37.55191955584976,1.9785972939429115,0.008799752233283215,0.7519735264283733,0.8405002006615137,0.6576676070542558,0.0350393671157296,0.1828325936072579,0,0
em2x3125u_mechanical_looseness_timeseries.csv,EMB_COMP_001,EM2X3125U,mechanical_looseness,steady_state,2026-01-01 00:05:11.000,2026-01-01 00:05:12.990,311.0,312.99,200,0.06346472373445212,0.0341516323025464,0.06346459183700053,0.03415162023598012,0.1334635634690596,0.0643168657056982,2.1029566602620893,1.8832735471007818,2.3332434538348394,1.9683514324243954,20.0,40.0,34.620293405399856,45.94192657965311,0.0,0.8208880879242342,22.50602539319079,0.0,39.41751503285329,40.39133168816959,38.40711226599355,1.9842194221760465,0.008415956264947991,0.7540366759043385,0.8486947362905126,0.6271171772170857,0.03736577344109687,0.2215775590734269,0,0
em2x3125u_mechanical_looseness_timeseries.csv,EMB_COMP_001,EM2X3125U,mechanical_looseness,steady_state,2026-01-01 00:05:12.000,2026-01-01 00:05:13.990,312.0,313.99,200,0.0654081674787681,0.034963151798092784,0.06540757409945133,0.034962681604880856,0.1334635634690596,0.0650596581179181,2.040472445774952,1.8608064425549604,2.419922589631046,1.9389386978309313,20.0,40.0,37.495917115132144,48.06788283541143,0.0,0.7613004781193887,23.686519214186664,0.0,40.25624973212485,41.31080046149,39.22862181939858,2.0821786420914137,0.008581157988213189,0.7535556453750061,0.8486947362905126,0.6271171772170857,0.03688947621299099,0.2215775590734269,0,0
em2x3125u_mechanical_looseness_timeseries.csv,EMB_COMP_001,EM2X3125U,mechanical_looseness,steady_state,2026-01-01 00:05:13.000,2026-01-01 00:05:14.990,313.0,314.99,200,0.06549842995947608,0.035383667620688966,0.06549838414132754,0.03538357734412319,0.1331383243362901,0.0650596581179181,2.032694896941238,1.8386917607115851,2.415217513632813,1.9401672110661017,20.0,40.0,36.93326689929495,48.86786138510125,0.0,0.7721780037906052,24.268472336751003,0.0,41.09887752298968,42.165449234966886,40.10810944717332,2.057339787793566,0.00844259101375701,0.7492701787064828,0.8692775846161552,0.641406728716974,0.038546476544569316,0.2278708558991812,0,0
em2x3125u_mechanical_looseness_timeseries.csv,EMB_COMP_001,EM2X3125U,mechanical_looseness,steady_state,2026-01-01 00:05:14.000,2026-01-01 00:05:15.990,314.0,315.99,200,0.06314783379376553,0.03445668731147478,0.06314666584612687,0.0344554374869188,0.1302763855184095,0.0614298898879448,2.063038075761697,1.7828147358636937,2.4015284155990617,1.9531364130962423,20.0,40.0,32.83453954635004,46.9296420104899,0.0,0.7727894545260189,22.971859349791035,0.0,41.94575949256468,42.95507777061468,40.989983796452,1.9650939741626772,0.008612171163998974,0.7502503108078018,0.8692775846161552,0.641406728716974,0.036599017398011906,0.2278708558991812,0,0
em2x3125u_mechanical_looseness_timeseries.csv,EMB_COMP_001,EM2X3125U,mechanical_looseness,steady_state,2026-01-01 00:05:15.000,2026-01-01 00:05:16.990,315.0,316.99,200,0.06199631577076016,0.03352490416285281,0.061994852445141975,0.03352476905313738,0.1369963635706387,0.0634828275636924,2.209750077362685,1.8936020593918477,2.4572616455265224,1.9875678153045662,20.0,40.0,31.91699612644008,44.95124310559633,0.0,0.769807331016812,21.708400435669432,0.0,42.80616662630675,43.74937332383158,41.91879351305218,1.8305798107793976,0.00859348551184317,0.7510217060534472,0.8342699350622547,0.6415342609069736,0.03271529561804678,0.19273567415528103,0,0
em2x3125u_mechanical_looseness_timeseries.csv,EMB_COMP_001,EM2X3125U,mechanical_looseness,steady_state,2026-01-01 00:05:16.000,2026-01-01 00:05:17.990,316.0,317.99,200,0.06359782480434188,0.03415883993884805,0.06359761050124255,0.03415818016056338,0.1369963635706387,0.0634828275636924,2.154104546690186,1.8584597040573052,2.429311435916855,1.9972175822558589,20.0,40.0,33.40872174818125,47.48594671665248,0.0,0.8868800449407347,22.451388491648228,0.0,43.658599320272785,44.72022570624447,42.77100894523955,1.9492167610049194,0.008428519613093818,0.7460073571235435,0.8734261003069259,0.6415342609069736,0.034432987334869915,0.23189183939995228,0,0
em2x3125u_mechanical_looseness_timeseries.csv,EMB_COMP_001,EM2X3125U,mechanical_looseness,steady_state,2026-01-01 00:05:17.000,2026-01-01 00:05:18.990,317.0,318.99,200,0.06539594800616229,0.035069873416456676,0.06539523138732402,0.03506958525979871,0.1309858935539983,0.0663103131132251,2.0029665070633347,1.8908056018847428,2.383629501979043,1.9625216547025435,20.0,40.0,36.46156091775454,49.072223660091545,0.0,0.8945740215963401,23.70614646362492,0.0,44.50955047799838,45.44072721791539,43.572665444600034,1.868061773315354,0.008582787197104334,0.745360502488496,0.8734261003069259,0.6493366043478103,0.03541407136478333,0.22408949595911565,0,0
em2x3125u_mechanical_looseness_timeseries.csv,EMB_COMP_001,EM2X3125U,mechanical_looseness,steady_state,2026-01-01 00:05:18.000,2026-01-01 00:05:19.990,318.0,319.99,200,0.06485871346953014,0.035089949908534604,0.06485848608936165,0.035089194119471624,0.1302915566994655,0.0720096388475954,2.0088520066108764,2.0521442474353933,2.377911550859979,1.9591462551086247,20.0,40.0,36.474947788919955,47.65797784772441,0.0,0.8468195194813016,23.77822978019619,0.0,45.36009485509203,46.26916070947296,44.42914462782527,1.8400160816476898,0.008418715085830116,0.7473310348565348,0.8610019697114552,0.6565429210357685,0.03660119660997731,0.20445904867568665,0,0
em2x3125u_mechanical_looseness_timeseries.csv,EMB_COMP_001,EM2X3125U,mechanical_looseness,shutdown,2026-01-01 00:05:19.000,2026-01-01 00:05:20.990,319.0,320.99,200,0.04691768304868021,0.026002308677259122,0.04691735253753914,0.026001674960043582,0.1302915566994655,0.0720096388475954,2.777024529627334,2.7693555884356136,4.178678594971901,3.303369934430602,40.0,40.0,20.242972131311618,23.786447595161576,0.0,0.5620916192034747,12.960614308777382,0.0,45.672146818968,46.26916070947296,45.05807416592481,1.2110865435481557,-0.0017889976799500243,0.5847425289827438,0.8610019697114552,0.2640271506664393,0.1748066254061567,0.5969748190450159,0,0
em2x3125u_mechanical_looseness_timeseries.csv,EMB_COMP_001,EM2X3125U,mechanical_looseness,shutdown,2026-01-01 00:05:20.000,2026-01-01 00:05:21.990,320.0,321.99,200,0.014521992535249635,0.009360829897761266,0.014518877125781982,0.009354001339687782,0.0331648074976434,0.0212183696406321,2.2837642573594183,2.266718856381172,2.2130030183184015,2.5154716622967594,40.0,40.0,0.29019826625712475,3.927032756816722,0.0,0.22641053451341153,1.5236263108251313,0.0,45.06273765150171,46.0594005013386,44.007914030034925,2.051486471303676,-0.009983476222880911,0.28135525158740515,0.5632778001577091,0.0,0.16292252971632598,0.5632778001577091,0,0
em2x3125u_mechanical_looseness_timeseries.csv,EMB_COMP_001,EM2X3125U,mechanical_looseness,idle,2026-01-01 00:05:21.000,2026-01-01 00:05:22.990,321.0,322.99,200,0.007769452216008686,0.004838926871924238,0.007766727554501019,0.004838918124628914,0.022865355151014,0.0174202088904795,2.942981630532553,3.6000149106515043,3.652709741897254,4.510091300441875,40.0,40.0,0.1414353945058781,1.0654013524999884,0.0,0.12430943292506946,0.34471882637715373,0.0,44.25657417441503,45.06632820540828,43.69962814510508,1.3667000603032022,-0.006319388162192091,0.0709091239167372,0.2789318996809327,0.0,0.09139675058093184,0.2789318996809327,0,0
em2x3125u_mechanical_looseness_timeseries.csv,EMB_COMP_001,EM2X3125U,mechanical_looseness,idle,2026-01-01 00:05:22.000,2026-01-01 00:05:23.990,322.0,323.99,200,0.001584440911064938,0.0011911033187157686,0.0015844114353745706,0.0011881440599463137,0.0048035630381616,0.0030162756483177,3.0317085380817503,2.5323375402646073,2.936563567915917,2.8878104698142266,17.0,4.0,0.03165327735771172,0.019057053678691382,0.0,0.017611309670612415,0.010943075408748124,0.0,43.7705962315292,44.24896651485128,43.33280034533899,0.9161661695122945,-0.003681449416625377,0.0008928396990554438,0.0050480122219437,0.0,0.0012003491440323285,0.0050480122219437,0,0
em2x3125u_mechanical_looseness_timeseries.csv,EMB_COMP_001,EM2X3125U,mechanical_looseness,idle,2026-01-01 00:05:23.000,2026-01-01 00:05:24.990,323.0,324.99,200,0.0015976283738392734,0.001130208683360862,0.0015960436640201957,0.0011180145402944627,0.0048035630381616,0.0036216702974217,3.006683604784835,3.204426183182442,3.525676542481394,3.4812879791594957,24.0,46.0,0.03617177223565964,0.015527871136945275,0.0,0.015205508028647598,0.009806559183519468,0.0,43.39694211066018,43.85901257591199,42.97847955421987,0.8805330216921234,-0.003833872514392997,0.00091975502833601,0.0047762764302637,0.0,0.001142529694711954,0.0047762764302637,0,0
em2x3125u_mechanical_looseness_timeseries.csv,EMB_COMP_001,EM2X3125U,mechanical_looseness,idle,2026-01-01 00:05:24.000,2026-01-01 00:05:25.990,324.0,325.99,200,0.0015177809114021083,0.001076249067297329,0.0015117681231966722,0.0010761566194205027,0.0045477618378651,0.0036216702974217,2.9963229895044146,3.3650856548627908,3.2253634757539733,3.5271815682724332,7.5,48.0,0.028257281204050372,0.0175126269245809,0.0,0.011515822020761447,0.011697142577094206,0.0,43.01212915817419,43.48223853369533,42.552080204014025,0.930158329681305,-0.0038296863570420475,0.0008931629452083523,0.004318094023653,0.0,0.0010740838735200996,0.004318094023653,0,0
em2x3125u_mechanical_looseness_timeseries.csv,EMB_COMP_001,EM2X3125U,mechanical_looseness,idle,2026-01-01 00:05:25.000,2026-01-01 00:05:26.990,325.0,326.99,200,0.001479192771645979,0.0011160998438011244,0.0014788069934192048,0.0011102644207107634,0.0039721687719934,0.0040747945357249,2.6853624815738852,3.6509229513439294,2.6249471834072637,3.2816587003726143,7.5,9.0,0.023787237412768135,0.020052235066555228,0.0,0.01328432275358788,0.011508098680645245,0.0,42.63461013826273,43.089947202434246,42.21728209652724,0.8726651059070036,-0.0037219956952130374,0.0008563246977134118,0.0048651457972404,0.0,0.0011286124575160008,0.0048651457972404,0,0
em2x3125u_mechanical_looseness_timeseries.csv,EMB_COMP_001,EM2X3125U,mechanical_looseness,idle,2026-01-01 00:05:26.000,2026-01-01 00:05:27.990,326.0,327.99,200,0.0014693814888952221,0.0011913377844543704,0.0014693753956697279,0.0011878985641003397,0.0048155531985772,0.0040747945357249,3.2772654582696905,3.420351968095384,2.7917401584347585,3.196910662048493,39.5,9.0,0.024609933849797955,0.01858650113518965,0.0,0.018045428761647855,0.010243608292915502,0.0,42.26050184436257,42.68595314055464,41.82031309378655,0.8656400467680854,-0.0037250299650631847,0.0008162420486666277,0.0048651457972404,0.0,0.0011988531316150224,0.0048651457972404,0,0
em2x3125u_mechanical_looseness_timeseries.csv,EMB_COMP_001,EM2X3125U,mechanical_looseness,idle,2026-01-01 00:05:27.000,2026-01-01 00:05:28.990,327.0,328.99,200,0.0016197936757746593,0.0012843900794221315,0.0016169462361300916,0.0012843280208708462,0.0063655776531338,0.0034065577547191,3.9298694323457526,2.652276601398048,3.376383479497121,2.997549222390637,40.0,44.5,0.028804661872916807,0.023573284690417008,0.0,0.019989953622450825,0.01301747545292125,0.0,41.88460578872253,42.32017591592516,41.37635282894448,0.9438230869806787,-0.003779596049001621,0.0008129699118324182,0.0060856364218971,0.0,0.0013158444709012098,0.0060856364218971,0,0
em2x3125u_mechanical_looseness_timeseries.csv,EMB_COMP_001,EM2X3125U,mechanical_looseness,idle,2026-01-01 00:05:28.000,2026-01-01 00:05:29.990,328.0,329.99,200,0.001693143037030598,0.0012478399132324132,0.0016860744596558627,0.0012456626902731403,0.0063655776531338,0.0034516928683426,3.759621906662788,2.766134366868672,3.2220675626700843,3.0846868295692365,41.0,44.5,0.029217500159968032,0.027683597607723782,0.0,0.01791064215290776,0.013131694772280563,0.0,41.514603561372276,41.92703437837795,41.10779150281652,0.8192428755614287,-0.003684783164128625,0.0007928474576191055,0.0060856364218971,0.0,0.0012348649429145952,0.0060856364218971,0,0
em2x3125u_mechanical_looseness_timeseries.csv,EMB_COMP_001,EM2X3125U,mechanical_looseness,idle,2026-01-01 00:05:29.000,2026-01-01 00:05:30.990,329.0,330.99,200,0.05849440867386552,0.04274153320757293,0.05848122792333988,0.042738636714151824,0.175687096826128,0.143903813868461,3.0034853041368126,3.366837899089782,5.056164341743045,4.934641439994168,40.0,40.0,16.167749281032638,52.242242670585995,0.0,8.665464695010986,27.880375126378627,0.0,34.81882542636565,41.55520441864804,27.256988578329896,14.298215840318143,-0.09560901045020319,2.5073140754063816,6.533519495829271,0.0,2.571546612862237,6.533519495829271,1,0
em2x3125u_mechanical_looseness_timeseries.csv,EMB_COMP_001,EM2X3125U,mechanical_looseness,startup,2026-01-01 00:05:30.000,2026-01-01 00:05:31.990,330.0,331.99,200,0.08279578225629462,0.06011625243152976,0.08278831045997344,0.06007798014735548,0.1888376301600747,0.143903813868461,2.2807638869275633,2.393758892944337,2.5918019839001127,2.399584300150803,40.0,40.0,33.88974297544378,103.19657164007646,0.0,16.425294178931093,55.80233546428062,0.0,29.30227606125566,31.377554918532734,27.256988578329896,4.1205663402028385,0.019988758363873285,3.6260959011665093,6.533519495829271,0.8365590722318635,1.608146647174518,5.696960423597408,1,0
em2x3125u_mechanical_looseness_timeseries.csv,EMB_COMP_001,EM2X3125U,mechanical_looseness,startup,2026-01-01 00:05:31.000,2026-01-01 00:05:32.990,331.0,332.99,200,0.07458901924597212,0.04904239902321208,0.07458836306254749,0.0490150785751919,0.1888376301600747,0.1272534733458873,2.531708179958032,2.594764446283662,2.734761370189988,2.8965812831602786,40.0,40.0,39.918038231715144,71.37548721811604,0.0,8.163248149708812,39.88781590010826,0.0,31.033003644997944,32.37912275413515,29.317212775897957,3.061909978237196,0.014621122284501591,1.4948238672835887,3.719847434758881,0.673939119793725,0.9400444030565447,3.045908314965156,1,0
em2x3125u_mechanical_looseness_timeseries.csv,EMB_COMP_001,EM2X3125U,mechanical_looseness,steady_state,2026-01-01 00:05:32.000,2026-01-01 00:05:33.990,332.0,333.99,200,0.06586934258829666,0.03522478450071533,0.06586639242939742,0.03522397479549241,0.1312058903235662,0.0648195187306998,1.9919113379291296,1.840167928618086,2.428071260445814,1.9495049165543914,20.0,40.0,38.19627995676943,48.585343452664105,0.0,0.8576646906856089,23.96109426871625,0.0,32.19376095955695,33.169027575195955,31.185758305396007,1.9832692697999477,0.008548118294961356,0.7539437443256193,0.8431323861251363,0.6729801233391186,0.03601457546665822,0.1701522627860177,0,0
em2x3125u_mechanical_looseness_timeseries.csv,EMB_COMP_001,EM2X3125U,mechanical_looseness,steady_state,2026-01-01 00:05:33.000,2026-01-01 00:05:34.990,333.0,334.99,200,0.06508190125771804,0.035054833351239864,0.0650816646250223,0.035054181130462256,0.1312058903235662,0.0677656090395831,2.016011944764852,1.9331316843126936,2.4306633223083196,1.9401639406963662,20.0,40.0,36.91227166267023,47.80137310079897,0.0,0.8690995254395283,23.711545140768415,0.0,33.050021209536595,34.10428933968082,32.051867412764366,2.052421926916452,0.00853560680208798,0.753829084996318,0.8431323861251363,0.6624337372314102,0.03579916086430856,0.1806986488937261,0,0
em2x3125u_mechanical_looseness_timeseries.csv,EMB_COMP_001,EM2X3125U,mechanical_looseness,steady_state,2026-01-01 00:05:34.000,2026-01-01 00:05:35.990,334.0,335.99,200,0.06281669531496015,0.03448954319339601,0.06281552330752614,0.03448871117328713,0.1284314415044198,0.0677656090395831,2.044543108491623,1.9648160794590845,2.385148335783999,1.9582311600414493,20.0,40.0,33.60278228639783,45.31730148681073,0.0,0.8422527001054219,22.957578808316615,0.0,33.90571247722434,34.80785016210636,32.970142346368625,1.837707815737737,0.008503139168176454,0.7494724113457663,0.8394163012619518,0.6624337372314102,0.03636049183850833,0.17698256403054158,0,0
em2x3125u_mechanical_looseness_timeseries.csv,EMB_COMP_001,EM2X3125U,mechanical_looseness,steady_state,2026-01-01 00:05:35.000,2026-01-01 00:05:36.990,335.0,336.99,200,0.062423682593171353,0.034439282498130726,0.062423634954552505,0.0344376998248163,0.1284314415044198,0.0609243570495917,2.0574153297144497,1.7690367693606426,2.364796231833503,1.9472065982100546,20.0,40.0,32.99927413418955,44.934941771031674,0.0,0.8124680775096133,22.907530558726013,0.0,34.75879665384441,35.791849313900805,33.83036738928107,1.9614819246197328,0.008508991708520168,0.7507886099706989,0.8443261464132873,0.648233497707213,0.036864272160638374,0.19609264870607435,0,0
em2x3125u_mechanical_looseness_timeseries.csv,EMB_COMP_001,EM2X3125U,mechanical_looseness,steady_state,2026-01-01 00:05:36.000,2026-01-01 00:05:37.990,336.0,337.99,200,0.06340386477175008,0.03460226573528743,0.06340310277046224,0.03460206209546907,0.1321391460439107,0.0609243570495917,2.084086617110854,1.760704270514314,2.3299733750701193,1.9067176799790313,20.0,40.0,33.943256452670404,46.456483890772034,0.0,0.7000082099411571,23.246387431658928,0.0,35.62324993488241,36.58501978724588,34.65575393560402,1.9292658516418655,0.008687895114352638,0.7490738061621562,0.8443261464132873,0.648233497707213,0.03658764553533652,0.19609264870607435,0,0
em2x3125u_mechanical_looseness_timeseries.csv,EMB_COMP_001,EM2X3125U,mechanical_looseness,steady_state,2026-01-01 00:05:37.000,2026-01-01 00:05:38.990,337.0,338.99,200,0.0650746338333285,0.03493256039909774,0.06507441140598526,0.034932370047947504,0.1410657459599011,0.0644520541103715,2.167753203517115,1.8450423723316944,2.37788655768892,1.953658977493154,20.0,40.0,36.23409238249503,48.46170521075169,0.0,0.8022710775897771,23.60415600407988,0.0,36.49345140202784,37.48108415003361,35.56647395165937,1.9146101983742412,0.00868399504169288,0.7435876298781081,0.8394973820980758,0.64929955581385,0.03806165454355639,0.19019782628422577,0,0
em2x3125u_mechanical_looseness_timeseries.csv,EMB_COMP_001,EM2X3125U,mechanical_looseness,steady_state,2026-01-01 00:05:38.000,2026-01-01 00:05:39.990,338.0,339.99,200,0.06508506746003459,0.034985822356265156,0.06508470388754559,0.03498571077643914,0.1410657459599011,0.0644520541103715,2.1674056963453614,1.842233504019082,2.380004800400606,1.9698277566940048,20.0,40.0,36.27729018050079,48.44815091100789,0.0,0.8887256249127351,23.591300716050633,0.0,37.35157712082195,38.32809645142481,36.36226592228403,1.9658305291407814,0.008618787457076164,0.7478618801081822,0.862071873668238,0.6497684888795429,0.039721958389120106,0.21230338478869515,0,0
em2x3125u_mechanical_looseness_timeseries.csv,EMB_COMP_001,EM2X3125U,mechanical_looseness,steady_state,2026-01-01 00:05:39.000,2026-01-01 00:05:40.990,339.0,340.99,200,0.06258400149927877,0.03410312218058512,0.0625840008524133,0.034102320010002775,0.1275044351407693,0.0616263808489526,2.0373327381797197,1.8070597912597117,2.404455882176535,1.91028954350293,20.0,40.0,32.957756646577124,45.377567221137376,0.0,0.6673599731728023,22.593516797955903,0.0,38.19724789749596,39.16648784359756,37.15958976299319,2.0068980806043655,0.008457928203018316,0.7533767123077986,0.862071873668238,0.65443491945381,0.040589867589993354,0.20763695421442796,0,0
em2x3125u_mechanical_looseness_timeseries.csv,EMB_COMP_001,EM2X3125U,mechanical_looseness,steady_state,2026-01-01 00:05:40.000,2026-01-01 00:05:41.990,340.0,341.99,200,0.061420029046971907,0.03365993351859527,0.06141623921822825,0.033658895965646037,0.1275044351407693,0.0610876909765176,2.075942280054253,1.8148488303689014,2.4236973455298605,1.9085076988634018,20.0,40.0,31.238779790608483,44.20121520993531,0.0,0.6217444569834024,22.037475820220784,0.0,39.0582217588415,40.14930720819421,38.0777277604661,2.071579447728112,0.008817107227418441,0.7530955857755929,0.9134225945978816,0.65443491945381,0.039255621336041456,0.2589876751440715,0,0
em2x3125u_mechanical_looseness_timeseries.csv,EMB_COMP_001,EM2X3125U,mechanical_looseness,steady_state,2026-01-01 00:05:41.000,2026-01-01 00:05:42.990,341.0,342.99,200,0.06311957453213803,0.034490648250980506,0.06311884385542592,0.034490493023407405,0.1263742047684511,0.0636519621149488,2.0021396802050098,1.8454846557759117,2.3906620365712303,1.9770306345941158,20.0,40.0,33.30137724149789,46.38057580220493,0.0,0.8870928966029041,22.905524434565876,0.0,39.93104480011894,40.92809728045525,38.96904407335668,1.9590532070985702,0.0086701921594962,0.7508803657372813,0.9134225945978816,0.6724496618012283,0.037748990055000486,0.24097293279665322,0,0
em2x3125u_mechanical_looseness_timeseries.csv,EMB_COMP_001,EM2X3125U,mechanical_looseness,steady_state,2026-01-01 00:05:42.000,2026-01-01 00:05:43.990,342.0,343.99,200,0.06514947706531805,0.035325025260815754,0.0651462900866835,0.035325002258819474,0.1292743179179746,0.0636519621149488,1.984272533582515,1.801894312742493,2.3565831108316067,1.980662329649656,20.0,40.0,36.591627252723896,48.29364220237689,0.0,0.976072252253798,23.981056186458893,0.0,40.792433353838504,41.75509159404323,39.88368163483472,1.8714099592085063,0.008619874436353469,0.7506661274196634,0.8456164961128645,0.6550460748900584,0.0391413192949507,0.1905704212228061,0,0
em2x3125u_mechanical_looseness_timeseries.csv,EMB_COMP_001,EM2X3125U,mechanical_looseness,steady_state,2026-01-01 00:05:43.000,2026-01-01 00:05:44.990,343.0,344.99,200,0.06464768335292628,0.03489385281142422,0.06463900436032634,0.03489385254668241,0.1317092797102151,0.0620383294821363,2.0373395128667555,1.7779157210700733,2.3805063973571783,1.964650892314048,20.0,40.0,36.534207199401166,47.045022776456626,0.0,0.8541035433447413,23.497575043517145,0.0,41.64827422749575,42.719079851015216,40.74956901182957,1.969510839185645,0.008727825917308885,0.7517280024855297,0.8456164961128645,0.6550460748900584,0.03654267527074027,0.1905704212228061,0,0
em2x3125u_mechanical_looseness_timeseries.csv,EMB_COMP_001,EM2X3125U,mechanical_looseness,steady_state,2026-01-01 00:05:44.000,2026-01-01 00:05:45.990,344.0,345.99,200,0.06249838890010562,0.03387903371108932,0.06249787591645076,0.033878821547697696,0.1392917586363134,0.06150918287303,2.228725589374001,1.8155530466884817,2.4959703273208578,1.9417090414311655,20.0,40.0,33.797762630150885,44.32355148401816,0.0,0.7699760112871702,22.186761916845327,0.0,42.51124283166138,43.44162478532397,41.51954839892129,1.9220763864026793,0.008854370502120235,0.7498483418933148,0.8292421433692694,0.6585921743714314,0.03278523784418644,0.17064996899783802,0,0
em2x3125u_mechanical_looseness_timeseries.csv,EMB_COMP_001,EM2X3125U,mechanical_looseness,steady_state,2026-01-01 00:05:45.000,2026-01-01 00:05:46.990,345.0,346.99,200,0.06197253910216177,0.03381223477508573,0.06196689011415857,0.03381219776090274,0.1392917586363134,0.0606204911594783,2.2476367864594162,1.792856685241817,2.4646046868123923,1.9377787116039542,20.0,40.0,33.94182105832776,42.866534985018944,0.0,0.7956071700517069,22.069760512729534,0.0,43.37836539736411,44.37771209131924,42.28534591082921,2.092366180490032,0.0086201943563472,0.7472063953784162,0.8288016316952884,0.644777506913089,0.03424416122179204,0.18402412478219943,0,0
em2x3125u_mechanical_looseness_timeseries.csv,EMB_COMP_001,EM2X3125U,mechanical_looseness,steady_state,2026-01-01 00:05:46.000,2026-01-01 00:05:47.990,346.0,347.99,200,0.06333441640879997,0.034842505679280884,0.06333151152948359,0.03484209410406748,0.1337881986223002,0.0690741684979613,2.1124091166917434,1.982468457744596,2.3659550771124205,1.9818235143397684,20.0,40.0,34.05398398075131,46.17154362241036,0.0,0.9097730186698506,23.371025229592497,0.0,44.23210306602859,45.14529032665098,43.24694844644634,1.8983418802046401,0.008540004757696514,0.7462784011974102,0.8502584227644732,0.644777506913089,0.03621991945582412,0.20548091585138417,0,0
em2x3125u_mechanical_looseness_timeseries.csv,EMB_COMP_001,EM2X3125U,mechanical_looseness,steady_state,2026-01-01 00:05:47.000,2026-01-01 00:05:48.990,347.0,348.99,200,0.06507633348346138,0.035392387114098534,0.06507627464439836,0.03539132051063144,0.1345070118005471,0.0690741684979613,2.0669113424272894,1.9516674101489373,2.374673372732775,1.9884595286384799,20.0,40.0,35.97168471706953,48.732190738639005,0.0,0.9512977561684011,24.105042746819088,0.0,45.08867449554191,46.096819870084346,43.989979584160494,2.1068402859238518,0.008716778525760834,0.7460346599440605,0.8502584227644732,0.6582815599315527,0.03482486734945125,0.19197686283292048,0,0
em2x3125u_mechanical_looseness_timeseries.csv,EMB_COMP_001,EM2X3125U,mechanical_looseness,steady_state,2026-01-01 00:05:48.000,2026-01-01 00:05:49.990,348.0,349.99,200,0.0652429921313372,0.035101794059566024,0.06524129487553415,0.0351017939744107,0.1345070118005471,0.0645695924174341,2.061631562356585,1.8394955057813474,2.3842913043507017,1.9786288217288623,20.0,40.0,37.690264214666136,47.43920553832584,0.0,0.9788336722930665,23.664138702863905,0.0,45.94904700499608,46.92437105995681,44.87825707250333,2.046113987453481,0.008551852814609665,0.7481310399776566,0.8448803023327299,0.6585052112357705,0.03650439741884184,0.18637509109695938,0,0
em2x3125u_mechanical_looseness_timeseries.csv,EMB_COMP_001,EM2X3125U,mechanical_looseness,shutdown,2026-01-01 00:05:49.000,2026-01-01 00:05:50.990,349.0,350.99,200,0.04725571576401283,0.025757415768225104,0.04725265553871963,0.025757011358057417,0.1303811401139085,0.0645695924174341,2.759055449821355,2.506835041156905,4.1325475239398735,3.3700861681708365,40.0,40.0,20.655622436217843,24.002650686365545,0.0,0.588547763898211,12.680203440432166,0.0,46.32761820755737,46.92437105995681,45.71800223145927,1.2063688284975385,-0.0009548955311885843,0.5854399942860822,0.8448803023327299,0.2769735346357947,0.17732969982184976,0.5679067676969352,0,0
em2x3125u_mechanical_looseness_timeseries.csv,EMB_COMP_001,EM2X3125U,mechanical_looseness,shutdown,2026-01-01 00:05:50.000,2026-01-01 00:05:51.990,350.0,351.99,200,0.014208983852140684,0.008694379905306929,0.014208615308182924,0.008694173179899447,0.0343421127993641,0.0214744234010153,2.4169295395595944,2.469920067319305,2.4167090702599827,2.4129774184629014,40.0,40.0,0.29187336888836923,3.7495607588427453,0.0,0.15017037447277876,1.3624999666419049,0.0,45.78049606801732,46.8463901320905,44.68878564755685,2.1576044845336497,-0.010021022879128715,0.2799652080930828,0.5780459478537197,0.0,0.16241656085177839,0.5780459478537197,0,0
em2x3125u_mechanical_looseness_timeseries.csv,EMB_COMP_001,EM2X3125U,mechanical_looseness,idle,2026-01-01 00:05:51.000,2026-01-01 00:05:52.990,351.0,352.99,200,0.007082196710926359,0.0045477458416003065,0.007081779940086443,0.004547743406806918,0.0286957482259901,0.0153319986840536,4.051814627193074,3.3713402679201665,5.68902232304218,4.9692847412586385,40.0,40.0,0.142645003577639,0.8604387777351574,0.0,0.07846905041390391,0.33518547075219973,0.0,44.959615229607174,45.86879899365483,44.3358052229223,1.5329937707325243,-0.006585353884459017,0.07020135485363972,0.274663132048212,0.0,0.08947504723201367,0.274663132048212,0,0
em2x3125u_mechanical_looseness_timeseries.csv,EMB_COMP_001,EM2X3125U,mechanical_looseness,idle,2026-01-01 00:05:52.000,2026-01-01 00:05:53.990,352.0,353.99,200,0.001490545826868001,0.0012431430649479456,0.0014878491726336724,0.0012398867147563168,0.0040564796516649,0.0037409925591799,2.721472616637725,3.0093017164814797,2.9159885389441738,2.8154241497823502,15.0,40.0,0.025186297463630426,0.01908832577388061,0.0,0.016575108021717556,0.014272984003035684,0.0,44.45722412932817,44.87198549160396,43.985641408089,0.8863440835149561,-0.0037148360380661145,0.000898101243824059,0.0058350055424379,0.0,0.0013248863987482494,0.0058350055424379,0,0
em2x3125u_mechanical_looseness_timeseries.csv,EMB_COMP_001,EM2X3125U,mechanical_looseness,idle,2026-01-01 00:05:53.000,2026-01-01 00:05:54.990,353.0,354.99,200,0.0015783411654714322,0.001166996198280915,0.0015783275994001205,0.0011650342764060126,0.0043885752690307,0.0034945966268998,2.780498516440762,2.9945227174241347,2.787490129987525,2.837576396377043,46.5,14.5,0.02573706047451401,0.024710022155892516,0.0,0.018818116240243186,0.008328010569014827,0.0,44.08372810058345,44.53688978044514,43.63195048877449,0.9049392916706438,-0.003848348654027693,0.0007743223179058771,0.0054233352546593,0.0,0.0011545554912938617,0.0054233352546593,0,0
em2x3125u_mechanical_looseness_timeseries.csv,EMB_COMP_001,EM2X3125U,mechanical_looseness,idle,2026-01-01 00:05:54.000,2026-01-01 00:05:55.990,354.0,355.99,200,0.0016038538172234093,0.0011380591307214973,0.0015942117069595997,0.0011377086406651016,0.0043885752690307,0.0034945966268998,2.7362688680868676,3.0706634941580973,2.9581437379922404,2.925806192417413,48.0,6.0,0.026272205322770508,0.024577210761724436,0.0,0.015874117248320305,0.010052500885226462,0.0,43.70362110280221,44.14030293944308,43.31000569993477,0.8302972395083117,-0.0037124678091679654,0.0006456100712123024,0.0045430877571618,0.0,0.000972778867067733,0.0045430877571618,0,0
em2x3125u_mechanical_looseness_timeseries.csv,EMB_COMP_001,EM2X3125U,mechanical_looseness,idle,2026-01-01 00:05:55.000,2026-01-01 00:05:56.990,355.0,356.99,200,0.0014827013874482136,0.0012118707882600548,0.0014622269561904617,0.0012118448877787922,0.0042877401178555,0.0035756125748744,2.891843330122504,2.9504899445658648,3.199144673976224,2.8612385618728693,24.0,10.5,0.024316561576391522,0.019106864612410842,0.0,0.0173569528480741,0.012075368336700778,0.0,43.32575036400698,43.78851820534352,42.90988204931738,0.8786361560261398,-0.003777140463234306,0.0007118907694859747,0.0046125738901328,0.0,0.0010283721383847883,0.0046125738901328,0,0
em2x3125u_mechanical_looseness_timeseries.csv,EMB_COMP_001,EM2X3125U,mechanical_looseness,idle,2026-01-01 00:05:56.000,2026-01-01 00:05:57.990,356.0,357.99,200,0.0014459208889202502,0.001258428915943002,0.0014303768773090125,0.0012571985993221405,0.0036407428951829,0.0035756125748744,2.517940589337253,2.8413305905284445,2.7765780590717735,2.887820016334316,13.0,10.5,0.024557689473786812,0.01672302670266114,0.0,0.019226271722226924,0.012472740458225356,0.0,42.94408483565731,43.35554707161795,42.52080370059776,0.8347433710201884,-0.003720783201217238,0.000808569845054663,0.0060540517710738,0.0,0.0012116435922419355,0.0060540517710738,0,0
em2x3125u_mechanical_looseness_timeseries.csv,EMB_COMP_001,EM2X3125U,mechanical_looseness,idle,2026-01-01 00:05:57.000,2026-01-01 00:05:58.990,357.0,358.99,200,0.0015202820422282567,0.0012092122868944595,0.001520150525365545,0.0012059580546748643,0.0052980887128286,0.0038055041263412,3.4849380349604497,3.1470934984580965,3.2741505612215827,2.90367905894446,18.0,23.0,0.02564273710226466,0.020925153866244984,0.0,0.017056677779789996,0.012066590819084538,0.0,42.57597536730818,43.01325225422484,42.14167129339129,0.8715809608335476,-0.003599574441354633,0.0008655422386889491,0.0060540517710738,0.0,0.0012527195084816145,0.0060540517710738,0,0
em2x3125u_mechanical_looseness_timeseries.csv,EMB_COMP_001,EM2X3125U,mechanical_looseness,idle,2026-01-01 00:05:58.000,2026-01-01 00:05:59.990,358.0,359.99,200,0.001531597802933226,0.001143677077394321,0.0015313700762127802,0.0011391777287088586,0.0052980887128286,0.0038055041263412,3.459190593432566,3.3274288709286814,3.5124919285479783,2.8348227848970113,31.0,29.5,0.028407211951181583,0.01854868584123146,0.0,0.016273756250456912,0.009686609293657998,0.0,42.20755626097951,42.6421151421101,41.7767637489662,0.8653513931439036,-0.00380969102422748,0.0008956110078906873,0.0052566400484087,0.0,0.0011965855592981649,0.0052566400484087,0,0
em2x3125u_mechanical_looseness_timeseries.csv,EMB_COMP_001,EM2X3125U,mechanical_looseness,idle,2026-01-01 00:05:59.000,2026-01-01 00:06:00.990,359.0,360.99,200,0.05895037167855799,0.042675141344658864,0.058949980463229905,0.04266328665277756,0.1930098455306854,0.1285047155115871,3.2741073556435074,3.0112311632137216,5.653118352101608,4.642055786907401,40.0,40.0,16.37965954174078,53.137171657610914,0.0,8.22746787125398,28.176716472736665,0.0,35.308538211729264,42.280734959971525,27.624055612876887,14.656679347094638,-0.09853778346330282,2.511373922135231,6.485129048061304,0.0,2.5735011965232557,6.485129048061304,1,0
em2x3125u_mechanical_looseness_timeseries.csv,EMB_COMP_001,EM2X3125U,mechanical_looseness,startup,2026-01-01 00:06:00.000,2026-01-01 00:06:01.990,360.0,361.99,200,0.0838372995254859,0.05915351431511395,0.08383609126253926,0.05913833559480815,0.1930098455306854,0.1285047155115871,2.3021954025607885,2.1723935931690477,2.607023062016328,2.134191158730951,40.0,40.0,34.506442301118035,106.17359592766003,0.0,14.616282643388473,55.34314982165513,0.0,29.6011621957758,31.66378696135776,27.624055612876887,4.039731348480874,0.019983492245942737,3.6361848158908994,6.485129048061304,0.7688818785509878,1.598834686294674,5.716247169510316,1,0
em2x3125u_mechanical_looseness_timeseries.csv,EMB_COMP_001,EM2X3125U,mechanical_looseness,startup,2026-01-01 00:06:01.000,2026-01-01 00:06:02.990,361.0,362.99,200,0.07516031061879817,0.048059458127394386,0.07515359533492309,0.048059457854646666,0.1631984597405149,0.1173048838882966,2.171338282091901,2.440828266880346,2.582827427271015,2.311199728519804,40.0,40.0,40.25168133934754,72.72658828896846,0.0,6.81533939817727,39.396734150903605,0.0,31.27810761130677,32.59256235429194,29.588349945301708,3.0042124089902345,0.013661763916337395,1.4977851685524053,3.7032858231307153,0.6698290467992396,0.9396817278059022,3.0334567763314757,1,0
em2x3125u_mechanical_looseness_timeseries.csv,EMB_COMP_001,EM2X3125U,mechanical_looseness,steady_state,2026-01-01 00:06:02.000,2026-01-01 00:06:03.990,362.0,363.99,200,0.06517402747434796,0.035325586576455764,0.06517319795098458,0.0353207557931827,0.1361510530030558,0.0646623462018564,2.0890385062768124,1.8304677280278585,2.3958397799570075,1.9602552250134473,20.0,40.0,36.223293398633615,48.72783819514671,0.0,0.7806324521230419,24.17133615360172,0.0,32.38561687876717,33.36507200059527,31.46793579106565,1.89713620952962,0.008647060351833283,0.7474404897727399,0.8533866750081474,0.6653992511408741,0.033802990377896816,0.1879874238672733,0,0
em2x3125u_mechanical_looseness_timeseries.csv,EMB_COMP_001,EM2X3125U,mechanical_looseness,steady_state,2026-01-01 00:06:03.000,2026-01-01 00:06:04.990,363.0,364.99,200,0.06465157953064134,0.034966114434611485,0.06465109889672972,0.034965586709328554,0.1354714666927112,0.061474090003257,2.095408459873824,1.7581046964259313,2.38673075744692,1.9601782287740945,20.0,40.0,35.42748152313781,48.17341096092064,0.0,0.8165673646608395,23.638205179081734,0.0,33.25384822751218,34.22736727124125,32.366943319214755,1.860423952026494,0.008753318821407837,0.7491282544537887,0.8489118942316537,0.6487614794323533,0.03500724049904357,0.2001504147993004,0,0
em2x3125u_mechanical_looseness_timeseries.csv,EMB_COMP_001,EM2X3125U,mechanical_looseness,steady_state,2026-01-01 00:06:04.000,2026-01-01 00:06:05.990,364.0,365.99,200,0.06322361491010599,0.034134415184174566,0.0632235587687775,0.034134402219736626,0.1378995306119524,0.0611683234325884,2.181139607534681,1.7919839289043196,2.4304844607974125,1.9607752220598085,20.0,40.0,34.78866562935334,45.156599593247975,0.0,0.7976314766842748,22.507014596593027,0.0,34.13972821119881,35.19203311584686,33.09023578557534,2.1017973302715234,0.008919186262936434,0.7517311889013976,0.8400741385509264,0.6487614794323533,0.03607664462436933,0.1913126591185731,0,0
em2x3125u_mechanical_looseness_timeseries.csv,EMB_COMP_001,EM2X3125U,mechanical_looseness,steady_state,2026-01-01 00:06:05.000,2026-01-01 00:06:06.990,365.0,366.99,200,0.0628645289166119,0.034310973904966,0.0628632128675026,0.03431080215058862,0.1388356175037191,0.0613025120984399,2.208488950706698,1.786673624253122,2.431443766785386,1.9517628016756088,20.0,40.0,33.79182291085833,45.24659223954026,0.0,0.7847182782276529,22.76098125872372,0.0,35.02690442829346,36.03403889105228,34.03136100641951,2.0026778846327744,0.00879344829148954,0.7504433375986989,0.8400741385509264,0.6518709934142806,0.03538903887172432,0.18820314513664582,0,0
em2x3125u_mechanical_looseness_timeseries.csv,EMB_COMP_001,EM2X3125U,mechanical_looseness,steady_state,2026-01-01 00:06:06.000,2026-01-01 00:06:07.990,366.0,367.99,200,0.06348445100937682,0.03498448398626096,0.06348390698719172,0.034983965456508906,0.1388356175037191,0.0613025120984399,2.186923180342423,1.752277155853278,2.3752728387940096,1.914239409105909,20.0,40.0,34.72277231569523,45.881689784623845,0.0,0.8222955820277293,23.655273446855585,0.0,35.91585380930984,36.94647415997817,34.863296600906736,2.083177559071437,0.008949244282447493,0.7469792192993503,0.8412217838395477,0.6522931498586552,0.03632110627048047,0.18892863398089255,0,0
em2x3125u_mechanical_looseness_timeseries.csv,EMB_COMP_001,EM2X3125U,mechanical_looseness,steady_state,2026-01-01 00:06:07.000,2026-01-01 00:06:08.990,367.0,368.99,200,0.06461034867161254,0.03515422346014615,0.06460929848377994,0.035153957673266414,0.13008388889138,0.0647832862891831,2.0133599580547408,1.8428308155527033,2.352128113104787,1.9320120562302596,20.0,40.0,36.79411710651155,46.700546467605555,0.0,0.8588697451870728,23.857155495373362,0.0,36.79821129549586,37.84085052970534,35.77995374581708,2.0608967838882606,0.00862738763182509,0.7494225569808586,0.8412217838395477,0.6522931498586552,0.035755963512823466,0.18892863398089255,0,0
em2x3125u_mechanical_looseness_timeseries.csv,EMB_COMP_001,EM2X3125U,mechanical_looseness,steady_state,2026-01-01 00:06:08.000,2026-01-01 00:06:09.990,368.0,369.99,200,0.06413102684275901,0.03509043906091593,0.0641281049976481,0.035089760280461214,0.1338664893160043,0.0657605499342849,2.0873903928628437,1.8740304109654082,2.378171799379791,1.9549251766269131,20.0,40.0,35.372840973761576,46.8839286879946,0.0,0.7901907612086747,23.835652623423044,0.0,37.6810359312078,38.73142180111457,36.723137522413374,2.008284278701197,0.0089659038352894,0.7493556153526267,0.8520422766854144,0.646140797551172,0.03633054423487041,0.2059014791342424,0,0
em2x3125u_mechanical_looseness_timeseries.csv,EMB_COMP_001,EM2X3125U,mechanical_looseness,steady_state,2026-01-01 00:06:09.000,2026-01-01 00:06:10.990,369.0,370.99,200,0.062324795991345945,0.03436753738966053,0.0623236136632612,0.034365296491426806,0.1338664893160043,0.0657605499342849,2.147884917819743,1.9134495785569132,2.4298818333151715,1.9386113912199334,20.0,40.0,33.09505904466055,44.58961319375805,0.0,0.7802976659784332,22.83933543646004,0.0,38.57442383550726,39.53853467409729,37.49873984073984,2.0397948333574547,0.00881840393801209,0.7466987194397842,0.8520422766854144,0.646140797551172,0.0357706347161747,0.2059014791342424,0,0
em2x3125u_mechanical_looseness_timeseries.csv,EMB_COMP_001,EM2X3125U,mechanical_looseness,steady_state,2026-01-01 00:06:10.000,2026-01-01 00:06:11.990,370.0,371.99,200,0.06209585828473363,0.03396560034455602,0.06209576952977314,0.03396303685917958,0.1283720606958717,0.0600733240855214,2.0673208204520814,1.7686519147644009,2.421658995899833,1.9118890128274484,20.0,40.0,33.79519195959837,43.32549037418472,0.0,0.7580784673260481,22.311679803367785,0.0,39.448750294559325,40.44836207712341,38.43995832511839,2.008403752005023,0.00857438015048846,0.7466532244228401,0.8258408835284963,0.6594024468362487,0.03320181265119627,0.16643843669224756,0,0
em2x3125u_mechanical_looseness_timeseries.csv,EMB_COMP_001,EM2X3125U,mechanical_looseness,steady_state,2026-01-01 00:06:11.000,2026-01-01 00:06:12.990,371.0,372.99,200,0.06343219966244602,0.03479904529089153,0.06343171413321075,0.03479901953777665,0.138381160971567,0.0661416609573448,2.1815601809169682,1.9006745847322728,2.3615625734397816,1.9468378450180925,20.0,40.0,35.96678516238576,44.50703495300798,0.0,0.7739296537606537,23.445517078430743,0.0,40.32828110703908,41.26199455922674,39.33501888667104,1.926975672555706,0.008801002960354048,0.7489733435018967,0.8416963767918398,0.6569273569545466,0.033989673109317144,0.1847690198372932,0,0
em2x3125u_mechanical_looseness_timeseries.csv,EMB_COMP_001,EM2X3125U,mechanical_looseness,steady_state,2026-01-01 00:06:12.000,2026-01-01 00:06:13.990,372.0,373.99,200,0.06569865815294589,0.03521065235734323,0.06569778816400501,0.03521065144055071,0.138381160971567,0.0661416609573448,2.106301176645296,1.8784559935468184,2.394011849882462,1.9709744534956644,20.0,40.0,38.1233714897162,48.2007429648174,0.0,0.8787541233311941,23.91715246629072,0.0,41.21855369794843,42.15155592721128,40.275281688839016,1.876274238372261,0.008786393143946495,0.7531188064882102,0.8416963767918398,0.6569273569545466,0.03618364784890162,0.1847690198372932,0,0
em2x3125u_mechanical_looseness_timeseries.csv,EMB_COMP_001,EM2X3125U,mechanical_looseness,steady_state,2026-01-01 00:06:13.000,2026-01-01 00:06:14.990,373.0,374.99,200,0.06559579400550564,0.03481966059752717,0.06559578781683595,0.034817459281078274,0.1375085766144912,0.0636543371499511,2.0963017324395787,1.828114808059666,2.39266540170668,1.9078438776403301,20.0,40.0,37.649355497241615,48.4139568722538,0.0,0.7154352668885898,23.530057877992988,0.0,42.104965700538386,43.08506495982721,41.005879324349216,2.079185635477991,0.008899870305963564,0.7544068336117367,0.8312022452447795,0.6493426785730364,0.03704134476472196,0.18185956667174308,0,0
em2x3125u_mechanical_looseness_timeseries.csv,EMB_COMP_001,EM2X3125U,mechanical_looseness,steady_state,2026-01-01 00:06:14.000,2026-01-01 00:06:15.990,374.0,375.99,200,0.06317398760807398,0.03441481837937798,0.06316764249563717,0.03441319960503716,0.1370865098274215,0.0655702033630057,2.1699834855747033,1.905289827195387,2.3792457427591645,1.901703898444523,20.0,40.0,34.68827391989407,45.11806178106248,0.0,0.6982319409325276,22.98774054646887,0.0,42.991783898926805,43.99664759889186,41.97042186487732,2.026225734014538,0.008966117145019152,0.75064773169493,0.8263806816336555,0.6493426785730364,0.03653802808911758,0.17703800306061912,0,0
em2x3125u_mechanical_looseness_timeseries.csv,EMB_COMP_001,EM2X3125U,mechanical_looseness,steady_state,2026-01-01 00:06:15.000,2026-01-01 00:06:16.990,375.0,376.99,200,0.06259288491894942,0.0340276544703487,0.06259153086376518,0.03402754119272402,0.1370865098274215,0.0655702033630057,2.1901292775517973,1.9269680612321607,2.3946238058200757,1.9344413823878543,20.0,40.0,33.429253995399286,44.928870655379875,0.0,0.8249408476781575,22.333262617410554,0.0,43.87010333682827,44.88490897048008,42.84533422775971,2.039574742720376,0.008796426719557436,0.7465306773703424,0.833750361810088,0.6502103134729121,0.03479246910475564,0.18354004833717585,0,0
em2x3125u_mechanical_looseness_timeseries.csv,EMB_COMP_001,EM2X3125U,mechanical_looseness,steady_state,2026-01-01 00:06:16.000,2026-01-01 00:06:17.990,376.0,377.99,200,0.06372755181574645,0.03428901961223628,0.06372739594044897,0.03428900448356375,0.1297555460582273,0.0646029176943975,2.0360980825591044,1.884070131633145,2.367749092738739,1.918874332931131,20.0,40.0,35.086113046478076,46.15615879882514,0.0,0.7852614163019285,22.73064477641516,0.0,44.75340931927789,45.76796965165697,43.73072738672068,2.037242264936289,0.008951695732589006,0.7523026901674328,0.833750361810088,0.6654574079955277,0.034261593458872024,0.16829295381456033,0,0
em2x3125u_mechanical_looseness_timeseries.csv,EMB_COMP_001,EM2X3125U,mechanical_looseness,steady_state,2026-01-01 00:06:17.000,2026-01-01 00:06:18.990,377.0,378.99,200,0.06507554349715886,0.03499264524527894,0.06507377707143329,0.03499159739045022,0.1341285346792608,0.0664461371209849,2.0611204681696855,1.8988600791747672,2.3906857543737545,1.9324996194053985,20.0,40.0,37.58598146888484,47.11216796247684,0.0,0.8149026729197804,23.673543167001696,0.0,45.63461764470972,46.65593352189756,44.66425146990417,1.9916820519933864,0.008655763880785868,0.7572548253789435,0.85823135693529,0.6654574079955277,0.03361876697151336,0.1927739489397623,0,0
em2x3125u_mechanical_looseness_timeseries.csv,EMB_COMP_001,EM2X3125U,mechanical_looseness,steady_state,2026-01-01 00:06:18.000,2026-01-01 00:06:19.990,378.0,379.99,200,0.06411947793883925,0.03486694322259585,0.06411926346124835,0.03486639386960856,0.1341285346792608,0.0664461371209849,2.091853193302667,1.9057058342276436,2.428024988635794,1.9541198137337594,20.0,40.0,36.94530346254986,45.28553526322748,0.0,0.9071158150023158,23.40846927319187,0.0,46.515067259168916,47.41855268076701,45.58105330413116,1.8374993766358472,0.008819895128881669,0.7485751363646824,0.85823135693529,0.6658652476122532,0.03518586907355689,0.19236610932303677,0,0
em2x3125u_mechanical_looseness_timeseries.csv,EMB_COMP_001,EM2X3125U,mechanical_looseness,shutdown,2026-01-01 00:06:19.000,2026-01-01 00:06:20.990,379.0,380.99,200,0.0461502448161275,0.02548010599876041,0.04614486960704161,0.025479761243930185,0.1285077669026185,0.0611350964594476,2.7845522253375057,2.399326614356384,4.180337214915835,3.238862327938266,40.0,40.0,19.795367596512072,22.793831412682906,0.0,0.5932081940578653,12.392846790759343,0.0,46.824102976014984,47.41855268076701,46.13713085253555,1.2814218282314584,-0.0022886748308688816,0.5816116724507772,0.8506972735183184,0.2802325698603553,0.17337480143327852,0.5704647036579631,0,0
em2x3125u_mechanical_looseness_timeseries.csv,EMB_COMP_001,EM2X3125U,mechanical_looseness,shutdown,2026-01-01 00:06:20.000,2026-01-01 00:06:21.990,380.0,381.99,200,0.01500929390584354,0.009418914830115725,0.015009288371195698,0.009418159954607735,0.035955343857879,0.0213107053262749,2.3955386631399476,2.2625435849718865,2.3667807904835847,2.339495188746602,40.0,40.0,0.3645295978916162,4.14170970523698,0.0,0.20818602875142192,1.5675634274342516,0.0,46.1838743520881,47.20889322641384,45.15309532117652,2.05579790523732,-0.010027404767910565,0.2794582013168066,0.5697645110714611,0.0018090707206829,0.16284157835516877,0.5679554403507782,0,0
em2x3125u_mechanical_looseness_timeseries.csv,EMB_COMP_001,EM2X3125U,mechanical_looseness,idle,2026-01-01 00:06:21.000,2026-01-01 00:06:22.990,381.0,382.99,200,0.0074838114524170786,0.004907773212690385,0.007471196164283698,0.004903988660052967,0.0277363305869194,0.0148775839079249,3.7061770948226225,3.0314326402562473,4.748069448227374,4.4677164001213825,40.0,40.0,0.19363135761672665,0.923057824581249,0.0,0.10696044913772267,0.37407108730013566,0.0,45.35993438367881,46.23922687264037,44.73341477718023,1.5058120954601435,-0.006525007960676851,0.06970514572981983,0.2891353877581568,0.0,0.08931015083571005,0.2891353877581568,0,0
em2x3125u_mechanical_looseness_timeseries.csv,EMB_COMP_001,EM2X3125U,mechanical_looseness,idle,2026-01-01 00:06:22.000,2026-01-01 00:06:23.990,382.0,383.99,200,0.0014874087167507015,0.0011343555505131044,0.0014855289149146977,0.0011340156789110384,0.0049411634169532,0.0033439581919668,3.3219943928709466,2.9478924755595575,2.6756808588511456,2.9973931963133174,29.0,48.5,0.02807193117166853,0.016078640871941597,0.0,0.013410496509998973,0.012430914625987713,0.0,44.849073084632,45.271473537169285,44.3912815153046,0.880192021864687,-0.0037519619613361264,0.0008070015429046389,0.007216038009543,0.0,0.0011837229210326457,0.007216038009543,0,0
em2x3125u_mechanical_looseness_timeseries.csv,EMB_COMP_001,EM2X3125U,mechanical_looseness,idle,2026-01-01 00:06:23.000,2026-01-01 00:06:24.990,383.0,384.99,200,0.0014370558959742744,0.00115936496249341,0.001428516193396042,0.0011584564216920545,0.0049411634169532,0.0031141075783154,3.438393336539816,2.686045964006007,3.101252886722009,2.8855572270539405,12.5,48.5,0.02530448584495008,0.016164363130167666,0.0,0.013717487150869137,0.01318932877112675,0.0,44.4809766901053,44.92571505843298,44.00441239176683,0.9213026666661506,-0.003668662120783792,0.0007651684217290105,0.0060042833851307,0.0,0.001153728783348674,0.0060042833851307,0,0
em2x3125u_mechanical_looseness_timeseries.csv,EMB_COMP_001,EM2X3125U,mechanical_looseness,idle,2026-01-01 00:06:24.000,2026-01-01 00:06:25.990,384.0,385.99,200,0.001506391413144915,0.0012214948809944957,0.0014995854546482111,0.0012146115790600824,0.0038223422977339,0.0031141075783154,2.53741641407391,2.549423355569046,2.5429745984715084,2.756247906065883,18.5,50.0,0.028168594594758022,0.017720884389696875,0.0,0.01637116854236458,0.013868159539210237,0.0,44.11033855618894,44.53897258315914,43.63407545639499,0.9048971267641548,-0.003829190808759965,0.0007956695495599258,0.0060042833851307,0.0,0.0011683361632356566,0.0060042833851307,0,0
em2x3125u_mechanical_looseness_timeseries.csv,EMB_COMP_001,EM2X3125U,mechanical_looseness,idle,2026-01-01 00:06:25.000,2026-01-01 00:06:26.990,385.0,386.99,200,0.0015722949340916006,0.0011935700641989367,0.001571589998674117,0.001192387296970025,0.0045643444152106,0.0029520992200835,2.902982332540343,2.4733355071742675,2.669002582776536,2.5413850880524578,48.5,3.5,0.030766276771871975,0.018736325642462394,0.0,0.015975482736175252,0.012767701487488426,0.0,43.7355032612627,44.13324559097574,43.31138065675086,0.8218649342248767,-0.0037069403514168224,0.0007688569710024731,0.0043511639013942,0.0,0.0011514866440948568,0.0043511639013942,0,0
em2x3125u_mechanical_looseness_timeseries.csv,EMB_COMP_001,EM2X3125U,mechanical_looseness,idle,2026-01-01 00:06:26.000,2026-01-01 00:06:27.990,386.0,387.99,200,0.0015098768391652382,0.0011725710531009048,0.0015077757921631888,0.0011635983383115724,0.0045643444152106,0.0038393208412227,3.022991211477936,3.2742756450191077,2.790090864146889,2.8404820162498194,48.5,35.5,0.027052989521637528,0.018444887559101564,0.0,0.014693199195786918,0.012394145739352921,0.0,43.359565764897326,43.82804856951,42.94738521425224,0.8806633552577594,-0.003844622024314206,0.000795339386723563,0.0059368984390508,0.0,0.0012261988332586736,0.0059368984390508,0,0
em2x3125u_mechanical_looseness_timeseries.csv,EMB_COMP_001,EM2X3125U,mechanical_looseness,idle,2026-01-01 00:06:27.000,2026-01-01 00:06:28.990,387.0,388.99,200,0.0015083556538491676,0.0011777874319430415,0.0015004681399331085,0.0011765117952732434,0.0045577268541702,0.0038393208412227,3.0216526470659306,3.25977399409741,2.9493793795623375,3.2184185238820935,34.0,43.0,0.027226169977454587,0.017824163642467927,0.0,0.015305527020217981,0.012597816421962716,0.0,42.98083791866542,43.42114058004074,42.55678450888721,0.8643560711535301,-0.0037127980439567096,0.0008815935727304688,0.0059368984390508,0.0,0.00125563688466343,0.0059368984390508,0,0
em2x3125u_mechanical_looseness_timeseries.csv,EMB_COMP_001,EM2X3125U,mechanical_looseness,idle,2026-01-01 00:06:28.000,2026-01-01 00:06:29.990,388.0,389.99,200,0.0014711029901024243,0.0012364303793736301,0.0014678493002523788,0.0012339934217555477,0.004708461789919,0.0036737783306059,3.2006336888698574,2.9712779561975977,3.3336910759970153,2.907975360516771,12.0,17.5,0.027753909051092828,0.015581521789939243,0.0,0.017632282974232198,0.01288801006763183,0.0,42.60475313491124,42.998739008202456,42.18270106296538,0.8160379452370776,-0.0037627454764994025,0.0009229772245040499,0.0055929918797521,0.0,0.0012524213737747762,0.0055929918797521,0,0
em2x3125u_mechanical_looseness_timeseries.csv,EMB_COMP_001,EM2X3125U,mechanical_looseness,idle,2026-01-01 00:06:29.000,2026-01-01 00:06:30.990,389.0,390.99,200,0.05722458311617169,0.04241325060649871,0.05721745560980691,0.04241182724997952,0.1963327093155479,0.1441537655324538,3.430915502118602,3.3987907899321925,5.387365046108529,4.638586527042186,40.0,40.0,17.35640438382397,48.21342031169438,0.0,6.358602191782068,29.62549040769198,0.0,35.651274744855606,42.65462731347871,27.79148192245129,14.863145391027423,-0.0993731025872109,2.4996379478232646,6.404982186002377,0.0,2.561089382309469,6.404982186002377,1,0
em2x3125u_mechanical_looseness_timeseries.csv,EMB_COMP_001,EM2X3125U,mechanical_looseness,startup,2026-01-01 00:06:30.000,2026-01-01 00:06:31.990,390.0,391.99,200,0.0813693277028052,0.060008810594208234,0.08135682277626366,0.059989631048407016,0.1963327093155479,0.1441537655324538,2.4128589341752584,2.4022100105807933,2.634703076536513,2.2259109412171716,40.0,40.0,35.45484016105038,96.92486092142518,0.0,11.626453988626842,60.35512863962466,0.0,29.898557841789025,31.92689520607232,27.79148192245129,4.1354132836210304,0.02022367281972892,3.6226788392684623,6.404982186002377,0.8113403400602351,1.5915091548567162,5.593641845942141,1,0
em2x3125u_mechanical_looseness_timeseries.csv,EMB_COMP_001,EM2X3125U,mechanical_looseness,startup,2026-01-01 00:06:31.000,2026-01-01 00:06:32.990,391.0,392.99,200,0.07368940794173784,0.04894345436354517,0.07368664288189009,0.04892717542357324,0.1673653933608931,0.1232638503888501,2.2712272772393516,2.518495108115242,2.6858364594659547,2.731480739502456,40.0,40.0,39.47989762314922,69.20065197807179,0.0,5.779015811355135,42.12069411054196,0.0,31.564746901688935,32.76954158002413,29.78754182432223,2.981999755701903,0.01346046912187944,1.4994135265014759,3.747209333722772,0.6506732930691472,0.9404202473527358,3.096536040653625,1,0
em2x3125u_mechanical_looseness_timeseries.csv,EMB_COMP_001,EM2X3125U,mechanical_looseness,steady_state,2026-01-01 00:06:32.000,2026-01-01 00:06:33.990,392.0,393.99,200,0.06500486415223156,0.035096962982578576,0.06500475163089925,0.03509456341623738,0.1270731713248922,0.0647217455529364,1.9548255808566275,1.8440839335603758,2.331932258519174,1.9363212022515193,20.0,40.0,37.01344048796913,47.50063101574636,0.0,0.7911674028981256,23.843190814729443,0.0,32.67185978252146,33.64100544563699,31.654385789888604,1.9866196557483882,0.009022170155582434,0.7511089484946902,0.8758463935948266,0.6506732930691472,0.03840443053711718,0.2251731005256794,0,0
em2x3125u_mechanical_looseness_timeseries.csv,EMB_COMP_001,EM2X3125U,mechanical_looseness,steady_state,2026-01-01 00:06:33.000,2026-01-01 00:06:34.990,393.0,394.99,200,0.06468206553177976,0.035057681462858446,0.0646819268869847,0.03505735851812997,0.1255382187084984,0.0647217455529364,1.940850491962392,1.8461501973969754,2.296539986105054,1.9186804911336544,20.0,40.0,36.413958455403275,47.26264327434002,0.0,0.7192842683931072,23.86111839429443,0.0,33.57391907224089,34.64160066823286,32.56217233533684,2.079428332896022,0.008969797187638268,0.7502283566668663,0.8490764449341576,0.653026470111224,0.03831398374189533,0.19604997482293363,0,0
em2x3125u_mechanical_looseness_timeseries.csv,EMB_COMP_001,EM2X3125U,mechanical_looseness,steady_state,2026-01-01 00:06:34.000,2026-01-01 00:06:35.990,394.0,395.99,200,0.06295114468044867,0.0339397328953081,0.06295111095628843,0.0339387845982202,0.1286145334581225,0.0631998630184358,2.043084905143393,1.862120223909384,2.3411684157203996,1.9529683637991466,20.0,40.0,34.1738370203341,45.088023951581285,0.0,0.7694785378062762,22.267346062804354,0.0,34.47489601550965,35.69519914513089,33.50410223870836,2.19109690642253,0.009019118888172873,0.7500111672184286,0.8316269260941286,0.6499585286372791,0.034472527423168975,0.18166839745684948,0,0
em2x3125u_mechanical_looseness_timeseries.csv,EMB_COMP_001,EM2X3125U,mechanical_looseness,steady_state,2026-01-01 00:06:35.000,2026-01-01 00:06:36.990,395.0,396.99,200,0.06185387776552932,0.03360995968288198,0.061853383597555704,0.03360780274611975,0.1310649939557623,0.0601036394954803,2.1189454677779924,1.7882687174448448,2.380364980253372,1.959869254070665,20.0,40.0,32.51236883046637,44.005018512696715,0.0,0.7865505471016155,21.806939406879184,0.0,35.37870070779049,36.38444694624263,34.32251925609343,2.0619276901492043,0.009136741546526056,0.7488187290675689,0.8351776855976539,0.6499585286372791,0.0328468856374356,0.18521915696037483,0,0
em2x3125u_mechanical_looseness_timeseries.csv,EMB_COMP_001,EM2X3125U,mechanical_looseness,steady_state,2026-01-01 00:06:36.000,2026-01-01 00:06:37.990,396.0,397.99,200,0.06282917526166741,0.03426187633421938,0.06282917153913803,0.034261742499224604,0.1310649939557623,0.06303600290101,2.08605307024818,1.8398292693051426,2.3683658532547542,1.9280392654793364,20.0,40.0,33.63194807081203,45.32997450666978,0.0,0.768155175568522,22.71097755669859,0.0,36.27835883945926,37.26460450215362,35.303536231632805,1.961068270520812,0.009070035429121086,0.7530402932949616,0.8805272696896866,0.6509431588760992,0.03451182541223695,0.22958411081358743,0,0
em2x3125u_mechanical_looseness_timeseries.csv,EMB_COMP_001,EM2X3125U,mechanical_looseness,steady_state,2026-01-01 00:06:37.000,2026-01-01 00:06:38.990,397.0,398.99,200,0.06475564071529356,0.0348021793863844,0.06475438599916625,0.03480129302960883,0.1341910571821619,0.06303600290101,2.07226823331345,1.8112659612826278,2.3367892908800743,1.9520114461011664,20.0,40.0,36.252143943175966,47.610662243466194,0.0,0.8715920555613232,23.351054269831558,0.0,37.182798087902135,38.20931030629539,36.0734645893748,2.135845716920592,0.009183006273884606,0.753088203019426,0.8805272696896866,0.6497886748220321,0.037093560447037224,0.23073859486765458,0,0
em2x3125u_mechanical_looseness_timeseries.csv,EMB_COMP_001,EM2X3125U,mechanical_looseness,steady_state,2026-01-01 00:06:38.000,2026-01-01 00:06:39.990,398.0,399.99,200,0.06447918957576365,0.034660746540549056,0.06447298328247437,0.03465750248488013,0.1341910571821619,0.0613590443486228,2.081152974549814,1.770274748030595,2.3704268315664265,1.9920965256938306,20.0,40.0,36.03239251632997,47.10345785186331,0.0,0.9606872139064362,23.06221749636066,0.0,38.081910529425656,39.19601416143733,37.0023365087236,2.193677652713731,0.008929241063257794,0.7507528978091588,0.8295680681062971,0.6472326912508223,0.037302206082418216,0.18233537685547485,0,0
em2x3125u_mechanical_looseness_timeseries.csv,EMB_COMP_001,EM2X3125U,mechanical_looseness,steady_state,2026-01-01 00:06:39.000,2026-01-01 00:06:40.990,399.0,400.99,200,0.06297668608128817,0.03409305260676956,0.06297348017931527,0.03409101243847129,0.1314437905329536,0.0613590443486228,2.0871817606167844,1.7997521388401365,2.44071602360205,1.9857702529443584,20.0,40.0,34.01653935303222,45.31718581139889,0.0,0.9041855486752435,22.340088726843867,0.0,38.97898074546507,40.01017183572819,37.9613112825537,2.0488605531744852,0.009248046093757185,0.7502705183906225,0.8253253885755999,0.6472326912508223,0.03493239940018348,0.17809269732477762,0,0
em2x3125u_mechanical_looseness_timeseries.csv,EMB_COMP_001,EM2X3125U,mechanical_looseness,steady_state,2026-01-01 00:06:40.000,2026-01-01 00:06:41.990,400.0,401.99,200,0.06222359350740933,0.033807659451731975,0.06222141960552531,0.03380765942037092,0.1314437905329536,0.0612103667260035,2.1124429356093333,1.810547305512085,2.442481704277073,1.946961021717746,20.0,40.0,32.79552315569276,44.668483282634575,0.0,0.8304668597159758,22.029975423960757,0.0,39.887071947959306,40.91429284242916,38.88044888525438,2.0338439571747813,0.00913305406697884,0.7484993992321515,0.8375473465655473,0.6724683107173873,0.03315237780451127,0.16507903584815997,0,0
em2x3125u_mechanical_looseness_timeseries.csv,EMB_COMP_001,EM2X3125U,mechanical_looseness,steady_state,2026-01-01 00:06:41.000,2026-01-01 00:06:42.990,401.0,402.99,200,0.06361321950335347,0.03459833164177155,0.06361298548935362,0.03459567670010179,0.1287450051812543,0.0612103667260035,2.0238718647853897,1.769171050204701,2.3896463858137955,1.9300749203430796,20.0,40.0,34.4873417323126,46.478954302732284,0.0,0.8329246985416333,23.10689268456777,0.0,40.792020402955956,41.85435515651807,39.74405544895946,2.1102997075586103,0.008946913150414392,0.7488208009786987,0.8442440981638857,0.6545220184293976,0.035861186160147523,0.18972207973448807,0,0
em2x3125u_mechanical_looseness_timeseries.csv,EMB_COMP_001,EM2X3125U,mechanical_looseness,steady_state,2026-01-01 00:06:42.000,2026-01-01 00:06:43.990,402.0,403.99,200,0.06553103486010226,0.03540551362401264,0.06553063241250727,0.03540156592474166,0.1336105918312933,0.064590898230835,2.0388903077225846,1.8243175036734482,2.397415583449931,1.955895649353479,20.0,40.0,36.65308122294658,49.25964841138935,0.0,0.9166069494526224,24.159165103533,0.0,41.69683007252175,42.7201751189149,40.707591735505375,2.0125833834095275,0.009010083022404932,0.7482152665824612,0.8442440981638857,0.6523272899313522,0.036165331440395944,0.19191680823253343,0,0
em2x3125u_mechanical_looseness_timeseries.csv,EMB_COMP_001,EM2X3125U,mechanical_looseness,steady_state,2026-01-01 00:06:43.000,2026-01-01 00:06:44.990,403.0,404.99,200,0.06507862258402493,0.035184510229899144,0.06507821139302497,0.035184503903224154,0.1382109893028161,0.064590898230835,2.1237540656975002,1.835776533730086,2.4016197353777677,1.9719033330228477,20.0,40.0,35.54830713918978,49.15648371395875,0.0,0.8831996485055139,23.882252059198542,0.0,42.59434023471908,43.60640543711556,41.61233553136858,1.9940699057469828,0.008997658271642102,0.7481136510240239,0.8256616605843559,0.6477799761748215,0.03534323774130764,0.17788168440953434,0,0
em2x3125u_mechanical_looseness_timeseries.csv,EMB_COMP_001,EM2X3125U,mechanical_looseness,steady_state,2026-01-01 00:06:44.000,2026-01-01 00:06:45.990,404.0,405.99,200,0.06296103754193601,0.03415094904418137,0.06296014655829935,0.034150667976715975,0.1382109893028161,0.0638309856147868,2.195182841622629,1.8690838000492496,2.396333402594381,1.9824914037412384,20.0,40.0,33.23375864147346,46.046299187334746,0.0,0.769109054147546,22.55707987884804,0.0,43.49141284761258,44.580347295617294,42.45575174869853,2.124595546918762,0.009083535896624336,0.7459934686229129,0.8519059953494469,0.6422976641973548,0.037286624022560125,0.2096083311520921,0,0
em2x3125u_mechanical_looseness_timeseries.csv,EMB_COMP_001,EM2X3125U,mechanical_looseness,steady_state,2026-01-01 00:06:45.000,2026-01-01 00:06:46.990,405.0,406.99,200,0.061827976916105316,0.03382700224029729,0.06181976243093265,0.03382681415671236,0.1283027538152857,0.0700776226616342,2.075156914633974,2.071647441999824,2.4435238310547343,1.9751112307838417,20.0,40.0,31.53949784057571,44.894216951074,0.0,0.7775173663168529,22.11036632700448,0.0,44.40054291615907,45.356557897942224,43.405476021225496,1.951081876716728,0.009201663968356984,0.7475155261065884,0.8519059953494469,0.6422976641973548,0.03762927257198552,0.2096083311520921,0,0
em2x3125u_mechanical_looseness_timeseries.csv,EMB_COMP_001,EM2X3125U,mechanical_looseness,steady_state,2026-01-01 00:06:46.000,2026-01-01 00:06:47.990,406.0,407.99,200,0.06311260602134842,0.03442050635869919,0.06311139202261672,0.03442038217323322,0.1266179215020204,0.0700776226616342,2.0062223616497583,2.0359265471387604,2.4144248011876286,1.913643313224927,20.0,40.0,33.12692959585107,46.53445073745654,0.0,0.737694503392748,22.9584549666655,0.0,45.3025591453087,46.24517612421498,44.184334555124536,2.0608415690904422,0.008977354436881002,0.7497442611269978,0.8435136966772048,0.6582616606511467,0.03565522913699332,0.1852520360260581,0,0
em2x3125u_mechanical_looseness_timeseries.csv,EMB_COMP_001,EM2X3125U,mechanical_looseness,steady_state,2026-01-01 00:06:47.000,2026-01-01 00:06:48.990,407.0,408.99,200,0.06519063006893898,0.034936278940598677,0.0651873133053778,0.03493627528195072,0.1343656281215554,0.0646785312906672,2.0611187218080875,1.8513285688106214,2.392763302552763,1.9356525155589808,20.0,40.0,37.08052830974199,47.923932514890886,0.0,0.7542371855482337,23.661252077555037,0.0,46.195055233772656,47.25209228383759,45.10792113659156,2.144171147246034,0.008924986039293576,0.7501423261373197,0.8400677227788496,0.6582616606511467,0.03425136407483369,0.1818060621277029,0,0
em2x3125u_mechanical_looseness_timeseries.csv,EMB_COMP_001,EM2X3125U,mechanical_looseness,steady_state,2026-01-01 00:06:48.000,2026-01-01 00:06:49.990,408.0,409.99,200,0.06491898148369059,0.03469432255434047,0.06491152165345208,0.03469143889642266,0.1343656281215554,0.068624944171265,2.0697433177584847,1.9779877259104919,2.4144189566576646,1.9876970137817302,20.0,40.0,36.742756464587046,47.53030374213012,0.0,0.8411527646688032,23.22877942646665,0.0,47.102268829829015,48.218295902056354,46.06811689111038,2.150179010945976,0.009174522858575344,0.7501462116715365,0.8558064346676431,0.6476266574928772,0.03594537627263306,0.20817977717476588,0,0
em2x3125u_mechanical_looseness_timeseries.csv,EMB_COMP_001,EM2X3125U,mechanical_looseness,shutdown,2026-01-01 00:06:49.000,2026-01-01 00:06:50.990,409.0,410.99,200,0.0467338522184252,0.025382288464216526,0.046728787182975,0.025377979075966926,0.1343349844307521,0.068624944171265,2.8744684645917,2.7036547263266333,4.160995361453245,3.3633596993660007,40.0,40.0,19.508856721255423,24.183349108580483,0.0,0.5586450946015956,12.32360623461373,0.0,47.567071193153105,48.218295902056354,46.99853970027901,1.2197562017773436,7.76534997192772e-06,0.584941137820726,0.8558064346676431,0.2751660042754293,0.17605102677553228,0.5806404303922137,0,0
em2x3125u_mechanical_looseness_timeseries.csv,EMB_COMP_001,EM2X3125U,mechanical_looseness,shutdown,2026-01-01 00:06:50.000,2026-01-01 00:06:51.990,410.0,411.99,200,0.014891510231047858,0.00900000159115962,0.014890851277346748,0.008998904091283719,0.0342907827650843,0.0208208257887562,2.3027068600194887,2.313424678636474,2.2594150058675333,2.3788838133127284,40.0,40.0,0.2541385770575289,4.182092332302451,0.0,0.18099020699406732,1.4413219389348255,0.0,47.07349809524854,48.11546966970428,46.033668675920005,2.0818009937842774,-0.010033198420417557,0.2811310057631268,0.5752718121290631,0.0,0.16145683300132416,0.5752718121290631,0,0
em2x3125u_mechanical_looseness_timeseries.csv,EMB_COMP_001,EM2X3125U,mechanical_looseness,idle,2026-01-01 00:06:51.000,2026-01-01 00:06:52.990,411.0,412.99,200,0.0073644292136752915,0.004834827206167114,0.007364397720751887,0.004834057701879757,0.0252060396920583,0.0154842877884502,3.422673904618736,3.202655881620559,4.549315500709566,4.7094104093082905,40.0,40.0,0.15526692142718507,0.9295762192827539,0.0,0.10215654989385209,0.36635025863102316,0.0,46.259907118980124,47.215200987264105,45.72105093024611,1.4941500570179969,-0.006445261685843384,0.071143262212211,0.2903401232039246,0.0,0.0906486073705616,0.2903401232039246,0,0
em2x3125u_mechanical_looseness_timeseries.csv,EMB_COMP_001,EM2X3125U,mechanical_looseness,idle,2026-01-01 00:06:52.000,2026-01-01 00:06:53.990,412.0,413.99,200,0.0015998726233609386,0.0013008686712511312,0.0015979776814975337,0.0013008436767716319,0.0043874512814527,0.0039399150613832,2.742375372506684,3.028680103114424,3.0679531032984317,2.981653988235607,36.5,22.0,0.031984027139052046,0.019188695256107235,0.0,0.020575102881740442,0.01331157923216321,0.0,45.75867973772331,46.22331720512948,45.32651462358848,0.896802581541003,-0.003688163952374936,0.0008192418127381465,0.0047170472086623,0.0,0.0011472520053183613,0.0047170472086623,0,0
em2x3125u_mechanical_looseness_timeseries.csv,EMB_COMP_001,EM2X3125U,mechanical_looseness,idle,2026-01-01 00:06:53.000,2026-01-01 00:06:54.990,413.0,414.99,200,0.0014629390199097547,0.0012684950809219143,0.0014542521301653206,0.0012683378954317093,0.0043874512814527,0.0029220510921271,2.99906641475962,2.303557290898927,3.0898720902662062,2.4493712678884725,36.5,43.5,0.02376012454325102,0.018596010950247564,0.0,0.017125605025728755,0.015453101593898792,0.0,45.38562114429696,45.8340253123281,44.943049084565686,0.8909762277624154,-0.0037523886915546414,0.0009733661419660569,0.0059974696651029,0.0,0.0012057168046112675,0.0059974696651029,0,0
em2x3125u_mechanical_looseness_timeseries.csv,EMB_COMP_001,EM2X3125U,mechanical_looseness,idle,2026-01-01 00:06:54.000,2026-01-01 00:06:55.990,414.0,415.99,200,0.0014588727087265659,0.0012305735911225472,0.0014481050791429304,0.0012304933432240696,0.003718460237759,0.003983426102381,2.548858591648344,3.23704826035415,2.851904780611022,2.7635556332906606,9.0,49.5,0.02450229543521911,0.01751467260117924,0.0,0.016807333783183942,0.01352052724252377,0.0,45.013819058297884,45.45940128954948,44.56757358695796,0.8918277025915202,-0.0037709065814540642,0.0008506995130542858,0.0059974696651029,0.0,0.0011811694385167862,0.0059974696651029,0,0
em2x3125u_mechanical_looseness_timeseries.csv,EMB_COMP_001,EM2X3125U,mechanical_looseness,idle,2026-01-01 00:06:55.000,2026-01-01 00:06:56.990,415.0,416.99,200,0.0013979753134026251,0.0012169873277427308,0.0013976329637123697,0.0012082850497178524,0.003718460237759,0.0040349570243105,2.6598897720936088,3.3155292025879533,2.912246230461861,3.5506732548932636,9.0,9.5,0.025773016714185595,0.013327909039724011,0.0,0.01883090372716756,0.010375380973010368,0.0,44.63629668868127,45.07140281581086,44.18955819452211,0.8818446212887565,-0.003826483906278035,0.0006451209486515553,0.0048839195760653,0.0,0.001043255102270324,0.0048839195760653,0,0
em2x3125u_mechanical_looseness_timeseries.csv,EMB_COMP_001,EM2X3125U,mechanical_looseness,idle,2026-01-01 00:06:56.000,2026-01-01 00:06:57.990,416.0,417.99,200,0.0013998723400627474,0.0012258832966957533,0.001398849689022606,0.001205275890085207,0.0048783989510198,0.0040349570243105,3.4848884511862934,3.2914691269440786,3.260491985779123,3.7035953857157535,16.5,49.0,0.021864261773780053,0.01727961964672187,0.0,0.018322757045157213,0.011038720941256052,0.0,44.25696838102262,44.655815041780045,43.84044021507186,0.8153748267081866,-0.00370639164307408,0.0007638226180243977,0.0053332301632779,0.0,0.0011010657722240033,0.0053332301632779,0,0
em2x3125u_mechanical_looseness_timeseries.csv,EMB_COMP_001,EM2X3125U,mechanical_looseness,idle,2026-01-01 00:06:57.000,2026-01-01 00:06:58.990,417.0,418.99,200,0.0014953760118308571,0.001189943369787014,0.0014950663294253908,0.0011898605530962733,0.0048783989510198,0.0035372416647834,3.26232259473452,2.9726134491732368,3.5581934100797197,2.824721915202361,46.5,40.0,0.02442476550923576,0.020334588558593682,0.0,0.017096712351529073,0.011639153152564509,0.0,43.886965216576144,44.32609313569681,43.472308207824256,0.8537849278725531,-0.003667746617263529,0.000951587055185144,0.0053332301632779,0.0,0.0012763479485582963,0.0053332301632779,0,0
em2x3125u_mechanical_looseness_timeseries.csv,EMB_COMP_001,EM2X3125U,mechanical_looseness,idle,2026-01-01 00:06:58.000,2026-01-01 00:06:59.990,418.0,419.99,200,0.0014637566023322133,0.0011875409894175311,0.0014619557760900943,0.0011825928668375272,0.0041744861790228,0.0030112056992576,2.8518991288384714,2.5356646432343743,3.166731273724439,2.551687852966483,16.5,11.0,0.024263468171796167,0.018499899374154458,0.0,0.018180609217489332,0.010118066849825991,0.0,43.51476404461324,43.98672122617736,43.084136932443975,0.9025842937333834,-0.0037677023321969014,0.0008750183869193756,0.0053030212958607,0.0,0.0012427267609180673,0.0053030212958607,0,0
em2x3125u_mechanical_looseness_timeseries.csv,EMB_COMP_001,EM2X3125U,mechanical_looseness,idle,2026-01-01 00:06:59.000,2026-01-01 00:07:00.990,419.0,420.99,200,0.057751842975979004,0.041110234862650946,0.05774509412864853,0.04111013308998329,0.1583233301853216,0.1287659288155979,2.7414420393678824,3.1322109748534426,4.794177016542049,4.381242359169691,40.0,40.0,15.70037566064311,50.99854371274507,0.0,8.663260020899616,25.13761424039999,0.0,36.26410275445768,43.59029800774258,28.109290512493512,15.48100749524907,-0.10384688202591773,2.5009191487216613,6.438589963250212,0.0,2.562770167347303,6.438589963250212,1,0
em2x3125u_mechanical_looseness_timeseries.csv,EMB_COMP_001,EM2X3125U,mechanical_looseness,startup,2026-01-01 00:07:00.000,2026-01-01 00:07:01.990,420.0,421.99,200,0.08326990973281334,0.057323772040776245,0.08326756597000602,0.05730600227478348,0.1714527702889551,0.1287659288155979,2.0590003140281103,2.246291969830641,2.447670462588908,2.23698684382086,40.0,40.0,33.651026870446216,105.06580555976485,0.0,13.82017211606167,51.87835393798337,0.0,30.203894510943524,32.25357684903991,28.109290512493512,4.144286336546397,0.020050681366620617,3.621808011371827,6.438589963250212,0.8252585074225177,1.594582518729145,5.613331455827694,1,0
em2x3125u_mechanical_looseness_timeseries.csv,EMB_COMP_001,EM2X3125U,mechanical_looseness,startup,2026-01-01 00:07:01.000,2026-01-01 00:07:02.990,421.0,422.99,200,0.0751691937394767,0.047055414821870895,0.07516917089711862,0.04702665277724847,0.1714527702889551,0.1279135822736839,2.2808914364996444,2.7183605278564227,2.6647193234084794,2.7157222398860243,40.0,40.0,38.81975059366211,74.21319426952353,0.0,5.679713506858774,38.55393630498993,0.0,31.847140133208505,33.12394950952314,30.204932989267203,2.9190165202559406,0.013278448488815391,1.4972388499499367,3.610486000494448,0.6806254923400837,0.9377387723233093,2.929860508154364,1,0
em2x3125u_mechanical_looseness_timeseries.csv,EMB_COMP_001,EM2X3125U,mechanical_looseness,steady_state,2026-01-01 00:07:02.000,2026-01-01 00:07:03.990,422.0,423.99,200,0.06510370198524798,0.035316827834391155,0.06510300685919991,0.03531674075459349,0.1298946179124266,0.0634743263877221,1.995195571856417,1.7972827765100543,2.370594971373232,1.9322621587296878,20.0,40.0,37.08819794152975,47.680064902608756,0.0,0.9211133654456719,24.02907253250992,0.0,32.95609892684059,33.9906631865681,31.888624363190253,2.102038823377846,0.009309412722500646,0.750314629402648,0.8498995863086184,0.641672910931626,0.03557790304198332,0.20822667537699235,0,0
em2x3125u_mechanical_looseness_timeseries.csv,EMB_COMP_001,EM2X3125U,mechanical_looseness,steady_state,2026-01-01 00:07:03.000,2026-01-01 00:07:04.990,423.0,424.99,200,0.0648189159707377,0.03517928103001814,0.0648178085879686,0.03517927969254079,0.1320435541297906,0.0680660782868428,2.0371145082000637,1.934834263064179,2.375338771078903,1.9684236151371621,20.0,40.0,35.726559083746665,48.31558988085876,0.0,0.8807408226450392,23.870931652693784,0.0,33.88306939982593,34.946031232983906,32.924920765595886,2.02111046738802,0.009208938189035974,0.7502880402930159,0.8406470999845178,0.641672910931626,0.03858288947882101,0.19897418905289177,0,0
em2x3125u_mechanical_looseness_timeseries.csv,EMB_COMP_001,EM2X3125U,mechanical_looseness,steady_state,2026-01-01 00:07:04.000,2026-01-01 00:07:05.990,424.0,425.99,200,0.06219879238934011,0.03439294140555779,0.06219402820063185,0.0343926064447308,0.134740597900609,0.0680660782868428,2.166289613103508,1.9790711554506222,2.442346162417687,1.9605472447664654,20.0,40.0,32.66010572634851,44.72080264187262,0.0,0.8675349967608198,22.790237211206442,0.0,34.813318872019146,35.85260196507804,33.74735073797977,2.1052512270982646,0.009364554100968776,0.7515508008513383,0.8954012054368309,0.6474840997453662,0.040088546786334875,0.24791710569146463,0,0
em2x3125u_mechanical_looseness_timeseries.csv,EMB_COMP_001,EM2X3125U,mechanical_looseness,steady_state,2026-01-01 00:07:05.000,2026-01-01 00:07:06.990,425.0,426.99,200,0.06203992113358943,0.03388311316757926,0.06203974583621975,0.033882515651768336,0.134740597900609,0.064144495754394,2.171837027491936,1.8931110443467178,2.4353926854854224,1.9617906876584488,20.0,40.0,32.42595556168209,44.55282076489746,0.0,0.9139186756488651,22.047739192401917,0.0,35.73333769119283,36.78327556668781,34.65450545129995,2.1287701153878658,0.00904405190131886,0.7502236843331407,0.8954012054368309,0.656210527624743,0.03774252683042637,0.23919067781208792,0,0
em2x3125u_mechanical_looseness_timeseries.csv,EMB_COMP_001,EM2X3125U,mechanical_looseness,steady_state,2026-01-01 00:07:06.000,2026-01-01 00:07:07.990,426.0,427.99,200,0.06454891809044264,0.03420872362719849,0.06454891413766407,0.03420765118248773,0.1294336643822078,0.064144495754394,2.0052026929537683,1.8750917588575078,2.334605909668255,1.9451914983454883,20.0,40.0,35.68146740123661,47.650808197477915,0.0,0.8935433049122945,22.510063314647997,0.0,36.646310370407726,37.68106249563681,35.66594652453676,2.0151159711000517,0.009287319231762625,0.7488073901863039,0.8265459143473202,0.6580731037089035,0.034083707873796464,0.16847281063841668,0,0
em2x3125u_mechanical_looseness_timeseries.csv,EMB_COMP_001,EM2X3125U,mechanical_looseness,steady_state,2026-01-01 00:07:07.000,2026-01-01 00:07:08.990,427.0,428.99,200,0.0661211298719585,0.03475449793181963,0.06612058911137314,0.03475392356827665,0.1373593659264503,0.0638699281012239,2.0773898781288582,1.83774567040278,2.36925280086402,1.9633970134598349,20.0,40.0,38.16018751003561,49.286469897752106,0.0,0.9031919191432577,23.254677756519683,0.0,37.57262635477391,38.602031046913616,36.53689415862266,2.065136888290958,0.009289843658019381,0.7472309446618536,0.8265459143473202,0.6139176261834185,0.03266550303238475,0.21262828816390167,0,0
em2x3125u_mechanical_looseness_timeseries.csv,EMB_COMP_001,EM2X3125U,mechanical_looseness,steady_state,2026-01-01 00:07:08.000,2026-01-01 00:07:09.990,428.0,429.99,200,0.0650706598153292,0.03515744294003731,0.06507032079670418,0.03515701106706721,0.1373593659264503,0.0671491997716631,2.1109262810040152,1.9099568727506506,2.456500211653076,1.9851910158549393,20.0,40.0,36.809623911637665,47.87337427477322,0.0,0.9296640299353782,23.790686547246278,0.0,38.48783992893763,39.50540581454316,37.45304146622698,2.052364348316182,0.009060681761790427,0.7472502539635633,0.8353041473790085,0.6139176261834185,0.03456255205515832,0.22138652119559,0,0
em2x3125u_mechanical_looseness_timeseries.csv,EMB_COMP_001,EM2X3125U,mechanical_looseness,steady_state,2026-01-01 00:07:09.000,2026-01-01 00:07:10.990,429.0,430.99,200,0.06297271103679326,0.034443940346203634,0.06297269445838256,0.03444291417341301,0.133644267459903,0.0671491997716631,2.122256851572076,1.9495214280576407,2.394327434103573,1.982515028426759,20.0,40.0,34.127665098053015,45.18404830781811,0.0,0.8659395631973991,22.860362991887094,0.0,39.41080566577471,40.522874515240645,38.2428128706324,2.280061644608246,0.009371522489975668,0.7492413994239677,0.8503744949775107,0.6366544392350123,0.03754333610971488,0.21372005574249842,0,0
em2x3125u_mechanical_looseness_timeseries.csv,EMB_COMP_001,EM2X3125U,mechanical_looseness,steady_state,2026-01-01 00:07:10.000,2026-01-01 00:07:11.990,430.0,431.99,200,0.062130979498016665,0.03412808833828087,0.06213094530881617,0.03412700352652102,0.1349338932937453,0.0649730807807018,2.171765106295365,1.9038007677629762,2.4164597472247014,1.9412919111172289,20.0,40.0,32.93128005863344,44.27808733146293,0.0,0.7426095517620686,22.552045058174663,0.0,40.337642392421145,41.39575760099761,39.33369820824582,2.0620593927517916,0.00918466921454154,0.7489677265183698,0.8834551205763059,0.6366544392350123,0.03918511388224927,0.24680068134129363,0,0
em2x3125u_mechanical_looseness_timeseries.csv,EMB_COMP_001,EM2X3125U,mechanical_looseness,steady_state,2026-01-01 00:07:11.000,2026-01-01 00:07:12.990,431.0,432.99,200,0.0633967157967733,0.03474967966822066,0.0633966582769437,0.03474731448880032,0.1349338932937453,0.0649730807807018,2.1284051010827443,1.8697461789876901,2.4291815917364916,1.9032694796212348,20.0,40.0,34.895823714622196,45.49011150335557,0.0,0.7204134536392454,23.427743470106712,0.0,41.248071299753384,42.23263445827335,40.2795574333216,1.953077024951753,0.009088335181193792,0.7473738695807859,0.8834551205763059,0.6545375981335508,0.03813093322096916,0.2289175224427551,0,0
em2x3125u_mechanical_looseness_timeseries.csv,EMB_COMP_001,EM2X3125U,mechanical_looseness,steady_state,2026-01-01 00:07:12.000,2026-01-01 00:07:13.990,432.0,433.99,200,0.06532621127142332,0.034887113117724494,0.06532599935349423,0.034885315488237305,0.1297848556647703,0.0628872783790161,1.9867194674053315,1.8025933578054083,2.3402826298585397,1.907407394916764,20.0,40.0,37.42261361843555,47.92723754339098,0.0,0.8018800383590041,23.539453099729542,0.0,42.16794352648898,43.14452130221554,41.0850671036466,2.059454198568936,0.009210358544082017,0.7483859450173042,0.8572558057304279,0.6545375981335508,0.035524229788001446,0.2027182075968771,0,0
em2x3125u_mechanical_looseness_timeseries.csv,EMB_COMP_001,EM2X3125U,mechanical_looseness,steady_state,2026-01-01 00:07:13.000,2026-01-01 00:07:14.990,433.0,434.99,200,0.06534448654494115,0.03496105819045797,0.0653439810677189,0.034961018932464394,0.1277838236694281,0.0657996983524929,1.955541016938649,1.8820854332850776,2.3830462270427715,1.9406919688910298,20.0,40.0,36.767437577264744,48.629512162686424,0.0,0.9250082301834832,23.520855043247913,0.0,43.09273183019082,44.07523897454717,42.08195226159295,1.993286712954216,0.009165050423867978,0.7505941562717091,0.8572558057304279,0.6632958421916851,0.034757204502920296,0.19395996353874279,0,0
em2x3125u_mechanical_looseness_timeseries.csv,EMB_COMP_001,EM2X3125U,mechanical_looseness,steady_state,2026-01-01 00:07:14.000,2026-01-01 00:07:15.990,434.0,435.99,200,0.06325419268842093,0.034231212368048804,0.06325319173570429,0.03423117923214541,0.1277838236694281,0.0657996983524929,2.0201636956915854,1.922213494661671,2.420339928826356,1.9841020598008545,20.0,40.0,33.8501544483113,46.16920031918685,0.0,0.9693328680977513,22.466480082837368,0.0,44.00294290918871,45.056533811145606,43.02901153057836,2.027522280567247,0.009044839105945416,0.7493659137712563,0.8375841837478233,0.6632958421916851,0.03548005151369212,0.17428834155613815,0,0
em2x3125u_mechanical_looseness_timeseries.csv,EMB_COMP_001,EM2X3125U,mechanical_looseness,steady_state,2026-01-01 00:07:15.000,2026-01-01 00:07:16.990,435.0,436.99,200,0.0621307008059055,0.03383762927830359,0.06213053677058728,0.0338369188956299,0.1269847345175913,0.0632081383043457,2.0438323223536123,1.867983651705595,2.390098840562392,1.979900181099566,20.0,40.0,32.83507449910901,44.369422762340065,0.0,0.889001845453004,22.01222251082307,0.0,44.93664363758266,45.9813861914992,43.87614498246485,2.1052412090343466,0.009563480586730462,0.7487791683780779,0.8375841837478233,0.6649586578720463,0.03435982110734542,0.17262552587577695,0,0
em2x3125u_mechanical_looseness_timeseries.csv,EMB_COMP_001,EM2X3125U,mechanical_looseness,steady_state,2026-01-01 00:07:16.000,2026-01-01 00:07:17.990,436.0,437.99,200,0.06338065633410332,0.034841344701702234,0.06337791071386002,0.03484121557762013,0.1356504651083226,0.0619241562806254,2.1402502428068573,1.7773182065960844,2.4201555685729392,1.9701944792536072,20.0,40.0,34.83349884731826,45.507307608383854,0.0,0.9127531772029833,23.36713964403168,0.0,45.86487996450316,46.86583839188679,44.78043500099721,2.0854033908895815,0.008964298034621858,0.7508363659416818,0.8268546578099875,0.6481869923358863,0.0330152074397587,0.17866766547410118,0,0
em2x3125u_mechanical_looseness_timeseries.csv,EMB_COMP_001,EM2X3125U,mechanical_looseness,steady_state,2026-01-01 00:07:17.000,2026-01-01 00:07:18.990,437.0,438.99,200,0.06543377271500948,0.03531859117241763,0.06543131865976906,0.0353184834131455,0.1356504651083226,0.0637808505287473,2.0730955816827983,1.8058718768645992,2.4253489204243097,1.9652821261995757,20.0,40.0,38.066683824537265,47.5636447524404,0.0,0.9284334241469895,24.019601502634323,0.0,46.77461845490078,47.797528303799496,45.7518287303545,2.045699573444999,0.009258845359306248,0.7514274270193527,0.8268546578099875,0.6481869923358863,0.031997858831422164,0.17866766547410118,0,0
em2x3125u_mechanical_looseness_timeseries.csv,EMB_COMP_001,EM2X3125U,mechanical_looseness,steady_state,2026-01-01 00:07:18.000,2026-01-01 00:07:19.990,438.0,439.99,200,0.06541618062916843,0.034952492905416424,0.06541583266611127,0.03495072447822852,0.1322827215697173,0.0688160886475653,2.022171277769979,1.9688463662316114,2.3813956162733434,1.958649400917141,20.0,40.0,37.94776426750086,47.6382451253389,0.0,0.847786613715121,23.591335907335313,0.0,47.69388723048967,48.78104282584815,46.721528254561086,2.0595145712870604,0.009082575633287732,0.7518618766098463,0.8433456998482356,0.6888770978518872,0.03238672982558994,0.15446860199634838,0,0
em2x3125u_mechanical_looseness_timeseries.csv,EMB_COMP_001,EM2X3125U,mechanical_looseness,shutdown,2026-01-01 00:07:19.000,2026-01-01 00:07:20.990,439.0,440.99,200,0.04716646489581015,0.025825641181876868,0.04716639882673349,0.025825632735242316,0.1283790162371056,0.0688160886475653,2.721828242177837,2.6646420184857584,4.0925786164124744,3.2843546499975833,40.0,40.0,20.628606982298518,23.865365720286025,0.0,0.49886619594089415,12.84740739931963,0.0,48.04807863988717,48.78104282584815,47.40940867157847,1.3716341542696782,-0.001679055665177185,0.5864931956944908,0.8433456998482356,0.2741097284119307,0.17725303443564747,0.5692359714363049,0,0
em2x3125u_mechanical_looseness_timeseries.csv,EMB_COMP_001,EM2X3125U,mechanical_looseness,shutdown,2026-01-01 00:07:20.000,2026-01-01 00:07:21.990,440.0,441.99,200,0.014477604205010274,0.008987434115337284,0.0144649889482557,0.008979437970247691,0.0341542113244307,0.0240725479962589,2.359106578739798,2.6784672563194083,2.401824935854974,2.6549682433295243,40.0,40.0,0.26747956608051693,3.917242576093693,0.0,0.17852270859071703,1.4341600820327696,0.0,47.450410716062215,48.53625914485572,46.42684061969844,2.109418525157281,-0.009974777318897616,0.27953492146515707,0.5697802338890658,0.0,0.16296807714109496,0.5697802338890658,0,0
em2x3125u_mechanical_looseness_timeseries.csv,EMB_COMP_001,EM2X3125U,mechanical_looseness,idle,2026-01-01 00:07:21.000,2026-01-01 00:07:22.990,441.0,442.99,200,0.007049912075060997,0.004515608023037994,0.007045595112463529,0.004504582294371231,0.0223502126236409,0.0190150711463745,3.170282463905413,4.2109658432180765,4.705664751898838,6.29694268123235,40.0,40.0,0.1483226146197055,0.8444895425127217,0.0,0.0828151401297564,0.3235112326379332,0.0,46.61421055271603,47.54827358855789,45.99568310447464,1.5525904840832538,-0.006854549071644283,0.06964239075927964,0.2906105438145642,0.0,0.09011268116894561,0.2906105438145642,0,0
em2x3125u_mechanical_looseness_timeseries.csv,EMB_COMP_001,EM2X3125U,mechanical_looseness,idle,2026-01-01 00:07:22.000,2026-01-01 00:07:23.990,442.0,443.99,200,0.0014856275057312548,0.0011735674113796354,0.00148213804276928,0.0011732892203934102,0.0040093617904804,0.0031106132328134,2.6987665313230145,2.6505620407067974,2.5856456635527443,2.8742471849179294,38.5,49.0,0.023668673617056078,0.020277820613531353,0.0,0.015151767467886197,0.012647071651780393,0.0,46.08266668008939,46.51550688260357,45.62589485543111,0.8896120271724541,-0.003850934668060759,0.0007615651595035936,0.0051704615338253,0.0,0.001127336883167906,0.0051704615338253,0,0
em2x3125u_mechanical_looseness_timeseries.csv,EMB_COMP_001,EM2X3125U,mechanical_looseness,idle,2026-01-01 00:07:23.000,2026-01-01 00:07:24.990,443.0,444.99,200,0.0015003805963832119,0.0011746258744717106,0.0014980946778658695,0.0011740159373290057,0.0054121814218886,0.0032891584378646,3.6072056883000876,2.8001753659171715,3.2250986946351614,2.813717731672896,17.5,3.5,0.02780037713564846,0.017247605889560983,0.0,0.014320908051968286,0.013402187295025793,0.0,45.700880829306435,46.14147401807395,45.26076330034937,0.8807107177245825,-0.003810419194490953,0.0008158457833904838,0.0051704615338253,0.0,0.0011352563645591134,0.0051704615338253,0,0
em2x3125u_mechanical_looseness_timeseries.csv,EMB_COMP_001,EM2X3125U,mechanical_looseness,idle,2026-01-01 00:07:24.000,2026-01-01 00:07:25.990,444.0,445.99,200,0.0015346560586696997,0.0011253005981549829,0.0015333248386136728,0.0011252112433988526,0.0054121814218886,0.0032891584378646,3.5266412896320833,2.9229153910141243,3.407995520713177,2.672865953264075,17.5,41.5,0.0288869663214352,0.01840495244682916,0.0,0.012816034578708281,0.012830264433552604,0.0,45.32726061277088,45.76807156023592,44.90290480300805,0.8651667572278683,-0.003750133969348877,0.0008497805223780176,0.0051727902632024,0.0,0.0011577059284075177,0.0051727902632024,0,0
em2x3125u_mechanical_looseness_timeseries.csv,EMB_COMP_001,EM2X3125U,mechanical_looseness,idle,2026-01-01 00:07:25.000,2026-01-01 00:07:26.990,445.0,446.99,200,0.0015705824186268117,0.0012042673096605686,0.001567375083038064,0.0011998632691036341,0.0035667184703447,0.0041840664254829,2.2709527548787576,3.474366855197796,2.481032558512632,3.0445253805803207,0.5,8.0,0.027602691556646682,0.021621193918876628,0.0,0.017172631502646796,0.0119919876255236,0.0,44.95158834818467,45.44086275671395,44.46757999991743,0.9732827567965145,-0.0038351914287548874,0.0007487421768132788,0.0051727902632024,0.0,0.0011029435559493047,0.0051727902632024,0,0
em2x3125u_mechanical_looseness_timeseries.csv,EMB_COMP_001,EM2X3125U,mechanical_looseness,idle,2026-01-01 00:07:26.000,2026-01-01 00:07:27.990,446.0,447.99,200,0.0015174140213056392,0.001143328112732826,0.0015174081172400014,0.001129386317562446,0.0039485819828073,0.0041840664254829,2.602178395194868,3.659550026704046,2.5566976511755763,3.3523044288655224,1.0,15.0,0.029133680332822487,0.016921690929332125,0.0,0.015326464683821945,0.010217700468697452,0.0,44.57692865673542,45.02266586005042,44.125530748936974,0.8971351111134425,-0.003708422202976029,0.0008054922836155134,0.0056743853604952,0.0,0.0011743567453798417,0.0056743853604952,0,0
em2x3125u_mechanical_looseness_timeseries.csv,EMB_COMP_001,EM2X3125U,mechanical_looseness,idle,2026-01-01 00:07:27.000,2026-01-01 00:07:28.990,447.0,448.99,200,0.0014577512846211081,0.0011449551657514477,0.001451481124334387,0.0011382784143821325,0.0050737177379389,0.0036888485061581,3.4805098726135832,3.2218279077653356,2.9623589025962422,3.2365764865984095,14.5,42.0,0.02701343922198292,0.01514561251978149,0.0,0.013837349199757657,0.012183196216583165,0.0,44.20275219644532,44.65493639431442,43.76231738076317,0.8926190135512471,-0.003797944067133787,0.000784007929336892,0.0056743853604952,0.0,0.0011638205695935317,0.0056743853604952,0,0
em2x3125u_mechanical_looseness_timeseries.csv,EMB_COMP_001,EM2X3125U,mechanical_looseness,idle,2026-01-01 00:07:28.000,2026-01-01 00:07:29.990,448.0,449.99,200,0.0014431008497580848,0.0012586984827984789,0.0014339209121624762,0.0012532647123125015,0.0050737177379389,0.0036888485061581,3.5158441898148953,2.93068479589857,3.083706781192914,3.3085934342998264,10.0,32.0,0.02556900599688132,0.015820994733032993,0.0,0.016767877451857875,0.014898355946568447,0.0,43.82780996545218,44.24921886922271,43.37618270075272,0.8730361684699872,-0.003686380449469948,0.000704612227601461,0.0043618545534089,0.0,0.0010810134814701463,0.0043618545534089,0,0
