fault_mode,operating_state,normality_score,z_score_mean,hybrid_score,hybrid_threshold,predicted_anomaly,final_anomaly,expected_anomaly
bearing_fault,startup,-0.23631871799037873,3.958831916191614,4.195150634181993,0.9310432651296187,1,0,1
bearing_fault,startup,-0.23831567752932825,4.024597134754096,4.262912812283425,0.9310432651296187,1,0,1
bearing_fault,steady_state,-0.15810140004712137,2.1550400069247613,2.3131414069718828,0.9310432651296187,1,1,1
bearing_fault,steady_state,-0.02327744116927466,1.1785914936371313,1.201868934806406,0.9310432651296187,1,1,1
bearing_fault,steady_state,-0.027167026108073644,1.2535441062969397,1.2807111324050133,0.9310432651296187,1,1,1
bearing_fault,steady_state,-0.04050917326428016,1.2203118964283128,1.260821069692593,0.9310432651296187,1,1,1
bearing_fault,steady_state,-0.0850394745192612,1.470980491113926,1.5560199656331872,0.9310432651296187,1,1,1
bearing_fault,steady_state,-0.03843222477967667,1.2033706080589208,1.2418028328385975,0.9310432651296187,1,1,1
bearing_fault,steady_state,-0.12401910893095636,2.12599441594969,2.2500135248806465,0.9310432651296187,1,1,1
bearing_fault,steady_state,-0.13380203773424737,2.149725141340515,2.2835271790747624,0.9310432651296187,1,1,1
bearing_fault,steady_state,0.022319143284365683,1.0289231783279018,1.0066040350435361,0.9310432651296187,1,1,1
bearing_fault,steady_state,0.018259097867528218,0.9899706264463781,0.9717115285788499,0.9310432651296187,1,1,1
bearing_fault,steady_state,-0.10987835967745063,1.7656558865473846,1.8755342462248352,0.9310432651296187,1,1,1
bearing_fault,steady_state,-0.09713043497185325,1.7293964911387567,1.8265269261106098,0.9310432651296187,1,1,1
bearing_fault,steady_state,-0.1367105857553672,2.1481569943406185,2.2848675800959857,0.9310432651296187,1,1,1
bearing_fault,steady_state,-0.12779117853228028,2.1462325125566553,2.2740236910889355,0.9310432651296187,1,1,1
bearing_fault,steady_state,-0.1295008301063555,2.1038425380461576,2.233343368152513,0.9310432651296187,1,1,1
bearing_fault,steady_state,-0.1315854954378094,1.9361506221476295,2.0677361175854387,0.9310432651296187,1,1,1
bearing_fault,steady_state,0.019894381797094962,0.9959631686510991,0.9760687868540041,0.9310432651296187,1,1,1
bearing_fault,shutdown,-0.20665683238860566,3.2308993776715598,3.4375562100601655,0.9310432651296187,1,0,1
bearing_fault,shutdown,-0.20204740466845772,3.6120503395510903,3.814097744219548,0.9310432651296187,1,0,1
bearing_fault,idle,-0.2002795123789085,3.575116192786912,3.7753957051658205,0.9310432651296187,1,0,1
bearing_fault,idle,-0.1963108476338722,4.024163003034276,4.220473850668148,0.9310432651296187,1,0,1
bearing_fault,idle,-0.1963108476338722,4.012766392985656,4.209077240619528,0.9310432651296187,1,0,1
bearing_fault,idle,-0.19635973946876217,4.005001809887421,4.201361549356183,0.9310432651296187,1,0,1
bearing_fault,idle,-0.19612402549967467,3.995747344854819,4.191871370354494,0.9310432651296187,1,0,1
bearing_fault,idle,-0.19631020191372994,3.9860048471437195,4.18231504905745,0.9310432651296187,1,0,1
bearing_fault,idle,-0.1956382852146964,3.975731441372975,4.171369726587671,0.9310432651296187,1,0,1
bearing_fault,idle,-0.1960403316088113,3.9661974153554436,4.162237746964255,0.9310432651296187,1,0,1
bearing_fault,idle,-0.22480153312912343,3.9467614428535893,4.171562975982713,0.9310432651296187,1,0,1
bearing_fault,startup,-0.23831567752932825,3.9393636022571057,4.1776792797864335,0.9310432651296187,1,0,1
bearing_fault,startup,-0.23831567752932825,4.014673990329365,4.252989667858694,0.9310432651296187,1,0,1
bearing_fault,steady_state,-0.06328529063981181,1.4103373724292134,1.4736226630690252,0.9310432651296187,1,1,1
bearing_fault,steady_state,-0.007572929935870776,1.0431437268418426,1.0507166567777135,0.9310432651296187,1,1,1
bearing_fault,steady_state,-0.009969921834906414,1.1057500505642466,1.115719972399153,0.9310432651296187,1,1,1
bearing_fault,steady_state,-0.10335229064448914,1.943591506979043,2.0469437976235323,0.9310432651296187,1,1,1
bearing_fault,steady_state,-0.10447573040058011,1.949638522835489,2.054114253236069,0.9310432651296187,1,1,1
bearing_fault,steady_state,-0.09084858331774337,1.769744432681764,1.8605930159995072,0.9310432651296187,1,1,1
bearing_fault,steady_state,-0.09080664732346677,1.7594789445569894,1.8502855918804562,0.9310432651296187,1,1,1
bearing_fault,steady_state,-0.08934512804158812,1.881963261054072,1.9713083890956602,0.9310432651296187,1,1,1
bearing_fault,steady_state,-0.10892280876606264,1.8053586628874265,1.914281471653489,0.9310432651296187,1,1,1
bearing_fault,steady_state,-0.08693386593164099,1.380738529397866,1.467672395329507,0.9310432651296187,1,1,1
bearing_fault,steady_state,0.008158340274527998,1.0270970367455277,1.0189386964709997,0.9310432651296187,1,1,1
bearing_fault,steady_state,-0.09034109440245452,1.8732348648453871,1.9635759592478417,0.9310432651296187,1,1,1
bearing_fault,steady_state,-0.10881671054029296,1.850159615471194,1.958976326011487,0.9310432651296187,1,1,1
bearing_fault,steady_state,0.036078751561735456,0.924887779465022,0.8888090279032865,0.9310432651296187,0,0,1
bearing_fault,steady_state,0.03716857485236974,0.8984782550908978,0.861309680238528,0.9310432651296187,0,0,1
bearing_fault,steady_state,0.022557197582320665,0.9458478182671316,0.9232906206848109,0.9310432651296187,0,0,1
bearing_fault,steady_state,-0.03116396251130893,1.2869180882615894,1.3180820507728983,0.9310432651296187,1,1,1
bearing_fault,shutdown,-0.21285826627246807,3.365800419405174,3.5786586856776417,0.9310432651296187,1,0,1
bearing_fault,shutdown,-0.20219041298724472,3.624690674401784,3.8268810873890287,0.9310432651296187,1,0,1
bearing_fault,idle,-0.20523088138571133,3.606306906509384,3.8115377878950953,0.9310432651296187,1,0,1
bearing_fault,idle,-0.19933131366378354,4.044570371350818,4.243901685014602,0.9310432651296187,1,0,1
bearing_fault,idle,-0.19790264145847225,4.029228436595978,4.22713107805445,0.9310432651296187,1,0,1
bearing_fault,idle,-0.1963108476338722,3.8540786908564546,4.050389538490327,0.9310432651296187,1,0,1
bearing_fault,idle,-0.1963108476338722,4.013291463127162,4.209602310761034,0.9310432651296187,1,0,1
bearing_fault,idle,-0.19635973946876217,4.007398109929727,4.203757849398489,0.9310432651296187,1,0,1
bearing_fault,idle,-0.19683140687868805,3.997346546624352,4.19417795350304,0.9310432651296187,1,0,1
bearing_fault,idle,-0.19631020191372994,3.9782475320596875,4.174557733973417,0.9310432651296187,1,0,1
bearing_fault,idle,-0.22377627249004184,3.9327462746169433,4.156522547106985,0.9310432651296187,1,0,1
bearing_fault,startup,-0.23831567752932825,4.04768743673996,4.286003114269288,0.9310432651296187,1,0,1
bearing_fault,startup,-0.23831567752932825,4.009552530508784,4.247868208038112,0.9310432651296187,1,0,1
bearing_fault,steady_state,-0.013577647846075624,1.1271520845047958,1.1407297323508714,0.9310432651296187,1,1,1
bearing_fault,steady_state,-0.11729157855648964,1.9449499940736885,2.062241572630178,0.9310432651296187,1,1,1
bearing_fault,steady_state,-0.11362033670125049,1.987689872429913,2.1013102091311637,0.9310432651296187,1,1,1
bearing_fault,steady_state,-0.11453062972270556,2.1165673750883336,2.231098004811039,0.9310432651296187,1,1,1
bearing_fault,steady_state,0.0029246756571746912,1.1352980602622302,1.1323733846050557,0.9310432651296187,1,1,1
bearing_fault,steady_state,-0.12251494516345274,2.1063879729390393,2.228902918102492,0.9310432651296187,1,1,1
bearing_fault,steady_state,-0.10394279287715302,1.9115094277154734,2.0154522205926266,0.9310432651296187,1,1,1
bearing_fault,steady_state,-0.13291533766875674,1.9775083468650507,2.1104236845338074,0.9310432651296187,1,1,1
bearing_fault,steady_state,-0.11178941783320828,1.956316191894329,2.0681056097275374,0.9310432651296187,1,1,1
bearing_fault,steady_state,0.009007162778960631,0.99890204144854,0.9898948786695794,0.9310432651296187,1,1,1
bearing_fault,steady_state,-0.02118384105780946,1.1785900924851733,1.199773933542983,0.9310432651296187,1,1,1
bearing_fault,steady_state,0.04268048244575007,0.9681107457477576,0.9254302633020075,0.9310432651296187,0,0,1
bearing_fault,steady_state,0.015225434401452409,1.0856874129688934,1.070461978567441,0.9310432651296187,1,1,1
bearing_fault,steady_state,0.037180559889556375,0.9494119811186069,0.9122314212290505,0.9310432651296187,0,0,1
bearing_fault,steady_state,-0.11845362309372454,2.0446700225628764,2.1631236456566008,0.9310432651296187,1,1,1
bearing_fault,steady_state,-0.12375651506106145,2.0914030604302876,2.215159575491349,0.9310432651296187,1,1,1
bearing_fault,steady_state,0.032804380113972076,0.9587542359620943,0.9259498558481223,0.9310432651296187,0,0,1
bearing_fault,shutdown,-0.21475570157270252,3.3501688455799523,3.5649245471526547,0.9310432651296187,1,0,1
bearing_fault,shutdown,-0.2101807701900641,3.629248913792954,3.8394296839830178,0.9310432651296187,1,0,1
bearing_fault,idle,-0.20900004408249617,3.626814646845263,3.8358146909277595,0.9310432651296187,1,0,1
bearing_fault,idle,-0.19956811365001093,4.061000780123258,4.26056889377327,0.9310432651296187,1,0,1
bearing_fault,idle,-0.19980499381888195,4.051880394395271,4.2516853882141525,0.9310432651296187,1,0,1
bearing_fault,idle,-0.19933131366378354,4.042412811370845,4.241744125034629,0.9310432651296187,1,0,1
bearing_fault,idle,-0.19790264145847225,4.032506318469529,4.230408959928001,0.9310432651296187,1,0,1
bearing_fault,idle,-0.1963108476338722,4.023366942566809,4.219677790200681,0.9310432651296187,1,0,1
bearing_fault,idle,-0.1963108476338722,4.002478108068826,4.198788955702698,0.9310432651296187,1,0,1
bearing_fault,idle,-0.19588839131847846,4.003250921488904,4.199139312807382,0.9310432651296187,1,0,1
bearing_fault,idle,-0.22475707960736624,3.932147593097792,4.156904672705158,0.9310432651296187,1,0,1
bearing_fault,startup,-0.2308586636589688,3.7644360753581414,3.99529473901711,0.9310432651296187,1,0,1
bearing_fault,startup,-0.23268985968696898,3.9993197368090994,4.232009596496068,0.9310432651296187,1,0,1
bearing_fault,steady_state,-0.05456765751212911,1.308184192304394,1.3627518498165232,0.9310432651296187,1,1,1
bearing_fault,steady_state,-0.014290127244959816,1.1676702071921317,1.1819603344370915,0.9310432651296187,1,1,1
bearing_fault,steady_state,-0.020393795489205613,1.227420417471494,1.2478142129606997,0.9310432651296187,1,1,1
bearing_fault,steady_state,-0.10814538253699713,1.921623577703294,2.029768960240291,0.9310432651296187,1,1,1
bearing_fault,steady_state,-0.10569420321673961,1.8912817459345803,1.99697594915132,0.9310432651296187,1,1,1
bearing_fault,steady_state,0.011667736642995086,1.1174881652016544,1.1058204285586593,0.9310432651296187,1,1,1
bearing_fault,steady_state,-0.0541601071958685,1.3843987947753522,1.4385589019712208,0.9310432651296187,1,1,1
bearing_fault,steady_state,-0.001891008724553389,0.9927545470386858,0.9946455557632392,0.9310432651296187,1,1,1
bearing_fault,steady_state,-0.10893078974923598,1.8727110749328915,1.9816418646821274,0.9310432651296187,1,1,1
bearing_fault,steady_state,-0.11626811327215358,2.006025518060216,2.1222936313323695,0.9310432651296187,1,1,1
bearing_fault,steady_state,-0.10826409862190423,2.040174589711886,2.14843868833379,0.9310432651296187,1,1,1
bearing_fault,steady_state,-0.10734406820119757,1.9491391104461988,2.0564831786473965,0.9310432651296187,1,1,1
bearing_fault,steady_state,-0.12974501300193908,2.0998793740928714,2.2296243870948107,0.9310432651296187,1,1,1
bearing_fault,steady_state,-0.11107460748715914,2.024112593070452,2.135187200557611,0.9310432651296187,1,1,1
bearing_fault,steady_state,-0.026660752971474855,1.2514427904691623,1.2781035434406371,0.9310432651296187,1,1,1
bearing_fault,steady_state,0.01512469911561648,1.108131170908752,1.0930064717931356,0.9310432651296187,1,1,1
bearing_fault,steady_state,-0.12977530149031025,2.0895212355333115,2.219296537023622,0.9310432651296187,1,1,1
bearing_fault,shutdown,-0.23955346305449476,3.4329713508229265,3.672524813877421,0.9310432651296187,1,0,1
bearing_fault,shutdown,-0.2138465578091927,3.6463999161710112,3.860246473980204,0.9310432651296187,1,0,1
bearing_fault,idle,-0.20578587679667582,3.6005191884387155,3.8063050652353914,0.9310432651296187,1,0,1
bearing_fault,idle,-0.20286625923097756,4.075059224683122,4.2779254839141,0.9310432651296187,1,0,1
bearing_fault,idle,-0.20032816527361164,4.052876242017582,4.253204407291194,0.9310432651296187,1,0,1
bearing_fault,idle,-0.20027899481316624,4.049930049461268,4.250209044274434,0.9310432651296187,1,0,1
bearing_fault,idle,-0.19980499381888195,4.043887611001579,4.243692604820461,0.9310432651296187,1,0,1
bearing_fault,idle,-0.19933131366378354,4.0338368643690234,4.233168178032807,0.9310432651296187,1,0,1
bearing_fault,idle,-0.1963108476338722,4.026957740010297,4.223268587644169,0.9310432651296187,1,0,1
bearing_fault,idle,-0.1963108476338722,4.01833999194447,4.214650839578342,0.9310432651296187,1,0,1
bearing_fault,idle,-0.2257027685606784,3.9305097114732335,4.156212480033912,0.9310432651296187,1,0,1
bearing_fault,startup,-0.23631871799037873,3.9805594893597944,4.216878207350173,0.9310432651296187,1,0,1
bearing_fault,startup,-0.23268985968696898,3.9945460575404095,4.227235917227379,0.9310432651296187,1,0,1
bearing_fault,steady_state,-0.02931499750542843,1.2088104862160007,1.2381254837214293,0.9310432651296187,1,1,1
bearing_fault,steady_state,0.007981434743679072,1.0323732475120735,1.0243918127683944,0.9310432651296187,1,1,1
bearing_fault,steady_state,-0.08777461058778424,1.673278384137548,1.7610529947253322,0.9310432651296187,1,1,1
bearing_fault,steady_state,-0.09817876069567189,1.8042603181416097,1.9024390788372816,0.9310432651296187,1,1,1
bearing_fault,steady_state,-0.041927907845679235,1.3560409875748893,1.3979688954205685,0.9310432651296187,1,1,1
bearing_fault,steady_state,-0.14473207534189847,2.210419686252446,2.3551517615943443,0.9310432651296187,1,1,1
bearing_fault,steady_state,-0.10089638260794387,1.8942063922572465,1.9951027748651904,0.9310432651296187,1,1,1
bearing_fault,steady_state,-0.010967142840114463,1.1780461138448532,1.1890132566849676,0.9310432651296187,1,1,1
bearing_fault,steady_state,-0.10688984680250857,1.9664124803034917,2.073302327106,0.9310432651296187,1,1,1
bearing_fault,steady_state,-0.1140407665545291,1.9246889864739,2.038729753028429,0.9310432651296187,1,1,1
bearing_fault,steady_state,-0.11218518061709681,2.0546560386158252,2.1668412192329223,0.9310432651296187,1,1,1
bearing_fault,steady_state,-0.11742797982516673,2.1173807125663897,2.2348086923915567,0.9310432651296187,1,1,1
bearing_fault,steady_state,-0.12190126621305475,2.1196375895394266,2.2415388557524816,0.9310432651296187,1,1,1
bearing_fault,steady_state,-0.017711992153514933,1.2509493916228331,1.268661383776348,0.9310432651296187,1,1,1
bearing_fault,steady_state,-0.11874887146274882,2.0440670507019747,2.1628159221647234,0.9310432651296187,1,1,1
bearing_fault,steady_state,-0.12916177720245114,2.0580930455899797,2.187254822792431,0.9310432651296187,1,1,1
bearing_fault,steady_state,-0.02485920589544066,1.3203642940772458,1.3452234999726864,0.9310432651296187,1,1,1
bearing_fault,shutdown,-0.21323446350907882,3.456062517131402,3.669296980640481,0.9310432651296187,1,0,1
bearing_fault,shutdown,-0.210230635908911,3.6874729741249808,3.8977036100338918,0.9310432651296187,1,0,1
bearing_fault,idle,-0.21122189102791966,3.6296483561183477,3.8408702471462672,0.9310432651296187,1,0,1
bearing_fault,idle,-0.20231274735865512,4.0805449971502155,4.2828577445088705,0.9310432651296187,1,0,1
bearing_fault,idle,-0.20286625923097756,4.080316135087705,4.283182394318683,0.9310432651296187,1,0,1
bearing_fault,idle,-0.20307578091248646,4.07119399639549,4.2742697773079765,0.9310432651296187,1,0,1
bearing_fault,idle,-0.19956811365001093,4.050128038956623,4.249696152606633,0.9310432651296187,1,0,1
bearing_fault,idle,-0.19980499381888195,4.051749231034604,4.251554224853486,0.9310432651296187,1,0,1
bearing_fault,idle,-0.19933131366378354,4.041913129712334,4.241244443376118,0.9310432651296187,1,0,1
bearing_fault,idle,-0.19790264145847225,4.033140492092652,4.2310431335511245,0.9310432651296187,1,0,1
bearing_fault,idle,-0.2250786239574526,3.92782348405324,4.152902108010693,0.9310432651296187,1,0,1
bearing_fault,startup,-0.234400094816542,3.8743232841652055,4.108723378981748,0.9310432651296187,1,0,1
bearing_fault,startup,-0.2316173130032566,3.9858245320025847,4.217441845005841,0.9310432651296187,1,0,1
bearing_fault,steady_state,-0.03650765753733409,1.245129317996825,1.281636975534159,0.9310432651296187,1,1,1
bearing_fault,steady_state,-0.05094012423255623,1.2602486555880703,1.3111887798206265,0.9310432651296187,1,1,1
bearing_fault,steady_state,0.0032536018375369236,1.123811739185722,1.1205581373481852,0.9310432651296187,1,1,1
bearing_fault,steady_state,-0.038885280459304394,1.2624989636860515,1.301384244145356,0.9310432651296187,1,1,1
bearing_fault,steady_state,-0.09450852359236717,1.8748771174184062,1.9693856410107733,0.9310432651296187,1,1,1
bearing_fault,steady_state,-0.1150817372107038,2.0219200929450256,2.1370018301557296,0.9310432651296187,1,1,1
bearing_fault,steady_state,-0.10239544668577627,1.9162671976677401,2.0186626443535163,0.9310432651296187,1,1,1
bearing_fault,steady_state,-0.14119602413233756,2.0769957935360606,2.218191817668398,0.9310432651296187,1,1,1
bearing_fault,steady_state,-0.10622315619228717,1.825847395802611,1.9320705519948982,0.9310432651296187,1,1,1
bearing_fault,steady_state,0.03686780854453531,0.922546988182705,0.8856791796381697,0.9310432651296187,0,0,1
bearing_fault,steady_state,-0.00029176301200894983,1.0715658007775104,1.0718575637895194,0.9310432651296187,1,1,1
bearing_fault,steady_state,-0.13074543228960311,2.079159483918046,2.209904916207649,0.9310432651296187,1,1,1
bearing_fault,steady_state,-0.13242194359467607,2.185742708840399,2.318164652435075,0.9310432651296187,1,1,1
bearing_fault,steady_state,-0.11735074244576349,2.0452513575704416,2.1626021000162052,0.9310432651296187,1,1,1
bearing_fault,steady_state,-0.03300347305890239,1.2895477641907254,1.3225512372496278,0.9310432651296187,1,1,1
bearing_fault,steady_state,0.024368539969474745,0.9898390996857187,0.965470559716244,0.9310432651296187,1,1,1
bearing_fault,steady_state,-0.11715086475835157,1.8619727973024442,1.979123662060796,0.9310432651296187,1,1,1
bearing_fault,shutdown,-0.23918874726685524,3.5930643161475078,3.8322530634143632,0.9310432651296187,1,0,1
bearing_fault,shutdown,-0.21239798515858266,3.705229163507282,3.917627148665865,0.9310432651296187,1,0,1
bearing_fault,idle,-0.2123410418630104,3.6715525918569965,3.8838936337200067,0.9310432651296187,1,0,1
bearing_fault,idle,-0.20608369241276925,4.108038665988184,4.314122358400954,0.9310432651296187,1,0,1
bearing_fault,idle,-0.20589424819717672,4.096603918155646,4.302498166352822,0.9310432651296187,1,0,1
bearing_fault,idle,-0.20231274735865512,4.088342377801407,4.290655125160062,0.9310432651296187,1,0,1
bearing_fault,idle,-0.20286625923097756,4.07920824121152,4.282074500442497,0.9310432651296187,1,0,1
bearing_fault,idle,-0.2015146561614889,4.069578686100279,4.271093342261768,0.9310432651296187,1,0,1
bearing_fault,idle,-0.19956811365001093,4.060263982361791,4.259832096011802,0.9310432651296187,1,0,1
bearing_fault,idle,-0.19980499381888195,4.050522838253536,4.250327832072418,0.9310432651296187,1,0,1
bearing_fault,idle,-0.22616621012406268,3.9282491803120867,4.154415390436149,0.9310432651296187,1,0,1
bearing_fault,startup,-0.23145064132634985,3.9043790209520877,4.135829662278438,0.9310432651296187,1,0,1
bearing_fault,startup,-0.2316173130032566,3.9784468955026235,4.21006420850588,0.9310432651296187,1,0,1
bearing_fault,steady_state,-0.06780940818331593,1.3400392327067987,1.4078486408901147,0.9310432651296187,1,1,1
bearing_fault,steady_state,-0.06579463196037649,1.5600152271437107,1.6258098591040873,0.9310432651296187,1,1,1
bearing_fault,steady_state,-0.14454201421559165,2.1370978583303324,2.281639872545924,0.9310432651296187,1,1,1
bearing_fault,steady_state,-0.12791527230024968,2.132356594271957,2.260271866572207,0.9310432651296187,1,1,1
bearing_fault,steady_state,-0.1045699247954025,1.8902116751607445,1.9947815999561471,0.9310432651296187,1,1,1
bearing_fault,steady_state,-0.12549266170548823,2.103120491720607,2.228613153426095,0.9310432651296187,1,1,1
bearing_fault,steady_state,0.01844953090331336,1.0167963125764183,0.998346781673105,0.9310432651296187,1,1,1
bearing_fault,steady_state,-0.02371478074243738,1.1796915709651414,1.2034063517075788,0.9310432651296187,1,1,1
bearing_fault,steady_state,-0.08336984344448395,1.651364731609587,1.734734575054071,0.9310432651296187,1,1,1
bearing_fault,steady_state,-0.11022220081971246,1.793533077397281,1.9037552782169935,0.9310432651296187,1,1,1
bearing_fault,steady_state,-0.006419448165449815,1.1788754897754308,1.1852949379408806,0.9310432651296187,1,1,1
bearing_fault,steady_state,-0.04018628691371762,1.2831976561446081,1.3233839430583259,0.9310432651296187,1,1,1
bearing_fault,steady_state,-0.12943893700863196,2.1030720423788014,2.2325109793874334,0.9310432651296187,1,1,1
bearing_fault,steady_state,-0.10853505416607745,2.02487591062844,2.1334109647945176,0.9310432651296187,1,1,1
bearing_fault,steady_state,-0.04180302277092096,1.3626875659373388,1.4044905887082597,0.9310432651296187,1,1,1
bearing_fault,steady_state,-0.13983300544453103,2.136209023101765,2.276042028546296,0.9310432651296187,1,1,1
bearing_fault,steady_state,-0.13670326665905408,2.0719230553145924,2.2086263219736466,0.9310432651296187,1,1,1
bearing_fault,shutdown,-0.21695321709563176,3.385064896537247,3.602018113632879,0.9310432651296187,1,0,1
bearing_fault,shutdown,-0.21308609004406676,3.72382106110629,3.936907151150357,0.9310432651296187,1,0,1
bearing_fault,idle,-0.21427297188703043,3.6926753263380463,3.9069482982250765,0.9310432651296187,1,0,1
bearing_fault,idle,-0.205128155819294,4.123475179192752,4.328603335012046,0.9310432651296187,1,0,1
bearing_fault,idle,-0.20632277881626915,4.095988830912991,4.30231160972926,0.9310432651296187,1,0,1
bearing_fault,idle,-0.20732959630801362,4.104333035340867,4.31166263164888,0.9310432651296187,1,0,1
bearing_fault,idle,-0.20331384880961045,4.085578452574786,4.288892301384396,0.9310432651296187,1,0,1
bearing_fault,idle,-0.20310425618214167,4.082373359187295,4.2854776153694365,0.9310432651296187,1,0,1
bearing_fault,idle,-0.20286625923097756,4.075689432105047,4.278555691336025,0.9310432651296187,1,0,1
bearing_fault,idle,-0.20103981877954769,4.066478277302256,4.267518096081804,0.9310432651296187,1,0,1
bearing_fault,idle,-0.22641209665194495,3.926820681034603,4.153232777686548,0.9310432651296187,1,0,1
bearing_fault,startup,-0.23145064132634985,3.9420529266288997,4.173503567955249,0.9310432651296187,1,0,1
bearing_fault,startup,-0.23112209990052512,3.9705617491401113,4.201683849040636,0.9310432651296187,1,0,1
bearing_fault,steady_state,-0.12691874759107402,2.0596149361843845,2.1865336837754583,0.9310432651296187,1,1,1
bearing_fault,steady_state,-0.0011014104692109727,1.024516490074452,1.0256179005436628,0.9310432651296187,1,1,1
bearing_fault,steady_state,-0.018556344807690195,1.1888426406619623,1.2073989854696525,0.9310432651296187,1,1,1
bearing_fault,steady_state,-0.146668200943479,2.2628022121916533,2.409470413135132,0.9310432651296187,1,1,1
bearing_fault,steady_state,-0.1183722555796125,2.097874585908904,2.2162468414885166,0.9310432651296187,1,1,1
bearing_fault,steady_state,-0.09657044960482486,1.911760956033546,2.008331405638371,0.9310432651296187,1,1,1
bearing_fault,steady_state,-0.12823964925384046,2.1048090482683603,2.233048697522201,0.9310432651296187,1,1,1
bearing_fault,steady_state,-0.11150147228638752,1.957513851917324,2.0690153242037117,0.9310432651296187,1,1,1
bearing_fault,steady_state,-0.09763594978862866,1.9444969723243226,2.0421329221129514,0.9310432651296187,1,1,1
bearing_fault,steady_state,-0.09538426115125287,1.8789911110679027,1.9743753722191557,0.9310432651296187,1,1,1
bearing_fault,steady_state,0.031782461547507024,0.9609624123009195,0.9291799507534124,0.9310432651296187,0,0,1
bearing_fault,steady_state,0.030117908493602796,0.9867067650331622,0.9565888565395595,0.9310432651296187,1,1,1
bearing_fault,steady_state,-0.0323952712103216,1.377726315685222,1.4101215868955435,0.9310432651296187,1,1,1
bearing_fault,steady_state,-0.022737918249169264,1.2101063226432742,1.2328442408924434,0.9310432651296187,1,1,1
bearing_fault,steady_state,-0.009990173651534873,1.1781833456646558,1.1881735193161906,0.9310432651296187,1,1,1
bearing_fault,steady_state,-0.0518833857744343,1.3581273581287432,1.4100107439031775,0.9310432651296187,1,1,1
bearing_fault,steady_state,-0.1433761027636914,2.2140707512893267,2.357446854053018,0.9310432651296187,1,1,1
bearing_fault,shutdown,-0.2414444654740885,3.604040952057525,3.8454854175316138,0.9310432651296187,1,0,1
bearing_fault,shutdown,-0.2181739035291218,3.742756616911765,3.960930520440887,0.9310432651296187,1,0,1
bearing_fault,idle,-0.21141276504850026,3.6779804989914178,3.889393264039918,0.9310432651296187,1,0,1
bearing_fault,idle,-0.205683886591977,4.126198091120222,4.331881977712199,0.9310432651296187,1,0,1
bearing_fault,idle,-0.205128155819294,4.1270083431560645,4.332136498975358,0.9310432651296187,1,0,1
bearing_fault,idle,-0.205128155819294,4.117711427932963,4.322839583752256,0.9310432651296187,1,0,1
bearing_fault,idle,-0.20608369241276925,4.107708164971461,4.31379185738423,0.9310432651296187,1,0,1
bearing_fault,idle,-0.20589424819717672,4.0974944729283616,4.303388721125538,0.9310432651296187,1,0,1
bearing_fault,idle,-0.20231274735865512,4.08928220748301,4.291594954841665,0.9310432651296187,1,0,1
bearing_fault,idle,-0.20286625923097756,4.075633399274038,4.278499658505015,0.9310432651296187,1,0,1
bearing_fault,idle,-0.22641209665194495,3.9250334700862943,4.151445566738239,0.9310432651296187,1,0,1
bearing_fault,startup,-0.22701054215064942,3.8354764683793583,4.062487010530008,0.9310432651296187,1,0,1
bearing_fault,startup,-0.2286876531614308,3.962339606917443,4.191027260078874,0.9310432651296187,1,0,1
bearing_fault,steady_state,-0.007654131232792127,1.1339480288834294,1.1416021601162214,0.9310432651296187,1,1,1
bearing_fault,steady_state,-0.03487833750766167,1.244034597709373,1.2789129352170345,0.9310432651296187,1,1,1
bearing_fault,steady_state,-0.010238850118981957,1.2158947184272415,1.2261335685462234,0.9310432651296187,1,1,1
bearing_fault,steady_state,-0.1258800298946493,1.9983601314249186,2.124240161319568,0.9310432651296187,1,1,1
bearing_fault,steady_state,-0.1156752212928861,2.082479902740246,2.198155124033132,0.9310432651296187,1,1,1
bearing_fault,steady_state,-0.12057659618725525,2.099567856609495,2.22014445279675,0.9310432651296187,1,1,1
bearing_fault,steady_state,0.0188356406094895,0.9966532852960902,0.9778176446866007,0.9310432651296187,1,1,1
bearing_fault,steady_state,0.0021300546788032837,1.0284391987126473,1.026309144033844,0.9310432651296187,1,1,1
bearing_fault,steady_state,-0.034870151694122664,1.1807070288715915,1.215577180565714,0.9310432651296187,1,1,1
bearing_fault,steady_state,-0.03317926056366283,1.2921060122068202,1.3252852727704831,0.9310432651296187,1,1,1
bearing_fault,steady_state,-0.12644166382958955,2.1860044190468484,2.3124460828764377,0.9310432651296187,1,1,1
bearing_fault,steady_state,-0.10931215881475087,2.1028768960400726,2.2121890548548233,0.9310432651296187,1,1,1
bearing_fault,steady_state,-0.10836615713371778,2.0623948642582,2.1707610213919177,0.9310432651296187,1,1,1
bearing_fault,steady_state,-0.11816548745802735,2.0690089964390883,2.187174483897116,0.9310432651296187,1,1,1
bearing_fault,steady_state,-0.09488300321856036,1.6604908489496177,1.755373852168178,0.9310432651296187,1,1,1
bearing_fault,steady_state,-0.10538760708950679,1.6996324929258935,1.8050201000154003,0.9310432651296187,1,1,1
bearing_fault,steady_state,-0.0036654777816111928,1.1364563304009165,1.1401218081825277,0.9310432651296187,1,1,1
bearing_fault,shutdown,-0.22035944465649937,3.446378107538368,3.6667375521948675,0.9310432651296187,1,0,1
bearing_fault,shutdown,-0.21502004070267844,3.74869842063169,3.9637184613343686,0.9310432651296187,1,0,1
bearing_fault,idle,-0.2123410418630104,3.691817145754134,3.9041581876171443,0.9310432651296187,1,0,1
bearing_fault,idle,-0.20735824386143076,4.149069144585194,4.356427388446625,0.9310432651296187,1,0,1
bearing_fault,idle,-0.2064009824291544,4.138898282060575,4.3452992644897295,0.9310432651296187,1,0,1
bearing_fault,idle,-0.20560576236670125,4.127542950135199,4.333148712501901,0.9310432651296187,1,0,1
bearing_fault,idle,-0.205128155819294,4.120590921274223,4.325719077093517,0.9310432651296187,1,0,1
bearing_fault,idle,-0.20632277881626915,4.110919788683007,4.317242567499276,0.9310432651296187,1,0,1
bearing_fault,idle,-0.20661155779781704,4.101129594738795,4.307741152536613,0.9310432651296187,1,0,1
bearing_fault,idle,-0.20231274735865512,4.0804385730622315,4.2827513204208865,0.9310432651296187,1,0,1
bearing_fault,idle,-0.22764277874679495,3.9226616278981368,4.150304406644931,0.9310432651296187,1,0,1
bearing_fault,startup,-0.22922532762294623,3.825834750161014,4.055060077783961,0.9310432651296187,1,0,1
bearing_fault,startup,-0.22391473585831367,3.9556305511855596,4.179545287043873,0.9310432651296187,1,0,1
bearing_fault,steady_state,0.006053266945271973,1.0106042780765663,1.0045510111312943,0.9310432651296187,1,1,1
bearing_fault,steady_state,-0.10346540152790895,1.9205845118657618,2.0240499133936707,0.9310432651296187,1,1,1
bearing_fault,steady_state,-0.09585333851603828,1.8196703040521638,1.915523642568202,0.9310432651296187,1,1,1
bearing_fault,steady_state,-0.07691686352023175,1.4284001326759748,1.5053169961962065,0.9310432651296187,1,1,1
bearing_fault,steady_state,-0.13096041747452225,2.0774576834717506,2.2084181009462727,0.9310432651296187,1,1,1
bearing_fault,steady_state,-0.10621071389744341,1.9891292474473814,2.0953399613448247,0.9310432651296187,1,1,1
bearing_fault,steady_state,-0.12191394614336681,2.018530987658525,2.140444933801892,0.9310432651296187,1,1,1
bearing_fault,steady_state,-0.11154445553820436,1.9719412790053186,2.083485734543523,0.9310432651296187,1,1,1
bearing_fault,steady_state,0.007012873549866683,1.0932192192274333,1.0862063456775666,0.9310432651296187,1,1,1
bearing_fault,steady_state,-0.018699731055421998,1.2059679258870006,1.2246676569424226,0.9310432651296187,1,1,1
bearing_fault,steady_state,-0.01657210058800518,1.2491335629538063,1.2657056635418114,0.9310432651296187,1,1,1
bearing_fault,steady_state,-0.022688294430302403,1.2677632899767537,1.290451584407056,0.9310432651296187,1,1,1
bearing_fault,steady_state,-0.042050723454903904,1.348941890414149,1.390992613869053,0.9310432651296187,1,1,1
bearing_fault,steady_state,-0.16367555079893992,2.369004666509991,2.532680217308931,0.9310432651296187,1,1,1
bearing_fault,steady_state,-0.1470102279172174,2.425499300917493,2.5725095288347104,0.9310432651296187,1,1,1
bearing_fault,steady_state,-0.14238543463075226,2.2731573528986924,2.4155427875294446,0.9310432651296187,1,1,1
bearing_fault,steady_state,-0.14260019079240516,2.173067089775324,2.3156672805677294,0.9310432651296187,1,1,1
bearing_fault,shutdown,-0.2470399150481426,3.5812075785399426,3.8282474935880852,0.9310432651296187,1,0,1
bearing_fault,shutdown,-0.21744485652975443,3.750079947789384,3.9675248043191385,0.9310432651296187,1,0,1
bearing_fault,idle,-0.21451483125554538,3.719282486911094,3.933797318166639,0.9310432651296187,1,0,1
bearing_fault,idle,-0.20924103959421037,4.165084647339159,4.3743256869333695,0.9310432651296187,1,0,1
bearing_fault,idle,-0.20852106070162812,4.153906277225947,4.362427337927575,0.9310432651296187,1,0,1
bearing_fault,idle,-0.20687945110398842,4.145545263095227,4.352424714199215,0.9310432651296187,1,0,1
bearing_fault,idle,-0.205683886591977,4.123547608009991,4.329231494601968,0.9310432651296187,1,0,1
bearing_fault,idle,-0.20560576236670125,4.127301490654729,4.332907253021431,0.9310432651296187,1,0,1
bearing_fault,idle,-0.20632277881626915,4.1172648517568415,4.323587630573111,0.9310432651296187,1,0,1
bearing_fault,idle,-0.20608369241276925,4.107662075350933,4.313745767763702,0.9310432651296187,1,0,1
bearing_fault,idle,-0.22764277874679495,3.9225422951594515,4.150185073906247,0.9310432651296187,1,0,1
bearing_fault,startup,-0.2293914922297301,3.8673825765944,4.09677406882413,0.9310432651296187,1,0,1
bearing_fault,startup,-0.2244050671757588,3.947082629181343,4.171487696357102,0.9310432651296187,1,0,1
bearing_fault,steady_state,-0.13332993788340364,2.138206014449191,2.2715359523325946,0.9310432651296187,1,1,1
bearing_fault,steady_state,-0.11895989615194646,2.038453842342629,2.1574137384945757,0.9310432651296187,1,1,1
bearing_fault,steady_state,-0.10713988845792921,2.037610367076044,2.1447502555339732,0.9310432651296187,1,1,1
bearing_fault,steady_state,-0.11530964402240607,1.949058277853203,2.064367921875609,0.9310432651296187,1,1,1
bearing_fault,steady_state,-0.01673702933396226,1.1440220142730682,1.1607590436070305,0.9310432651296187,1,1,1
bearing_fault,steady_state,0.028511394771814802,0.9201230460265453,0.8916116512547305,0.9310432651296187,0,0,1
bearing_fault,steady_state,-0.10133887120406004,1.724216996531942,1.8255558677360022,0.9310432651296187,1,1,1
bearing_fault,steady_state,-0.10394260860072813,1.8371832714788972,1.9411258800796252,0.9310432651296187,1,1,1
bearing_fault,steady_state,0.0011226342686263546,1.1106908432106049,1.1095682089419785,0.9310432651296187,1,1,1
bearing_fault,steady_state,-0.0390416218706775,1.3165158645803965,1.355557486451074,0.9310432651296187,1,1,1
bearing_fault,steady_state,0.01580168106947194,1.050911022798379,1.035109341728907,0.9310432651296187,1,1,1
bearing_fault,steady_state,-0.1126690140112192,2.079029585276666,2.1916985992878852,0.9310432651296187,1,1,1
bearing_fault,steady_state,-0.13583625723978998,2.163297793734775,2.2991340509745646,0.9310432651296187,1,1,1
bearing_fault,steady_state,-0.12629876556035036,2.103037717574466,2.2293364831348166,0.9310432651296187,1,1,1
bearing_fault,steady_state,-0.010356831702621028,1.1743110366473444,1.1846678683499654,0.9310432651296187,1,1,1
bearing_fault,steady_state,-0.14858754006093944,2.2971479700990702,2.44573551016001,0.9310432651296187,1,1,1
bearing_fault,steady_state,-0.1583251848414089,2.3224250769688846,2.4807502618102935,0.9310432651296187,1,1,1
bearing_fault,shutdown,-0.22818480624358883,3.456257495984504,3.684442302228093,0.9310432651296187,1,0,1
bearing_fault,shutdown,-0.22166582408141933,3.7666673829963986,3.988333207077818,0.9310432651296187,1,0,1
bearing_fault,idle,-0.21479267005440528,3.7010148030116055,3.915807473066011,0.9310432651296187,1,0,1
bearing_fault,idle,-0.21049251471450103,4.170630344111128,4.381122858825629,0.9310432651296187,1,0,1
bearing_fault,idle,-0.20924103959421037,4.167550698809345,4.376791738403555,0.9310432651296187,1,0,1
bearing_fault,idle,-0.20852106070162812,4.158647774630595,4.367168835332223,0.9310432651296187,1,0,1
bearing_fault,idle,-0.20735824386143076,4.149151527250383,4.3565097711118135,0.9310432651296187,1,0,1
bearing_fault,idle,-0.2064009824291544,4.13971903525493,4.346120017684084,0.9310432651296187,1,0,1
bearing_fault,idle,-0.20560576236670125,4.129970671394651,4.335576433761353,0.9310432651296187,1,0,1
bearing_fault,idle,-0.205128155819294,4.10286582642975,4.307993982249044,0.9310432651296187,1,0,1
bearing_fault,idle,-0.22826913056358455,3.9216191656687127,4.149888296232297,0.9310432651296187,1,0,1
bearing_fault,startup,-0.23066391659782282,3.9438919761849576,4.174555892782781,0.9310432651296187,1,0,1
bearing_fault,startup,-0.2234247364336338,3.9385809856785703,4.162005722112204,0.9310432651296187,1,0,1
bearing_fault,steady_state,-0.1343598111913611,2.1393967156506752,2.2737565268420363,0.9310432651296187,1,1,1
bearing_fault,steady_state,-0.11822589113859194,2.1598191020255815,2.2780449931641735,0.9310432651296187,1,1,1
bearing_fault,steady_state,-0.10971138259125301,2.0075167233607223,2.117228105951975,0.9310432651296187,1,1,1
bearing_fault,steady_state,-0.019785690525568556,1.2537253662597738,1.2735110567853423,0.9310432651296187,1,1,1
bearing_fault,steady_state,-0.07378024730226873,1.3791061991693112,1.45288644647158,0.9310432651296187,1,1,1
bearing_fault,steady_state,-0.12779141097592417,2.067180895639083,2.194972306615007,0.9310432651296187,1,1,1
bearing_fault,steady_state,-0.11340702373088418,2.0866041903839836,2.200011214114868,0.9310432651296187,1,1,1
bearing_fault,steady_state,0.003441169578075054,1.1414082341089982,1.137967064530923,0.9310432651296187,1,1,1
bearing_fault,steady_state,0.011639001803024795,1.0459181245175793,1.0342791227145545,0.9310432651296187,1,1,1
bearing_fault,steady_state,-0.008817421025259398,1.2709163364924179,1.2797337575176773,0.9310432651296187,1,1,1
bearing_fault,steady_state,-0.01024855120758661,1.191481196939111,1.2017297481466978,0.9310432651296187,1,1,1
bearing_fault,steady_state,-0.006300271517311384,1.2409308394706704,1.2472311109879817,0.9310432651296187,1,1,1
bearing_fault,steady_state,-0.024048722577777903,1.2955860354634163,1.3196347580411942,0.9310432651296187,1,1,1
bearing_fault,steady_state,-0.1296014611827575,2.057887414819606,2.187488876002363,0.9310432651296187,1,1,1
bearing_fault,steady_state,-0.13339748172008115,2.029140987104149,2.16253846882423,0.9310432651296187,1,1,1
bearing_fault,steady_state,-0.03801858955351267,1.3355317026522746,1.3735502922057874,0.9310432651296187,1,1,1
bearing_fault,steady_state,-0.06174495693374582,1.4899549303602124,1.5516998872939582,0.9310432651296187,1,1,1
bearing_fault,shutdown,-0.2246290834426039,3.5082452747302253,3.732874358172829,0.9310432651296187,1,0,1
bearing_fault,shutdown,-0.22460364318810067,3.7551159082807115,3.979719551468812,0.9310432651296187,1,0,1
bearing_fault,idle,-0.21624611199875177,3.7064172751885227,3.9226633871872743,0.9310432651296187,1,0,1
bearing_fault,idle,-0.21507747769128027,4.1876795652398044,4.402757042931085,0.9310432651296187,1,0,1
bearing_fault,idle,-0.21169622596933024,4.151208634621332,4.362904860590662,0.9310432651296187,1,0,1
bearing_fault,idle,-0.21049251471450103,4.166220422973921,4.3767129376884215,0.9310432651296187,1,0,1
bearing_fault,idle,-0.20948119510437613,4.162813861540527,4.372295056644903,0.9310432651296187,1,0,1
bearing_fault,idle,-0.20735824386143076,4.152566300319001,4.359924544180432,0.9310432651296187,1,0,1
bearing_fault,idle,-0.20687945110398842,4.143416001245655,4.350295452349644,0.9310432651296187,1,0,1
bearing_fault,idle,-0.205683886591977,3.955092813352575,4.160776699944552,0.9310432651296187,1,0,1
bearing_fault,idle,-0.231516924048765,3.919471828380609,4.150988752429374,0.9310432651296187,1,0,1
bearing_fault,startup,-0.22450956858841076,3.7400669297502755,3.9645764983386864,0.9310432651296187,1,0,1
bearing_fault,startup,-0.22260666640019167,3.9314055154716914,4.154012181871883,0.9310432651296187,1,0,1
bearing_fault,steady_state,-0.12764672055773918,2.0701604799705358,2.197807200528275,0.9310432651296187,1,1,1
bearing_fault,steady_state,-0.14982232112213067,2.229926118366834,2.3797484394889645,0.9310432651296187,1,1,1
bearing_fault,steady_state,-0.133960914192782,2.218790446930967,2.352751361123749,0.9310432651296187,1,1,1
bearing_fault,steady_state,-0.03591061345237678,1.3266233062823054,1.3625339197346822,0.9310432651296187,1,1,1
bearing_fault,steady_state,-0.10944576263149053,1.923710276012356,2.0331560386438463,0.9310432651296187,1,1,1
bearing_fault,steady_state,-0.10697846568934422,1.9833990908650685,2.0903775565544125,0.9310432651296187,1,1,1
bearing_fault,steady_state,-0.017426388095521883,1.254767148172643,1.272193536268165,0.9310432651296187,1,1,1
bearing_fault,steady_state,-0.030555241586495696,1.2956456804924257,1.3262009220789213,0.9310432651296187,1,1,1
bearing_fault,steady_state,-0.03686329743792638,1.1928616639893368,1.2297249614272632,0.9310432651296187,1,1,1
bearing_fault,steady_state,-0.05514465769402466,1.3456312066144254,1.40077586430845,0.9310432651296187,1,1,1
bearing_fault,steady_state,-0.05437063611178383,1.3524932499369182,1.406863886048702,0.9310432651296187,1,1,1
bearing_fault,steady_state,-0.044554362771657474,1.3768178611330988,1.4213722239047564,0.9310432651296187,1,1,1
bearing_fault,steady_state,-0.15226056528353316,2.3127160790970462,2.464976644380579,0.9310432651296187,1,1,1
bearing_fault,steady_state,-0.140618473210127,2.2927262858109003,2.4333447590210273,0.9310432651296187,1,1,1
bearing_fault,steady_state,-0.13256311747567417,2.270158422512559,2.4027215399882333,0.9310432651296187,1,1,1
bearing_fault,steady_state,-0.14439309356436691,2.258265145565575,2.402658239129942,0.9310432651296187,1,1,1
bearing_fault,steady_state,-0.16414036275269028,2.3182406125572323,2.4823809753099226,0.9310432651296187,1,1,1
bearing_fault,shutdown,-0.22738375418244405,3.5284820956899097,3.755865849872354,0.9310432651296187,1,0,1
bearing_fault,shutdown,-0.21898328792884814,3.700050246887859,3.919033534816707,0.9310432651296187,1,0,1
bearing_fault,idle,-0.21888233097750875,3.7537612987124893,3.972643629689998,0.9310432651296187,1,0,1
bearing_fault,idle,-0.21847479365916844,4.209235088841154,4.427709882500322,0.9310432651296187,1,0,1
bearing_fault,idle,-0.21677412288290743,4.201313058037019,4.418087180919926,0.9310432651296187,1,0,1
bearing_fault,idle,-0.21628895675706294,4.192258781820147,4.4085477385772105,0.9310432651296187,1,0,1
bearing_fault,idle,-0.21169622596933024,4.18240486848549,4.39410109445482,0.9310432651296187,1,0,1
bearing_fault,idle,-0.21049251471450103,4.172953694596961,4.383446209311462,0.9310432651296187,1,0,1
bearing_fault,idle,-0.20948119510437613,4.163656511511332,4.373137706615709,0.9310432651296187,1,0,1
bearing_fault,idle,-0.20735824386143076,4.1547900845072645,4.362148328368695,0.9310432651296187,1,0,1
bearing_fault,idle,-0.2312693095646856,3.9189565387502894,4.1502258483149745,0.9310432651296187,1,0,1
bearing_fault,startup,-0.2267889142272096,3.823007116720685,4.049796030947895,0.9310432651296187,1,0,1
bearing_fault,startup,-0.22236206798966862,3.923987509503131,4.1463495774928,0.9310432651296187,1,0,1
bearing_fault,steady_state,-0.14383304588901236,2.262141394819361,2.4059744407083734,0.9310432651296187,1,1,1
bearing_fault,steady_state,-0.10808631120241619,2.068077453071929,2.176163764274345,0.9310432651296187,1,1,1
bearing_fault,steady_state,-0.006720596060831752,1.2249753849726885,1.2316959810335204,0.9310432651296187,1,1,1
bearing_fault,steady_state,0.005726488973824884,1.095815369514446,1.090088880540621,0.9310432651296187,1,1,1
bearing_fault,steady_state,0.018193329995073282,1.0158647812620563,0.997671451266983,0.9310432651296187,1,1,1
bearing_fault,steady_state,-0.06307778990612378,1.4120238551666793,1.4751016450728032,0.9310432651296187,1,1,1
bearing_fault,steady_state,-0.029125953012812178,1.2834690795217345,1.3125950325345466,0.9310432651296187,1,1,1
bearing_fault,steady_state,-0.11800297187999609,2.0227062064289565,2.1407091783089527,0.9310432651296187,1,1,1
bearing_fault,steady_state,-0.1245518889797399,2.1710944751597236,2.2956463641394635,0.9310432651296187,1,1,1
bearing_fault,steady_state,-0.058135559959018646,1.417014986509305,1.4751505464683237,0.9310432651296187,1,1,1
bearing_fault,steady_state,-0.0046081433084461665,1.1945521290593266,1.1991602723677728,0.9310432651296187,1,1,1
bearing_fault,steady_state,-0.10190149277166827,1.7607518550457393,1.8626533478174077,0.9310432651296187,1,1,1
bearing_fault,steady_state,-0.12048244102100725,1.9022225963884287,2.0227050374094357,0.9310432651296187,1,1,1
bearing_fault,steady_state,-0.03343735231464995,1.2691774035706134,1.3026147558852634,0.9310432651296187,1,1,1
bearing_fault,steady_state,-0.07232373182180496,1.5302058882517715,1.6025296200735766,0.9310432651296187,1,1,1
bearing_fault,steady_state,-0.16131335715610595,2.3301024372747063,2.491415794430812,0.9310432651296187,1,1,1
bearing_fault,steady_state,-0.16137943989259051,2.479529121969457,2.6409085618620476,0.9310432651296187,1,1,1
bearing_fault,shutdown,-0.22689971020338795,3.4207944449161127,3.647694155119501,0.9310432651296187,1,0,1
bearing_fault,shutdown,-0.22484900061651092,3.819173070466008,4.0440220710825185,0.9310432651296187,1,0,1
bearing_fault,idle,-0.21794552997772065,3.7590632653829767,3.9770087953606974,0.9310432651296187,1,0,1
bearing_fault,idle,-0.21847479365916844,4.225732440871593,4.4442072345307615,0.9310432651296187,1,0,1
bearing_fault,idle,-0.21847479365916844,4.207782562261562,4.42625735592073,0.9310432651296187,1,0,1
bearing_fault,idle,-0.21677412288290743,4.2055781453883885,4.422352268271296,0.9310432651296187,1,0,1
bearing_fault,idle,-0.21628895675706294,4.196541085224627,4.412830041981691,0.9310432651296187,1,0,1
bearing_fault,idle,-0.21169622596933024,4.186968952249618,4.398665178218948,0.9310432651296187,1,0,1
bearing_fault,idle,-0.21049251471450103,4.176602633834711,4.387095148549212,0.9310432651296187,1,0,1
bearing_fault,idle,-0.20924103959421037,4.167500401614495,4.376741441208705,0.9310432651296187,1,0,1
bearing_fault,idle,-0.22982765769165703,3.919960873394809,4.149788531086466,0.9310432651296187,1,0,1
bearing_fault,startup,-0.22317986111087185,3.8584436993592317,4.081623560470104,0.9310432651296187,1,0,1
bearing_fault,startup,-0.22236206798966862,3.9164193331491015,4.13878140113877,0.9310432651296187,1,0,1
bearing_fault,steady_state,-0.021846642154016438,1.2396239988916407,1.261470641045657,0.9310432651296187,1,1,1
bearing_fault,steady_state,-0.022030125156351166,1.3148854750492038,1.3369156002055549,0.9310432651296187,1,1,1
bearing_fault,steady_state,-0.01903413328989112,1.2783979395158718,1.297432072805763,0.9310432651296187,1,1,1
bearing_fault,steady_state,-0.01452573641888888,1.1818402641333408,1.1963660005522296,0.9310432651296187,1,1,1
bearing_fault,steady_state,-0.01591385539839074,1.292428168163624,1.3083420235620147,0.9310432651296187,1,1,1
bearing_fault,steady_state,-0.007188313902313115,1.1376897888593547,1.144878102761668,0.9310432651296187,1,1,1
bearing_fault,steady_state,-0.11849885114450964,2.004503496543881,2.1230023476883906,0.9310432651296187,1,1,1
bearing_fault,steady_state,-0.09989771598960528,1.8859731655519236,1.985870881541529,0.9310432651296187,1,1,1
bearing_fault,steady_state,0.008252069430306375,1.1270136286534993,1.118761559223193,0.9310432651296187,1,1,1
bearing_fault,steady_state,-0.11890702283722343,2.1764324773499633,2.2953395001871866,0.9310432651296187,1,1,1
bearing_fault,steady_state,-0.13298276640808915,2.2822702618072443,2.4152530282153335,0.9310432651296187,1,1,1
bearing_fault,steady_state,-0.05399091189285676,1.43456438784489,1.4885552997377467,0.9310432651296187,1,1,1
bearing_fault,steady_state,-0.05128161823412447,1.3500122196261366,1.401293837860261,0.9310432651296187,1,1,1
bearing_fault,steady_state,-0.13278357659225304,2.2802292798994603,2.4130128564917133,0.9310432651296187,1,1,1
bearing_fault,steady_state,-0.16406980760273815,2.414935722065436,2.579005529668174,0.9310432651296187,1,1,1
bearing_fault,steady_state,-0.1507662482950497,2.37840789100126,2.52917413929631,0.9310432651296187,1,1,1
bearing_fault,steady_state,-0.15426785763795225,2.2650669636055007,2.419334821243453,0.9310432651296187,1,1,1
bearing_fault,shutdown,-0.2246290834426039,3.5732418074575834,3.797870890900187,0.9310432651296187,1,0,1
bearing_fault,shutdown,-0.22166582408141933,3.84479191113152,4.066457735212939,0.9310432651296187,1,0,1
bearing_fault,idle,-0.21794552997772065,3.7805317279419848,3.9984772579197054,0.9310432651296187,1,0,1
bearing_fault,idle,-0.21847479365916844,4.244298232244545,4.462773025903713,0.9310432651296187,1,0,1
bearing_fault,idle,-0.21847479365916844,4.232628095295144,4.4511028889543125,0.9310432651296187,1,0,1
bearing_fault,idle,-0.21847479365916844,4.224171069166651,4.442645862825819,0.9310432651296187,1,0,1
bearing_fault,idle,-0.21847479365916844,4.2151349851940765,4.433609778853245,0.9310432651296187,1,0,1
bearing_fault,idle,-0.21677412288290743,4.205634718318762,4.422408841201669,0.9310432651296187,1,0,1
bearing_fault,idle,-0.21628895675706294,4.1955443844512885,4.411833341208352,0.9310432651296187,1,0,1
bearing_fault,idle,-0.21169622596933024,4.186347626604071,4.398043852573402,0.9310432651296187,1,0,1
healthy,startup,-0.23209687909532606,3.8704071397201942,4.10250401881552,0.9310432651296187,1,0,0
healthy,startup,-0.23476455777843397,3.8627139271374262,4.09747848491586,0.9310432651296187,1,0,0
healthy,steady_state,0.016102435658989278,0.8156380378910743,0.799535602232085,0.9310432651296187,0,0,0
healthy,steady_state,-0.011296379511774757,0.9667696660865356,0.9780660455983103,0.9310432651296187,1,1,0
healthy,steady_state,0.03578864178666208,0.8399690267092643,0.8041803849226022,0.9310432651296187,0,0,0
healthy,steady_state,0.07865751341052024,0.607329600658302,0.5286720872477817,0.9310432651296187,0,0,0
healthy,steady_state,0.03895463357415069,0.7238469940676604,0.6848923604935098,0.9310432651296187,0,0,0
healthy,steady_state,0.06714710018683684,0.6049923494357197,0.5378452492488828,0.9310432651296187,0,0,0
healthy,steady_state,0.05297892143448518,0.6803813111378472,0.627402389703362,0.9310432651296187,0,0,0
healthy,steady_state,-0.05084543963570343,1.0506043532354814,1.1014497928711848,0.9310432651296187,1,1,0
healthy,steady_state,0.01206881427858042,0.9420455135066133,0.9299766992280328,0.9310432651296187,0,0,0
healthy,steady_state,-0.01904320577927332,0.9144887131207124,0.9335319188999858,0.9310432651296187,1,1,0
healthy,steady_state,0.04445223795538261,0.7177819928213021,0.6733297548659194,0.9310432651296187,0,0,0
healthy,steady_state,0.06003124604497578,0.643813606067068,0.5837823600220922,0.9310432651296187,0,0,0
healthy,steady_state,0.06291650451614,0.6406146445393458,0.5776981400232057,0.9310432651296187,0,0,0
healthy,steady_state,0.0719000919594171,0.5347608422343141,0.462860750274897,0.9310432651296187,0,0,0
healthy,steady_state,0.0602439687710658,0.6692940802877088,0.6090501115166429,0.9310432651296187,0,0,0
healthy,steady_state,0.09860302078910821,0.3564632573030945,0.2578602365139863,0.9310432651296187,0,0,0
healthy,steady_state,0.05306816481465021,0.6151373221165817,0.5620691573019314,0.9310432651296187,0,0,0
healthy,shutdown,-0.19615259105953486,3.164801304838609,3.360953895898144,0.9310432651296187,1,0,0
healthy,shutdown,-0.191886292853499,3.2787009601317063,3.4705872529852053,0.9310432651296187,1,0,0
healthy,idle,-0.20220346850237247,3.5192809374573275,3.7214844059597,0.9310432651296187,1,0,0
healthy,idle,-0.19528493348209985,3.9735125540777685,4.168797487559869,0.9310432651296187,1,0,0
healthy,idle,-0.19713559333824282,3.977143096076902,4.174278689415145,0.9310432651296187,1,0,0
healthy,idle,-0.19713559333824282,3.986988751543667,4.18412434488191,0.9310432651296187,1,0,0
healthy,idle,-0.1973716498334629,3.9964524736013596,4.193824123434823,0.9310432651296187,1,0,0
healthy,idle,-0.1968589830159212,4.005934572855087,4.202793555871008,0.9310432651296187,1,0,0
healthy,idle,-0.1965741897300246,4.01539451996047,4.2119687096904945,0.9310432651296187,1,0,0
healthy,idle,-0.19675039289903629,4.024646574929517,4.221396967828554,0.9310432651296187,1,0,0
healthy,idle,-0.2293982086548647,3.9766285257690415,4.206026734423906,0.9310432651296187,1,0,0
healthy,startup,-0.23831567752932825,4.04259493146194,4.2809106089912685,0.9310432651296187,1,0,0
healthy,startup,-0.23831567752932825,3.9003153389969785,4.138631016526307,0.9310432651296187,1,0,0
healthy,steady_state,0.030837179479956067,0.7693395356792908,0.7385023561993347,0.9310432651296187,0,0,0
healthy,steady_state,0.03167282933039539,0.7391862075274335,0.7075133781970381,0.9310432651296187,0,0,0
healthy,steady_state,0.024846628768381396,0.8321954105497191,0.8073487817813377,0.9310432651296187,0,0,0
healthy,steady_state,0.057766717890474384,0.625700752448343,0.5679340345578686,0.9310432651296187,0,0,0
healthy,steady_state,0.04967119503557471,0.7215096968050017,0.6718385017694269,0.9310432651296187,0,0,0
healthy,steady_state,0.06491495991587615,0.6733529864696574,0.6084380265537812,0.9310432651296187,0,0,0
healthy,steady_state,0.09402363488143922,0.5085340531452535,0.41451041826381424,0.9310432651296187,0,0,0
healthy,steady_state,0.08897903307644683,0.5071895700907458,0.418210537014299,0.9310432651296187,0,0,0
healthy,steady_state,0.03370074636142223,0.8321365983937186,0.7984358520322963,0.9310432651296187,0,0,0
healthy,steady_state,0.01119805392988843,0.999831868593482,0.9886338146635936,0.9310432651296187,1,1,0
healthy,steady_state,0.03907500485760024,0.7367507368613945,0.6976757320037943,0.9310432651296187,0,0,0
healthy,steady_state,0.0772384964064583,0.5118258541684969,0.4345873577620386,0.9310432651296187,0,0,0
healthy,steady_state,0.06330140753440772,0.5688562160311421,0.5055548084967344,0.9310432651296187,0,0,0
healthy,steady_state,0.06988051014169205,0.5704964010341633,0.5006158908924713,0.9310432651296187,0,0,0
healthy,steady_state,0.09315807317523761,0.46838741494767516,0.37522934177243755,0.9310432651296187,0,0,0
healthy,steady_state,0.07161810829162824,0.5319818663022019,0.46036375801057366,0.9310432651296187,0,0,0
healthy,steady_state,0.04928884828214131,0.6668618079455995,0.6175729596634582,0.9310432651296187,0,0,0
healthy,shutdown,-0.19038640811590646,3.1442055365492587,3.3345919446651653,0.9310432651296187,1,0,0
healthy,shutdown,-0.1918807497052899,3.3460069176961973,3.5378876674014874,0.9310432651296187,1,0,0
healthy,idle,-0.1984692807646311,3.528712188798672,3.7271814695633028,0.9310432651296187,1,0,0
healthy,idle,-0.195402815453934,3.9651031041737976,4.160505919627732,0.9310432651296187,1,0,0
healthy,idle,-0.19627601723838106,3.973898911096954,4.170174928335335,0.9310432651296187,1,0,0
healthy,idle,-0.19713559333824282,3.975085596021137,4.17222118935938,0.9310432651296187,1,0,0
healthy,idle,-0.19713559333824282,3.9810132327002834,4.178148826038527,0.9310432651296187,1,0,0
healthy,idle,-0.1973716498334629,3.9913574428617133,4.188729092695176,0.9310432651296187,1,0,0
healthy,idle,-0.19694854992248234,4.000213027746101,4.1971615776685836,0.9310432651296187,1,0,0
healthy,idle,-0.1968589830159212,4.009249082525989,4.20610806554191,0.9310432651296187,1,0,0
healthy,idle,-0.22532532711328002,3.9649098609605997,4.1902351880738795,0.9310432651296187,1,0,0
healthy,startup,-0.2308586636589688,3.761451353142566,3.9923100168015346,0.9310432651296187,1,0,0
healthy,startup,-0.2340186689436301,3.848456262655462,4.0824749315990925,0.9310432651296187,1,0,0
healthy,steady_state,0.05942585086294622,0.6268283584229564,0.5674025075600102,0.9310432651296187,0,0,0
healthy,steady_state,0.01742254423795897,0.9050424926870021,0.8876199484490431,0.9310432651296187,0,0,0
healthy,steady_state,0.05588607665581502,0.7072981997682845,0.6514121231124694,0.9310432651296187,0,0,0
healthy,steady_state,0.08212601967253202,0.5820229291754457,0.4998969095029137,0.9310432651296187,0,0,0
healthy,steady_state,0.07132549272912625,0.5754370375603804,0.5041115448312542,0.9310432651296187,0,0,0
healthy,steady_state,0.07238836912226004,0.6386729347116646,0.5662845655894047,0.9310432651296187,0,0,0
healthy,steady_state,0.08745897915069284,0.5604960643371761,0.4730370851864833,0.9310432651296187,0,0,0
healthy,steady_state,0.05631754868125621,0.623844829432578,0.5675272807513219,0.9310432651296187,0,0,0
healthy,steady_state,0.08677919060718442,0.5462041374597569,0.4594249468525725,0.9310432651296187,0,0,0
healthy,steady_state,0.040054254107911136,0.7347702642043764,0.6947160100964653,0.9310432651296187,0,0,0
healthy,steady_state,0.07034601954035624,0.6307143004777781,0.5603682809374219,0.9310432651296187,0,0,0
healthy,steady_state,0.08516355197400294,0.4842921650966659,0.39912861312266296,0.9310432651296187,0,0,0
healthy,steady_state,0.09004343312216018,0.4262828358433495,0.3362394027211893,0.9310432651296187,0,0,0
healthy,steady_state,0.08661998771068757,0.4423852482733355,0.3557652605626479,0.9310432651296187,0,0,0
healthy,steady_state,0.04496612781355103,0.6033049454131895,0.5583388175996384,0.9310432651296187,0,0,0
healthy,steady_state,0.053650815543494046,0.6757165209886875,0.6220657054451935,0.9310432651296187,0,0,0
healthy,steady_state,0.08178639659877301,0.4260658649866246,0.34427946838785156,0.9310432651296187,0,0,0
healthy,shutdown,-0.18953693783731995,3.125810914368816,3.315347852206136,0.9310432651296187,1,0,0
healthy,shutdown,-0.18463547035643324,3.3902537591589286,3.574889229515362,0.9310432651296187,1,0,0
healthy,idle,-0.2015053078347525,3.549019687363768,3.7505249951985205,0.9310432651296187,1,0,0
healthy,idle,-0.19612402549967467,3.9959686826250613,4.192092708124736,0.9310432651296187,1,0,0
healthy,idle,-0.19587383470767572,3.980341894094215,4.176215728801891,0.9310432651296187,1,0,0
healthy,idle,-0.19587383470767572,3.961604216318313,4.157478051025989,0.9310432651296187,1,0,0
healthy,idle,-0.1960403316088113,3.9728261293117564,4.168866460920568,0.9310432651296187,1,0,0
healthy,idle,-0.19713559333824282,3.9753102648097522,4.172445858147995,0.9310432651296187,1,0,0
healthy,idle,-0.19713559333824282,3.9811773238891943,4.178312917227437,0.9310432651296187,1,0,0
healthy,idle,-0.1973716498334629,3.9905933479883333,4.187964997821796,0.9310432651296187,1,0,0
healthy,idle,-0.2240657581583705,3.9525311341801386,4.176596892338509,0.9310432651296187,1,0,0
healthy,startup,-0.23781593047445915,3.901410938595589,4.139226869070049,0.9310432651296187,1,0,0
healthy,startup,-0.22829353964745958,3.881985363611459,4.110278903258918,0.9310432651296187,1,0,0
healthy,steady_state,0.07404288209454107,0.5426353296764302,0.46859244758188917,0.9310432651296187,0,0,0
healthy,steady_state,0.016899605879288737,0.8505712930940242,0.8336716872147355,0.9310432651296187,0,0,0
healthy,steady_state,0.04126666096666881,0.7781958007555486,0.7369291397888798,0.9310432651296187,0,0,0
healthy,steady_state,0.06436590836534156,0.6406604907830575,0.5762945824177159,0.9310432651296187,0,0,0
healthy,steady_state,0.0902513914893997,0.5287496410158011,0.43849824952640143,0.9310432651296187,0,0,0
healthy,steady_state,0.04764953660511789,0.7021648246927913,0.6545152880876735,0.9310432651296187,0,0,0
healthy,steady_state,0.0720967237923627,0.6189716678950008,0.5468749441026381,0.9310432651296187,0,0,0
healthy,steady_state,0.04534257291112126,0.7070077251282095,0.6616651522170882,0.9310432651296187,0,0,0
healthy,steady_state,0.08238268695069939,0.5239294911871922,0.44154680423649284,0.9310432651296187,0,0,0
healthy,steady_state,0.09498214538281857,0.4716256501794061,0.37664350479658754,0.9310432651296187,0,0,0
healthy,steady_state,0.09652812200601102,0.45046817592628,0.353940053920269,0.9310432651296187,0,0,0
healthy,steady_state,0.08058540060432684,0.44792264824468137,0.3673372476403545,0.9310432651296187,0,0,0
healthy,steady_state,0.06466504586390742,0.6005655357010893,0.5359004898371819,0.9310432651296187,0,0,0
healthy,steady_state,0.06437907143689575,0.5710726579132754,0.5066935864763797,0.9310432651296187,0,0,0
healthy,steady_state,0.07949124173578248,0.556037698763473,0.4765464570276905,0.9310432651296187,0,0,0
healthy,steady_state,0.05808298139207185,0.6319607336854648,0.5738777522933929,0.9310432651296187,0,0,0
healthy,steady_state,-0.0009836867630704793,0.9373791668087201,0.9383628535717906,0.9310432651296187,1,1,0
healthy,shutdown,-0.20738250606661957,3.3113103577612857,3.5186928638279054,0.9310432651296187,1,0,0
healthy,shutdown,-0.20143781271346528,3.6161689836773974,3.8176067963908626,0.9310432651296187,1,0,0
healthy,idle,-0.1994157937519242,3.5623966351152414,3.7618124288671657,0.9310432651296187,1,0,0
healthy,idle,-0.1963108476338722,4.011639392038644,4.207950239672516,0.9310432651296187,1,0,0
healthy,idle,-0.19612402549967467,3.8293603146326283,4.025484340132303,0.9310432651296187,1,0,0
healthy,idle,-0.19588839131847846,3.97306591217118,4.168954303489659,0.9310432651296187,1,0,0
healthy,idle,-0.1956382852146964,3.9836424333822156,4.179280718596912,0.9310432651296187,1,0,0
healthy,idle,-0.19627601723838106,3.9758017857206482,4.172077802959029,0.9310432651296187,1,0,0
healthy,idle,-0.1950495833289695,3.957477802834659,4.152527386163628,0.9310432651296187,1,0,0
healthy,idle,-0.19713559333824282,3.976502818632694,4.173638411970937,0.9310432651296187,1,0,0
healthy,idle,-0.2240657581583705,3.940459443213514,4.164525201371885,0.9310432651296187,1,0,0
healthy,startup,-0.23507336204265072,3.874948388088063,4.110021750130714,0.9310432651296187,1,0,0
healthy,startup,-0.22867224502330452,3.836044150411139,4.064716395434443,0.9310432651296187,1,0,0
healthy,steady_state,0.07263844052874496,0.6804747034396587,0.6078362629109137,0.9310432651296187,0,0,0
healthy,steady_state,0.08558963110100276,0.5321249679245278,0.44653533682352503,0.9310432651296187,0,0,0
healthy,steady_state,0.07289303008832498,0.6316173833757808,0.5587243532874557,0.9310432651296187,0,0,0
healthy,steady_state,0.0525326311372139,0.7244769818710208,0.671944350733807,0.9310432651296187,0,0,0
healthy,steady_state,-0.0018977979985990157,0.8157115340750696,0.8176093320736686,0.9310432651296187,0,0,0
healthy,steady_state,0.06151656425629243,0.6826556254443916,0.6211390611880991,0.9310432651296187,0,0,0
healthy,steady_state,0.10895487989111374,0.3668035115985667,0.257848631707453,0.9310432651296187,0,0,0
healthy,steady_state,0.11289583403307468,0.4287123053707164,0.31581647133764174,0.9310432651296187,0,0,0
healthy,steady_state,0.08418038825617558,0.43386601521485946,0.3496856269586839,0.9310432651296187,0,0,0
healthy,steady_state,0.06394002885866062,0.6302938105189659,0.5663537816603053,0.9310432651296187,0,0,0
healthy,steady_state,0.07804456164615514,0.5652605703211472,0.48721600867499204,0.9310432651296187,0,0,0
healthy,steady_state,0.07012363481989248,0.5056777983859679,0.43555416356607546,0.9310432651296187,0,0,0
healthy,steady_state,0.09519546140941287,0.45395036547293816,0.3587549040635253,0.9310432651296187,0,0,0
healthy,steady_state,0.06376239584859378,0.5703615500624821,0.5065991542138883,0.9310432651296187,0,0,0
healthy,steady_state,0.07764387128266204,0.5242320370760335,0.44658816579337146,0.9310432651296187,0,0,0
healthy,steady_state,0.08159979218223778,0.569382215643144,0.48778242346090617,0.9310432651296187,0,0,0
healthy,steady_state,0.05786273746403586,0.6498255534296171,0.5919628159655812,0.9310432651296187,0,0,0
healthy,shutdown,-0.19349256346745913,3.2102580437527184,3.4037506072201777,0.9310432651296187,1,0,0
healthy,shutdown,-0.19328457544929867,3.339247820139028,3.5325323955883268,0.9310432651296187,1,0,0
healthy,idle,-0.19701706056424473,3.5605144211626762,3.7575314817269208,0.9310432651296187,1,0,0
healthy,idle,-0.1963108476338722,4.028072432417643,4.224383280051515,0.9310432651296187,1,0,0
healthy,idle,-0.1963108476338722,4.013486549736056,4.209797397369928,0.9310432651296187,1,0,0
healthy,idle,-0.19683140687868805,4.005583064692333,4.202414471571021,0.9310432651296187,1,0,0
healthy,idle,-0.19659553325275803,3.99932096663883,4.195916499891588,0.9310432651296187,1,0,0
healthy,idle,-0.19631020191372994,3.9855741498542616,4.181884351767992,0.9310432651296187,1,0,0
healthy,idle,-0.195402815453934,3.9800767087450675,4.175479524199002,0.9310432651296187,1,0,0
healthy,idle,-0.19627601723838106,3.9679064416823153,4.164182458920696,0.9310432651296187,1,0,0
healthy,idle,-0.2240657581583706,3.9276975464845303,4.151763304642901,0.9310432651296187,1,0,0
healthy,startup,-0.234400094816542,3.784354927403455,4.018755022219997,0.9310432651296187,1,0,0
healthy,startup,-0.2272274285086323,3.8329804156272926,4.060207844135925,0.9310432651296187,1,0,0
healthy,steady_state,0.05796151751588513,0.6892270291145292,0.6312655115986441,0.9310432651296187,0,0,0
healthy,steady_state,0.06063372407351253,0.6298601018928923,0.5692263778193798,0.9310432651296187,0,0,0
healthy,steady_state,0.05093405055160943,0.6333250853758406,0.5823910348242312,0.9310432651296187,0,0,0
healthy,steady_state,0.013553286440916024,0.8654500601044738,0.8518967736635578,0.9310432651296187,0,0,0
healthy,steady_state,0.06076190186504288,0.6681196768655524,0.6073577750005095,0.9310432651296187,0,0,0
healthy,steady_state,0.08579180957217836,0.4996796970783085,0.41388788750613015,0.9310432651296187,0,0,0
healthy,steady_state,0.08181656528002373,0.595765264518091,0.5139486992380673,0.9310432651296187,0,0,0
healthy,steady_state,0.06693635646272922,0.5943235004771869,0.5273871440144576,0.9310432651296187,0,0,0
healthy,steady_state,0.04055449073545575,0.6600067854194871,0.6194522946840313,0.9310432651296187,0,0,0
healthy,steady_state,0.07209293896905,0.4882801645159959,0.41618722554694587,0.9310432651296187,0,0,0
healthy,steady_state,0.0473377384172598,0.6075047472812588,0.560167008863999,0.9310432651296187,0,0,0
healthy,steady_state,0.07711104606748648,0.5540209504151448,0.4769099043476583,0.9310432651296187,0,0,0
healthy,steady_state,0.10458328569830605,0.393980887563936,0.28939760186562996,0.9310432651296187,0,0,0
healthy,steady_state,0.08722117177300637,0.47580715769238136,0.388585985919375,0.9310432651296187,0,0,0
healthy,steady_state,0.04638985925189315,0.6867506642173997,0.6403608049655065,0.9310432651296187,0,0,0
healthy,steady_state,0.021650425277935703,0.7581276927280013,0.7364772674500656,0.9310432651296187,0,0,0
healthy,steady_state,0.06698295544333244,0.6285901040692445,0.5616071486259121,0.9310432651296187,0,0,0
healthy,shutdown,-0.20304837694441447,3.2840360072571233,3.4870843842015375,0.9310432651296187,1,0,0
healthy,shutdown,-0.20477489849077157,3.6444389974302123,3.849213895920984,0.9310432651296187,1,0,0
healthy,idle,-0.2005166334339029,3.590966591933991,3.791483225367894,0.9310432651296187,1,0,0
healthy,idle,-0.19933131366378354,3.8691427071671556,4.068474020830939,0.9310432651296187,1,0,0
healthy,idle,-0.19790264145847225,4.031214895345382,4.229117536803854,0.9310432651296187,1,0,0
healthy,idle,-0.1963108476338722,4.0207165553953175,4.217027403029189,0.9310432651296187,1,0,0
healthy,idle,-0.1963108476338722,4.010137856985685,4.206448704619557,0.9310432651296187,1,0,0
healthy,idle,-0.19588839131847846,4.003709817041552,4.1995982083600305,0.9310432651296187,1,0,0
healthy,idle,-0.19588839131847846,3.9938897881239424,4.1897781794424205,0.9310432651296187,1,0,0
healthy,idle,-0.1956382852146964,3.982923690675822,4.178561975890518,0.9310432651296187,1,0,0
healthy,idle,-0.2240657581583706,3.9182651896818945,4.142330947840265,0.9310432651296187,1,0,0
healthy,startup,-0.22725671457708707,3.86055415167681,4.087810866253897,0.9310432651296187,1,0,0
healthy,startup,-0.2293319498008235,3.8309581021982604,4.060290051999084,0.9310432651296187,1,0,0
healthy,steady_state,0.08643182030605528,0.5308542033797086,0.4444223830736533,0.9310432651296187,0,0,0
healthy,steady_state,0.026998229554852038,0.8149475297100233,0.7879493001551712,0.9310432651296187,0,0,0
healthy,steady_state,0.010209452976268019,0.8811116125048508,0.8709021595285829,0.9310432651296187,0,0,0
healthy,steady_state,0.014898862639016797,0.8671266812364612,0.8522278185974443,0.9310432651296187,0,0,0
healthy,steady_state,0.05507587529258684,0.6821957747836992,0.6271198994911124,0.9310432651296187,0,0,0
healthy,steady_state,0.05433333320135486,0.6022374824205098,0.547904149219155,0.9310432651296187,0,0,0
healthy,steady_state,0.10201671810111257,0.42910575212550195,0.3270890340243894,0.9310432651296187,0,0,0
healthy,steady_state,0.066790001455584,0.5553734074420492,0.4885834059864652,0.9310432651296187,0,0,0
healthy,steady_state,0.0635698224877263,0.5600547467763186,0.4964849242885923,0.9310432651296187,0,0,0
healthy,steady_state,0.03474499031877959,0.692753853105657,0.6580088627868774,0.9310432651296187,0,0,0
healthy,steady_state,0.06869081005072691,0.5076031987917285,0.43891238874100164,0.9310432651296187,0,0,0
healthy,steady_state,0.07459830292273056,0.5575875282349493,0.4829892253122187,0.9310432651296187,0,0,0
healthy,steady_state,0.07435538496159166,0.6291607700235569,0.5548053850619652,0.9310432651296187,0,0,0
healthy,steady_state,0.04456990873892991,0.7085792485358422,0.6640093397969122,0.9310432651296187,0,0,0
healthy,steady_state,0.07507351444029248,0.5639954230985722,0.4889219086582797,0.9310432651296187,0,0,0
healthy,steady_state,0.09396191448849389,0.49275006854783254,0.39878815405933865,0.9310432651296187,0,0,0
healthy,steady_state,0.0832419809128166,0.5199552583137826,0.43671327740096605,0.9310432651296187,0,0,0
healthy,shutdown,-0.20575941315642332,3.2037506424689326,3.409510055625356,0.9310432651296187,1,0,0
healthy,shutdown,-0.2116703135887794,3.6041554025979,3.815825716186679,0.9310432651296187,1,0,0
healthy,idle,-0.21020122680442743,3.6270243230419874,3.8372255498464147,0.9310432651296187,1,0,0
healthy,idle,-0.20027899481316624,4.058139088726163,4.258418083539329,0.9310432651296187,1,0,0
healthy,idle,-0.19980499381888195,4.048519015218096,4.248324009036978,0.9310432651296187,1,0,0
healthy,idle,-0.19933131366378354,4.038904176918781,4.238235490582564,0.9310432651296187,1,0,0
healthy,idle,-0.1963108476338722,4.027580737615568,4.22389158524944,0.9310432651296187,1,0,0
healthy,idle,-0.1963108476338722,4.018926333501304,4.215237181135176,0.9310432651296187,1,0,0
healthy,idle,-0.19683140687868805,4.010485866806374,4.207317273685062,0.9310432651296187,1,0,0
healthy,idle,-0.19612402549967467,3.997607700710378,4.193731726210053,0.9310432651296187,1,0,0
healthy,idle,-0.22472068165115555,3.916539832576522,4.141260514227678,0.9310432651296187,1,0,0
healthy,startup,-0.23145064132634985,3.967615088906441,4.199065730232791,0.9310432651296187,1,0,0
healthy,startup,-0.22957890827714744,3.839282122693943,4.068861030971091,0.9310432651296187,1,0,0
healthy,steady_state,0.03690446903391292,0.8197509435659882,0.7828464745320753,0.9310432651296187,0,0,0
healthy,steady_state,0.0758098279306641,0.6722687803193762,0.596458952388712,0.9310432651296187,0,0,0
healthy,steady_state,0.08628232572483552,0.6052126391821023,0.5189303134572668,0.9310432651296187,0,0,0
healthy,steady_state,0.05262427721251656,0.6503585359663661,0.5977342587538494,0.9310432651296187,0,0,0
healthy,steady_state,0.0710950584750415,0.4818783476270654,0.4107832891520239,0.9310432651296187,0,0,0
healthy,steady_state,0.1065628125995336,0.34071386289257233,0.23415105029303873,0.9310432651296187,0,0,0
healthy,steady_state,0.09613632895214025,0.42466550093594196,0.3285291719838017,0.9310432651296187,0,0,0
healthy,steady_state,0.06549436321387275,0.6378203249719037,0.572325961758031,0.9310432651296187,0,0,0
healthy,steady_state,0.08829047103645887,0.4302665618634298,0.34197609082697095,0.9310432651296187,0,0,0
healthy,steady_state,0.09168168116729652,0.4864085082871448,0.3947268271198483,0.9310432651296187,0,0,0
healthy,steady_state,0.04972533576672106,0.6234795838194153,0.5737542480526943,0.9310432651296187,0,0,0
healthy,steady_state,0.0494463834748165,0.6711609643102038,0.6217145808353872,0.9310432651296187,0,0,0
healthy,steady_state,0.09168795303358906,0.42372121773836174,0.3320332647047727,0.9310432651296187,0,0,0
healthy,steady_state,0.08428129732787554,0.4760288002926013,0.39174750296472577,0.9310432651296187,0,0,0
healthy,steady_state,0.07464037081666103,0.5960844240854745,0.5214440532688134,0.9310432651296187,0,0,0
healthy,steady_state,0.059082750766299874,0.5779537138889438,0.5188709631226439,0.9310432651296187,0,0,0
healthy,steady_state,-0.04177708737866059,0.9113197095944648,0.9530967969731254,0.9310432651296187,1,1,0
healthy,shutdown,-0.20718928165210393,3.2783385595628136,3.4855278412149175,0.9310432651296187,1,0,0
healthy,shutdown,-0.20243755424805243,3.451996469009902,3.6544340232579544,0.9310432651296187,1,0,0
healthy,idle,-0.20579409657395176,3.6208225087529406,3.826616605326892,0.9310432651296187,1,0,0
healthy,idle,-0.20307578091248646,4.0719425153111,4.275018296223587,0.9310432651296187,1,0,0
healthy,idle,-0.19956811365001093,4.062203379579243,4.261771493229254,0.9310432651296187,1,0,0
healthy,idle,-0.19980499381888195,4.050101568974764,4.249906562793646,0.9310432651296187,1,0,0
healthy,idle,-0.19933131366378354,4.036568260886116,4.2358995745499,0.9310432651296187,1,0,0
healthy,idle,-0.19790264145847225,4.021311199875832,4.219213841334304,0.9310432651296187,1,0,0
healthy,idle,-0.1963108476338722,4.024059989024433,4.220370836658305,0.9310432651296187,1,0,0
healthy,idle,-0.1963108476338722,4.01446877299412,4.210779620627992,0.9310432651296187,1,0,0
healthy,idle,-0.2250786239574526,3.914462980938376,4.139541604895829,0.9310432651296187,1,0,0
healthy,startup,-0.23343439822370804,3.9474839711702727,4.18091836939398,0.9310432651296187,1,0,0
healthy,startup,-0.2228534028295176,3.833224490629362,4.0560778934588795,0.9310432651296187,1,0,0
healthy,steady_state,0.03967605752578385,0.7456501909039254,0.7059741333781415,0.9310432651296187,0,0,0
healthy,steady_state,0.08806411507070555,0.5025292073687331,0.4144650922980275,0.9310432651296187,0,0,0
healthy,steady_state,0.04991727894023512,0.7029818741734484,0.6530645952332133,0.9310432651296187,0,0,0
healthy,steady_state,0.08266531887457662,0.571916210238995,0.48925089136441835,0.9310432651296187,0,0,0
healthy,steady_state,0.0764083085168813,0.5818275820660206,0.5054192735491393,0.9310432651296187,0,0,0
healthy,steady_state,0.014530298079156179,0.853327029826469,0.8387967317473128,0.9310432651296187,0,0,0
healthy,steady_state,0.0657901572236057,0.5797987630266289,0.5140086058030232,0.9310432651296187,0,0,0
healthy,steady_state,0.07837555760395098,0.513236136143422,0.434860578539471,0.9310432651296187,0,0,0
healthy,steady_state,0.05587850983561582,0.6379669513414143,0.5820884415057985,0.9310432651296187,0,0,0
healthy,steady_state,0.08142257106514728,0.5260518134594303,0.44462924239428303,0.9310432651296187,0,0,0
healthy,steady_state,0.09280008696092346,0.488989432216146,0.39618934525522254,0.9310432651296187,0,0,0
healthy,steady_state,0.03198350492989088,0.7018397149349108,0.6698562100050199,0.9310432651296187,0,0,0
healthy,steady_state,0.007065073822611179,0.8656092979178391,0.8585442240952279,0.9310432651296187,0,0,0
healthy,steady_state,0.09192165750205095,0.43382831687975104,0.3419066593777001,0.9310432651296187,0,0,0
healthy,steady_state,0.04944641218636231,0.6301404122660902,0.5806940000797278,0.9310432651296187,0,0,0
healthy,steady_state,0.028471667342834406,0.7643241444772007,0.7358524771343662,0.9310432651296187,0,0,0
healthy,steady_state,0.013858610659574666,0.8497328367842212,0.8358742261246466,0.9310432651296187,0,0,0
healthy,shutdown,-0.20170593478122711,3.246611552183998,3.4483174869652253,0.9310432651296187,1,0,0
healthy,shutdown,-0.2064194523746058,3.5713935521597944,3.7778130045344,0.9310432651296187,1,0,0
healthy,idle,-0.21049990129397045,3.626459557613183,3.8369594589071534,0.9310432651296187,1,0,0
healthy,idle,-0.20231274735865512,4.088400388720041,4.290713136078696,0.9310432651296187,1,0,0
healthy,idle,-0.20286625923097756,3.9064683985509343,4.109334657781912,0.9310432651296187,1,0,0
healthy,idle,-0.2015146561614889,4.069578149082327,4.271092805243816,0.9310432651296187,1,0,0
healthy,idle,-0.19956811365001093,4.059921205440014,4.259489319090024,0.9310432651296187,1,0,0
healthy,idle,-0.19980499381888195,4.050045718930972,4.249850712749854,0.9310432651296187,1,0,0
healthy,idle,-0.19933131366378354,4.040875475959688,4.240206789623472,0.9310432651296187,1,0,0
healthy,idle,-0.19790264145847225,4.0312666066297345,4.229169248088207,0.9310432651296187,1,0,0
healthy,idle,-0.22458783672659777,3.913502637584239,4.138090474310837,0.9310432651296187,1,0,0
healthy,startup,-0.2307081165804299,3.943349204693751,4.174057321274181,0.9310432651296187,1,0,0
healthy,startup,-0.22075661920628264,3.7881891295309065,4.008945748737189,0.9310432651296187,1,0,0
healthy,steady_state,0.07874094517974584,0.5971553584453646,0.5184144132656188,0.9310432651296187,0,0,0
healthy,steady_state,0.03770149446254911,0.7814932401376435,0.7437917456750944,0.9310432651296187,0,0,0
healthy,steady_state,0.07962845811634378,0.586856210717005,0.5072277526006612,0.9310432651296187,0,0,0
healthy,steady_state,0.09013030205497408,0.5477489893794243,0.4576186873244502,0.9310432651296187,0,0,0
healthy,steady_state,0.06261025390183861,0.6552983345049012,0.5926880806030626,0.9310432651296187,0,0,0
healthy,steady_state,0.1009145763873901,0.41761030920771797,0.31669573282032787,0.9310432651296187,0,0,0
healthy,steady_state,0.05816001284466232,0.6261738911948832,0.5680138783502209,0.9310432651296187,0,0,0
healthy,steady_state,0.0033435932848871475,0.7712723805911778,0.7679287873062906,0.9310432651296187,0,0,0
healthy,steady_state,-0.08543550825343593,1.186183021387518,1.271618529640954,0.9310432651296187,1,1,0
healthy,steady_state,-0.017960334185981974,0.9586624169654361,0.9766227511514181,0.9310432651296187,1,1,0
healthy,steady_state,0.0907459710576346,0.4471894466344892,0.3564434755768546,0.9310432651296187,0,0,0
healthy,steady_state,0.0889075120308771,0.49458484682772647,0.40567733479684936,0.9310432651296187,0,0,0
healthy,steady_state,0.04111710696283999,0.8066741830437958,0.7655570760809558,0.9310432651296187,0,0,0
healthy,steady_state,0.05557679786392,0.6001940786532187,0.5446172807892987,0.9310432651296187,0,0,0
healthy,steady_state,0.0610866920767687,0.6109383504193622,0.5498516583425934,0.9310432651296187,0,0,0
healthy,steady_state,0.07003809862636212,0.658322208934054,0.5882841103076919,0.9310432651296187,0,0,0
healthy,steady_state,0.05674196054125785,0.7098592745600041,0.6531173140187463,0.9310432651296187,0,0,0
healthy,shutdown,-0.20392068617732084,3.247698514220132,3.451619200397453,0.9310432651296187,1,0,0
healthy,shutdown,-0.21119308699928008,3.7035805747947355,3.9147736617940154,0.9310432651296187,1,0,0
healthy,idle,-0.2087683409979747,3.653665798813992,3.862434139811967,0.9310432651296187,1,0,0
healthy,idle,-0.20661155779781704,4.102070460798316,4.308682018596134,0.9310432651296187,1,0,0
healthy,idle,-0.20231274735865512,4.0816009668309166,4.283913714189572,0.9310432651296187,1,0,0
healthy,idle,-0.20310425618214167,4.074003324576838,4.27710758075898,0.9310432651296187,1,0,0
healthy,idle,-0.2025998868450104,4.072970382982108,4.275570269827118,0.9310432651296187,1,0,0
healthy,idle,-0.19980499381888195,4.064144210856264,4.2639492046751455,0.9310432651296187,1,0,0
healthy,idle,-0.19980499381888195,4.051635366797411,4.251440360616293,0.9310432651296187,1,0,0
healthy,idle,-0.19933131366378354,4.045132211434062,4.244463525097846,0.9310432651296187,1,0,0
healthy,idle,-0.22458783672659777,3.9121472361751577,4.136735072901756,0.9310432651296187,1,0,0
healthy,startup,-0.2285915758232504,3.7471326228164474,3.975724198639698,0.9310432651296187,1,0,0
healthy,startup,-0.2210006739971474,3.7801716994548022,4.00117237345195,0.9310432651296187,1,0,0
healthy,steady_state,0.07654599226872699,0.5976805503253952,0.5211345580566682,0.9310432651296187,0,0,0
healthy,steady_state,0.04213889266851689,0.7324490455502947,0.6903101528817778,0.9310432651296187,0,0,0
healthy,steady_state,0.017299375651913695,0.7366570189485937,0.71935764329668,0.9310432651296187,0,0,0
healthy,steady_state,0.038632212671406374,0.7132904102556298,0.6746581975842234,0.9310432651296187,0,0,0
healthy,steady_state,0.06350472198822288,0.6787291515415991,0.6152244295533762,0.9310432651296187,0,0,0
healthy,steady_state,0.0724633871659191,0.6536470925881758,0.5811837054222566,0.9310432651296187,0,0,0
healthy,steady_state,0.0781081254190863,0.5863728683825912,0.5082647429635049,0.9310432651296187,0,0,0
healthy,steady_state,0.08867653664825731,0.47390034281215604,0.38522380616389873,0.9310432651296187,0,0,0
healthy,steady_state,0.07736598163171116,0.5412445549972883,0.46387857336557714,0.9310432651296187,0,0,0
healthy,steady_state,0.03942566906469769,0.6952517065807865,0.6558260375160888,0.9310432651296187,0,0,0
healthy,steady_state,0.05459258381591531,0.7257589184243325,0.6711663346084171,0.9310432651296187,0,0,0
healthy,steady_state,0.06475222863253133,0.6549478569520655,0.5901956283195342,0.9310432651296187,0,0,0
healthy,steady_state,0.04905494619438272,0.7120325947840855,0.6629776485897028,0.9310432651296187,0,0,0
healthy,steady_state,0.01122052392949724,0.8490932667342267,0.8378727428047295,0.9310432651296187,0,0,0
healthy,steady_state,-0.0034354230799656937,0.9202692289529487,0.9237046520329144,0.9310432651296187,0,0,0
healthy,steady_state,-0.05267074437571306,1.118548697334479,1.171219441710192,0.9310432651296187,1,1,0
healthy,steady_state,0.026747545384036397,0.885424416608468,0.8586768712244317,0.9310432651296187,0,0,0
healthy,shutdown,-0.20166856771461117,3.2334426023205856,3.4351111700351966,0.9310432651296187,1,0,0
healthy,shutdown,-0.2116748015245311,3.6685892198857144,3.8802640214102455,0.9310432651296187,1,0,0
healthy,idle,-0.2078447198963651,3.6319802931483114,3.8398250130446767,0.9310432651296187,1,0,0
healthy,idle,-0.20632277881626915,4.113380183423395,4.319702962239664,0.9310432651296187,1,0,0
healthy,idle,-0.20661155779781704,3.930400514353106,4.137012072150923,0.9310432651296187,1,0,0
healthy,idle,-0.20331384880961045,4.09415159824828,4.297465447057891,0.9310432651296187,1,0,0
healthy,idle,-0.20310425618214167,4.084470255663415,4.287574511845557,0.9310432651296187,1,0,0
healthy,idle,-0.20286625923097756,4.071393394757153,4.27425965398813,0.9310432651296187,1,0,0
healthy,idle,-0.20032816527361164,4.0649386308669655,4.265266796140577,0.9310432651296187,1,0,0
healthy,idle,-0.20027899481316624,4.056279565864106,4.256558560677272,0.9310432651296187,1,0,0
healthy,idle,-0.22641209665194495,3.910129954813703,4.136542051465648,0.9310432651296187,1,0,0
healthy,startup,-0.2293914922297301,3.824551964707161,4.053943456936891,0.9310432651296187,1,0,0
healthy,startup,-0.22238675693855714,3.807625972600685,4.0300127295392425,0.9310432651296187,1,0,0
healthy,steady_state,0.03125720025057521,0.8277363153842444,0.7964791151336692,0.9310432651296187,0,0,0
healthy,steady_state,-0.013667353782532143,0.9230904346188125,0.9367577884013446,0.9310432651296187,1,1,0
healthy,steady_state,0.018588925941447343,0.8684371177492329,0.8498481918077856,0.9310432651296187,0,0,0
healthy,steady_state,0.09280901777805184,0.5302901256331446,0.43748110785509275,0.9310432651296187,0,0,0
healthy,steady_state,0.04467775415862224,0.596108683087057,0.5514309289284347,0.9310432651296187,0,0,0
healthy,steady_state,-0.0007582839931774554,0.8666417755038817,0.8674000594970591,0.9310432651296187,0,0,0
healthy,steady_state,-0.004168525090865516,0.8748288637195523,0.8789973888104178,0.9310432651296187,0,0,0
healthy,steady_state,0.035453897843716387,0.6949250736139183,0.6594711757702019,0.9310432651296187,0,0,0
healthy,steady_state,0.08580788289003122,0.5029196851003094,0.41711180221027816,0.9310432651296187,0,0,0
healthy,steady_state,0.045895104632467154,0.7160488121812267,0.6701537075487596,0.9310432651296187,0,0,0
healthy,steady_state,0.07816377113004358,0.5373043169352195,0.45914054580517594,0.9310432651296187,0,0,0
healthy,steady_state,0.028598495093157705,0.7631406743539043,0.7345421792607466,0.9310432651296187,0,0,0
healthy,steady_state,0.08114749484046613,0.4885116583085779,0.4073641634681118,0.9310432651296187,0,0,0
healthy,steady_state,0.006188601461418863,0.8822517101693521,0.8760631087079332,0.9310432651296187,0,0,0
healthy,steady_state,0.03994161431602855,0.7176048520685641,0.6776632377525356,0.9310432651296187,0,0,0
healthy,steady_state,0.051820666166023766,0.703940172993751,0.6521195068277272,0.9310432651296187,0,0,0
healthy,steady_state,0.024508376367201323,0.781463357695185,0.7569549813279837,0.9310432651296187,0,0,0
healthy,shutdown,-0.20610968190162948,3.293843822804295,3.4999535047059247,0.9310432651296187,1,0,0
healthy,shutdown,-0.21119308699928008,3.6994784137933134,3.9106715007925934,0.9310432651296187,1,0,0
healthy,idle,-0.2099691311702241,3.684225602352424,3.894194733522648,0.9310432651296187,1,0,0
healthy,idle,-0.20592283761756514,4.132778547192885,4.33870138481045,0.9310432651296187,1,0,0
healthy,idle,-0.205128155819294,4.123532610364798,4.3286607661840915,0.9310432651296187,1,0,0
healthy,idle,-0.20632277881626915,4.114233043846008,4.320555822662278,0.9310432651296187,1,0,0
healthy,idle,-0.20732959630801362,4.097215434537434,4.304545030845447,0.9310432651296187,1,0,0
healthy,idle,-0.20331384880961045,4.095453982904435,4.298767831714046,0.9310432651296187,1,0,0
healthy,idle,-0.20231274735865512,4.081703923357083,4.284016670715738,0.9310432651296187,1,0,0
healthy,idle,-0.20286625923097756,4.076385998392622,4.279252257623599,0.9310432651296187,1,0,0
healthy,idle,-0.22641209665194495,3.9093437385695116,4.135755835221456,0.9310432651296187,1,0,0
healthy,startup,-0.2267889142272096,3.738717581914068,3.9655064961412774,0.9310432651296187,1,0,0
healthy,startup,-0.22034944988019867,3.7886969182654355,4.0090463681456345,0.9310432651296187,1,0,0
healthy,steady_state,0.07295620941542702,0.6481033801379488,0.5751471707225218,0.9310432651296187,0,0,0
healthy,steady_state,0.06841953741009421,0.7092496536497869,0.6408301162396927,0.9310432651296187,0,0,0
healthy,steady_state,0.05335024170346997,0.7294615472887122,0.6761113055852421,0.9310432651296187,0,0,0
healthy,steady_state,0.09607648083237402,0.3816619749873864,0.2855854941550124,0.9310432651296187,0,0,0
healthy,steady_state,0.05926775227142661,0.6833813729977131,0.6241136207262865,0.9310432651296187,0,0,0
healthy,steady_state,0.047681114651407286,0.7540214721454469,0.7063403574940397,0.9310432651296187,0,0,0
healthy,steady_state,0.04752006295705252,0.6611726846928175,0.613652621735765,0.9310432651296187,0,0,0
healthy,steady_state,0.07797486148499477,0.5967714118160062,0.5187965503310115,0.9310432651296187,0,0,0
healthy,steady_state,0.07807520423684483,0.624911070118491,0.5468358658816461,0.9310432651296187,0,0,0
healthy,steady_state,0.07846493881917826,0.6162126926735862,0.537747753854408,0.9310432651296187,0,0,0
healthy,steady_state,0.08106122757699064,0.5760968452100049,0.4950356176330143,0.9310432651296187,0,0,0
healthy,steady_state,0.01224848262129724,0.9003937587561263,0.888145276134829,0.9310432651296187,0,0,0
healthy,steady_state,0.06641357913428952,0.632686083954163,0.5662725048198736,0.9310432651296187,0,0,0
healthy,steady_state,0.08378781442618682,0.6005739917505882,0.5167861773244014,0.9310432651296187,0,0,0
healthy,steady_state,0.08268826886596808,0.6513573371050273,0.5686690682390592,0.9310432651296187,0,0,0
healthy,steady_state,0.04299733444524423,0.7816058512662607,0.7386085168210165,0.9310432651296187,0,0,0
healthy,steady_state,0.04073653988321102,0.7231725130653771,0.6824359731821661,0.9310432651296187,0,0,0
healthy,shutdown,-0.2124314117820968,3.3121684220110827,3.5245998337931796,0.9310432651296187,1,0,0
healthy,shutdown,-0.21502004070267844,3.750350704224466,3.9653707449271445,0.9310432651296187,1,0,0
healthy,idle,-0.21258224706232953,3.697686219593925,3.9102684666562544,0.9310432651296187,1,0,0
healthy,idle,-0.20735824386143076,4.152679987474205,4.360038231335635,0.9310432651296187,1,0,0
healthy,idle,-0.2064009824291544,4.142870932325723,4.349271914754877,0.9310432651296187,1,0,0
healthy,idle,-0.205683886591977,4.13407220409623,4.339756090688208,0.9310432651296187,1,0,0
healthy,idle,-0.205128155819294,4.116994121352563,4.322122277171856,0.9310432651296187,1,0,0
healthy,idle,-0.20632277881626915,4.114327133776954,4.320649912593224,0.9310432651296187,1,0,0
healthy,idle,-0.2068508229413697,4.101440417711932,4.308291240653301,0.9310432651296187,1,0,0
healthy,idle,-0.2049389679768231,4.084764939764311,4.289703907741134,0.9310432651296187,1,0,0
healthy,idle,-0.22826913056358455,3.908254892004435,4.13652402256802,0.9310432651296187,1,0,0
healthy,startup,-0.2282667490412451,3.843141422955645,4.0714081719968895,0.9310432651296187,1,0,0
healthy,startup,-0.22236206798966862,3.840508325659283,4.062870393648952,0.9310432651296187,1,0,0
healthy,steady_state,0.08970289366779755,0.5174828079613957,0.42777991429359813,0.9310432651296187,0,0,0
healthy,steady_state,0.01834158218368087,0.7672884826708466,0.7489469004871657,0.9310432651296187,0,0,0
healthy,steady_state,0.07043445111288854,0.5352563370303343,0.4648218859174457,0.9310432651296187,0,0,0
healthy,steady_state,0.08805410415823989,0.4711292014543683,0.38307509729612843,0.9310432651296187,0,0,0
healthy,steady_state,0.07860345273369984,0.5150016448664249,0.436398192132725,0.9310432651296187,0,0,0
healthy,steady_state,0.10409544916689445,0.41042461836543903,0.3063291691985446,0.9310432651296187,0,0,0
healthy,steady_state,0.07811247417145706,0.5528910401091603,0.4747785659377033,0.9310432651296187,0,0,0
healthy,steady_state,-0.005058290376832586,0.8578003394118273,0.8628586297886599,0.9310432651296187,0,0,0
healthy,steady_state,-0.05126939620912907,1.0496314281040107,1.1009008243131397,0.9310432651296187,1,1,0
healthy,steady_state,0.0027207503579202985,0.9094832071369454,0.9067624567790251,0.9310432651296187,0,0,0
healthy,steady_state,0.05868092904321598,0.751534609103054,0.692853680059838,0.9310432651296187,0,0,0
healthy,steady_state,0.02839223045896999,0.907799090140305,0.879406859681335,0.9310432651296187,0,0,0
healthy,steady_state,0.03550843764165518,0.8560171226947115,0.8205086850530563,0.9310432651296187,0,0,0
healthy,steady_state,0.0731714315246339,0.5627656928774721,0.48959426135283823,0.9310432651296187,0,0,0
healthy,steady_state,0.051048343089970694,0.6288232665298141,0.5777749234398435,0.9310432651296187,0,0,0
healthy,steady_state,0.0075478016118435964,0.8635176747909201,0.8559698731790766,0.9310432651296187,0,0,0
healthy,steady_state,0.03985842345058821,0.6697743571018947,0.6299159336513065,0.9310432651296187,0,0,0
healthy,shutdown,-0.20930966299280063,3.270147484679115,3.4794571476719156,0.9310432651296187,1,0,0
healthy,shutdown,-0.20727278165054175,3.597481824055003,3.804754605705545,0.9310432651296187,1,0,0
healthy,idle,-0.2123410418630104,3.7040261734362203,3.9163672152992306,0.9310432651296187,1,0,0
healthy,idle,-0.20852106070162812,4.156627343391462,4.36514840409309,0.9310432651296187,1,0,0
healthy,idle,-0.20687945110398842,4.148058662756727,4.354938113860715,0.9310432651296187,1,0,0
healthy,idle,-0.2064009824291544,3.965963440719462,4.1723644231486166,0.9310432651296187,1,0,0
healthy,idle,-0.20560576236670125,4.120614869033493,4.3262206314001945,0.9310432651296187,1,0,0
healthy,idle,-0.205128155819294,4.115273524812179,4.3204016806314725,0.9310432651296187,1,0,0
healthy,idle,-0.20632277881626915,4.110408718736291,4.316731497552561,0.9310432651296187,1,0,0
healthy,idle,-0.20661155779781704,4.100090811053994,4.306702368851812,0.9310432651296187,1,0,0
healthy,idle,-0.22728357061987026,3.9054404603694337,4.132724030989304,0.9310432651296187,1,0,0
healthy,startup,-0.2187899677622529,3.7282785572885078,3.947068525050761,0.9310432651296187,1,0,0
healthy,startup,-0.2191311031915537,3.752132829169057,3.9712639323606105,0.9310432651296187,1,0,0
healthy,steady_state,0.015100471302312513,0.7500113859751898,0.7349109146728773,0.9310432651296187,0,0,0
healthy,steady_state,0.024118822200495604,0.8653148473423482,0.8411960251418527,0.9310432651296187,0,0,0
healthy,steady_state,0.02895952627752124,0.7190856962159221,0.6901261699384009,0.9310432651296187,0,0,0
healthy,steady_state,-0.0033963747962657553,0.9181103658911202,0.9215067406873859,0.9310432651296187,0,0,0
healthy,steady_state,0.05227185906975862,0.6003413279856981,0.5480694689159394,0.9310432651296187,0,0,0
healthy,steady_state,0.04229594203612702,0.71802520844268,0.6757292664065531,0.9310432651296187,0,0,0
healthy,steady_state,0.003772527657279645,0.8647410949263938,0.8609685672691142,0.9310432651296187,0,0,0
healthy,steady_state,0.09596838417093762,0.5227141016799679,0.4267457175090303,0.9310432651296187,0,0,0
healthy,steady_state,0.05725591597753249,0.6210412143850053,0.5637852984074727,0.9310432651296187,0,0,0
healthy,steady_state,0.0700610214401361,0.6826565237545663,0.6125955023144303,0.9310432651296187,0,0,0
healthy,steady_state,0.015220269304803802,0.8912741149810515,0.8760538456762477,0.9310432651296187,0,0,0
healthy,steady_state,0.04240338611183336,0.6933410426556565,0.6509376565438232,0.9310432651296187,0,0,0
healthy,steady_state,0.05016662103835634,0.7684079211743334,0.7182413001359771,0.9310432651296187,0,0,0
healthy,steady_state,0.07654537991427357,0.6825083623791377,0.6059629824648641,0.9310432651296187,0,0,0
healthy,steady_state,0.0011140673460376949,1.0473662777567567,1.046252210410719,0.9310432651296187,1,1,0
healthy,steady_state,-0.020963214247105122,1.0269034497408527,1.047866663987958,0.9310432651296187,1,1,0
healthy,steady_state,0.010770356363324185,0.7233199076739552,0.712549551310631,0.9310432651296187,0,0,0
healthy,shutdown,-0.21701773945205616,3.3587154293503514,3.5757331688024077,0.9310432651296187,1,0,0
healthy,shutdown,-0.2233781012661833,3.805063625871015,4.028441727137198,0.9310432651296187,1,0,0
healthy,idle,-0.21261803538475732,3.696635778986057,3.9092538143708144,0.9310432651296187,1,0,0
healthy,idle,-0.21049251471450103,4.171680252938726,4.382172767653227,0.9310432651296187,1,0,0
healthy,idle,-0.20948119510437613,4.162563987393347,4.372045182497724,0.9310432651296187,1,0,0
healthy,idle,-0.20735824386143076,4.152775875023027,4.360134118884457,0.9310432651296187,1,0,0
healthy,idle,-0.20687945110398842,4.143064356348892,4.34994380745288,0.9310432651296187,1,0,0
healthy,idle,-0.205683886591977,4.125860236893418,4.331544123485395,0.9310432651296187,1,0,0
healthy,idle,-0.205128155819294,4.123712599529245,4.328840755348539,0.9310432651296187,1,0,0
healthy,idle,-0.20632277881626915,4.114549993134979,4.320872771951248,0.9310432651296187,1,0,0
mechanical_looseness,startup,-0.23209687909532606,3.886978331603787,4.119075210699113,0.9310432651296187,1,0,1
mechanical_looseness,startup,-0.23831567752932825,3.980219581956476,4.2185352594858045,0.9310432651296187,1,0,1
mechanical_looseness,steady_state,-0.206486280233244,3.21982355163288,3.4263098318661243,0.9310432651296187,1,1,1
mechanical_looseness,steady_state,-0.20343320806748966,3.080685500916535,3.2841187089840247,0.9310432651296187,1,1,1
mechanical_looseness,steady_state,-0.2035754914561153,3.1100386799710957,3.313614171427211,0.9310432651296187,1,1,1
mechanical_looseness,steady_state,-0.20747321256439122,3.1964772677541897,3.403950480318581,0.9310432651296187,1,1,1
mechanical_looseness,steady_state,-0.20592571285084016,3.1891437319494202,3.3950694448002605,0.9310432651296187,1,1,1
mechanical_looseness,steady_state,-0.19799534766439864,3.0521928013814024,3.250188149045801,0.9310432651296187,1,1,1
mechanical_looseness,steady_state,-0.1988055429939567,3.027430250017387,3.2262357930113437,0.9310432651296187,1,1,1
mechanical_looseness,steady_state,-0.19089667188006376,3.005906839843333,3.196803511723397,0.9310432651296187,1,1,1
mechanical_looseness,steady_state,-0.19931457529356744,3.0759888689777655,3.2753034442713327,0.9310432651296187,1,1,1
mechanical_looseness,steady_state,-0.2050067072117393,3.1047304250575714,3.3097371322693108,0.9310432651296187,1,1,1
mechanical_looseness,steady_state,-0.18726638207622182,2.9662148430876005,3.1534812251638225,0.9310432651296187,1,1,1
mechanical_looseness,steady_state,-0.18747388839271295,2.963158953325141,3.150632841717854,0.9310432651296187,1,1,1
mechanical_looseness,steady_state,-0.19655511471925724,3.022915097550733,3.2194702122699903,0.9310432651296187,1,1,1
mechanical_looseness,steady_state,-0.19646262580058793,3.0126824849195497,3.2091451107201374,0.9310432651296187,1,1,1
mechanical_looseness,steady_state,-0.18895029970093813,2.9827052994347354,3.1716555991356734,0.9310432651296187,1,1,1
mechanical_looseness,steady_state,-0.19807505900083766,3.036912073638755,3.234987132639593,0.9310432651296187,1,1,1
mechanical_looseness,steady_state,-0.1989607643319694,3.032196298375809,3.231157062707778,0.9310432651296187,1,1,1
mechanical_looseness,shutdown,-0.23040423917918507,3.5925068250884014,3.8229110642675863,0.9310432651296187,1,0,1
mechanical_looseness,shutdown,-0.2012165300610662,3.589802710302651,3.7910192403637173,0.9310432651296187,1,0,1
mechanical_looseness,idle,-0.1994157937519242,3.5449903554922786,3.744406149244203,0.9310432651296187,1,0,1
mechanical_looseness,idle,-0.19588839131847846,3.9935032879052645,4.189391679223743,0.9310432651296187,1,0,1
mechanical_looseness,idle,-0.1956382852146964,3.984405386001735,4.180043671216431,0.9310432651296187,1,0,1
mechanical_looseness,idle,-0.19627601723838106,3.975902157843769,4.17217817508215,0.9310432651296187,1,0,1
mechanical_looseness,idle,-0.1960403316088113,3.953641340182752,4.149681671791563,0.9310432651296187,1,0,1
mechanical_looseness,idle,-0.19713559333824282,3.9727141290302077,4.1698497223684505,0.9310432651296187,1,0,1
mechanical_looseness,idle,-0.19713559333824282,3.984609852072505,4.181745445410748,0.9310432651296187,1,0,1
mechanical_looseness,idle,-0.1973716498334629,3.994048954839271,4.191420604672734,0.9310432651296187,1,0,1
mechanical_looseness,idle,-0.2240657581583705,3.96079182923044,4.1848575873888105,0.9310432651296187,1,0,1
mechanical_looseness,startup,-0.22461435935632101,3.699483648931229,3.92409800828755,0.9310432651296187,1,0,1
mechanical_looseness,startup,-0.23463135480905384,3.9200135828105456,4.154644937619599,0.9310432651296187,1,0,1
mechanical_looseness,steady_state,-0.20755890588151293,3.2060271790361727,3.413586084917686,0.9310432651296187,1,1,1
mechanical_looseness,steady_state,-0.20313211525830688,3.1017168009302845,3.3048489161885914,0.9310432651296187,1,1,1
mechanical_looseness,steady_state,-0.20829671317615805,3.147727493980641,3.356024207156799,0.9310432651296187,1,1,1
mechanical_looseness,steady_state,-0.20740390126195662,3.1228490703449374,3.3302529716068943,0.9310432651296187,1,1,1
mechanical_looseness,steady_state,-0.19911922480626942,3.11474095999686,3.3138601848031293,0.9310432651296187,1,1,1
mechanical_looseness,steady_state,-0.1890331215451706,2.9838867659027324,3.172919887447903,0.9310432651296187,1,1,1
mechanical_looseness,steady_state,-0.19287122718467098,2.9720283291371685,3.1648995563218394,0.9310432651296187,1,1,1
mechanical_looseness,steady_state,-0.1987246591192462,3.028557766282037,3.2272824254012833,0.9310432651296187,1,1,1
mechanical_looseness,steady_state,-0.1854315945411772,2.905104677780136,3.0905362723213132,0.9310432651296187,1,1,1
mechanical_looseness,steady_state,-0.19632312943721864,2.9686895827033672,3.165012712140586,0.9310432651296187,1,1,1
mechanical_looseness,steady_state,-0.20435906319746022,3.100901132365861,3.305260195563321,0.9310432651296187,1,1,1
mechanical_looseness,steady_state,-0.1997612910017228,3.0131081032970313,3.212869394298754,0.9310432651296187,1,1,1
mechanical_looseness,steady_state,-0.18479026579551672,2.916385459501723,3.1011757252972396,0.9310432651296187,1,1,1
mechanical_looseness,steady_state,-0.19485846855086908,3.005646389397314,3.200504857948183,0.9310432651296187,1,1,1
mechanical_looseness,steady_state,-0.1946074827935138,3.091844113467856,3.2864515962613696,0.9310432651296187,1,1,1
mechanical_looseness,steady_state,-0.19806006776621377,3.0274737549445443,3.225533822710758,0.9310432651296187,1,1,1
mechanical_looseness,steady_state,-0.20059229590109318,3.054946534285473,3.255538830186566,0.9310432651296187,1,1,1
mechanical_looseness,shutdown,-0.2310197647494503,3.6360461759579854,3.8670659407074357,0.9310432651296187,1,0,1
mechanical_looseness,shutdown,-0.20143781271346528,3.6106489188154844,3.8120867315289497,0.9310432651296187,1,0,1
mechanical_looseness,idle,-0.2015053078347525,3.564424466807826,3.7659297746425784,0.9310432651296187,1,0,1
mechanical_looseness,idle,-0.19683140687868805,4.010397925400461,4.20722933227915,0.9310432651296187,1,0,1
mechanical_looseness,idle,-0.19659553325275803,4.0010183476762755,4.197613880929033,0.9310432651296187,1,0,1
mechanical_looseness,idle,-0.19631020191372994,3.991351470620087,4.187661672533817,0.9310432651296187,1,0,1
mechanical_looseness,idle,-0.195402815453934,3.9818256665613028,4.177228482015237,0.9310432651296187,1,0,1
mechanical_looseness,idle,-0.19627601723838106,3.975333970960833,4.171609988199214,0.9310432651296187,1,0,1
mechanical_looseness,idle,-0.19528493348209985,3.9735020709396136,4.168787004421714,0.9310432651296187,1,0,1
mechanical_looseness,idle,-0.19713559333824282,3.9772997947626862,4.174435388100929,0.9310432651296187,1,0,1
mechanical_looseness,idle,-0.2240657581583705,3.948581566947877,4.172647325106247,0.9310432651296187,1,0,1
mechanical_looseness,startup,-0.23831567752932825,4.005935645574104,4.244251323103432,0.9310432651296187,1,0,1
mechanical_looseness,startup,-0.23338885274473598,3.877138644211466,4.110527496956202,0.9310432651296187,1,0,1
mechanical_looseness,steady_state,-0.20764025204484915,3.1471636397544,3.354803891799249,0.9310432651296187,1,1,1
mechanical_looseness,steady_state,-0.20785206965983016,3.0987700026843616,3.306622072344192,0.9310432651296187,1,1,1
mechanical_looseness,steady_state,-0.19862045345311774,3.0330728773290696,3.2316933307821873,0.9310432651296187,1,1,1
mechanical_looseness,steady_state,-0.19833339436030184,3.090746879812614,3.2890802741729157,0.9310432651296187,1,1,1
mechanical_looseness,steady_state,-0.20336210620064066,3.07245518860035,3.2758172948009907,0.9310432651296187,1,1,1
mechanical_looseness,steady_state,-0.20570294389088384,3.128441828751819,3.334144772642703,0.9310432651296187,1,1,1
mechanical_looseness,steady_state,-0.19257326307237843,3.0009766685731547,3.193549931645533,0.9310432651296187,1,1,1
mechanical_looseness,steady_state,-0.1985566671882375,3.000965701758339,3.1995223689465764,0.9310432651296187,1,1,1
mechanical_looseness,steady_state,-0.18793856221840133,2.9567438277495612,3.1446823899679623,0.9310432651296187,1,1,1
mechanical_looseness,steady_state,-0.1741856775957985,2.882327927598606,3.0565136051944046,0.9310432651296187,1,1,1
mechanical_looseness,steady_state,-0.17766127365182116,2.8190992398713783,2.9967605135231996,0.9310432651296187,1,1,1
mechanical_looseness,steady_state,-0.18277460878199203,2.827557527065285,3.010332135847277,0.9310432651296187,1,1,1
mechanical_looseness,steady_state,-0.18706202251140203,2.8984447727940847,3.085506795305487,0.9310432651296187,1,1,1
mechanical_looseness,steady_state,-0.19357007147914407,2.962137431631252,3.155707503110396,0.9310432651296187,1,1,1
mechanical_looseness,steady_state,-0.20464888091347033,3.106495445272074,3.3111443261855444,0.9310432651296187,1,1,1
mechanical_looseness,steady_state,-0.20633836225632207,3.1725090854182985,3.3788474476746204,0.9310432651296187,1,1,1
mechanical_looseness,steady_state,-0.197097724895261,3.077577099953829,3.27467482484909,0.9310432651296187,1,1,1
mechanical_looseness,shutdown,-0.23172585640325738,3.659901323843573,3.8916271802468305,0.9310432651296187,1,0,1
mechanical_looseness,shutdown,-0.19579649446403646,3.456468171311237,3.6522646657752733,0.9310432651296187,1,0,1
mechanical_looseness,idle,-0.2002795123789085,3.5745261118132974,3.774805624192206,0.9310432651296187,1,0,1
mechanical_looseness,idle,-0.1963108476338722,4.014072305883017,4.210383153516889,0.9310432651296187,1,0,1
mechanical_looseness,idle,-0.1963108476338722,4.013907559355849,4.210218406989721,0.9310432651296187,1,0,1
mechanical_looseness,idle,-0.19588839131847846,4.005285646052207,4.201174037370685,0.9310432651296187,1,0,1
mechanical_looseness,idle,-0.19612402549967467,3.9949907450020854,4.19111477050176,0.9310432651296187,1,0,1
mechanical_looseness,idle,-0.1956382852146964,3.9854421199288543,4.18108040514355,0.9310432651296187,1,0,1
mechanical_looseness,idle,-0.1956382852146964,3.9762419102109825,4.171880195425679,0.9310432651296187,1,0,1
mechanical_looseness,idle,-0.1960403316088113,3.9728564053507927,4.168896736959604,0.9310432651296187,1,0,1
mechanical_looseness,idle,-0.22480153312912343,3.9390699443490016,4.163871477478125,0.9310432651296187,1,0,1
mechanical_looseness,startup,-0.2336545759626404,3.7822565151492324,4.015911091111873,0.9310432651296187,1,0,1
mechanical_looseness,startup,-0.22965968679402848,3.8461149402026016,4.07577462699663,0.9310432651296187,1,0,1
mechanical_looseness,steady_state,-0.20219144791070098,3.0524031391539936,3.2545945870646946,0.9310432651296187,1,1,1
mechanical_looseness,steady_state,-0.19324919189790868,2.9782876724837735,3.1715368643816824,0.9310432651296187,1,1,1
mechanical_looseness,steady_state,-0.19362501799287868,2.935980636178952,3.1296056541718307,0.9310432651296187,1,1,1
mechanical_looseness,steady_state,-0.20470164758927067,3.162572301068555,3.3672739486578256,0.9310432651296187,1,1,1
mechanical_looseness,steady_state,-0.1898972336428607,3.0368320091807837,3.2267292428236445,0.9310432651296187,1,1,1
mechanical_looseness,steady_state,-0.19393147808904299,2.986418299473249,3.180349777562292,0.9310432651296187,1,1,1
mechanical_looseness,steady_state,-0.19381908505371293,3.0678086249355596,3.2616277099892725,0.9310432651296187,1,1,1
mechanical_looseness,steady_state,-0.19554033034999452,3.0434795001687807,3.2390198305187754,0.9310432651296187,1,1,1
mechanical_looseness,steady_state,-0.18765687425664224,3.023273635829082,3.210930510085724,0.9310432651296187,1,1,1
mechanical_looseness,steady_state,-0.19019945445974773,2.8821993487956936,3.0723988032554415,0.9310432651296187,1,1,1
mechanical_looseness,steady_state,-0.18159379236443063,2.902019215848606,3.083613008213036,0.9310432651296187,1,1,1
mechanical_looseness,steady_state,-0.17779758540458046,2.8853029533370282,3.0631005387416086,0.9310432651296187,1,1,1
mechanical_looseness,steady_state,-0.198983735253342,3.074995408755786,3.273979144009128,0.9310432651296187,1,1,1
mechanical_looseness,steady_state,-0.19770873823590152,3.1244978442782116,3.322206582514113,0.9310432651296187,1,1,1
mechanical_looseness,steady_state,-0.19091567593955883,2.9591076064929025,3.1500232824324614,0.9310432651296187,1,1,1
mechanical_looseness,steady_state,-0.1907106848260932,3.0299758170509197,3.220686501877013,0.9310432651296187,1,1,1
mechanical_looseness,steady_state,-0.1969077856385213,3.0370966190306747,3.234004404669196,0.9310432651296187,1,1,1
mechanical_looseness,shutdown,-0.23378395200411772,3.624820832777274,3.8586047847813916,0.9310432651296187,1,0,1
mechanical_looseness,shutdown,-0.20209669929873764,3.613820297297645,3.815916996596383,0.9310432651296187,1,0,1
mechanical_looseness,idle,-0.19956863069035158,3.585105806150998,3.7846744368413496,0.9310432651296187,1,0,1
mechanical_looseness,idle,-0.19933131366378354,4.0326010050795364,4.23193231874332,0.9310432651296187,1,0,1
mechanical_looseness,idle,-0.1963108476338722,4.029063887277395,4.225374734911267,0.9310432651296187,1,0,1
mechanical_looseness,idle,-0.1963108476338722,4.019578213392999,4.215889061026871,0.9310432651296187,1,0,1
mechanical_looseness,idle,-0.19683140687868805,4.010141944637684,4.206973351516371,0.9310432651296187,1,0,1
mechanical_looseness,idle,-0.19612402549967467,4.000760436037934,4.196884461537609,0.9310432651296187,1,0,1
mechanical_looseness,idle,-0.19631020191372994,3.9839174572093063,4.1802276591230365,0.9310432651296187,1,0,1
mechanical_looseness,idle,-0.195402815453934,3.97059579997419,4.165998615428124,0.9310432651296187,1,0,1
mechanical_looseness,idle,-0.2240657581583706,3.9277679892286144,4.151833747386985,0.9310432651296187,1,0,1
mechanical_looseness,startup,-0.23631871799037873,3.8829953372512347,4.119314055241613,0.9310432651296187,1,0,1
mechanical_looseness,startup,-0.23268985968696898,3.893296243934076,4.125986103621045,0.9310432651296187,1,0,1
mechanical_looseness,steady_state,-0.19612831499430083,3.1436599068826694,3.33978822187697,0.9310432651296187,1,1,1
mechanical_looseness,steady_state,-0.19139791227708836,3.1700319507666346,3.361429863043723,0.9310432651296187,1,1,1
mechanical_looseness,steady_state,-0.20632997348759052,3.102948842655084,3.3092788161426743,0.9310432651296187,1,1,1
mechanical_looseness,steady_state,-0.1920737828238691,2.973749042718317,3.165822825542186,0.9310432651296187,1,1,1
mechanical_looseness,steady_state,-0.18715556398388988,2.9298777187675573,3.1170332827514473,0.9310432651296187,1,1,1
mechanical_looseness,steady_state,-0.17657556617141423,2.893972160457369,3.0705477266287833,0.9310432651296187,1,1,1
mechanical_looseness,steady_state,-0.18246063909669774,2.9137485339789686,3.0962091730756662,0.9310432651296187,1,1,1
mechanical_looseness,steady_state,-0.1950467565767462,2.9375144533121795,3.1325612098889257,0.9310432651296187,1,1,1
mechanical_looseness,steady_state,-0.20186907310280622,3.0276186716425615,3.229487744745368,0.9310432651296187,1,1,1
mechanical_looseness,steady_state,-0.1980512274909465,3.0094634225240484,3.207514650014995,0.9310432651296187,1,1,1
mechanical_looseness,steady_state,-0.1899401577357941,2.9798420149318865,3.1697821726676807,0.9310432651296187,1,1,1
mechanical_looseness,steady_state,-0.1898598172079463,3.0375257688400605,3.227385586048007,0.9310432651296187,1,1,1
mechanical_looseness,steady_state,-0.18784070455824253,3.007835625261284,3.1956763298195265,0.9310432651296187,1,1,1
mechanical_looseness,steady_state,-0.19184280708611057,3.031194053025855,3.2230368601119657,0.9310432651296187,1,1,1
mechanical_looseness,steady_state,-0.1912185145069557,3.0085993754444407,3.1998178899513965,0.9310432651296187,1,1,1
mechanical_looseness,steady_state,-0.1981584117641706,3.075056095745964,3.2732145075101347,0.9310432651296187,1,1,1
mechanical_looseness,steady_state,-0.20146466884489622,3.201797459723571,3.4032621285684677,0.9310432651296187,1,1,1
mechanical_looseness,shutdown,-0.23452960232626252,3.673103633527176,3.9076332358534382,0.9310432651296187,1,0,1
mechanical_looseness,shutdown,-0.20974542310553235,3.5930762686676676,3.8028216917732,0.9310432651296187,1,0,1
mechanical_looseness,idle,-0.20123826981372617,3.5833001394808255,3.7845384092945515,0.9310432651296187,1,0,1
mechanical_looseness,idle,-0.19980499381888195,4.0509688805425,4.250773874361382,0.9310432651296187,1,0,1
mechanical_looseness,idle,-0.19933131366378354,4.041063030763908,4.240394344427692,0.9310432651296187,1,0,1
mechanical_looseness,idle,-0.19790264145847225,4.031891855807137,4.229794497265609,0.9310432651296187,1,0,1
mechanical_looseness,idle,-0.1963108476338722,4.02201014657823,4.218320994212102,0.9310432651296187,1,0,1
mechanical_looseness,idle,-0.1963108476338722,4.012434498626933,4.208745346260805,0.9310432651296187,1,0,1
mechanical_looseness,idle,-0.19588839131847846,4.002403265636327,4.198291656954805,0.9310432651296187,1,0,1
mechanical_looseness,idle,-0.19588839131847846,3.9936998009879456,4.189588192306424,0.9310432651296187,1,0,1
mechanical_looseness,idle,-0.22377627249004184,3.9227391059502743,4.146515378440316,0.9310432651296187,1,0,1
mechanical_looseness,startup,-0.23268985968696898,3.9544270804188026,4.1871169401057715,0.9310432651296187,1,0,1
mechanical_looseness,startup,-0.22760557951731963,3.8276931247093624,4.055298704226682,0.9310432651296187,1,0,1
mechanical_looseness,steady_state,-0.20218652786955593,3.0735697269298226,3.2757562547993784,0.9310432651296187,1,1,1
mechanical_looseness,steady_state,-0.19721986579555406,3.0200930632260548,3.2173129290216087,0.9310432651296187,1,1,1
mechanical_looseness,steady_state,-0.19751747926441898,2.9978026208876285,3.1953201001520473,0.9310432651296187,1,1,1
mechanical_looseness,steady_state,-0.2050486938802628,3.1590626288608274,3.36411132274109,0.9310432651296187,1,1,1
mechanical_looseness,steady_state,-0.19940706863638236,3.1318547242749553,3.3312617929113375,0.9310432651296187,1,1,1
mechanical_looseness,steady_state,-0.18541940619231734,2.954630270478892,3.140049676671209,0.9310432651296187,1,1,1
mechanical_looseness,steady_state,-0.1713446062410071,2.867637416173971,3.038982022414978,0.9310432651296187,1,1,1
mechanical_looseness,steady_state,-0.1799296517125809,2.932458880809323,3.1123885325219036,0.9310432651296187,1,1,1
mechanical_looseness,steady_state,-0.19144120396675834,2.9750879447118628,3.166529148678621,0.9310432651296187,1,1,1
mechanical_looseness,steady_state,-0.19504189856889376,3.0347028900202813,3.229744788589175,0.9310432651296187,1,1,1
mechanical_looseness,steady_state,-0.19301615779218873,3.0057043959658065,3.1987205537579952,0.9310432651296187,1,1,1
mechanical_looseness,steady_state,-0.19058339920554468,3.0357292006259913,3.226312599831536,0.9310432651296187,1,1,1
mechanical_looseness,steady_state,-0.1837867475937509,2.9502680684902645,3.1340548160840154,0.9310432651296187,1,1,1
mechanical_looseness,steady_state,-0.20000335504418587,3.0915176097271315,3.2915209647713173,0.9310432651296187,1,1,1
mechanical_looseness,steady_state,-0.19769561175823402,3.154263560902124,3.351959172660358,0.9310432651296187,1,1,1
mechanical_looseness,steady_state,-0.18417235686621414,3.0231422324419026,3.2073145893081167,0.9310432651296187,1,1,1
mechanical_looseness,steady_state,-0.20407201702772892,3.1100199478035915,3.3140919648313205,0.9310432651296187,1,1,1
mechanical_looseness,shutdown,-0.23378395200411772,3.7321934889699797,3.9659774409740973,0.9310432651296187,1,0,1
mechanical_looseness,shutdown,-0.2138465578091927,3.648346696628627,3.8621932544378197,0.9310432651296187,1,0,1
mechanical_looseness,idle,-0.20602486235708106,3.576596629864309,3.78262149222139,0.9310432651296187,1,0,1
mechanical_looseness,idle,-0.20307578091248646,4.0633704041777055,4.266446185090192,0.9310432651296187,1,0,1
mechanical_looseness,idle,-0.19956811365001093,4.05913646351572,4.25870457716573,0.9310432651296187,1,0,1
mechanical_looseness,idle,-0.19980499381888195,4.0511933493214025,4.250998343140284,0.9310432651296187,1,0,1
mechanical_looseness,idle,-0.19933131366378354,4.021932099890879,4.221263413554663,0.9310432651296187,1,0,1
mechanical_looseness,idle,-0.19790264145847225,4.031004250729696,4.228906892188168,0.9310432651296187,1,0,1
mechanical_looseness,idle,-0.1963108476338722,4.021498203464375,4.217809051098247,0.9310432651296187,1,0,1
mechanical_looseness,idle,-0.1963108476338722,4.012773263647933,4.209084111281805,0.9310432651296187,1,0,1
mechanical_looseness,idle,-0.2250786239574526,3.922251999932152,4.147330623889604,0.9310432651296187,1,0,1
mechanical_looseness,startup,-0.23343439822370804,3.9962877169712447,4.229722115194953,0.9310432651296187,1,0,1
mechanical_looseness,startup,-0.2285915758232504,3.811417918195033,4.040009494018284,0.9310432651296187,1,0,1
mechanical_looseness,steady_state,-0.1883085080272241,3.073797445707238,3.262105953734462,0.9310432651296187,1,1,1
mechanical_looseness,steady_state,-0.20633254066979356,3.126919971836881,3.3332525125066748,0.9310432651296187,1,1,1
mechanical_looseness,steady_state,-0.20792127941967897,3.128361543540629,3.3362828229603076,0.9310432651296187,1,1,1
mechanical_looseness,steady_state,-0.1933139661586729,3.0606606867145083,3.253974652873181,0.9310432651296187,1,1,1
mechanical_looseness,steady_state,-0.18563761579001747,3.01559413691415,3.2012317527041674,0.9310432651296187,1,1,1
mechanical_looseness,steady_state,-0.1831077059351136,2.9599069814187104,3.143014687353824,0.9310432651296187,1,1,1
mechanical_looseness,steady_state,-0.17582331249377525,2.876929990697616,3.052753303191391,0.9310432651296187,1,1,1
mechanical_looseness,steady_state,-0.18131638796102323,2.988284155112481,3.169600543073504,0.9310432651296187,1,1,1
mechanical_looseness,steady_state,-0.18288558189718407,2.9554378281356004,3.1383234100327844,0.9310432651296187,1,1,1
mechanical_looseness,steady_state,-0.18498639387518978,2.9821632372620606,3.1671496311372502,0.9310432651296187,1,1,1
mechanical_looseness,steady_state,-0.18989988411079173,3.003237356920923,3.1931372410317147,0.9310432651296187,1,1,1
mechanical_looseness,steady_state,-0.18535530564538294,2.989775758740098,3.1751310643854813,0.9310432651296187,1,1,1
mechanical_looseness,steady_state,-0.1891843761851758,2.9604301962093795,3.1496145723945554,0.9310432651296187,1,1,1
mechanical_looseness,steady_state,-0.19965080462138707,3.0793390936380876,3.2789898982594745,0.9310432651296187,1,1,1
mechanical_looseness,steady_state,-0.1973885256599721,3.144999275248645,3.342387800908617,0.9310432651296187,1,1,1
mechanical_looseness,steady_state,-0.19012998220212074,3.171314682720438,3.361444664922559,0.9310432651296187,1,1,1
mechanical_looseness,steady_state,-0.19907983931846518,3.0828140194301796,3.281893858748645,0.9310432651296187,1,1,1
mechanical_looseness,shutdown,-0.2377238761689645,3.738727200865335,3.9764510770342993,0.9310432651296187,1,0,1
mechanical_looseness,shutdown,-0.210230635908911,3.657130108339024,3.867360744247935,0.9310432651296187,1,0,1
mechanical_looseness,idle,-0.2133922652048893,3.6468426175397384,3.860234882744628,0.9310432651296187,1,0,1
mechanical_looseness,idle,-0.20231274735865512,4.0837213507004675,4.2860340980591225,0.9310432651296187,1,0,1
mechanical_looseness,idle,-0.20286625923097756,4.07908795293763,4.281954212168607,0.9310432651296187,1,0,1
mechanical_looseness,idle,-0.2015146561614889,4.069581270272872,4.271095926434361,0.9310432651296187,1,0,1
mechanical_looseness,idle,-0.19956811365001093,4.059647125508191,4.259215239158202,0.9310432651296187,1,0,1
mechanical_looseness,idle,-0.19980499381888195,4.050379200436681,4.250184194255563,0.9310432651296187,1,0,1
mechanical_looseness,idle,-0.19933131366378354,4.040854612890634,4.2401859265544175,0.9310432651296187,1,0,1
mechanical_looseness,idle,-0.19790264145847225,4.031590053926516,4.229492695384988,0.9310432651296187,1,0,1
mechanical_looseness,idle,-0.2250786239574526,3.920928319834807,4.146006943792259,0.9310432651296187,1,0,1
mechanical_looseness,startup,-0.22898225711808484,3.878550868439074,4.107533125557159,0.9310432651296187,1,0,1
mechanical_looseness,startup,-0.23112209990052512,3.869961375546592,4.101083475447117,0.9310432651296187,1,0,1
mechanical_looseness,steady_state,-0.19700245078960787,3.1230721114027222,3.32007456219233,0.9310432651296187,1,1,1
mechanical_looseness,steady_state,-0.19742734793784023,3.191246437985271,3.3886737859231113,0.9310432651296187,1,1,1
mechanical_looseness,steady_state,-0.20495171127047118,3.170719542489596,3.3756712537600673,0.9310432651296187,1,1,1
mechanical_looseness,steady_state,-0.21251760426225053,3.2267297876033316,3.439247391865582,0.9310432651296187,1,1,1
mechanical_looseness,steady_state,-0.19301999306857454,3.0873450778688314,3.280365070937406,0.9310432651296187,1,1,1
mechanical_looseness,steady_state,-0.18919803629661303,3.08323166319466,3.272429699491273,0.9310432651296187,1,1,1
mechanical_looseness,steady_state,-0.1870476232269569,3.0191328619574396,3.2061804851843965,0.9310432651296187,1,1,1
mechanical_looseness,steady_state,-0.20240702174953207,3.110868425089429,3.313275446838961,0.9310432651296187,1,1,1
mechanical_looseness,steady_state,-0.1935151427112186,3.019311039369871,3.2128261820810895,0.9310432651296187,1,1,1
mechanical_looseness,steady_state,-0.18606581085964002,2.9760845337445945,3.1621503446042345,0.9310432651296187,1,1,1
mechanical_looseness,steady_state,-0.18441388927409286,2.998304721865798,3.1827186111398906,0.9310432651296187,1,1,1
mechanical_looseness,steady_state,-0.19977675088791358,3.1370624112879564,3.33683916217587,0.9310432651296187,1,1,1
mechanical_looseness,steady_state,-0.1944762091981982,3.1234624410692673,3.3179386502674655,0.9310432651296187,1,1,1
mechanical_looseness,steady_state,-0.20021785125751412,3.1169276765996106,3.3171455278571247,0.9310432651296187,1,1,1
mechanical_looseness,steady_state,-0.20333183201087335,3.155261618766566,3.3585934507774393,0.9310432651296187,1,1,1
mechanical_looseness,steady_state,-0.19697615398426604,3.0489480659793164,3.2459242199635825,0.9310432651296187,1,1,1
mechanical_looseness,steady_state,-0.20598574773695433,3.1727055501276404,3.3786912978645947,0.9310432651296187,1,1,1
mechanical_looseness,shutdown,-0.23605074073552035,3.6745701842965497,3.9106209250320703,0.9310432651296187,1,0,1
mechanical_looseness,shutdown,-0.20999022671712553,3.645900842224369,3.8558910689414945,0.9310432651296187,1,0,1
mechanical_looseness,idle,-0.21020953321886426,3.6546932537528276,3.864902786971692,0.9310432651296187,1,0,1
mechanical_looseness,idle,-0.20661155779781704,4.100485360156959,4.307096917954777,0.9310432651296187,1,0,1
mechanical_looseness,idle,-0.20231274735865512,4.091341009311387,4.293653756670042,0.9310432651296187,1,0,1
mechanical_looseness,idle,-0.20310425618214167,4.080965417004919,4.284069673187061,0.9310432651296187,1,0,1
mechanical_looseness,idle,-0.2025998868450104,4.072449610181397,4.275049497026407,0.9310432651296187,1,0,1
mechanical_looseness,idle,-0.19956811365001093,4.062346207996197,4.261914321646207,0.9310432651296187,1,0,1
mechanical_looseness,idle,-0.19980499381888195,4.053330587225592,4.253135581044473,0.9310432651296187,1,0,1
mechanical_looseness,idle,-0.19933131366378354,4.043358545278482,4.242689858942266,0.9310432651296187,1,0,1
mechanical_looseness,idle,-0.22458783672659777,3.9189273450076647,4.143515181734262,0.9310432651296187,1,0,1
mechanical_looseness,startup,-0.22996634560102147,3.850533566937197,4.080499912538219,0.9310432651296187,1,0,1
mechanical_looseness,startup,-0.22514118694265706,3.908191995840623,4.1333331827832795,0.9310432651296187,1,0,1
mechanical_looseness,steady_state,-0.2043167551240328,3.1737079924977167,3.3780247476217493,0.9310432651296187,1,1,1
mechanical_looseness,steady_state,-0.20692586277095126,3.170657868714307,3.377583731485258,0.9310432651296187,1,1,1
mechanical_looseness,steady_state,-0.20367594602216177,3.1638479609692953,3.3675239069914573,0.9310432651296187,1,1,1
mechanical_looseness,steady_state,-0.1934888033300468,2.9920596780575863,3.185548481387633,0.9310432651296187,1,1,1
mechanical_looseness,steady_state,-0.1889208370220704,3.090697603913844,3.279618440935914,0.9310432651296187,1,1,1
mechanical_looseness,steady_state,-0.1835645006828579,3.073802275427998,3.257366776110856,0.9310432651296187,1,1,1
mechanical_looseness,steady_state,-0.18408133324823495,2.9861701399525553,3.17025147320079,0.9310432651296187,1,1,1
mechanical_looseness,steady_state,-0.1869830292289052,2.938619308420234,3.125602337649139,0.9310432651296187,1,1,1
mechanical_looseness,steady_state,-0.18533009783857968,2.9375708482013243,3.1229009460399038,0.9310432651296187,1,1,1
mechanical_looseness,steady_state,-0.18475850844622643,2.9083600077789336,3.09311851622516,0.9310432651296187,1,1,1
mechanical_looseness,steady_state,-0.18252179194340157,2.934598918135876,3.1171207100792775,0.9310432651296187,1,1,1
mechanical_looseness,steady_state,-0.19540890861879356,2.9972571073600496,3.192666015978843,0.9310432651296187,1,1,1
mechanical_looseness,steady_state,-0.1925828637130973,2.9609138781105835,3.153496741823681,0.9310432651296187,1,1,1
mechanical_looseness,steady_state,-0.20199761482905232,3.1331342965345867,3.3351319113636393,0.9310432651296187,1,1,1
mechanical_looseness,steady_state,-0.19139336545883512,3.0268383288069156,3.218231694265751,0.9310432651296187,1,1,1
mechanical_looseness,steady_state,-0.19073297556209934,3.0830834900997925,3.2738164656618918,0.9310432651296187,1,1,1
mechanical_looseness,steady_state,-0.19716823125803407,3.101691738351022,3.298859969609056,0.9310432651296187,1,1,1
mechanical_looseness,shutdown,-0.235054650010037,3.6986405204644526,3.93369517047449,0.9310432651296187,1,0,1
mechanical_looseness,shutdown,-0.21191578112877119,3.696753268590426,3.9086690497191974,0.9310432651296187,1,0,1
mechanical_looseness,idle,-0.21330635281665333,3.6958533086198258,3.909159661436479,0.9310432651296187,1,0,1
mechanical_looseness,idle,-0.20632277881626915,4.114440292511943,4.320763071328212,0.9310432651296187,1,0,1
mechanical_looseness,idle,-0.2063723736442089,4.10485616326146,4.311228536905669,0.9310432651296187,1,0,1
mechanical_looseness,idle,-0.20331384880961045,4.095674750347894,4.2989885991575045,0.9310432651296187,1,0,1
mechanical_looseness,idle,-0.20231274735865512,4.085523023176554,4.287835770535209,0.9310432651296187,1,0,1
mechanical_looseness,idle,-0.20286625923097756,4.072941553917058,4.2758078131480355,0.9310432651296187,1,0,1
mechanical_looseness,idle,-0.20032816527361164,4.060930851007841,4.2612590162814525,0.9310432651296187,1,0,1
mechanical_looseness,idle,-0.20027899481316624,4.0568549872592445,4.257133982072411,0.9310432651296187,1,0,1
mechanical_looseness,idle,-0.22641209665194495,3.9173533531889237,4.143765449840869,0.9310432651296187,1,0,1
mechanical_looseness,startup,-0.23268985968696898,3.9685564702855243,4.201246329972493,0.9310432651296187,1,0,1
mechanical_looseness,startup,-0.22391473585831367,3.89132671962878,4.1152414554870935,0.9310432651296187,1,0,1
mechanical_looseness,steady_state,-0.189711864724042,3.0634290538531697,3.2531409185772118,0.9310432651296187,1,1,1
mechanical_looseness,steady_state,-0.19224062795980923,3.0343795571398946,3.226620185099704,0.9310432651296187,1,1,1
mechanical_looseness,steady_state,-0.19437933428308007,3.0310394178800597,3.2254187521631397,0.9310432651296187,1,1,1
mechanical_looseness,steady_state,-0.19097283514168362,3.0931402716830663,3.28411310682475,0.9310432651296187,1,1,1
mechanical_looseness,steady_state,-0.18878282763283516,3.025080229178258,3.2138630568110935,0.9310432651296187,1,1,1
mechanical_looseness,steady_state,-0.1868013603305717,2.952819127346381,3.1396204876769525,0.9310432651296187,1,1,1
mechanical_looseness,steady_state,-0.1939012991522423,2.9779358102628906,3.171837109415133,0.9310432651296187,1,1,1
mechanical_looseness,steady_state,-0.1887510859778635,3.047604501429154,3.2363555874070173,0.9310432651296187,1,1,1
mechanical_looseness,steady_state,-0.18945280837016787,2.9904508994660706,3.1799037078362384,0.9310432651296187,1,1,1
mechanical_looseness,steady_state,-0.1852718453622777,3.026871596646032,3.2121434420083097,0.9310432651296187,1,1,1
mechanical_looseness,steady_state,-0.18809016261686096,3.133975670857164,3.322065833474025,0.9310432651296187,1,1,1
mechanical_looseness,steady_state,-0.1960915022805476,3.199273908844832,3.39536541112538,0.9310432651296187,1,1,1
mechanical_looseness,steady_state,-0.20389115118630063,3.145890615665533,3.3497817668518337,0.9310432651296187,1,1,1
mechanical_looseness,steady_state,-0.19930438945439977,3.10103679319343,3.3003411826478297,0.9310432651296187,1,1,1
mechanical_looseness,steady_state,-0.19480925456126874,3.152181449009694,3.3469907035709627,0.9310432651296187,1,1,1
mechanical_looseness,steady_state,-0.20350950994247408,3.224435206485694,3.427944716428168,0.9310432651296187,1,1,1
mechanical_looseness,steady_state,-0.2031873806221155,3.1220953995542797,3.325282780176395,0.9310432651296187,1,1,1
mechanical_looseness,shutdown,-0.24097788273770693,3.7802819984744866,4.021259881212194,0.9310432651296187,1,0,1
mechanical_looseness,shutdown,-0.2135690867626906,3.6962032314155135,3.909772318178204,0.9310432651296187,1,0,1
mechanical_looseness,idle,-0.2097288104963646,3.672540527305938,3.8822693378023025,0.9310432651296187,1,0,1
mechanical_looseness,idle,-0.19837674765635815,3.972541384248056,4.170918131904414,0.9310432651296187,1,0,1
mechanical_looseness,idle,-0.205128155819294,4.11826505085092,4.323393206670214,0.9310432651296187,1,0,1
mechanical_looseness,idle,-0.20632277881626915,4.115067098660718,4.321389877476987,0.9310432651296187,1,0,1
mechanical_looseness,idle,-0.2063723736442089,4.105272651981249,4.311645025625458,0.9310432651296187,1,0,1
mechanical_looseness,idle,-0.20331384880961045,4.095666968295478,4.298980817105089,0.9310432651296187,1,0,1
mechanical_looseness,idle,-0.20231274735865512,4.081027422797285,4.28334017015594,0.9310432651296187,1,0,1
mechanical_looseness,idle,-0.20286625923097756,4.076365227092256,4.2792314863232335,0.9310432651296187,1,0,1
mechanical_looseness,idle,-0.22641209665194495,3.917319538231277,4.143731634883222,0.9310432651296187,1,0,1
mechanical_looseness,startup,-0.2293914922297301,3.882849884503808,4.112241376733539,0.9310432651296187,1,0,1
mechanical_looseness,startup,-0.22391473585831367,3.8315298315176847,4.055444567375998,0.9310432651296187,1,0,1
mechanical_looseness,steady_state,-0.199661212170279,3.1264750953934946,3.3261363075637735,0.9310432651296187,1,1,1
mechanical_looseness,steady_state,-0.1943132412837385,3.0639194375795595,3.258232678863298,0.9310432651296187,1,1,1
mechanical_looseness,steady_state,-0.20639366879693632,3.1829651214536634,3.3893587902505997,0.9310432651296187,1,1,1
mechanical_looseness,steady_state,-0.19959298616583598,3.1081526080480586,3.3077455942138947,0.9310432651296187,1,1,1
mechanical_looseness,steady_state,-0.19381386156512947,3.023456691806422,3.2172705533715513,0.9310432651296187,1,1,1
mechanical_looseness,steady_state,-0.1892435722916238,3.0232502958735323,3.212493868165156,0.9310432651296187,1,1,1
mechanical_looseness,steady_state,-0.1935839862600467,3.0297736424591752,3.223357628719222,0.9310432651296187,1,1,1
mechanical_looseness,steady_state,-0.18526203601300772,2.9874533595658184,3.172715395578826,0.9310432651296187,1,1,1
mechanical_looseness,steady_state,-0.1910021459439084,3.047290783563842,3.2382929295077503,0.9310432651296187,1,1,1
mechanical_looseness,steady_state,-0.1912109505530718,3.051183598383488,3.2423945489365598,0.9310432651296187,1,1,1
mechanical_looseness,steady_state,-0.19234062268813223,3.1573773227540793,3.3497179454422117,0.9310432651296187,1,1,1
mechanical_looseness,steady_state,-0.1898121057973885,3.10333439435231,3.2931465001496987,0.9310432651296187,1,1,1
mechanical_looseness,steady_state,-0.19628563350288208,3.134813299143231,3.331098932646113,0.9310432651296187,1,1,1
mechanical_looseness,steady_state,-0.1975510803610525,3.1151403055920315,3.3126913859530838,0.9310432651296187,1,1,1
mechanical_looseness,steady_state,-0.20093094757610852,3.1384294497011496,3.3393603972772583,0.9310432651296187,1,1,1
mechanical_looseness,steady_state,-0.19406250136245984,3.1165689005403294,3.310631401902789,0.9310432651296187,1,1,1
mechanical_looseness,steady_state,-0.20488835597864108,3.133659882855758,3.338548238834399,0.9310432651296187,1,1,1
mechanical_looseness,shutdown,-0.24223324208148456,3.763657159911605,4.005890401993089,0.9310432651296187,1,0,1
mechanical_looseness,shutdown,-0.20867534073340532,3.504491635137779,3.7131669758711845,0.9310432651296187,1,0,1
mechanical_looseness,idle,-0.2169019285165431,3.7174064055288665,3.9343083340454097,0.9310432651296187,1,0,1
mechanical_looseness,idle,-0.20687945110398842,4.142621239619659,4.349500690723648,0.9310432651296187,1,0,1
mechanical_looseness,idle,-0.2064009824291544,4.137009584921078,4.343410567350232,0.9310432651296187,1,0,1
mechanical_looseness,idle,-0.205128155819294,4.120218359971015,4.325346515790309,0.9310432651296187,1,0,1
mechanical_looseness,idle,-0.205128155819294,4.11765425601173,4.322782411831024,0.9310432651296187,1,0,1
mechanical_looseness,idle,-0.20608369241276925,4.107733836931628,4.313817529344397,0.9310432651296187,1,0,1
mechanical_looseness,idle,-0.20589424819717672,3.9156817582793937,4.1215760064765705,0.9310432651296187,1,0,1
mechanical_looseness,idle,-0.20231274735865512,4.089016645648619,4.291329393007274,0.9310432651296187,1,0,1
mechanical_looseness,idle,-0.22764277874679495,3.9150174594539506,4.142660238200746,0.9310432651296187,1,0,1
mechanical_looseness,startup,-0.23066391659782282,3.9371347569033284,4.167798673501151,0.9310432651296187,1,0,1
mechanical_looseness,startup,-0.2234247364336338,3.8930705222716533,4.116495258705287,0.9310432651296187,1,0,1
mechanical_looseness,steady_state,-0.19698419441990633,3.1608370467715807,3.357821241191487,0.9310432651296187,1,1,1
mechanical_looseness,steady_state,-0.19220449630381053,3.0953316459473275,3.287536142251138,0.9310432651296187,1,1,1
mechanical_looseness,steady_state,-0.18903611443238344,2.9961057144376615,3.185141828870045,0.9310432651296187,1,1,1
mechanical_looseness,steady_state,-0.19270453053466763,3.0274143835651284,3.220118914099796,0.9310432651296187,1,1,1
mechanical_looseness,steady_state,-0.20167357755888105,3.1051841958968485,3.3068577734557296,0.9310432651296187,1,1,1
mechanical_looseness,steady_state,-0.19170034474896558,3.002033740987254,3.19373408573622,0.9310432651296187,1,1,1
mechanical_looseness,steady_state,-0.19111898498371072,3.033538216609844,3.224657201593555,0.9310432651296187,1,1,1
mechanical_looseness,steady_state,-0.1992575267203719,3.146345272686951,3.345602799407323,0.9310432651296187,1,1,1
mechanical_looseness,steady_state,-0.20516647114820252,3.239928119479897,3.4450945906280994,0.9310432651296187,1,1,1
mechanical_looseness,steady_state,-0.1853507451101335,3.1246792034318895,3.310029948542023,0.9310432651296187,1,1,1
mechanical_looseness,steady_state,-0.19480802312736423,3.10756551189625,3.302373535023614,0.9310432651296187,1,1,1
mechanical_looseness,steady_state,-0.19779552911129117,3.129970832553246,3.327766361664537,0.9310432651296187,1,1,1
mechanical_looseness,steady_state,-0.2046631156175286,3.261139833602606,3.4658029492201345,0.9310432651296187,1,1,1
mechanical_looseness,steady_state,-0.20759657239182805,3.2524563964105613,3.4600529688023896,0.9310432651296187,1,1,1
mechanical_looseness,steady_state,-0.20590146893549055,3.102452492882666,3.308353961818156,0.9310432651296187,1,1,1
mechanical_looseness,steady_state,-0.21570537668944878,3.2380307669493216,3.4537361436387704,0.9310432651296187,1,1,1
mechanical_looseness,steady_state,-0.22313803427385737,3.305322694338252,3.5284607286121092,0.9310432651296187,1,1,1
mechanical_looseness,shutdown,-0.2472759837263372,3.76610411438428,4.013380098110617,0.9310432651296187,1,0,1
mechanical_looseness,shutdown,-0.21939062853705527,3.771145444280285,3.9905360728173402,0.9310432651296187,1,0,1
mechanical_looseness,idle,-0.2123768180712865,3.7006122767522043,3.912989094823491,0.9310432651296187,1,0,1
mechanical_looseness,idle,-0.20948119510437613,3.9906025885657748,4.200083783670151,0.9310432651296187,1,0,1
mechanical_looseness,idle,-0.20735824386143076,4.152576004479904,4.359934248341335,0.9310432651296187,1,0,1
mechanical_looseness,idle,-0.20687945110398842,4.144776264727004,4.351655715830993,0.9310432651296187,1,0,1
mechanical_looseness,idle,-0.205683886591977,4.135234343446125,4.340918230038103,0.9310432651296187,1,0,1
mechanical_looseness,idle,-0.205128155819294,4.125074712718354,4.330202868537648,0.9310432651296187,1,0,1
mechanical_looseness,idle,-0.20632277881626915,4.11587337802191,4.32219615683818,0.9310432651296187,1,0,1
mechanical_looseness,idle,-0.20608369241276925,4.106549072516689,4.312632764929458,0.9310432651296187,1,0,1
mechanical_looseness,idle,-0.22826913056358455,3.9138326750979924,4.142101805661577,0.9310432651296187,1,0,1
mechanical_looseness,startup,-0.2246665718508003,3.7105479387127773,3.9352145105635774,0.9310432651296187,1,0,1
mechanical_looseness,startup,-0.2206521958135651,3.7954424343411652,4.01609463015473,0.9310432651296187,1,0,1
mechanical_looseness,steady_state,-0.20018818202618427,3.151651076326549,3.351839258352733,0.9310432651296187,1,1,1
mechanical_looseness,steady_state,-0.2001456360730709,3.0637347367416305,3.2638803728147012,0.9310432651296187,1,1,1
mechanical_looseness,steady_state,-0.20282569171994358,3.1318973951690703,3.3347230868890136,0.9310432651296187,1,1,1
mechanical_looseness,steady_state,-0.19890026741568312,3.1244574870805546,3.3233577544962376,0.9310432651296187,1,1,1
mechanical_looseness,steady_state,-0.2008449516505174,3.1436531308807982,3.3444980825313158,0.9310432651296187,1,1,1
mechanical_looseness,steady_state,-0.18625700179286375,3.005311524592484,3.191568526385348,0.9310432651296187,1,1,1
mechanical_looseness,steady_state,-0.18756754468293968,3.007465684298738,3.1950332289816776,0.9310432651296187,1,1,1
mechanical_looseness,steady_state,-0.18838919907887042,3.057130207855403,3.2455194069342737,0.9310432651296187,1,1,1
mechanical_looseness,steady_state,-0.19765818851103645,3.1776373650413103,3.3752955535523466,0.9310432651296187,1,1,1
mechanical_looseness,steady_state,-0.1938489425778085,3.1392868496247095,3.333135792202518,0.9310432651296187,1,1,1
mechanical_looseness,steady_state,-0.19562595244668823,3.1067846836876956,3.302410636134384,0.9310432651296187,1,1,1
mechanical_looseness,steady_state,-0.2053444910065495,3.248287767385697,3.4536322583922465,0.9310432651296187,1,1,1
mechanical_looseness,steady_state,-0.20987809913113065,3.2787796067726047,3.4886577059037354,0.9310432651296187,1,1,1
mechanical_looseness,steady_state,-0.20762609185637326,3.198472872921536,3.406098964777909,0.9310432651296187,1,1,1
mechanical_looseness,steady_state,-0.20262044509401034,3.2851365432407214,3.4877569883347315,0.9310432651296187,1,1,1
mechanical_looseness,steady_state,-0.2119027673913647,3.2602603777175108,3.4721631451088752,0.9310432651296187,1,1,1
mechanical_looseness,steady_state,-0.21856512075789603,3.2878841670412564,3.5064492877991524,0.9310432651296187,1,1,1
mechanical_looseness,shutdown,-0.2472759837263372,3.731514807756525,3.9787907914828624,0.9310432651296187,1,0,1
mechanical_looseness,shutdown,-0.21898328792884814,3.6984360263673244,3.9174193142961724,0.9310432651296187,1,0,1
mechanical_looseness,idle,-0.2149987957076962,3.716177113446307,3.9311759091540033,0.9310432651296187,1,0,1
mechanical_looseness,idle,-0.21049251471450103,4.17312265810594,4.38361517282044,0.9310432651296187,1,0,1
mechanical_looseness,idle,-0.20948119510437613,4.158925432973753,4.368406628078129,0.9310432651296187,1,0,1
mechanical_looseness,idle,-0.20852106070162812,4.152844997522174,4.361366058223802,0.9310432651296187,1,0,1
mechanical_looseness,idle,-0.20687945110398842,4.14499800523365,4.351877456337639,0.9310432651296187,1,0,1
mechanical_looseness,idle,-0.2064009824291544,4.136170080721871,4.342571063151025,0.9310432651296187,1,0,1
mechanical_looseness,idle,-0.205128155819294,4.126240496096874,4.331368651916168,0.9310432651296187,1,0,1
mechanical_looseness,idle,-0.20632277881626915,4.11634414506682,4.322666923883089,0.9310432651296187,1,0,1
mechanical_looseness,idle,-0.22826913056358455,3.91264437937087,4.140913509934455,0.9310432651296187,1,0,1
mechanical_looseness,startup,-0.2311588193578975,3.8929218782910247,4.124080697648922,0.9310432651296187,1,0,1
mechanical_looseness,startup,-0.2193746075678118,3.7462583125354065,3.9656329201032183,0.9310432651296187,1,0,1
mechanical_looseness,steady_state,-0.18886284660354602,3.059145706075853,3.2480085526793987,0.9310432651296187,1,1,1
mechanical_looseness,steady_state,-0.19128216093741923,3.0763838431888137,3.267666004126233,0.9310432651296187,1,1,1
mechanical_looseness,steady_state,-0.1900947379172775,3.0864232318418363,3.276517969759114,0.9310432651296187,1,1,1
mechanical_looseness,steady_state,-0.19918601171486316,3.0916244263317845,3.2908104380466474,0.9310432651296187,1,1,1
mechanical_looseness,steady_state,-0.19048063957776695,3.053856233951676,3.244336873529443,0.9310432651296187,1,1,1
mechanical_looseness,steady_state,-0.1971325667293179,3.060710788949647,3.257843355678965,0.9310432651296187,1,1,1
mechanical_looseness,steady_state,-0.20545833405977532,3.1184167599813812,3.3238750940411563,0.9310432651296187,1,1,1
mechanical_looseness,steady_state,-0.2003641463443544,3.0895785236192626,3.289942669963617,0.9310432651296187,1,1,1
mechanical_looseness,steady_state,-0.1995176581071887,3.205950511733851,3.40546816984104,0.9310432651296187,1,1,1
mechanical_looseness,steady_state,-0.19759178850249404,3.1601222528016533,3.3577140413041473,0.9310432651296187,1,1,1
mechanical_looseness,steady_state,-0.19907371832501608,3.1666808724901845,3.3657545908152007,0.9310432651296187,1,1,1
mechanical_looseness,steady_state,-0.20348529665570336,3.1615147668375982,3.3650000634933015,0.9310432651296187,1,1,1
mechanical_looseness,steady_state,-0.20188165341073705,3.2217048075377797,3.423586460948517,0.9310432651296187,1,1,1
mechanical_looseness,steady_state,-0.20357664067461712,3.1658319959581536,3.3694086366327705,0.9310432651296187,1,1,1
mechanical_looseness,steady_state,-0.2134841759578413,3.283519232686739,3.4970034086445803,0.9310432651296187,1,1,1
mechanical_looseness,steady_state,-0.22148516062204626,3.3369704944928236,3.55845565511487,0.9310432651296187,1,1,1
mechanical_looseness,steady_state,-0.22202603613217908,3.2077159325742284,3.4297419687064075,0.9310432651296187,1,1,1
mechanical_looseness,shutdown,-0.2472759837263372,3.8126540335255976,4.059930017251935,0.9310432651296187,1,0,1
mechanical_looseness,shutdown,-0.21679590401973703,3.635513812098327,3.852309716118064,0.9310432651296187,1,0,1
mechanical_looseness,idle,-0.21742353948756066,3.7427996903520278,3.9602232298395883,0.9310432651296187,1,0,1
mechanical_looseness,idle,-0.21628895675706294,4.196733329066955,4.4130222858240185,0.9310432651296187,1,0,1
mechanical_looseness,idle,-0.21169622596933024,4.140901482390103,4.352597708359434,0.9310432651296187,1,0,1
mechanical_looseness,idle,-0.21049251471450103,4.177587803332909,4.388080318047409,0.9310432651296187,1,0,1
mechanical_looseness,idle,-0.20924103959421037,4.167933874668301,4.377174914262511,0.9310432651296187,1,0,1
mechanical_looseness,idle,-0.20852106070162812,4.158279769980335,4.366800830681963,0.9310432651296187,1,0,1
mechanical_looseness,idle,-0.20735824386143076,3.9768475897644633,4.184205833625894,0.9310432651296187,1,0,1
mechanical_looseness,idle,-0.2064009824291544,4.138996273041224,4.345397255470378,0.9310432651296187,1,0,1
mechanical_looseness,idle,-0.2310217788967569,3.9125991782983958,4.143620957195153,0.9310432651296187,1,0,1
mechanical_looseness,startup,-0.22220118842889203,3.7168825968188304,3.9390837852477225,0.9310432651296187,1,0,1
mechanical_looseness,startup,-0.22236206798966862,3.8715932686324863,4.093955336622155,0.9310432651296187,1,0,1
mechanical_looseness,steady_state,-0.20479144743633626,3.1610502192764223,3.3658416667127584,0.9310432651296187,1,1,1
mechanical_looseness,steady_state,-0.19041730284794556,3.024610003568663,3.2150273064166086,0.9310432651296187,1,1,1
mechanical_looseness,steady_state,-0.18968421878807595,3.065065893498112,3.254750112286188,0.9310432651296187,1,1,1
mechanical_looseness,steady_state,-0.19555251794901907,3.1247012875726576,3.3202538055216766,0.9310432651296187,1,1,1
mechanical_looseness,steady_state,-0.18768041171086747,3.0311156645482065,3.218796076259074,0.9310432651296187,1,1,1
mechanical_looseness,steady_state,-0.19736503286366291,3.1830464824478817,3.3804115153115446,0.9310432651296187,1,1,1
mechanical_looseness,steady_state,-0.1968165715483694,3.175044232429499,3.371860803977868,0.9310432651296187,1,1,1
mechanical_looseness,steady_state,-0.19811025182534192,3.11639988110181,3.3145101329271522,0.9310432651296187,1,1,1
mechanical_looseness,steady_state,-0.19858954550535168,3.1864111149311296,3.3850006604364813,0.9310432651296187,1,1,1
mechanical_looseness,steady_state,-0.2024391638056997,3.230674669488631,3.4331138332943305,0.9310432651296187,1,1,1
mechanical_looseness,steady_state,-0.19667789419350534,3.193999806595687,3.390677700789192,0.9310432651296187,1,1,1
mechanical_looseness,steady_state,-0.1927417425605008,3.2152026893250154,3.4079444318855163,0.9310432651296187,1,1,1
mechanical_looseness,steady_state,-0.20830286360693406,3.2390119014647163,3.4473147650716505,0.9310432651296187,1,1,1
mechanical_looseness,steady_state,-0.2113706719558779,3.296918729900583,3.5082894018564605,0.9310432651296187,1,1,1
mechanical_looseness,steady_state,-0.22621909793060369,3.3100191042088105,3.536238202139414,0.9310432651296187,1,1,1
mechanical_looseness,steady_state,-0.2274859880528841,3.3146742599296255,3.5421602479825096,0.9310432651296187,1,1,1
mechanical_looseness,steady_state,-0.21541348662605264,3.3306367759625846,3.546050262588637,0.9310432651296187,1,1,1
mechanical_looseness,shutdown,-0.2472759837263372,3.8110657378550594,4.058341721581397,0.9310432651296187,1,0,1
mechanical_looseness,shutdown,-0.22166582408141933,3.804086528785779,4.025752352867198,0.9310432651296187,1,0,1
mechanical_looseness,idle,-0.21794552997772065,3.738665204942637,3.956610734920358,0.9310432651296187,1,0,1
mechanical_looseness,idle,-0.21677412288290743,4.204463642670401,4.421237765553308,0.9310432651296187,1,0,1
mechanical_looseness,idle,-0.21628895675706294,4.19500035547,4.411289312227064,0.9310432651296187,1,0,1
mechanical_looseness,idle,-0.21169622596933024,4.185673202121098,4.397369428090428,0.9310432651296187,1,0,1
mechanical_looseness,idle,-0.21049251471450103,4.126379015879184,4.336871530593685,0.9310432651296187,1,0,1
mechanical_looseness,idle,-0.20924103959421037,4.166479513710413,4.375720553304623,0.9310432651296187,1,0,1
mechanical_looseness,idle,-0.20852106070162812,4.1571495657862085,4.365670626487836,0.9310432651296187,1,0,1
mechanical_looseness,idle,-0.20687945110398842,4.147299930470646,4.354179381574634,0.9310432651296187,1,0,1
misalignment,startup,-0.23631871799037873,4.020633168193025,4.256951886183404,0.9310432651296187,1,0,1
misalignment,startup,-0.23831567752932825,4.025335868952144,4.263651546481473,0.9310432651296187,1,0,1
misalignment,steady_state,-0.16760927975811135,2.542594667774153,2.7102039475322646,0.9310432651296187,1,1,1
misalignment,steady_state,-0.17618170686413503,2.6681511517627774,2.8443328586269123,0.9310432651296187,1,1,1
misalignment,steady_state,-0.16043031933895813,2.565190251987256,2.725620571326214,0.9310432651296187,1,1,1
misalignment,steady_state,-0.1564637202905237,2.4719854680529902,2.628449188343514,0.9310432651296187,1,1,1
misalignment,steady_state,-0.14613353013983565,2.469964090518795,2.616097620658631,0.9310432651296187,1,1,1
misalignment,steady_state,-0.14712179153729832,2.482703481062679,2.629825272599977,0.9310432651296187,1,1,1
misalignment,steady_state,-0.1414851627121826,2.480280573797993,2.621765736510176,0.9310432651296187,1,1,1
misalignment,steady_state,-0.1548199258049564,2.693234973213017,2.8480548990179737,0.9310432651296187,1,1,1
misalignment,steady_state,-0.1375488482211893,2.6191444192660795,2.756693267487269,0.9310432651296187,1,1,1
misalignment,steady_state,-0.14743583656510884,2.465573282010289,2.613009118575398,0.9310432651296187,1,1,1
misalignment,steady_state,-0.14991930165348688,2.4137231176959695,2.5636424193494562,0.9310432651296187,1,1,1
misalignment,steady_state,-0.14312142057320876,2.332532300723179,2.4756537212963874,0.9310432651296187,1,1,1
misalignment,steady_state,-0.14295961930750278,2.568079602829717,2.7110392221372197,0.9310432651296187,1,1,1
misalignment,steady_state,-0.14732793771646324,2.575021706395261,2.7223496441117243,0.9310432651296187,1,1,1
misalignment,steady_state,-0.1453655984650749,2.402408352771448,2.5477739512365227,0.9310432651296187,1,1,1
misalignment,steady_state,-0.1502085208273941,2.381109772761617,2.531318293589011,0.9310432651296187,1,1,1
misalignment,steady_state,-0.1473639635928562,2.4071531758875095,2.5545171394803656,0.9310432651296187,1,1,1
misalignment,shutdown,-0.21660947209912962,3.4063940463454165,3.623003518444546,0.9310432651296187,1,0,1
misalignment,shutdown,-0.20120037984431516,3.527768024914377,3.728968404758692,0.9310432651296187,1,0,1
misalignment,idle,-0.2034078504183876,3.5713553486778284,3.774763199096216,0.9310432651296187,1,0,1
misalignment,idle,-0.1963108476338722,4.012352795169453,4.208663642803325,0.9310432651296187,1,0,1
misalignment,idle,-0.19588839131847846,4.002122625463295,4.1980110167817735,0.9310432651296187,1,0,1
misalignment,idle,-0.19588839131847846,3.99280943657329,4.188697827891768,0.9310432651296187,1,0,1
misalignment,idle,-0.1956382852146964,3.9838075110150557,4.179445796229752,0.9310432651296187,1,0,1
misalignment,idle,-0.19627601723838106,3.97547046086702,4.171746478105401,0.9310432651296187,1,0,1
misalignment,idle,-0.1960403316088113,3.973046965916922,4.169087297525733,0.9310432651296187,1,0,1
misalignment,idle,-0.19713559333824282,3.9767663251205603,4.173901918458803,0.9310432651296187,1,0,1
misalignment,idle,-0.2240657581583705,3.9525906148391545,4.176656372997525,0.9310432651296187,1,0,1
misalignment,startup,-0.2341515043949023,3.8717601800904946,4.105911684485397,0.9310432651296187,1,0,1
misalignment,startup,-0.23831567752932825,4.0173059035652745,4.255621581094603,0.9310432651296187,1,0,1
misalignment,steady_state,-0.14969151694826743,2.6459493815157358,2.7956408984640033,0.9310432651296187,1,1,1
misalignment,steady_state,-0.16245236470372715,2.6406326627396965,2.803085027443424,0.9310432651296187,1,1,1
misalignment,steady_state,-0.15866891107360193,2.532336845014707,2.691005756088309,0.9310432651296187,1,1,1
misalignment,steady_state,-0.14337800756722607,2.4355553373972736,2.5789333449644998,0.9310432651296187,1,1,1
misalignment,steady_state,-0.14638808248984503,2.515089892093707,2.661477974583552,0.9310432651296187,1,1,1
misalignment,steady_state,-0.13673312849420083,2.4136023508085396,2.55033547930274,0.9310432651296187,1,1,1
misalignment,steady_state,-0.14855041220743237,2.4512658871793684,2.599816299386801,0.9310432651296187,1,1,1
misalignment,steady_state,-0.15230518943046278,2.459149049860119,2.611454239290582,0.9310432651296187,1,1,1
misalignment,steady_state,-0.15333800497090644,2.46659969141114,2.6199376963820464,0.9310432651296187,1,1,1
misalignment,steady_state,-0.14278603062609063,2.5589151514130295,2.70170118203912,0.9310432651296187,1,1,1
misalignment,steady_state,-0.13898028728961198,2.327244961763622,2.4662252490532337,0.9310432651296187,1,1,1
misalignment,steady_state,-0.15308062169009662,2.43346382933,2.586544451020097,0.9310432651296187,1,1,1
misalignment,steady_state,-0.14591358067215765,2.388303123995929,2.534216704668087,0.9310432651296187,1,1,1
misalignment,steady_state,-0.1520165842099851,2.3990047740398732,2.551021358249858,0.9310432651296187,1,1,1
misalignment,steady_state,-0.14278194434052616,2.5153816791429624,2.6581636234834884,0.9310432651296187,1,1,1
misalignment,steady_state,-0.15181851857107542,2.648961405002873,2.8007799235739483,0.9310432651296187,1,1,1
misalignment,steady_state,-0.16051283070944533,2.5182369783816005,2.678749809091046,0.9310432651296187,1,1,1
misalignment,shutdown,-0.2213052024325819,3.4797601694464455,3.7010653718790274,0.9310432651296187,1,0,1
misalignment,shutdown,-0.20758505061740973,3.6410727549585857,3.8486578055759955,0.9310432651296187,1,0,1
misalignment,idle,-0.1998055110342971,3.567272256006439,3.7670777670407363,0.9310432651296187,1,0,1
misalignment,idle,-0.1963108476338722,4.028746920282766,4.225057767916638,0.9310432651296187,1,0,1
misalignment,idle,-0.1963108476338722,4.018890654809764,4.215201502443636,0.9310432651296187,1,0,1
misalignment,idle,-0.19683140687868805,4.0094287720375394,4.206260178916228,0.9310432651296187,1,0,1
misalignment,idle,-0.19659553325275803,3.990363812168215,4.186959345420973,0.9310432651296187,1,0,1
misalignment,idle,-0.19631020191372994,3.8183411384703203,4.0146513403840505,0.9310432651296187,1,0,1
misalignment,idle,-0.195402815453934,3.981035368893301,4.176438184347235,0.9310432651296187,1,0,1
misalignment,idle,-0.19627601723838106,3.9747331513372584,4.171009168575639,0.9310432651296187,1,0,1
misalignment,idle,-0.22455619176819852,3.94050909259281,4.165065284361009,0.9310432651296187,1,0,1
misalignment,startup,-0.234400094816542,3.8920477164911724,4.126447811307714,0.9310432651296187,1,0,1
misalignment,startup,-0.23467697745084537,4.009355761559987,4.244032739010832,0.9310432651296187,1,0,1
misalignment,steady_state,-0.14963287300703654,2.695761134812742,2.8453940078197784,0.9310432651296187,1,1,1
misalignment,steady_state,-0.1603195528117165,2.7372336496048293,2.897553202416546,0.9310432651296187,1,1,1
misalignment,steady_state,-0.1467140862051055,2.4665756230882208,2.6132897092933263,0.9310432651296187,1,1,1
misalignment,steady_state,-0.1510297265413756,2.611928018544334,2.7629577450857097,0.9310432651296187,1,1,1
misalignment,steady_state,-0.1473752380369825,2.63127797343457,2.7786532114715525,0.9310432651296187,1,1,1
misalignment,steady_state,-0.1330111424112621,2.529592710981825,2.662603853393087,0.9310432651296187,1,1,1
misalignment,steady_state,-0.15105066500818698,2.637732718456048,2.788783383464235,0.9310432651296187,1,1,1
misalignment,steady_state,-0.14189281783915642,2.416850872985184,2.55874369082434,0.9310432651296187,1,1,1
misalignment,steady_state,-0.13336888545763126,2.3768123101243286,2.5101811955819597,0.9310432651296187,1,1,1
misalignment,steady_state,-0.14410019636431182,2.430081419893755,2.5741816162580666,0.9310432651296187,1,1,1
misalignment,steady_state,-0.14782821413659286,2.4279973096629037,2.5758255237994967,0.9310432651296187,1,1,1
misalignment,steady_state,-0.144212681841985,2.366455778945181,2.510668460787166,0.9310432651296187,1,1,1
misalignment,steady_state,-0.15437372351698309,2.417610800134736,2.571984523651719,0.9310432651296187,1,1,1
misalignment,steady_state,-0.12994707812991724,2.5383588039119913,2.6683058820419085,0.9310432651296187,1,1,1
misalignment,steady_state,-0.14785597764370206,2.6120465905283043,2.7599025681720066,0.9310432651296187,1,1,1
misalignment,steady_state,-0.14459225325749947,2.60290736140966,2.7474996146671593,0.9310432651296187,1,1,1
misalignment,steady_state,-0.1601643905459974,2.5144360068310787,2.674600397377076,0.9310432651296187,1,1,1
misalignment,shutdown,-0.22560010265624808,3.415235941086513,3.640836043742761,0.9310432651296187,1,0,1
misalignment,shutdown,-0.20662748224962801,3.558209668070876,3.764837150320504,0.9310432651296187,1,0,1
misalignment,idle,-0.19956863069035158,3.5874039727316585,3.78697260342201,0.9310432651296187,1,0,1
misalignment,idle,-0.19933131366378354,4.031319428260411,4.230650741924195,0.9310432651296187,1,0,1
misalignment,idle,-0.1963108476338722,4.0297217647161,4.226032612349972,0.9310432651296187,1,0,1
misalignment,idle,-0.1963108476338722,4.019467190361664,4.215778037995536,0.9310432651296187,1,0,1
misalignment,idle,-0.19683140687868805,4.010437485706563,4.207268892585251,0.9310432651296187,1,0,1
misalignment,idle,-0.19659553325275803,4.001171218452735,4.197766751705493,0.9310432651296187,1,0,1
misalignment,idle,-0.19631020191372994,3.991553668611466,4.187863870525196,0.9310432651296187,1,0,1
misalignment,idle,-0.195402815453934,3.981876631669237,4.177279447123171,0.9310432651296187,1,0,1
misalignment,idle,-0.2240657581583706,3.9310162081014397,4.15508196625981,0.9310432651296187,1,0,1
misalignment,startup,-0.23831567752932825,3.9546966530212595,4.193012330550587,0.9310432651296187,1,0,1
misalignment,startup,-0.23268985968696898,4.001190330213924,4.233880189900893,0.9310432651296187,1,0,1
misalignment,steady_state,-0.17394834440978446,2.6162766375866,2.7902249819963845,0.9310432651296187,1,1,1
misalignment,steady_state,-0.1522388508535557,2.4712733287952053,2.623512179648761,0.9310432651296187,1,1,1
misalignment,steady_state,-0.13994695479752994,2.4380670438554763,2.5780139986530064,0.9310432651296187,1,1,1
misalignment,steady_state,-0.1537515960320457,2.4740809622509565,2.627832558283002,0.9310432651296187,1,1,1
misalignment,steady_state,-0.1400822644403943,2.462317775144027,2.6024000395844213,0.9310432651296187,1,1,1
misalignment,steady_state,-0.14955539136302132,2.5029562045741782,2.6525115959371997,0.9310432651296187,1,1,1
misalignment,steady_state,-0.14691653301622365,2.441311001568147,2.588227534584371,0.9310432651296187,1,1,1
misalignment,steady_state,-0.138682289809254,2.626830777005787,2.765513066815041,0.9310432651296187,1,1,1
misalignment,steady_state,-0.13685061327785641,2.56532268442401,2.7021732977018664,0.9310432651296187,1,1,1
misalignment,steady_state,-0.1468828037326605,2.3940687653292243,2.540951569061885,0.9310432651296187,1,1,1
misalignment,steady_state,-0.15693915496011912,2.45019569468121,2.607134849641329,0.9310432651296187,1,1,1
misalignment,steady_state,-0.15417164854166776,2.4707336477494484,2.624905296291116,0.9310432651296187,1,1,1
misalignment,steady_state,-0.15061885480491743,2.5044213714804955,2.655040226285413,0.9310432651296187,1,1,1
misalignment,steady_state,-0.16372020182850056,2.529908103489843,2.693628305318344,0.9310432651296187,1,1,1
misalignment,steady_state,-0.14947661036742876,2.5214303081123903,2.670906918479819,0.9310432651296187,1,1,1
misalignment,steady_state,-0.15212107880180092,2.472939123017858,2.6250602018196587,0.9310432651296187,1,1,1
misalignment,steady_state,-0.15796196780241556,2.700302260956271,2.858264228758687,0.9310432651296187,1,1,1
misalignment,shutdown,-0.22584579749495826,3.5575360146632127,3.783381812158171,0.9310432651296187,1,0,1
misalignment,shutdown,-0.2113839532895857,3.663776989817295,3.8751609431068808,0.9310432651296187,1,0,1
misalignment,idle,-0.2059219203244811,3.6124544692400637,3.818376389564545,0.9310432651296187,1,0,1
misalignment,idle,-0.20027899481316624,4.058273449116785,4.258552443929951,0.9310432651296187,1,0,1
misalignment,idle,-0.19980499381888195,4.0489102061022475,4.248715199921129,0.9310432651296187,1,0,1
misalignment,idle,-0.19933131366378354,4.038974247070103,4.238305560733886,0.9310432651296187,1,0,1
misalignment,idle,-0.1963108476338722,4.02935270977977,4.225663557413642,0.9310432651296187,1,0,1
misalignment,idle,-0.1963108476338722,4.007469661326227,4.203780508960099,0.9310432651296187,1,0,1
misalignment,idle,-0.19683140687868805,4.010709058557934,4.207540465436622,0.9310432651296187,1,0,1
misalignment,idle,-0.19659553325275803,4.000655010749717,4.1972505440024745,0.9310432651296187,1,0,1
misalignment,idle,-0.22377627249004184,3.928000865107189,4.1517771375972305,0.9310432651296187,1,0,1
misalignment,startup,-0.2310170427881275,3.7712522164119426,4.00226925920007,0.9310432651296187,1,0,1
misalignment,startup,-0.23268985968696898,3.9953645560591022,4.2280544157460715,0.9310432651296187,1,0,1
misalignment,steady_state,-0.1692702258560067,2.608725555824497,2.7779957816805037,0.9310432651296187,1,1,1
misalignment,steady_state,-0.14804382737247712,2.649719370330774,2.7977631977032513,0.9310432651296187,1,1,1
misalignment,steady_state,-0.1572613212888323,2.7034875674277203,2.860748888716553,0.9310432651296187,1,1,1
misalignment,steady_state,-0.16696387795918177,2.8295476022521107,2.9965114802112924,0.9310432651296187,1,1,1
misalignment,steady_state,-0.14190563546837398,2.4479774915535275,2.5898831270219014,0.9310432651296187,1,1,1
misalignment,steady_state,-0.14698632954553303,2.485571901295977,2.6325582308415103,0.9310432651296187,1,1,1
misalignment,steady_state,-0.14044844535340806,2.4652942824495816,2.6057427278029897,0.9310432651296187,1,1,1
misalignment,steady_state,-0.13392056780844164,2.5420996274328616,2.6760201952413034,0.9310432651296187,1,1,1
misalignment,steady_state,-0.14079208754625794,2.395983900074412,2.53677598762067,0.9310432651296187,1,1,1
misalignment,steady_state,-0.14510407126096037,2.4201293904689,2.5652334617298607,0.9310432651296187,1,1,1
misalignment,steady_state,-0.1386075173054615,2.604942748045531,2.7435502653509927,0.9310432651296187,1,1,1
misalignment,steady_state,-0.1313359844082339,2.5264212780210373,2.6577572624292713,0.9310432651296187,1,1,1
misalignment,steady_state,-0.12991759786555424,2.541241154612317,2.6711587524778713,0.9310432651296187,1,1,1
misalignment,steady_state,-0.13110663550862456,2.5533585174093,2.684465152917925,0.9310432651296187,1,1,1
misalignment,steady_state,-0.1377638808340529,2.5575896609221322,2.695353541756185,0.9310432651296187,1,1,1
misalignment,steady_state,-0.1610431230544761,2.5282109946265363,2.6892541176810125,0.9310432651296187,1,1,1
misalignment,steady_state,-0.1561114827257022,2.7799502802665708,2.936061762992273,0.9310432651296187,1,1,1
misalignment,shutdown,-0.2233925882179476,3.4157007779267294,3.639093366144677,0.9310432651296187,1,0,1
misalignment,shutdown,-0.2059511522248617,3.526214313473667,3.732165465698529,0.9310432651296187,1,0,1
misalignment,idle,-0.20694610884349895,3.6186751184891226,3.8256212273326216,0.9310432651296187,1,0,1
misalignment,idle,-0.20286625923097756,4.076178917405002,4.27904517663598,0.9310432651296187,1,0,1
misalignment,idle,-0.20032816527361164,4.049746058371786,4.250074223645398,0.9310432651296187,1,0,1
misalignment,idle,-0.20027899481316624,4.057086279518384,4.25736527433155,0.9310432651296187,1,0,1
misalignment,idle,-0.19980499381888195,4.047207370681593,4.247012364500475,0.9310432651296187,1,0,1
misalignment,idle,-0.19933131366378354,4.035028115970207,4.234359429633991,0.9310432651296187,1,0,1
misalignment,idle,-0.1963108476338722,4.028513223611886,4.224824071245758,0.9310432651296187,1,0,1
misalignment,idle,-0.1963108476338722,4.005202180148744,4.201513027782616,0.9310432651296187,1,0,1
misalignment,idle,-0.2250786239574526,3.926637544463741,4.151716168421194,0.9310432651296187,1,0,1
misalignment,startup,-0.22701054215064942,3.755577493947859,3.982588036098508,0.9310432651296187,1,0,1
misalignment,startup,-0.2316173130032566,3.9860479828608533,4.21766529586411,0.9310432651296187,1,0,1
misalignment,steady_state,-0.15869671124698725,2.7080712728510132,2.8667679840980007,0.9310432651296187,1,1,1
misalignment,steady_state,-0.14878930060785167,2.693996374036391,2.842785674644243,0.9310432651296187,1,1,1
misalignment,steady_state,-0.152843730856822,2.6643555578425913,2.8171992886994133,0.9310432651296187,1,1,1
misalignment,steady_state,-0.1481739521425579,2.703501015996806,2.851674968139364,0.9310432651296187,1,1,1
misalignment,steady_state,-0.12920303260972466,2.410314293096269,2.5395173257059938,0.9310432651296187,1,1,1
misalignment,steady_state,-0.1347634974898987,2.45045797185056,2.5852214693404587,0.9310432651296187,1,1,1
misalignment,steady_state,-0.1309604637206606,2.660605819675063,2.7915662833957233,0.9310432651296187,1,1,1
misalignment,steady_state,-0.13190439056449343,2.395957536994348,2.527861927558842,0.9310432651296187,1,1,1
misalignment,steady_state,-0.1558381980699819,2.4410386550675995,2.5968768531375814,0.9310432651296187,1,1,1
misalignment,steady_state,-0.1588043065343525,2.6504800931777894,2.809284399712142,0.9310432651296187,1,1,1
misalignment,steady_state,-0.1677363911528843,2.781475214677313,2.9492116058301976,0.9310432651296187,1,1,1
misalignment,steady_state,-0.1688465527947367,2.769870594744898,2.9387171475396343,0.9310432651296187,1,1,1
misalignment,steady_state,-0.14099501235489698,2.671162166928733,2.8121571792836297,0.9310432651296187,1,1,1
misalignment,steady_state,-0.14081007731323103,2.656969560252157,2.797779637565388,0.9310432651296187,1,1,1
misalignment,steady_state,-0.13432756832996007,2.5698349805832907,2.704162548913251,0.9310432651296187,1,1,1
misalignment,steady_state,-0.16101731136684805,2.541734158508382,2.70275146987523,0.9310432651296187,1,1,1
misalignment,steady_state,-0.15130657228737987,2.571204833821012,2.722511406108392,0.9310432651296187,1,1,1
misalignment,shutdown,-0.22752298033437812,3.582097209398996,3.809620189733374,0.9310432651296187,1,0,1
misalignment,shutdown,-0.21288051580108147,3.6694328665533176,3.882313382354399,0.9310432651296187,1,0,1
misalignment,idle,-0.214565001292785,3.650970304009679,3.8655353053024637,0.9310432651296187,1,0,1
misalignment,idle,-0.20231274735865512,4.088450454421468,4.290763201780123,0.9310432651296187,1,0,1
misalignment,idle,-0.20286625923097756,4.07814355796913,4.281009817200108,0.9310432651296187,1,0,1
misalignment,idle,-0.2015146561614889,4.068764725711164,4.270279381872653,0.9310432651296187,1,0,1
misalignment,idle,-0.19933131366378354,4.054277764109443,4.253609077773227,0.9310432651296187,1,0,1
misalignment,idle,-0.19980499381888195,4.04161878743707,4.241423781255952,0.9310432651296187,1,0,1
misalignment,idle,-0.19933131366378354,4.040699122921404,4.2400304365851875,0.9310432651296187,1,0,1
misalignment,idle,-0.19790264145847225,4.028654149241152,4.226556790699624,0.9310432651296187,1,0,1
misalignment,idle,-0.2250786239574526,3.9251088898775497,4.150187513835002,0.9310432651296187,1,0,1
misalignment,startup,-0.23120304927861002,3.827766346416966,4.058969395695576,0.9310432651296187,1,0,1
misalignment,startup,-0.2316173130032566,3.978952448241611,4.210569761244868,0.9310432651296187,1,0,1
misalignment,steady_state,-0.15639108566907245,2.5300632458656014,2.686454331534674,0.9310432651296187,1,1,1
misalignment,steady_state,-0.15587283811894437,2.542180498677765,2.6980533367967094,0.9310432651296187,1,1,1
misalignment,steady_state,-0.15777724691203832,2.6297534205793616,2.7875306674913998,0.9310432651296187,1,1,1
misalignment,steady_state,-0.1605038785015308,2.8110930880202147,2.9715969665217457,0.9310432651296187,1,1,1
misalignment,steady_state,-0.13982407445233358,2.6333026603560836,2.773126734808417,0.9310432651296187,1,1,1
misalignment,steady_state,-0.15382089183137948,2.5382186033765546,2.692039495207934,0.9310432651296187,1,1,1
misalignment,steady_state,-0.14805523633427287,2.4323368162015098,2.5803920525357826,0.9310432651296187,1,1,1
misalignment,steady_state,-0.14488632189123118,2.3615069875212145,2.5063933094124455,0.9310432651296187,1,1,1
misalignment,steady_state,-0.15391194670656672,2.41010088767142,2.5640128343779867,0.9310432651296187,1,1,1
misalignment,steady_state,-0.15368056261814877,2.483852411132956,2.637532973751105,0.9310432651296187,1,1,1
misalignment,steady_state,-0.16882345053586412,2.6143348936740805,2.7831583442099443,0.9310432651296187,1,1,1
misalignment,steady_state,-0.1625902738875692,2.5729759060112087,2.735566179898778,0.9310432651296187,1,1,1
misalignment,steady_state,-0.16054180184030775,2.560027505679172,2.72056930751948,0.9310432651296187,1,1,1
misalignment,steady_state,-0.15018593000335878,2.668204763115442,2.818390693118801,0.9310432651296187,1,1,1
misalignment,steady_state,-0.157132317295389,2.5292995794903845,2.6864318967857734,0.9310432651296187,1,1,1
misalignment,steady_state,-0.15297015451109608,2.7579098112222145,2.9108799657333106,0.9310432651296187,1,1,1
misalignment,steady_state,-0.1581687491953383,2.7115239816931114,2.86969273088845,0.9310432651296187,1,1,1
misalignment,shutdown,-0.22017125031949425,3.528679845628102,3.7488510959475962,0.9310432651296187,1,0,1
misalignment,shutdown,-0.21119308699928008,3.7059655676738115,3.9171586546730914,0.9310432651296187,1,0,1
misalignment,idle,-0.2123410418630104,3.6651731998955097,3.87751424175852,0.9310432651296187,1,0,1
misalignment,idle,-0.20661155779781704,4.094909312579083,4.3015208703769,0.9310432651296187,1,0,1
misalignment,idle,-0.20331384880961045,4.081062465485045,4.284376314294656,0.9310432651296187,1,0,1
misalignment,idle,-0.20310425618214167,4.084284883134553,4.287389139316695,0.9310432651296187,1,0,1
misalignment,idle,-0.20286625923097756,4.059734248281003,4.26260050751198,0.9310432651296187,1,0,1
misalignment,idle,-0.20032816527361164,4.065429268258888,4.2657574335324995,0.9310432651296187,1,0,1
misalignment,idle,-0.20027899481316624,4.056360933657685,4.256639928470851,0.9310432651296187,1,0,1
misalignment,idle,-0.19980499381888195,4.044321179260624,4.244126173079506,0.9310432651296187,1,0,1
misalignment,idle,-0.22458783672659777,3.923805682981272,4.14839351970787,0.9310432651296187,1,0,1
misalignment,startup,-0.23120304927861002,3.8703714984371884,4.101574547715798,0.9310432651296187,1,0,1
misalignment,startup,-0.23112209990052512,3.970838349963303,4.201960449863828,0.9310432651296187,1,0,1
misalignment,steady_state,-0.17183075129151892,2.645304770811918,2.8171355221034373,0.9310432651296187,1,1,1
misalignment,steady_state,-0.16041243657409487,2.7631275540280202,2.923539990602115,0.9310432651296187,1,1,1
misalignment,steady_state,-0.1443808734235834,2.6480040575810766,2.7923849310046602,0.9310432651296187,1,1,1
misalignment,steady_state,-0.1483933900824015,2.517812675274272,2.6662060653566737,0.9310432651296187,1,1,1
misalignment,steady_state,-0.1435820047891534,2.6106045196064294,2.7541865243955828,0.9310432651296187,1,1,1
misalignment,steady_state,-0.14352436529481039,2.599434162630705,2.7429585279255155,0.9310432651296187,1,1,1
misalignment,steady_state,-0.1546592980484487,2.454710430161679,2.609369728210128,0.9310432651296187,1,1,1
misalignment,steady_state,-0.15340519119764862,2.6370149413767816,2.7904201325744302,0.9310432651296187,1,1,1
misalignment,steady_state,-0.14117765212312106,2.582601146705993,2.7237787988291142,0.9310432651296187,1,1,1
misalignment,steady_state,-0.15858270511937134,2.497517223649788,2.656099928769159,0.9310432651296187,1,1,1
misalignment,steady_state,-0.16046861944084578,2.7041215188634626,2.864590138304308,0.9310432651296187,1,1,1
misalignment,steady_state,-0.16188727854663232,2.7364113426580094,2.898298621204642,0.9310432651296187,1,1,1
misalignment,steady_state,-0.16321064822379627,2.550979650965206,2.7141902991890023,0.9310432651296187,1,1,1
misalignment,steady_state,-0.1614651262650565,2.7414209614188856,2.902886087683942,0.9310432651296187,1,1,1
misalignment,steady_state,-0.14884071089771012,2.6746238365071693,2.823464547404879,0.9310432651296187,1,1,1
misalignment,steady_state,-0.1532267820567722,2.55730166385589,2.7105284459126624,0.9310432651296187,1,1,1
misalignment,steady_state,-0.16616759452809438,2.646515857237871,2.8126834517659653,0.9310432651296187,1,1,1
misalignment,shutdown,-0.2158322830919296,3.450913691556778,3.6667459746487077,0.9310432651296187,1,0,1
misalignment,shutdown,-0.21288051580108147,3.6939975294058565,3.906878045206938,0.9310432651296187,1,0,1
misalignment,idle,-0.2090083364480675,3.6641195277799867,3.873127864228054,0.9310432651296187,1,0,1
misalignment,idle,-0.20632277881626915,4.114309368846735,4.320632147663004,0.9310432651296187,1,0,1
misalignment,idle,-0.2063723736442089,4.105577884591723,4.311950258235932,0.9310432651296187,1,0,1
misalignment,idle,-0.2049389679768231,4.081221935465465,4.286160903442289,0.9310432651296187,1,0,1
misalignment,idle,-0.20231274735865512,4.073349689078586,4.275662436437241,0.9310432651296187,1,0,1
misalignment,idle,-0.20286625923097756,4.070177735639719,4.273043994870696,0.9310432651296187,1,0,1
misalignment,idle,-0.20103981877954769,4.0668407930367465,4.267880611816294,0.9310432651296187,1,0,1
misalignment,idle,-0.20027899481316624,4.057804288504443,4.258083283317609,0.9310432651296187,1,0,1
misalignment,idle,-0.22641209665194495,3.922002159770689,4.148414256422634,0.9310432651296187,1,0,1
misalignment,startup,-0.22898225711808484,3.857413041563147,4.086395298681232,0.9310432651296187,1,0,1
misalignment,startup,-0.22963847086766564,3.9570393919542766,4.186677862821942,0.9310432651296187,1,0,1
misalignment,steady_state,-0.19694957531255108,2.851849673758455,3.048799249071006,0.9310432651296187,1,1,1
misalignment,steady_state,-0.16400904924197734,2.608097720372889,2.772106769614866,0.9310432651296187,1,1,1
misalignment,steady_state,-0.16596502198397922,2.788807754703887,2.954772776687866,0.9310432651296187,1,1,1
misalignment,steady_state,-0.1681124997231207,2.6455931861280613,2.8137056858511817,0.9310432651296187,1,1,1
misalignment,steady_state,-0.16364356791829515,2.546373138611021,2.710016706529316,0.9310432651296187,1,1,1
misalignment,steady_state,-0.16256138619521632,2.648678652267977,2.8112400384631933,0.9310432651296187,1,1,1
misalignment,steady_state,-0.15573867682519793,2.6025750682560544,2.7583137450812525,0.9310432651296187,1,1,1
misalignment,steady_state,-0.14697577073271684,2.4106678314131087,2.5576436021458253,0.9310432651296187,1,1,1
misalignment,steady_state,-0.1522785000617689,2.6436894453813378,2.7959679454431066,0.9310432651296187,1,1,1
misalignment,steady_state,-0.14082925146314718,2.395925007868755,2.5367542593319024,0.9310432651296187,1,1,1
misalignment,steady_state,-0.15489989801838921,2.714003777578393,2.8689036755967825,0.9310432651296187,1,1,1
misalignment,steady_state,-0.16318855741367544,2.790597149577877,2.9537857069915527,0.9310432651296187,1,1,1
misalignment,steady_state,-0.17155780799374087,2.708340379394394,2.8798981873881346,0.9310432651296187,1,1,1
misalignment,steady_state,-0.15909571004165546,2.5763566475302766,2.735452357571932,0.9310432651296187,1,1,1
misalignment,steady_state,-0.15233618473490118,2.762294513611138,2.914630698346039,0.9310432651296187,1,1,1
misalignment,steady_state,-0.1619936281859764,2.7541672280925016,2.916160856278478,0.9310432651296187,1,1,1
misalignment,steady_state,-0.16207759717874848,2.7809113206292593,2.942988917808008,0.9310432651296187,1,1,1
misalignment,shutdown,-0.21459147026758318,3.5069210528189325,3.7215125230865156,0.9310432651296187,1,0,1
misalignment,shutdown,-0.21067600594984082,3.591566884955159,3.802242890905,0.9310432651296187,1,0,1
misalignment,idle,-0.2123768180712865,3.6959701342381974,3.908346952309484,0.9310432651296187,1,0,1
misalignment,idle,-0.205683886591977,4.1352886827227096,4.340972569314687,0.9310432651296187,1,0,1
misalignment,idle,-0.205128155819294,4.126186012216018,4.331314168035312,0.9310432651296187,1,0,1
misalignment,idle,-0.20632277881626915,4.116371273673259,4.3226940524895285,0.9310432651296187,1,0,1
misalignment,idle,-0.2063723736442089,4.106398215863914,4.312770589508123,0.9310432651296187,1,0,1
misalignment,idle,-0.20589424819717672,4.097704727649492,4.303598975846668,0.9310432651296187,1,0,1
misalignment,idle,-0.20231274735865512,4.088262384031892,4.290575131390547,0.9310432651296187,1,0,1
misalignment,idle,-0.20286625923097756,4.078887105787584,4.281753365018561,0.9310432651296187,1,0,1
misalignment,idle,-0.22641209665194495,3.921812158384345,4.14822425503629,0.9310432651296187,1,0,1
misalignment,startup,-0.22824223812751399,3.8825699034942445,4.110812141621759,0.9310432651296187,1,0,1
misalignment,startup,-0.2241598600163941,3.9559933755666976,4.1801532355830915,0.9310432651296187,1,0,1
misalignment,steady_state,-0.1525303284387789,2.517419816233936,2.6699501446727147,0.9310432651296187,1,1,1
misalignment,steady_state,-0.14768722704048676,2.6929443885928,2.8406316156332867,0.9310432651296187,1,1,1
misalignment,steady_state,-0.1547747304169843,2.751586827900054,2.9063615583170384,0.9310432651296187,1,1,1
misalignment,steady_state,-0.1542326827555235,2.48500772371692,2.6392404064724437,0.9310432651296187,1,1,1
misalignment,steady_state,-0.15978941969982818,2.541252453778103,2.7010418734779313,0.9310432651296187,1,1,1
misalignment,steady_state,-0.15158419913500942,2.4943063516766886,2.645890550811698,0.9310432651296187,1,1,1
misalignment,steady_state,-0.14513520584874584,2.436738626350793,2.581873832199539,0.9310432651296187,1,1,1
misalignment,steady_state,-0.16446919506856206,2.5222498635006203,2.6867190585691825,0.9310432651296187,1,1,1
misalignment,steady_state,-0.15662757326440735,2.4779265256745786,2.634554098938986,0.9310432651296187,1,1,1
misalignment,steady_state,-0.15829402780683632,2.765677974039932,2.923972001846768,0.9310432651296187,1,1,1
misalignment,steady_state,-0.16390744506406707,2.852498409943512,3.0164058550075787,0.9310432651296187,1,1,1
misalignment,steady_state,-0.1558628062103361,2.795908662287953,2.9517714684982894,0.9310432651296187,1,1,1
misalignment,steady_state,-0.1549940667625508,2.754780323782596,2.909774390545147,0.9310432651296187,1,1,1
misalignment,steady_state,-0.16211427311427196,2.769669744194771,2.931784017309043,0.9310432651296187,1,1,1
misalignment,steady_state,-0.16136004795495962,2.6429583979254554,2.804318445880415,0.9310432651296187,1,1,1
misalignment,steady_state,-0.17163462161749599,2.698222957200375,2.8698575788178706,0.9310432651296187,1,1,1
misalignment,steady_state,-0.18081024123465417,2.6975673533666793,2.8783775946013335,0.9310432651296187,1,1,1
misalignment,shutdown,-0.21672345508153756,3.424871903563122,3.6415953586446594,0.9310432651296187,1,0,1
misalignment,shutdown,-0.21263920963942307,3.603341742825469,3.815980952464892,0.9310432651296187,1,0,1
misalignment,idle,-0.2140311943865909,3.7021863562249413,3.916217550611532,0.9310432651296187,1,0,1
misalignment,idle,-0.20687945110398842,4.140103254200823,4.346982705304812,0.9310432651296187,1,0,1
misalignment,idle,-0.205683886591977,4.134805284952756,4.340489171544733,0.9310432651296187,1,0,1
misalignment,idle,-0.205128155819294,4.125463278845131,4.3305914346644245,0.9310432651296187,1,0,1
misalignment,idle,-0.20632277881626915,4.114900655567899,4.3212234343841684,0.9310432651296187,1,0,1
misalignment,idle,-0.20608369241276925,4.106555486535146,4.312639178947915,0.9310432651296187,1,0,1
misalignment,idle,-0.2049389679768231,4.097368953555377,4.302307921532201,0.9310432651296187,1,0,1
misalignment,idle,-0.20231274735865512,4.087812456328064,4.290125203686719,0.9310432651296187,1,0,1
misalignment,idle,-0.22764277874679495,3.9187954724582474,4.146438251205042,0.9310432651296187,1,0,1
misalignment,startup,-0.21726684040168298,3.6966821912530348,3.9139490316547176,0.9310432651296187,1,0,1
misalignment,startup,-0.2244050671757588,3.945494909505446,4.169899976681205,0.9310432651296187,1,0,1
misalignment,steady_state,-0.1552666780582168,2.64134643879672,2.7966131168549366,0.9310432651296187,1,1,1
misalignment,steady_state,-0.14634150908346855,2.680355132090993,2.826696641174461,0.9310432651296187,1,1,1
misalignment,steady_state,-0.14002891111229443,2.6037078069970665,2.743736718109361,0.9310432651296187,1,1,1
misalignment,steady_state,-0.1344203323685751,2.5714592667000025,2.7058795990685773,0.9310432651296187,1,1,1
misalignment,steady_state,-0.15077648466587623,2.603671767962444,2.7544482526283205,0.9310432651296187,1,1,1
misalignment,steady_state,-0.14602620390137422,2.5868398395069416,2.7328660434083156,0.9310432651296187,1,1,1
misalignment,steady_state,-0.14768591021554622,2.396814635592207,2.544500545807753,0.9310432651296187,1,1,1
misalignment,steady_state,-0.15245827778094756,2.6426772573947157,2.795135535175663,0.9310432651296187,1,1,1
misalignment,steady_state,-0.15773272294348495,2.7040703587426447,2.8618030816861295,0.9310432651296187,1,1,1
misalignment,steady_state,-0.15501734394654398,2.7370354909790318,2.892052834925576,0.9310432651296187,1,1,1
misalignment,steady_state,-0.15353362541469318,2.6838345208664522,2.8373681462811455,0.9310432651296187,1,1,1
misalignment,steady_state,-0.17079616771313932,2.775794773344649,2.9465909410577886,0.9310432651296187,1,1,1
misalignment,steady_state,-0.1677100880590242,2.8025550176009406,2.9702651056599647,0.9310432651296187,1,1,1
misalignment,steady_state,-0.15397085047358383,2.7213875285116287,2.8753583789852124,0.9310432651296187,1,1,1
misalignment,steady_state,-0.15522277717328647,2.793976323903437,2.9491991010767236,0.9310432651296187,1,1,1
misalignment,steady_state,-0.1719884067987113,2.7079354335177426,2.879923840316454,0.9310432651296187,1,1,1
misalignment,steady_state,-0.1848871658506137,2.6810750355872766,2.86596220143789,0.9310432651296187,1,1,1
misalignment,shutdown,-0.22948161751293017,3.5555359472404384,3.7850175647533684,0.9310432651296187,1,0,1
misalignment,shutdown,-0.21841708378880953,3.768799863043754,3.9872169468325636,0.9310432651296187,1,0,1
misalignment,idle,-0.21189462836893658,3.693717585862543,3.9056122142314793,0.9310432651296187,1,0,1
misalignment,idle,-0.20948119510437613,4.148147015016015,4.357628210120391,0.9310432651296187,1,0,1
misalignment,idle,-0.20735824386143076,4.153003693713029,4.36036193757446,0.9310432651296187,1,0,1
misalignment,idle,-0.20687945110398842,4.14324549808673,4.350124949190719,0.9310432651296187,1,0,1
misalignment,idle,-0.205683886591977,4.133704235242246,4.339388121834223,0.9310432651296187,1,0,1
misalignment,idle,-0.205128155819294,4.121768701686617,4.32689685750591,0.9310432651296187,1,0,1
misalignment,idle,-0.20632277881626915,4.113198590044971,4.31952136886124,0.9310432651296187,1,0,1
misalignment,idle,-0.20732959630801362,4.089785059214733,4.297114655522746,0.9310432651296187,1,0,1
misalignment,idle,-0.22826913056358455,3.9183078613012663,4.146576991864851,0.9310432651296187,1,0,1
misalignment,startup,-0.22963847086766564,3.8327381788578054,4.062376649725471,0.9310432651296187,1,0,1
misalignment,startup,-0.2244050671757588,3.9400585733304134,4.164463640506172,0.9310432651296187,1,0,1
misalignment,steady_state,-0.1679995563796397,2.573739454936967,2.7417390113166067,0.9310432651296187,1,1,1
misalignment,steady_state,-0.15514040665521234,2.740135186854506,2.8952755935097185,0.9310432651296187,1,1,1
misalignment,steady_state,-0.16433024235968974,2.668746535248927,2.8330767776086168,0.9310432651296187,1,1,1
misalignment,steady_state,-0.151386681795179,2.537755619516175,2.689142301311354,0.9310432651296187,1,1,1
misalignment,steady_state,-0.15739631396912845,2.4894289776330245,2.646825291602153,0.9310432651296187,1,1,1
misalignment,steady_state,-0.15496013375650242,2.471590746864395,2.6265508806208975,0.9310432651296187,1,1,1
misalignment,steady_state,-0.15394527167032301,2.670088346025542,2.8240336176958647,0.9310432651296187,1,1,1
misalignment,steady_state,-0.1566230343578704,2.6635385421349413,2.820161576492812,0.9310432651296187,1,1,1
misalignment,steady_state,-0.15811303983553515,2.549592072971947,2.707705112807482,0.9310432651296187,1,1,1
misalignment,steady_state,-0.15831096109098408,2.780339818023427,2.938650779114411,0.9310432651296187,1,1,1
misalignment,steady_state,-0.16843074229200639,2.8591825283179277,3.027613270609934,0.9310432651296187,1,1,1
misalignment,steady_state,-0.15446876907642348,2.7636555730861345,2.918124342162558,0.9310432651296187,1,1,1
misalignment,steady_state,-0.17143986412853507,2.6847465543370466,2.8561864184655814,0.9310432651296187,1,1,1
misalignment,steady_state,-0.17456190722209053,2.7149053840341257,2.8894672912562163,0.9310432651296187,1,1,1
misalignment,steady_state,-0.16760811385982388,2.6603056006485697,2.8279137145083935,0.9310432651296187,1,1,1
misalignment,steady_state,-0.1829306964580526,2.7683999382259112,2.9513306346839636,0.9310432651296187,1,1,1
misalignment,steady_state,-0.1822287861678632,2.8972584410981095,3.0794872272659726,0.9310432651296187,1,1,1
misalignment,shutdown,-0.23543297918030426,3.5651684415827507,3.800601420763055,0.9310432651296187,1,0,1
misalignment,shutdown,-0.21137703725583912,3.579905016627541,3.79128205388338,0.9310432651296187,1,0,1
misalignment,idle,-0.21596770824926903,3.7257593386083823,3.9417270468576513,0.9310432651296187,1,0,1
misalignment,idle,-0.21049251471450103,4.172993565665271,4.383486080379772,0.9310432651296187,1,0,1
misalignment,idle,-0.20924103959421037,3.9927081459264517,4.201949185520662,0.9310432651296187,1,0,1
misalignment,idle,-0.20948119510437613,4.160210550957423,4.369691746061799,0.9310432651296187,1,0,1
misalignment,idle,-0.20735824386143076,4.146820993609845,4.354179237471276,0.9310432651296187,1,0,1
misalignment,idle,-0.2064009824291544,4.141545662569072,4.347946644998227,0.9310432651296187,1,0,1
misalignment,idle,-0.20592283761756514,4.129132358793208,4.335055196410773,0.9310432651296187,1,0,1
misalignment,idle,-0.205128155819294,4.121781398706141,4.326909554525435,0.9310432651296187,1,0,1
misalignment,idle,-0.22826913056358455,3.9184881348716343,4.146757265435219,0.9310432651296187,1,0,1
misalignment,startup,-0.2286876531614308,3.9097836234407444,4.138471276602175,0.9310432651296187,1,0,1
misalignment,startup,-0.22260666640019167,3.9325389977183685,4.15514566411856,0.9310432651296187,1,0,1
misalignment,steady_state,-0.15788623431032456,2.734164510636107,2.8920507449464314,0.9310432651296187,1,1,1
misalignment,steady_state,-0.15931013802463634,2.7156289434764367,2.874939081501073,0.9310432651296187,1,1,1
misalignment,steady_state,-0.16022802864249452,2.7553041236158546,2.9155321522583493,0.9310432651296187,1,1,1
misalignment,steady_state,-0.16320818950174953,2.6895143881147408,2.85272257761649,0.9310432651296187,1,1,1
misalignment,steady_state,-0.15881487093549385,2.656203516475458,2.815018387410952,0.9310432651296187,1,1,1
misalignment,steady_state,-0.14842373152125998,2.599240401233203,2.747664132754463,0.9310432651296187,1,1,1
misalignment,steady_state,-0.15124311515844258,2.655303999367022,2.806547114525465,0.9310432651296187,1,1,1
misalignment,steady_state,-0.156995009375956,2.7113720547420903,2.868367064118046,0.9310432651296187,1,1,1
misalignment,steady_state,-0.16000468242313814,2.726095473669579,2.8861001560927173,0.9310432651296187,1,1,1
misalignment,steady_state,-0.15738744878866873,2.7708021181411757,2.9281895669298446,0.9310432651296187,1,1,1
misalignment,steady_state,-0.15385950083625666,2.747539272051043,2.9013987728873,0.9310432651296187,1,1,1
misalignment,steady_state,-0.15448239461477198,2.659718847927119,2.814201242541891,0.9310432651296187,1,1,1
misalignment,steady_state,-0.17645627362783722,2.6869260181932533,2.8633822918210905,0.9310432651296187,1,1,1
misalignment,steady_state,-0.15900768121011577,2.778421414936218,2.937429096146334,0.9310432651296187,1,1,1
misalignment,steady_state,-0.18162382317972903,2.950571028659992,3.132194851839721,0.9310432651296187,1,1,1
misalignment,steady_state,-0.18531586724261007,2.9288571160657413,3.114172983308351,0.9310432651296187,1,1,1
misalignment,steady_state,-0.18534821697493642,2.8900273945645267,3.0753756115394633,0.9310432651296187,1,1,1
misalignment,shutdown,-0.23543297918030426,3.528926380328955,3.764359359509259,0.9310432651296187,1,0,1
misalignment,shutdown,-0.22288846507577453,3.786144893994703,4.009033359070477,0.9310432651296187,1,0,1
misalignment,idle,-0.21888233097750875,3.7402381558745876,3.9591204868520964,0.9310432651296187,1,0,1
misalignment,idle,-0.21628895675706294,4.197405137333224,4.413694094090287,0.9310432651296187,1,0,1
misalignment,idle,-0.21266066311701692,4.1880383446889855,4.400699007806002,0.9310432651296187,1,0,1
misalignment,idle,-0.21049251471450103,4.178501533003058,4.388994047717559,0.9310432651296187,1,0,1
misalignment,idle,-0.20924103959421037,4.169247614667673,4.378488654261883,0.9310432651296187,1,0,1
misalignment,idle,-0.2087609724203484,4.154978121387405,4.363739093807753,0.9310432651296187,1,0,1
misalignment,idle,-0.20735824386143076,4.148567201668765,4.355925445530196,0.9310432651296187,1,0,1
misalignment,idle,-0.2064009824291544,4.140683973037558,4.347084955466713,0.9310432651296187,1,0,1
misalignment,idle,-0.231516924048765,3.9160649642127496,4.147581888261515,0.9310432651296187,1,0,1
misalignment,startup,-0.2252457945466637,3.6966038789208713,3.921849673467535,0.9310432651296187,1,0,1
misalignment,startup,-0.22236206798966862,3.9227767743977817,4.145138842387451,0.9310432651296187,1,0,1
misalignment,steady_state,-0.16227956417360612,2.6637647181270627,2.8260442823006686,0.9310432651296187,1,1,1
misalignment,steady_state,-0.16411723596292582,2.612903356314516,2.7770205922774416,0.9310432651296187,1,1,1
misalignment,steady_state,-0.14478250579142304,2.4683853163346847,2.613167822126108,0.9310432651296187,1,1,1
misalignment,steady_state,-0.16434177609850897,2.5771194524047125,2.7414612285032214,0.9310432651296187,1,1,1
misalignment,steady_state,-0.16176868163002733,2.4948710082506027,2.65663968988063,0.9310432651296187,1,1,1
misalignment,steady_state,-0.15403042887124507,2.6868461979488054,2.8408766268200507,0.9310432651296187,1,1,1
misalignment,steady_state,-0.15703225345607308,2.6964462760697936,2.8534785295258667,0.9310432651296187,1,1,1
misalignment,steady_state,-0.1636350174268637,2.744696463471315,2.9083314808981786,0.9310432651296187,1,1,1
misalignment,steady_state,-0.17093723542923112,2.820229619213513,2.991166854642744,0.9310432651296187,1,1,1
misalignment,steady_state,-0.1653370171990053,2.6153047256927806,2.780641742891786,0.9310432651296187,1,1,1
misalignment,steady_state,-0.16556106657010172,2.802701321924145,2.9682623884942467,0.9310432651296187,1,1,1
misalignment,steady_state,-0.16444213157588805,2.7683795109557217,2.93282164253161,0.9310432651296187,1,1,1
misalignment,steady_state,-0.16016541061568212,2.7609653152058824,2.9211307258215644,0.9310432651296187,1,1,1
misalignment,steady_state,-0.1803238421987713,2.879331701617824,3.059655543816595,0.9310432651296187,1,1,1
misalignment,steady_state,-0.17537714032791873,2.9184785360383514,3.09385567636627,0.9310432651296187,1,1,1
misalignment,steady_state,-0.18996261480733756,2.9198733394398544,3.109835954247192,0.9310432651296187,1,1,1
misalignment,steady_state,-0.17975537285378773,2.929877714794345,3.109633087648133,0.9310432651296187,1,1,1
misalignment,shutdown,-0.22239130464958756,3.572330091017161,3.7947213956667483,0.9310432651296187,1,0,1
misalignment,shutdown,-0.22166582408141933,3.811598891897074,4.033264715978493,0.9310432651296187,1,0,1
misalignment,idle,-0.21888233097750875,3.7537286595505774,3.972610990528086,0.9310432651296187,1,0,1
misalignment,idle,-0.21677412288290743,4.197587190765304,4.414361313648212,0.9310432651296187,1,0,1
misalignment,idle,-0.21628895675706294,4.197726131276551,4.414015088033613,0.9310432651296187,1,0,1
misalignment,idle,-0.21266066311701692,4.180981638638805,4.393642301755822,0.9310432651296187,1,0,1
misalignment,idle,-0.21049251471450103,4.178149711795199,4.3886422265097,0.9310432651296187,1,0,1
misalignment,idle,-0.20924103959421037,4.1689094099981805,4.378150449592391,0.9310432651296187,1,0,1
misalignment,idle,-0.2087609724203484,4.1529668523942265,4.361727824814575,0.9310432651296187,1,0,1
misalignment,idle,-0.20735824386143076,4.150098992751708,4.357457236613139,0.9310432651296187,1,0,1
misalignment,idle,-0.23077433201660746,3.914913325561713,4.14568765757832,0.9310432651296187,1,0,1
misalignment,startup,-0.2226903591041689,3.810878749394139,4.033569108498308,0.9310432651296187,1,0,1
misalignment,startup,-0.22236206798966862,3.9143590158504784,4.136721083840147,0.9310432651296187,1,0,1
misalignment,steady_state,-0.17393576497229468,2.6263728684426204,2.800308633414915,0.9310432651296187,1,1,1
misalignment,steady_state,-0.17043836079370878,2.6412261463810016,2.8116645071747106,0.9310432651296187,1,1,1
misalignment,steady_state,-0.16705007136420447,2.5611729678044473,2.7282230391686517,0.9310432651296187,1,1,1
misalignment,steady_state,-0.17339798275850982,2.662599137255591,2.8359971200141008,0.9310432651296187,1,1,1
misalignment,steady_state,-0.15765968775489103,2.700386225325344,2.858045913080235,0.9310432651296187,1,1,1
misalignment,steady_state,-0.1493675577609186,2.7082304952441505,2.857598053005069,0.9310432651296187,1,1,1
misalignment,steady_state,-0.1623052589705355,2.5477147308263657,2.7100199897969013,0.9310432651296187,1,1,1
misalignment,steady_state,-0.1709686767673846,2.8059810562138106,2.976949732981195,0.9310432651296187,1,1,1
misalignment,steady_state,-0.1577210461822901,2.7387532935687746,2.8964743397510646,0.9310432651296187,1,1,1
misalignment,steady_state,-0.1704593064128317,2.6612873535407684,2.8317466599536,0.9310432651296187,1,1,1
misalignment,steady_state,-0.17524885891682562,2.6925089369773696,2.867757795894195,0.9310432651296187,1,1,1
misalignment,steady_state,-0.1673523230212729,2.8546414287998036,3.0219937518210767,0.9310432651296187,1,1,1
misalignment,steady_state,-0.16490922867532487,2.6686660161553535,2.833575244830678,0.9310432651296187,1,1,1
misalignment,steady_state,-0.18603700209810636,2.7424935644559914,2.9285305665540977,0.9310432651296187,1,1,1
misalignment,steady_state,-0.18404908261374675,2.7511010054827234,2.9351500880964703,0.9310432651296187,1,1,1
misalignment,steady_state,-0.19094108412534905,2.795866158713143,2.9868072428384917,0.9310432651296187,1,1,1
misalignment,steady_state,-0.17922319604949666,2.982807110222029,3.1620303062715256,0.9310432651296187,1,1,1
misalignment,shutdown,-0.2187177321891811,3.513498700979692,3.732216433168873,0.9310432651296187,1,0,1
misalignment,shutdown,-0.2197425602404468,3.567907087609431,3.787649647849878,0.9310432651296187,1,0,1
misalignment,idle,-0.22058800384268784,3.7779709441122065,3.998558947954894,0.9310432651296187,1,0,1
misalignment,idle,-0.21847479365916844,4.221172708055501,4.439647501714669,0.9310432651296187,1,0,1
misalignment,idle,-0.21847479365916844,4.211089087695482,4.4295638813546505,0.9310432651296187,1,0,1
misalignment,idle,-0.21677412288290743,4.186749215115241,4.403523337998148,0.9310432651296187,1,0,1
misalignment,idle,-0.21628895675706294,4.191573178251172,4.407862135008235,0.9310432651296187,1,0,1
misalignment,idle,-0.21169622596933024,4.175952356367915,4.3876485823372455,0.9310432651296187,1,0,1
misalignment,idle,-0.21049251471450103,4.171939420909467,4.382431935623968,0.9310432651296187,1,0,1
misalignment,idle,-0.20948119510437613,4.157839786302896,4.367320981407272,0.9310432651296187,1,0,1
unbalance,startup,-0.23036396406663273,3.85380082770119,4.084164791767822,0.9310432651296187,1,0,1
unbalance,startup,-0.22913673682240354,3.775676488924742,4.004813225747146,0.9310432651296187,1,0,1
unbalance,steady_state,-0.1181167371510291,2.0501930720892894,2.1683098092403186,0.9310432651296187,1,1,1
unbalance,steady_state,-0.08513007799705974,1.871564859792376,1.9566949377894356,0.9310432651296187,1,1,1
unbalance,steady_state,-0.1372209717069488,2.223233161781217,2.3604541334881657,0.9310432651296187,1,1,1
unbalance,steady_state,-0.10257268503157324,2.0010142063790397,2.103586891410613,0.9310432651296187,1,1,1
unbalance,steady_state,-0.08478604682485336,1.906486044030278,1.9912720908551313,0.9310432651296187,1,1,1
unbalance,steady_state,-0.07294072733402135,1.8717980103915177,1.944738737725539,0.9310432651296187,1,1,1
unbalance,steady_state,-0.06942422051707553,1.7931924518530715,1.8626166723701472,0.9310432651296187,1,1,1
unbalance,steady_state,-0.08435091704547715,1.9982282876911972,2.0825792047366742,0.9310432651296187,1,1,1
unbalance,steady_state,-0.08401908129724345,1.8850220869903018,1.9690411682875453,0.9310432651296187,1,1,1
unbalance,steady_state,-0.0743799341144068,1.859878844096693,1.9342587782110998,0.9310432651296187,1,1,1
unbalance,steady_state,-0.09437096330707384,1.9258218412861288,2.0201928045932025,0.9310432651296187,1,1,1
unbalance,steady_state,-0.06517433770641778,1.7073776768126714,1.7725520145190892,0.9310432651296187,1,1,1
unbalance,steady_state,-0.10514809664324476,1.9542148709058333,2.0593629675490783,0.9310432651296187,1,1,1
unbalance,steady_state,-0.10372666189074742,1.9587430795192327,2.06246974140998,0.9310432651296187,1,1,1
unbalance,steady_state,-0.08751239708875214,1.89928477555498,1.9867971726437321,0.9310432651296187,1,1,1
unbalance,steady_state,-0.06003290250156834,1.8053949637894164,1.8654278662909847,0.9310432651296187,1,1,1
unbalance,steady_state,-0.09392500738323661,2.0263166764321694,2.120241683815406,0.9310432651296187,1,1,1
unbalance,shutdown,-0.21523072925226938,3.3928371222813523,3.6080678515336215,0.9310432651296187,1,0,1
unbalance,shutdown,-0.2004885633464325,3.568543235356601,3.7690317987030335,0.9310432651296187,1,0,1
unbalance,idle,-0.2034078504183876,3.5638861571470937,3.7672940075654813,0.9310432651296187,1,0,1
unbalance,idle,-0.19588839131847846,3.99584770259161,4.191736093910088,0.9310432651296187,1,0,1
unbalance,idle,-0.19588839131847846,3.990730008026961,4.18661839934544,0.9310432651296187,1,0,1
unbalance,idle,-0.1956382852146964,3.973513223389465,4.169151508604162,0.9310432651296187,1,0,1
unbalance,idle,-0.19627601723838106,3.9760710084512834,4.172347025689664,0.9310432651296187,1,0,1
unbalance,idle,-0.1960403316088113,3.960547470935347,4.156587802544158,0.9310432651296187,1,0,1
unbalance,idle,-0.19713559333824282,3.9343464968051203,4.131482090143363,0.9310432651296187,1,0,1
unbalance,idle,-0.19713559333824282,3.9839362743446705,4.181071867682913,0.9310432651296187,1,0,1
unbalance,idle,-0.2240657581583705,3.955673763695707,4.179739521854078,0.9310432651296187,1,0,1
unbalance,startup,-0.23507336204265072,3.932852485761075,4.167925847803725,0.9310432651296187,1,0,1
unbalance,startup,-0.23061934564151876,3.8046079608648196,4.035227306506338,0.9310432651296187,1,0,1
unbalance,steady_state,-0.09597536786992722,1.9677310331274547,2.063706400997382,0.9310432651296187,1,1,1
unbalance,steady_state,-0.09087910682750122,1.9320011253727722,2.0228802322002735,0.9310432651296187,1,1,1
unbalance,steady_state,-0.09306708649616802,1.9599650845012566,2.0530321709974246,0.9310432651296187,1,1,1
unbalance,steady_state,-0.08962248832298358,1.9432587244576511,2.0328812127806346,0.9310432651296187,1,1,1
unbalance,steady_state,-0.08230700726592832,1.8162954986568578,1.8986025059227862,0.9310432651296187,1,1,1
unbalance,steady_state,-0.07911882307592577,1.8206247273807137,1.8997435504566393,0.9310432651296187,1,1,1
unbalance,steady_state,-0.07991936861087845,1.8254797681222994,1.9053991367331777,0.9310432651296187,1,1,1
unbalance,steady_state,-0.08015667612817279,1.807782065159355,1.887938741287528,0.9310432651296187,1,1,1
unbalance,steady_state,-0.07449399773471266,1.736814029047558,1.8113080267822705,0.9310432651296187,1,1,1
unbalance,steady_state,-0.09923579743770794,1.9581535448463852,2.057389342284093,0.9310432651296187,1,1,1
unbalance,steady_state,-0.0930174331516197,1.932644533023626,2.0256619661752455,0.9310432651296187,1,1,1
unbalance,steady_state,-0.09262371363193489,1.8759804932345907,1.9686042068665257,0.9310432651296187,1,1,1
unbalance,steady_state,-0.09787814425482577,1.9650886165273085,2.0629667607821345,0.9310432651296187,1,1,1
unbalance,steady_state,-0.08806395896042307,1.8745384101436924,1.9626023691041155,0.9310432651296187,1,1,1
unbalance,steady_state,-0.07832789171792565,1.8363180404205555,1.9146459321384812,0.9310432651296187,1,1,1
unbalance,steady_state,-0.08669327374761093,1.9035647890470793,1.9902580627946902,0.9310432651296187,1,1,1
unbalance,steady_state,-0.08040969396992748,1.9004586524422755,1.980868346412203,0.9310432651296187,1,1,1
unbalance,shutdown,-0.21422682997830533,3.4171329546176596,3.631359784595965,0.9310432651296187,1,0,1
unbalance,shutdown,-0.20257685175228346,3.4991429079749925,3.701719759727276,0.9310432651296187,1,0,1
unbalance,idle,-0.2057578407609918,3.590081041373904,3.7958388821348956,0.9310432651296187,1,0,1
unbalance,idle,-0.1963108476338722,4.00801984979173,4.204330697425602,0.9310432651296187,1,0,1
unbalance,idle,-0.19635973946876217,4.008017692945761,4.204377432414523,0.9310432651296187,1,0,1
unbalance,idle,-0.19659553325275803,3.992930952406292,4.18952648565905,0.9310432651296187,1,0,1
unbalance,idle,-0.19631020191372994,3.9804320547337273,4.176742256647457,0.9310432651296187,1,0,1
unbalance,idle,-0.195402815453934,3.9797880177494567,4.1751908332033905,0.9310432651296187,1,0,1
unbalance,idle,-0.19627601723838106,3.9742491511310996,4.170525168369481,0.9310432651296187,1,0,1
unbalance,idle,-0.19575587289049556,3.974203145587133,4.169959018477629,0.9310432651296187,1,0,1
unbalance,idle,-0.22431093345398456,3.9457512458424384,4.170062179296423,0.9310432651296187,1,0,1
unbalance,startup,-0.23631871799037873,3.9814165913551545,4.217735309345533,0.9310432651296187,1,0,1
unbalance,startup,-0.2255432740499772,3.800815599609165,4.0263588736591425,0.9310432651296187,1,0,1
unbalance,steady_state,-0.09509438939281234,1.9425006671329468,2.0375950565257592,0.9310432651296187,1,1,1
unbalance,steady_state,-0.08851074284208404,1.8186910230671443,1.9072017659092282,0.9310432651296187,1,1,1
unbalance,steady_state,-0.09985479746876735,2.0494872340239674,2.1493420314927345,0.9310432651296187,1,1,1
unbalance,steady_state,-0.08690538692265637,2.0176560088573874,2.1045613957800438,0.9310432651296187,1,1,1
unbalance,steady_state,-0.07067527055002498,1.8198189068884725,1.8904941774384976,0.9310432651296187,1,1,1
unbalance,steady_state,-0.07797105002540661,1.819930381150321,1.8979014311757276,0.9310432651296187,1,1,1
unbalance,steady_state,-0.08374273580364211,1.8730310651392121,1.9567738009428544,0.9310432651296187,1,1,1
unbalance,steady_state,-0.08090126013046117,1.8426432989958323,1.9235445591262934,0.9310432651296187,1,1,1
unbalance,steady_state,-0.07693115121542082,1.8298941303429812,1.906825281558402,0.9310432651296187,1,1,1
unbalance,steady_state,-0.10788121329084854,1.9803949670988783,2.0882761803897267,0.9310432651296187,1,1,1
unbalance,steady_state,-0.06585524102432727,1.7331352980294898,1.798990539053817,0.9310432651296187,1,1,1
unbalance,steady_state,-0.08557319592620427,1.7648760811789812,1.8504492771051855,0.9310432651296187,1,1,1
unbalance,steady_state,-0.08535292299818065,1.8773917044794548,1.9627446274776355,0.9310432651296187,1,1,1
unbalance,steady_state,-0.10770539747195051,2.0561690452773282,2.163874442749279,0.9310432651296187,1,1,1
unbalance,steady_state,-0.0720559761507269,1.7878537329047428,1.8599097090554697,0.9310432651296187,1,1,1
unbalance,steady_state,-0.08351609457588738,1.8725722570657806,1.956088351641668,0.9310432651296187,1,1,1
unbalance,steady_state,-0.10314606188009234,1.9976170093853314,2.1007630712654235,0.9310432651296187,1,1,1
unbalance,shutdown,-0.21694449654979353,3.387252484384315,3.6041969809341086,0.9310432651296187,1,0,1
unbalance,shutdown,-0.20400084578676414,3.6334626605728952,3.8374635063596596,0.9310432651296187,1,0,1
unbalance,idle,-0.19701706056424473,3.562055030528809,3.7590720910930537,0.9310432651296187,1,0,1
unbalance,idle,-0.19790264145847225,4.025827864891271,4.223730506349743,0.9310432651296187,1,0,1
unbalance,idle,-0.1963108476338722,4.021992575132673,4.218303422766545,0.9310432651296187,1,0,1
unbalance,idle,-0.1963108476338722,4.005472751580012,4.201783599213884,0.9310432651296187,1,0,1
unbalance,idle,-0.19588839131847846,4.003267424022772,4.19915581534125,0.9310432651296187,1,0,1
unbalance,idle,-0.19588839131847846,3.993175507592448,4.189063898910926,0.9310432651296187,1,0,1
unbalance,idle,-0.1956382852146964,3.984200126009261,4.179838411223957,0.9310432651296187,1,0,1
unbalance,idle,-0.19627601723838106,3.975830639913327,4.1721066571517085,0.9310432651296187,1,0,1
unbalance,idle,-0.22455619176819852,3.9351923552025134,4.159748546970712,0.9310432651296187,1,0,1
unbalance,startup,-0.23482454372373163,3.872136364337989,4.106960908061721,0.9310432651296187,1,0,1
unbalance,startup,-0.22996634560102147,3.857085709672839,4.08705205527386,0.9310432651296187,1,0,1
unbalance,steady_state,-0.09663838716493356,1.8808771048632356,1.9775154920281692,0.9310432651296187,1,1,1
unbalance,steady_state,-0.08253561318170932,1.8721196457678673,1.9546552589495767,0.9310432651296187,1,1,1
unbalance,steady_state,-0.09554929995584571,2.047116725927256,2.1426660258831016,0.9310432651296187,1,1,1
unbalance,steady_state,-0.07357810009542376,1.8171316875663164,1.89070978766174,0.9310432651296187,1,1,1
unbalance,steady_state,-0.07267297556843944,1.7686753041861536,1.841348279754593,0.9310432651296187,1,1,1
unbalance,steady_state,-0.077637069738831,1.8676901538997515,1.9453272236385826,0.9310432651296187,1,1,1
unbalance,steady_state,-0.07904743079213261,1.8374348201619384,1.916482250954071,0.9310432651296187,1,1,1
unbalance,steady_state,-0.057888505064559226,1.6552212734029434,1.7131097784675027,0.9310432651296187,1,1,1
unbalance,steady_state,-0.0815666033562823,1.8279903337776349,1.9095569371339172,0.9310432651296187,1,1,1
unbalance,steady_state,-0.07291896188012748,1.7364087157748656,1.8093276776549931,0.9310432651296187,1,1,1
unbalance,steady_state,-0.08019357175109443,1.7880703652308079,1.8682639369819023,0.9310432651296187,1,1,1
unbalance,steady_state,-0.0706320430749312,1.7631487218273205,1.8337807649022517,0.9310432651296187,1,1,1
unbalance,steady_state,-0.0707063997529066,1.824563970179012,1.8952703699319184,0.9310432651296187,1,1,1
unbalance,steady_state,-0.10546160477319944,1.9506187017210208,2.0560803064942204,0.9310432651296187,1,1,1
unbalance,steady_state,-0.09979172089861443,1.9965770185047722,2.0963687394033865,0.9310432651296187,1,1,1
unbalance,steady_state,-0.09585568106999875,1.9752730041958668,2.0711286852658657,0.9310432651296187,1,1,1
unbalance,steady_state,-0.14715688829303664,2.220589267093234,2.367746155386271,0.9310432651296187,1,1,1
unbalance,shutdown,-0.2227429428103005,3.400265268856691,3.623008211666991,0.9310432651296187,1,0,1
unbalance,shutdown,-0.20854501129683956,3.5803607840203298,3.788905795317169,0.9310432651296187,1,0,1
unbalance,idle,-0.20195084814193676,3.591558899617199,3.7935097477591357,0.9310432651296187,1,0,1
unbalance,idle,-0.19980499381888195,4.053347175495819,4.253152169314701,0.9310432651296187,1,0,1
unbalance,idle,-0.19933131366378354,4.0201596133336475,4.219490926997431,0.9310432651296187,1,0,1
unbalance,idle,-0.19790264145847225,3.8613145331007654,4.059217174559238,0.9310432651296187,1,0,1
unbalance,idle,-0.1963108476338722,4.024340615424456,4.220651463058328,0.9310432651296187,1,0,1
unbalance,idle,-0.1963108476338722,4.014849160419862,4.211160008053734,0.9310432651296187,1,0,1
unbalance,idle,-0.19635973946876217,3.9901179739918566,4.186477713460619,0.9310432651296187,1,0,1
unbalance,idle,-0.19683140687868805,3.9963206385326315,4.19315204541132,0.9310432651296187,1,0,1
unbalance,idle,-0.22377627249004184,3.9267455085268157,4.150521781016858,0.9310432651296187,1,0,1
unbalance,startup,-0.23631871799037873,3.896860652806767,4.133179370797146,0.9310432651296187,1,0,1
unbalance,startup,-0.22412180687203886,3.783089098861336,4.007210905733375,0.9310432651296187,1,0,1
unbalance,steady_state,-0.10365159476099883,1.9162159900153133,2.0198675847763123,0.9310432651296187,1,1,1
unbalance,steady_state,-0.09519332732611319,1.8990712018440987,1.994264529170212,0.9310432651296187,1,1,1
unbalance,steady_state,-0.10156880992138928,2.077428637001626,2.1789974469230153,0.9310432651296187,1,1,1
unbalance,steady_state,-0.09872510270237156,2.013442318981201,2.1121674216835724,0.9310432651296187,1,1,1
unbalance,steady_state,-0.0843264064136735,1.9332263629987823,2.0175527694124558,0.9310432651296187,1,1,1
unbalance,steady_state,-0.08168594417561303,1.8070350286205725,1.8887209727961856,0.9310432651296187,1,1,1
unbalance,steady_state,-0.09719103476571811,1.9694211389367293,2.066612173702447,0.9310432651296187,1,1,1
unbalance,steady_state,-0.06190336911759586,1.7884006337561207,1.8503040028737165,0.9310432651296187,1,1,1
unbalance,steady_state,-0.08074322700975678,1.8208141074463176,1.9015573344560743,0.9310432651296187,1,1,1
unbalance,steady_state,-0.09126751479203188,1.882454618430068,1.9737221332220998,0.9310432651296187,1,1,1
unbalance,steady_state,-0.089582006833271,1.8487381243781107,1.9383201312113818,0.9310432651296187,1,1,1
unbalance,steady_state,-0.09574539608705823,1.9853739402070245,2.0811193362940825,0.9310432651296187,1,1,1
unbalance,steady_state,-0.06737093830939611,1.7819442092391342,1.8493151475485303,0.9310432651296187,1,1,1
unbalance,steady_state,-0.09234968619036565,1.9417700867885916,2.0341197729789573,0.9310432651296187,1,1,1
unbalance,steady_state,-0.08801697037657885,1.8983370751954498,1.9863540455720288,0.9310432651296187,1,1,1
unbalance,steady_state,-0.08603904150506325,1.8793728279376667,1.9654118694427298,0.9310432651296187,1,1,1
unbalance,steady_state,-0.10708839605164178,1.9897194354193233,2.096807831470965,0.9310432651296187,1,1,1
unbalance,shutdown,-0.21787999136537006,3.490699773386925,3.708579764752295,0.9310432651296187,1,0,1
unbalance,shutdown,-0.21360492464759007,3.6699405130694145,3.8835454377170047,0.9310432651296187,1,0,1
unbalance,idle,-0.20266415057191944,3.600672165429353,3.8033363160012725,0.9310432651296187,1,0,1
unbalance,idle,-0.19956811365001093,4.0623262902836865,4.261894403933697,0.9310432651296187,1,0,1
unbalance,idle,-0.19980499381888195,4.053376177056372,4.253181170875254,0.9310432651296187,1,0,1
unbalance,idle,-0.19933131366378354,4.043846717965154,4.243178031628938,0.9310432651296187,1,0,1
unbalance,idle,-0.19790264145847225,4.0347969848776915,4.232699626336164,0.9310432651296187,1,0,1
unbalance,idle,-0.1963108476338722,4.025123069292997,4.221433916926869,0.9310432651296187,1,0,1
unbalance,idle,-0.1963108476338722,4.015423427244628,4.2117342748785,0.9310432651296187,1,0,1
unbalance,idle,-0.19635973946876217,4.006062356039515,4.202422095508277,0.9310432651296187,1,0,1
unbalance,idle,-0.2257027685606784,3.9243400328329408,4.150042801393619,0.9310432651296187,1,0,1
unbalance,startup,-0.23442829330594595,3.9373984583727606,4.171826751678706,0.9310432651296187,1,0,1
unbalance,startup,-0.22594255653252404,3.8019317393492287,4.027874295881753,0.9310432651296187,1,0,1
unbalance,steady_state,-0.09375235039537422,1.9277306960429839,2.021483046438358,0.9310432651296187,1,1,1
unbalance,steady_state,-0.08322832855840623,1.853789507899004,1.9370178364574104,0.9310432651296187,1,1,1
unbalance,steady_state,-0.08824029281254797,1.8741406565420897,1.9623809493546376,0.9310432651296187,1,1,1
unbalance,steady_state,-0.08129886742585268,1.9052512745096803,1.986550141935533,0.9310432651296187,1,1,1
unbalance,steady_state,-0.09694336311959617,1.9876897279009986,2.084633091020595,0.9310432651296187,1,1,1
unbalance,steady_state,-0.08221719650236148,1.916832257593266,1.9990494540956274,0.9310432651296187,1,1,1
unbalance,steady_state,-0.09095112696254137,1.9134749452681759,2.004426072230717,0.9310432651296187,1,1,1
unbalance,steady_state,-0.07657329696608617,1.8980005055885634,1.9745738025546495,0.9310432651296187,1,1,1
unbalance,steady_state,-0.06519778280417154,1.6964102203905607,1.7616080031947323,0.9310432651296187,1,1,1
unbalance,steady_state,-0.08876392320609683,1.805319260157669,1.894083183363766,0.9310432651296187,1,1,1
unbalance,steady_state,-0.08174871047346965,1.8377084522310114,1.919457162704481,0.9310432651296187,1,1,1
unbalance,steady_state,-0.0743572666239124,1.8009021615504843,1.8752594281743966,0.9310432651296187,1,1,1
unbalance,steady_state,-0.07798154068107499,1.7801702231174688,1.8581517637985439,0.9310432651296187,1,1,1
unbalance,steady_state,-0.09349873364130701,1.9504296473665634,2.0439283810078703,0.9310432651296187,1,1,1
unbalance,steady_state,-0.11200288260949265,2.098633568399642,2.2106364510091345,0.9310432651296187,1,1,1
unbalance,steady_state,-0.11106696624532364,2.048391112319326,2.1594580785646498,0.9310432651296187,1,1,1
unbalance,steady_state,-0.09482428544234256,1.9438352193643618,2.0386595048067044,0.9310432651296187,1,1,1
unbalance,shutdown,-0.218609480536346,3.4314696617660547,3.650079142302401,0.9310432651296187,1,0,1
unbalance,shutdown,-0.21119308699928008,3.6313733315596353,3.8425664185589152,0.9310432651296187,1,0,1
unbalance,idle,-0.20694610884349895,3.6243901589844616,3.8313362678279606,0.9310432651296187,1,0,1
unbalance,idle,-0.20286625923097756,4.078548458274885,4.2814147175058626,0.9310432651296187,1,0,1
unbalance,idle,-0.2015146561614889,4.069378957156962,4.270893613318451,0.9310432651296187,1,0,1
unbalance,idle,-0.19956811365001093,4.059905747131418,4.259473860781428,0.9310432651296187,1,0,1
unbalance,idle,-0.19980499381888195,4.050183508854149,4.24998850267303,0.9310432651296187,1,0,1
unbalance,idle,-0.19933131366378354,4.035670522867226,4.235001836531009,0.9310432651296187,1,0,1
unbalance,idle,-0.19790264145847225,4.031449444511711,4.229352085970183,0.9310432651296187,1,0,1
unbalance,idle,-0.1963108476338722,4.021976607440998,4.21828745507487,0.9310432651296187,1,0,1
unbalance,idle,-0.2250786239574526,3.922954356718415,4.148032980675867,0.9310432651296187,1,0,1
unbalance,startup,-0.23343439822370804,3.9314472262296105,4.164881624453319,0.9310432651296187,1,0,1
unbalance,startup,-0.22818734360657533,3.7964216454278996,4.0246089890344745,0.9310432651296187,1,0,1
unbalance,steady_state,-0.10668537194886907,2.049749503320049,2.156434875268918,0.9310432651296187,1,1,1
unbalance,steady_state,-0.09496066321893881,1.889738785711385,1.9846994489303238,0.9310432651296187,1,1,1
unbalance,steady_state,-0.11043162206967205,2.062995319269223,2.173426941338895,0.9310432651296187,1,1,1
unbalance,steady_state,-0.0963085015237064,1.9676256085015775,2.0639341100252837,0.9310432651296187,1,1,1
unbalance,steady_state,-0.0968890937543111,1.8817699925325517,1.978659086286863,0.9310432651296187,1,1,1
unbalance,steady_state,-0.08448549338896516,1.7724516530587475,1.8569371464477127,0.9310432651296187,1,1,1
unbalance,steady_state,-0.07744513118459995,1.7530786827256448,1.8305238139102449,0.9310432651296187,1,1,1
unbalance,steady_state,-0.09009025388929559,1.8294324806691948,1.9195227345584904,0.9310432651296187,1,1,1
unbalance,steady_state,-0.10834378904531461,2.0449516824638225,2.153295471509137,0.9310432651296187,1,1,1
unbalance,steady_state,-0.0766452727804714,1.8451597727779998,1.9218050455584712,0.9310432651296187,1,1,1
unbalance,steady_state,-0.07338826290205469,1.7241877101156926,1.7975759730177474,0.9310432651296187,1,1,1
unbalance,steady_state,-0.07763416326810324,1.8671407852366264,1.9447749485047297,0.9310432651296187,1,1,1
unbalance,steady_state,-0.09895234829512878,2.0685034564997578,2.1674558047948866,0.9310432651296187,1,1,1
unbalance,steady_state,-0.11196810760554965,2.041258641867499,2.153226749473049,0.9310432651296187,1,1,1
unbalance,steady_state,-0.08840715306964098,1.955251397227614,2.043658550297255,0.9310432651296187,1,1,1
unbalance,steady_state,-0.08830674259069626,1.8534806107979516,1.9417873533886478,0.9310432651296187,1,1,1
unbalance,steady_state,-0.09315860917194929,1.9962981421727033,2.0894567513446525,0.9310432651296187,1,1,1
unbalance,shutdown,-0.22026994270773204,3.4066929829749886,3.6269629256827205,0.9310432651296187,1,0,1
unbalance,shutdown,-0.20298041647039444,3.491711290504371,3.694691706974765,0.9310432651296187,1,0,1
unbalance,idle,-0.20861376370799256,3.614661422474791,3.8232751861827836,0.9310432651296187,1,0,1
unbalance,idle,-0.20231274735865512,4.09038151241508,4.292694259773735,0.9310432651296187,1,0,1
unbalance,idle,-0.20310425618214167,4.080687562784625,4.283791818966767,0.9310432651296187,1,0,1
unbalance,idle,-0.20307578091248646,4.071462796508699,4.274538577421186,0.9310432651296187,1,0,1
unbalance,idle,-0.19956811365001093,4.058665330589396,4.258233444239407,0.9310432651296187,1,0,1
unbalance,idle,-0.19980499381888195,4.0518096009169815,4.251614594735863,0.9310432651296187,1,0,1
unbalance,idle,-0.19933131366378354,4.039121294764294,4.238452608428077,0.9310432651296187,1,0,1
unbalance,idle,-0.19790264145847225,4.033637386411333,4.231540027869805,0.9310432651296187,1,0,1
unbalance,idle,-0.2250786239574526,3.922152472747405,4.147231096704857,0.9310432651296187,1,0,1
unbalance,startup,-0.22947224999602445,3.8727972828836634,4.102269532879688,0.9310432651296187,1,0,1
unbalance,startup,-0.2235808606729741,3.736819965108904,3.9604008257818784,0.9310432651296187,1,0,1
unbalance,steady_state,-0.10605179298488654,2.085491705107657,2.1915434980925435,0.9310432651296187,1,1,1
unbalance,steady_state,-0.10830878667826727,1.995547963005802,2.103856749684069,0.9310432651296187,1,1,1
unbalance,steady_state,-0.09154742155607853,1.9094071710572822,2.0009545926133607,0.9310432651296187,1,1,1
unbalance,steady_state,-0.11236792560186992,1.9701515505575675,2.0825194761594377,0.9310432651296187,1,1,1
unbalance,steady_state,-0.08388127553549218,1.9182458649695373,2.0021271405050296,0.9310432651296187,1,1,1
unbalance,steady_state,-0.09140714078062728,1.9039660695892813,1.9953732103699084,0.9310432651296187,1,1,1
unbalance,steady_state,-0.09247524029837906,1.9236584606096545,2.016133700908034,0.9310432651296187,1,1,1
unbalance,steady_state,-0.11316161381088052,2.019198252816765,2.1323598666276458,0.9310432651296187,1,1,1
unbalance,steady_state,-0.09991521402565162,1.9731381357333364,2.073053349758988,0.9310432651296187,1,1,1
unbalance,steady_state,-0.07610116047389504,1.7882871017747801,1.8643882622486752,0.9310432651296187,1,1,1
unbalance,steady_state,-0.07307354350501416,1.8257826458309518,1.898856189335966,0.9310432651296187,1,1,1
unbalance,steady_state,-0.08110464923267358,1.9011249152513352,1.9822295644840087,0.9310432651296187,1,1,1
unbalance,steady_state,-0.09973974506915462,1.9295847845367258,2.0293245296058804,0.9310432651296187,1,1,1
unbalance,steady_state,-0.10172279698678044,2.0017860399777465,2.1035088369645267,0.9310432651296187,1,1,1
unbalance,steady_state,-0.09479327961367878,1.9431679185815793,2.037961198195258,0.9310432651296187,1,1,1
unbalance,steady_state,-0.11504435681028313,1.968120243051683,2.0831645998619663,0.9310432651296187,1,1,1
unbalance,steady_state,-0.0998153181048943,2.0389489909181164,2.138764309023011,0.9310432651296187,1,1,1
unbalance,shutdown,-0.22173452200441635,3.4560140292553707,3.677748551259787,0.9310432651296187,1,0,1
unbalance,shutdown,-0.21191578112877119,3.692710296209589,3.90462607733836,0.9310432651296187,1,0,1
unbalance,idle,-0.20828859378173858,3.6538002755074923,3.862088869289231,0.9310432651296187,1,0,1
unbalance,idle,-0.20608369241276925,4.054416577611848,4.260500270024617,0.9310432651296187,1,0,1
unbalance,idle,-0.20661155779781704,4.027464671595174,4.234076229392992,0.9310432651296187,1,0,1
unbalance,idle,-0.20231274735865512,4.089872688461563,4.292185435820218,0.9310432651296187,1,0,1
unbalance,idle,-0.20310425618214167,4.080347515002014,4.283451771184156,0.9310432651296187,1,0,1
unbalance,idle,-0.20307578091248646,4.071025045579775,4.274100826492262,0.9310432651296187,1,0,1
unbalance,idle,-0.19956811365001093,4.062150021080336,4.261718134730346,0.9310432651296187,1,0,1
unbalance,idle,-0.19980499381888195,4.051742489323596,4.2515474831424775,0.9310432651296187,1,0,1
unbalance,idle,-0.22641209665194495,3.9218475643459283,4.148259660997873,0.9310432651296187,1,0,1
unbalance,startup,-0.22954470288328443,3.805443820053161,4.0349885229364455,0.9310432651296187,1,0,1
unbalance,startup,-0.2178685914802283,3.739359377501791,3.9572279689820196,0.9310432651296187,1,0,1
unbalance,steady_state,-0.12209398884856537,2.1313175236832125,2.2534115125317777,0.9310432651296187,1,1,1
unbalance,steady_state,-0.1123602387612842,2.101706503212573,2.2140667419738573,0.9310432651296187,1,1,1
unbalance,steady_state,-0.1235924462307626,2.180084765633067,2.3036772118638296,0.9310432651296187,1,1,1
unbalance,steady_state,-0.12634664749136304,2.1371303895481017,2.263477037039465,0.9310432651296187,1,1,1
unbalance,steady_state,-0.10279165575808591,2.0061717550393956,2.1089634107974815,0.9310432651296187,1,1,1
unbalance,steady_state,-0.09786966698277333,1.9665751187855633,2.0644447857683366,0.9310432651296187,1,1,1
unbalance,steady_state,-0.07618521540547729,1.773126218145121,1.8493114335505982,0.9310432651296187,1,1,1
unbalance,steady_state,-0.06808339443867018,1.777355166498253,1.8454385609369233,0.9310432651296187,1,1,1
unbalance,steady_state,-0.07206702839130752,1.7262541125020312,1.7983211408933388,0.9310432651296187,1,1,1
unbalance,steady_state,-0.07606994792916066,1.7496104233028376,1.8256803712319982,0.9310432651296187,1,1,1
unbalance,steady_state,-0.07783118676507583,1.8155556596857516,1.8933868464508274,0.9310432651296187,1,1,1
unbalance,steady_state,-0.10243050174189894,1.910443121884883,2.012873623626782,0.9310432651296187,1,1,1
unbalance,steady_state,-0.11451499286109912,2.089780600755127,2.2042955936162265,0.9310432651296187,1,1,1
unbalance,steady_state,-0.08607606356389419,1.8569638283418943,1.9430398919057885,0.9310432651296187,1,1,1
unbalance,steady_state,-0.10173082647712184,2.000237579859877,2.1019684063369986,0.9310432651296187,1,1,1
unbalance,steady_state,-0.09626589935796592,1.9134818395161188,2.0097477388740845,0.9310432651296187,1,1,1
unbalance,steady_state,-0.09953680272699961,2.02145674485302,2.1209935475800195,0.9310432651296187,1,1,1
unbalance,shutdown,-0.22436209453951617,3.5462619423611716,3.7706240369006876,0.9310432651296187,1,0,1
unbalance,shutdown,-0.21071169853430727,3.709734867089318,3.9204465656236254,0.9310432651296187,1,0,1
unbalance,idle,-0.2088039377729699,3.661296034164071,3.870099971937041,0.9310432651296187,1,0,1
unbalance,idle,-0.205128155819294,4.123912704980878,4.329040860800172,0.9310432651296187,1,0,1
unbalance,idle,-0.20632277881626915,4.114191202911895,4.320513981728165,0.9310432651296187,1,0,1
unbalance,idle,-0.2063723736442089,4.105253604652911,4.31162597829712,0.9310432651296187,1,0,1
unbalance,idle,-0.20331384880961045,4.09360153592746,4.296915384737071,0.9310432651296187,1,0,1
unbalance,idle,-0.20231274735865512,4.084980972135022,4.287293719493677,0.9310432651296187,1,0,1
unbalance,idle,-0.20286625923097756,4.076636060333138,4.2795023195641155,0.9310432651296187,1,0,1
unbalance,idle,-0.20103981877954769,4.067393448795193,4.268433267574741,0.9310432651296187,1,0,1
unbalance,idle,-0.22641209665194495,3.919649733505103,4.146061830157048,0.9310432651296187,1,0,1
unbalance,startup,-0.23268985968696898,3.89491263215325,4.127602491840219,0.9310432651296187,1,0,1
unbalance,startup,-0.21811166835846074,3.74947860150138,3.9675902698598406,0.9310432651296187,1,0,1
unbalance,steady_state,-0.1423796589396169,2.29594314827591,2.4383228072155267,0.9310432651296187,1,1,1
unbalance,steady_state,-0.10914372398159622,1.9649361269685426,2.074079850950139,0.9310432651296187,1,1,1
unbalance,steady_state,-0.09968668891983001,1.9371256464674365,2.0368123353872667,0.9310432651296187,1,1,1
unbalance,steady_state,-0.10057524078999258,1.9385923868072097,2.039167627597202,0.9310432651296187,1,1,1
unbalance,steady_state,-0.10821949468070136,2.037170830620213,2.1453903253009146,0.9310432651296187,1,1,1
unbalance,steady_state,-0.10601066259949066,2.063144935881414,2.169155598480905,0.9310432651296187,1,1,1
unbalance,steady_state,-0.09357808316847305,1.9676604548174597,2.0612385379859326,0.9310432651296187,1,1,1
unbalance,steady_state,-0.09591746596268003,1.9484322601073396,2.0443497260700196,0.9310432651296187,1,1,1
unbalance,steady_state,-0.08341483108795711,1.8792187145258301,1.9626335456137873,0.9310432651296187,1,1,1
unbalance,steady_state,-0.08893798623454197,1.9494359422408163,2.0383739284753584,0.9310432651296187,1,1,1
unbalance,steady_state,-0.09986204099478613,1.9882695763379212,2.0881316173327074,0.9310432651296187,1,1,1
unbalance,steady_state,-0.09840505246724174,1.9504528841387239,2.0488579366059656,0.9310432651296187,1,1,1
unbalance,steady_state,-0.13734113811060567,2.1354302901726814,2.272771428283287,0.9310432651296187,1,1,1
unbalance,steady_state,-0.12255579104911996,2.173116430087711,2.2956722211368312,0.9310432651296187,1,1,1
unbalance,steady_state,-0.11638897241900281,2.119877939618824,2.2362669120378267,0.9310432651296187,1,1,1
unbalance,steady_state,-0.09184360884393172,1.9444641889275625,2.036307797771494,0.9310432651296187,1,1,1
unbalance,steady_state,-0.11250714028917286,2.0704172725260688,2.1829244128152414,0.9310432651296187,1,1,1
unbalance,shutdown,-0.21756655938875347,3.437301428241867,3.6548679876306203,0.9310432651296187,1,0,1
unbalance,shutdown,-0.20755507016284513,3.522674679255382,3.730229749418227,0.9310432651296187,1,0,1
unbalance,idle,-0.20924841316281728,3.682888565911215,3.8921369790740323,0.9310432651296187,1,0,1
unbalance,idle,-0.205683886591977,4.132201010813723,4.3378848974057,0.9310432651296187,1,0,1
unbalance,idle,-0.205128155819294,4.1209261266834085,4.326054282502702,0.9310432651296187,1,0,1
unbalance,idle,-0.20632277881626915,4.112366171722389,4.318688950538658,0.9310432651296187,1,0,1
unbalance,idle,-0.20732959630801362,4.096320297465611,4.303649893773624,0.9310432651296187,1,0,1
unbalance,idle,-0.20331384880961045,4.095607020792857,4.298920869602468,0.9310432651296187,1,0,1
unbalance,idle,-0.20231274735865512,4.087051602677951,4.289364350036606,0.9310432651296187,1,0,1
unbalance,idle,-0.20286625923097756,4.077160364719018,4.280026623949995,0.9310432651296187,1,0,1
unbalance,idle,-0.22641209665194495,3.9173227165108373,4.143734813162782,0.9310432651296187,1,0,1
unbalance,startup,-0.2316173130032566,3.9471660934460013,4.1787834064492575,0.9310432651296187,1,0,1
unbalance,startup,-0.21602817958288545,3.782230021144717,3.9982582007276024,0.9310432651296187,1,0,1
unbalance,steady_state,-0.11421482237630676,2.1033158566685546,2.2175306790448612,0.9310432651296187,1,1,1
unbalance,steady_state,-0.09845898394214825,1.9828681735941485,2.081327157536297,0.9310432651296187,1,1,1
unbalance,steady_state,-0.11665513479228873,2.0825136877858115,2.1991688225781,0.9310432651296187,1,1,1
unbalance,steady_state,-0.10872458916482464,2.089061660289648,2.1977862494544724,0.9310432651296187,1,1,1
unbalance,steady_state,-0.10659342073575506,2.035910021575393,2.142503442311148,0.9310432651296187,1,1,1
unbalance,steady_state,-0.1501801756732445,2.140870430374869,2.2910506060481137,0.9310432651296187,1,1,1
unbalance,steady_state,-0.09915027682736466,1.929561707212744,2.0287119840401084,0.9310432651296187,1,1,1
unbalance,steady_state,-0.0918621236248992,1.9152144255311732,2.0070765491560723,0.9310432651296187,1,1,1
unbalance,steady_state,-0.10714164239447088,2.0698623289689726,2.1770039713634435,0.9310432651296187,1,1,1
unbalance,steady_state,-0.110495598618925,2.0800404354176463,2.190536034036571,0.9310432651296187,1,1,1
unbalance,steady_state,-0.08547044587165475,1.867692190061739,1.9531626359333938,0.9310432651296187,1,1,1
unbalance,steady_state,-0.09195737579974916,1.9420569488980917,2.034014324697841,0.9310432651296187,1,1,1
unbalance,steady_state,-0.09146358193999227,1.977039875376088,2.0685034573160803,0.9310432651296187,1,1,1
unbalance,steady_state,-0.10180310922147728,1.9723883200299301,2.0741914292514076,0.9310432651296187,1,1,1
unbalance,steady_state,-0.0986037031258662,2.0902500918331146,2.188853794958981,0.9310432651296187,1,1,1
unbalance,steady_state,-0.10877424367661936,2.1639542332906765,2.2727284769672957,0.9310432651296187,1,1,1
unbalance,steady_state,-0.11858054541370222,2.0783013165894935,2.196881862003196,0.9310432651296187,1,1,1
unbalance,shutdown,-0.22908775062454467,3.517164808212062,3.7462525588366065,0.9310432651296187,1,0,1
unbalance,shutdown,-0.2147780103235245,3.7458627975459375,3.960640807869462,0.9310432651296187,1,0,1
unbalance,idle,-0.21165365592479024,3.6858891573715207,3.897542813296311,0.9310432651296187,1,0,1
unbalance,idle,-0.20735824386143076,4.15302387633128,4.36038212019271,0.9310432651296187,1,0,1
unbalance,idle,-0.2064009824291544,4.143531844381634,4.349932826810789,0.9310432651296187,1,0,1
unbalance,idle,-0.205683886591977,4.129166616547239,4.334850503139216,0.9310432651296187,1,0,1
unbalance,idle,-0.205128155819294,4.1247815081439025,4.329909663963196,0.9310432651296187,1,0,1
unbalance,idle,-0.20632277881626915,4.106426631162226,4.312749409978496,0.9310432651296187,1,0,1
unbalance,idle,-0.20732959630801362,4.0972643997176155,4.304593996025629,0.9310432651296187,1,0,1
unbalance,idle,-0.2049389679768231,4.090721589649604,4.2956605576264275,0.9310432651296187,1,0,1
unbalance,idle,-0.22764277874679495,3.9171090993245854,4.14475187807138,0.9310432651296187,1,0,1
unbalance,startup,-0.23066391659782282,3.821672771118101,4.052336687715924,0.9310432651296187,1,0,1
unbalance,startup,-0.21845274971304618,3.7000293766149857,3.9184821263280316,0.9310432651296187,1,0,1
unbalance,steady_state,-0.08549493422195409,1.8457986844117584,1.9312936186337124,0.9310432651296187,1,1,1
unbalance,steady_state,-0.10650699847887302,1.9821596176722585,2.0886666161511314,0.9310432651296187,1,1,1
unbalance,steady_state,-0.09229823986407637,1.8698899703266656,1.962188210190742,0.9310432651296187,1,1,1
unbalance,steady_state,-0.0966114746994936,1.943182597355597,2.0397940720550904,0.9310432651296187,1,1,1
unbalance,steady_state,-0.08683437875991828,1.8550138677878654,1.9418482465477838,0.9310432651296187,1,1,1
unbalance,steady_state,-0.0865176870838793,1.7981357395484,1.8846534266322792,0.9310432651296187,1,1,1
unbalance,steady_state,-0.10022886010794829,1.8918821337409206,1.9921109938488688,0.9310432651296187,1,1,1
unbalance,steady_state,-0.10735228765846505,2.070806177289939,2.178158464948404,0.9310432651296187,1,1,1
unbalance,steady_state,-0.11818441151317616,2.0859051115840512,2.2040895230972275,0.9310432651296187,1,1,1
unbalance,steady_state,-0.08879358803205872,1.9702387168788833,2.059032304910942,0.9310432651296187,1,1,1
unbalance,steady_state,-0.09091739158600742,1.9391311224579548,2.0300485140439624,0.9310432651296187,1,1,1
unbalance,steady_state,-0.09851708564803663,2.0171156297870265,2.115632715435063,0.9310432651296187,1,1,1
unbalance,steady_state,-0.10996857222121159,2.0230476750271267,2.1330162472483383,0.9310432651296187,1,1,1
unbalance,steady_state,-0.10800714664586297,2.0379259371887324,2.1459330838345956,0.9310432651296187,1,1,1
unbalance,steady_state,-0.10981787191090253,2.125788069028632,2.235605940939535,0.9310432651296187,1,1,1
unbalance,steady_state,-0.1207886143237713,2.1531598716663494,2.273948485990121,0.9310432651296187,1,1,1
unbalance,steady_state,-0.1446041137891214,2.1980249705302417,2.342629084319363,0.9310432651296187,1,1,1
unbalance,shutdown,-0.23032296579290923,3.544989070346523,3.7753120361394323,0.9310432651296187,1,0,1
unbalance,shutdown,-0.21744485652975443,3.7648165413979777,3.982261397927732,0.9310432651296187,1,0,1
unbalance,idle,-0.21261803538475732,3.684701151818026,3.8973191872027835,0.9310432651296187,1,0,1
unbalance,idle,-0.20948119510437613,4.162761384048768,4.372242579153144,0.9310432651296187,1,0,1
unbalance,idle,-0.20852106070162812,3.9814206920088666,4.189941752710495,0.9310432651296187,1,0,1
unbalance,idle,-0.20687945110398842,4.145582649851072,4.35246210095506,0.9310432651296187,1,0,1
unbalance,idle,-0.2064009824291544,4.1143074996695095,4.320708482098664,0.9310432651296187,1,0,1
unbalance,idle,-0.205128155819294,4.12675527653008,4.331883432349374,0.9310432651296187,1,0,1
unbalance,idle,-0.205128155819294,4.114510168266857,4.31963832408615,0.9310432651296187,1,0,1
unbalance,idle,-0.20632277881626915,4.108223091680707,4.314545870496977,0.9310432651296187,1,0,1
unbalance,idle,-0.22826913056358455,3.914892801573684,4.143161932137269,0.9310432651296187,1,0,1
unbalance,startup,-0.2286876531614308,3.8899122528869308,4.118599906048361,0.9310432651296187,1,0,1
unbalance,startup,-0.2197204791465892,3.7268422530134053,3.9465627321599945,0.9310432651296187,1,0,1
unbalance,steady_state,-0.11388923908851234,2.024174346160821,2.1380635852493333,0.9310432651296187,1,1,1
unbalance,steady_state,-0.10915157089323035,2.071984077518265,2.1811356484114954,0.9310432651296187,1,1,1
unbalance,steady_state,-0.10129292151986946,1.959262365775196,2.0605552872950654,0.9310432651296187,1,1,1
unbalance,steady_state,-0.09533593554725106,1.9665685553228118,2.061904490870063,0.9310432651296187,1,1,1
unbalance,steady_state,-0.09607725884944851,1.9834183813816584,2.079495640231107,0.9310432651296187,1,1,1
unbalance,steady_state,-0.08663778841869363,1.855620752631175,1.9422585410498687,0.9310432651296187,1,1,1
unbalance,steady_state,-0.09833758340234788,1.8897659289057989,1.9881035123081467,0.9310432651296187,1,1,1
unbalance,steady_state,-0.08883150411315777,1.9189138862560338,2.0077453903691915,0.9310432651296187,1,1,1
unbalance,steady_state,-0.10259364099603574,1.968708520947515,2.0713021619435508,0.9310432651296187,1,1,1
unbalance,steady_state,-0.10180939405916645,1.9705295099644728,2.0723389040236393,0.9310432651296187,1,1,1
unbalance,steady_state,-0.09835189400365119,2.0238896753359583,2.1222415693396095,0.9310432651296187,1,1,1
unbalance,steady_state,-0.11138052646408769,2.0454006191425105,2.1567811456065984,0.9310432651296187,1,1,1
unbalance,steady_state,-0.11154706406785264,2.1669630115129137,2.2785100755807663,0.9310432651296187,1,1,1
unbalance,steady_state,-0.0976853622242484,2.0056904935060107,2.103375855730259,0.9310432651296187,1,1,1
unbalance,steady_state,-0.1074719755096536,2.0948033263889445,2.202275301898598,0.9310432651296187,1,1,1
unbalance,steady_state,-0.10921504156353923,2.089896336063088,2.199111377626627,0.9310432651296187,1,1,1
unbalance,steady_state,-0.11889097207003507,2.0974406533858847,2.2163316254559198,0.9310432651296187,1,1,1
unbalance,shutdown,-0.23279967775274657,3.497843152674479,3.730642830427225,0.9310432651296187,1,0,1
unbalance,shutdown,-0.22044525097315348,3.779630585170087,4.000075836143241,0.9310432651296187,1,0,1
unbalance,idle,-0.2164886394905755,3.7141409995547723,3.930629639045348,0.9310432651296187,1,0,1
unbalance,idle,-0.21169622596933024,4.18422361931051,4.39591984527984,0.9310432651296187,1,0,1
unbalance,idle,-0.21049251471450103,4.002131162015085,4.212623676729586,0.9310432651296187,1,0,1
unbalance,idle,-0.20924103959421037,4.137366206632056,4.346607246226266,0.9310432651296187,1,0,1
unbalance,idle,-0.20852106070162812,4.15530386307827,4.363824923779898,0.9310432651296187,1,0,1
unbalance,idle,-0.20687945110398842,4.144017052958733,4.350896504062722,0.9310432651296187,1,0,1
unbalance,idle,-0.2064009824291544,4.136453065469747,4.342854047898902,0.9310432651296187,1,0,1
unbalance,idle,-0.20560576236670125,4.127372145474066,4.3329779078407675,0.9310432651296187,1,0,1
unbalance,idle,-0.2310217788967569,3.91369719929457,4.144718978191327,0.9310432651296187,1,0,1
unbalance,startup,-0.22598276863673605,3.7295672233842097,3.955549992020946,0.9310432651296187,1,0,1
unbalance,startup,-0.2197204791465892,3.6937975051726792,3.9135179843192685,0.9310432651296187,1,0,1
unbalance,steady_state,-0.12178664326044553,2.0759459176261723,2.197732560886618,0.9310432651296187,1,1,1
unbalance,steady_state,-0.09390652209280403,1.9336599532886443,2.027566475381448,0.9310432651296187,1,1,1
unbalance,steady_state,-0.11945017640007649,2.098207518735093,2.2176576951351694,0.9310432651296187,1,1,1
unbalance,steady_state,-0.1180128150148202,2.088403815364964,2.2064166303797843,0.9310432651296187,1,1,1
unbalance,steady_state,-0.09515925645418066,1.8977887102832676,1.9929479667374483,0.9310432651296187,1,1,1
unbalance,steady_state,-0.1095305505162627,1.875407855128353,1.9849384056446158,0.9310432651296187,1,1,1
unbalance,steady_state,-0.09379402157629879,1.8560007961566294,1.9497948177329283,0.9310432651296187,1,1,1
unbalance,steady_state,-0.09105852521203528,1.9496712569009729,2.040729782113008,0.9310432651296187,1,1,1
unbalance,steady_state,-0.09000488925627448,1.9603292475276515,2.050334136783926,0.9310432651296187,1,1,1
unbalance,steady_state,-0.10006611438764035,1.968427429081292,2.068493543468932,0.9310432651296187,1,1,1
unbalance,steady_state,-0.09435859590467588,1.9765253217738734,2.0708839176785494,0.9310432651296187,1,1,1
unbalance,steady_state,-0.09885464292258128,1.963131261215128,2.061985904137709,0.9310432651296187,1,1,1
unbalance,steady_state,-0.11956107113248482,2.1425458236296113,2.262106894762096,0.9310432651296187,1,1,1
unbalance,steady_state,-0.11148197394262893,2.0616026395142955,2.1730846134569246,0.9310432651296187,1,1,1
unbalance,steady_state,-0.1223430917755951,2.1518238730238006,2.2741669647993956,0.9310432651296187,1,1,1
unbalance,steady_state,-0.15021608452966084,2.288787379504048,2.439003464033709,0.9310432651296187,1,1,1
unbalance,steady_state,-0.13813271090953783,2.2680536969035106,2.406186407813048,0.9310432651296187,1,1,1
unbalance,shutdown,-0.2305702598363224,3.5631568118507975,3.79372707168712,0.9310432651296187,1,0,1
unbalance,shutdown,-0.22288846507577453,3.809494025076211,4.032382490151985,0.9310432651296187,1,0,1
unbalance,idle,-0.21961283869740855,3.7555791145905353,3.975191953287944,0.9310432651296187,1,0,1
unbalance,idle,-0.21677412288290743,4.2038363793681945,4.420610502251102,0.9310432651296187,1,0,1
unbalance,idle,-0.21628895675706294,4.19145930661309,4.407748263370152,0.9310432651296187,1,0,1
unbalance,idle,-0.21169622596933024,4.183905011460651,4.3956012374299815,0.9310432651296187,1,0,1
unbalance,idle,-0.21049251471450103,4.174748801061548,4.385241315776049,0.9310432651296187,1,0,1
unbalance,idle,-0.20924103959421037,4.1626898859448405,4.371930925539051,0.9310432651296187,1,0,1
unbalance,idle,-0.20852106070162812,4.155251888831365,4.363772949532993,0.9310432651296187,1,0,1
unbalance,idle,-0.20687945110398842,4.14175440864709,4.348633859751079,0.9310432651296187,1,0,1
unbalance,idle,-0.23077433201660746,3.9139514680272574,4.144725800043865,0.9310432651296187,1,0,1
unbalance,startup,-0.22366969467342224,3.8217773164607864,4.0454470111342085,0.9310432651296187,1,0,1
unbalance,startup,-0.21608641809385665,3.6789773812501982,3.895063799344055,0.9310432651296187,1,0,1
unbalance,steady_state,-0.1484416652662407,2.3018560190410273,2.450297684307268,0.9310432651296187,1,1,1
unbalance,steady_state,-0.1299429063391756,2.1558371098531754,2.285780016192351,0.9310432651296187,1,1,1
unbalance,steady_state,-0.1028676948258086,1.9541471969007804,2.057014891726589,0.9310432651296187,1,1,1
unbalance,steady_state,-0.09979213335723491,1.9396598538289185,2.0394519871861534,0.9310432651296187,1,1,1
unbalance,steady_state,-0.11232074088141164,2.0248661952296585,2.1371869361110702,0.9310432651296187,1,1,1
unbalance,steady_state,-0.10426438635887503,1.98986843439629,2.0941328207551653,0.9310432651296187,1,1,1
unbalance,steady_state,-0.09189306151911847,1.935708825770507,2.0276018872896255,0.9310432651296187,1,1,1
unbalance,steady_state,-0.10342699819547208,2.03061492809507,2.134041926290542,0.9310432651296187,1,1,1
unbalance,steady_state,-0.11319581820211588,2.0771743073888698,2.1903701255909858,0.9310432651296187,1,1,1
unbalance,steady_state,-0.10847631790897094,2.0908181480168166,2.199294465925788,0.9310432651296187,1,1,1
unbalance,steady_state,-0.1165342362075159,2.12870877803108,2.245243014238596,0.9310432651296187,1,1,1
unbalance,steady_state,-0.09347201806159944,1.9411976042574175,2.034669622319017,0.9310432651296187,1,1,1
unbalance,steady_state,-0.11602829167662321,2.1789932773833836,2.295021569060007,0.9310432651296187,1,1,1
unbalance,steady_state,-0.11795276616654571,2.182377968691585,2.3003307348581306,0.9310432651296187,1,1,1
unbalance,steady_state,-0.15594333778713765,2.389171071858628,2.5451144096457656,0.9310432651296187,1,1,1
unbalance,steady_state,-0.125942459158912,2.1734101230241905,2.2993525821831025,0.9310432651296187,1,1,1
unbalance,steady_state,-0.1521018319114793,2.3588452954052808,2.51094712731676,0.9310432651296187,1,1,1
unbalance,shutdown,-0.23156027365383514,3.512164389071944,3.743724662725779,0.9310432651296187,1,0,1
unbalance,shutdown,-0.21427297188703043,3.693299008005543,3.907571979892573,0.9310432651296187,1,0,1
unbalance,idle,-0.21888233097750875,3.7605965818014315,3.9794789127789403,0.9310432651296187,1,0,1
unbalance,idle,-0.21847479365916844,4.214509240237575,4.4329840338967434,0.9310432651296187,1,0,1
unbalance,idle,-0.21677412288290743,4.204731276007892,4.421505398890799,0.9310432651296187,1,0,1
unbalance,idle,-0.21628895675706294,4.192113852566854,4.408402809323917,0.9310432651296187,1,0,1
unbalance,idle,-0.21169622596933024,4.185749963426181,4.397446189395511,0.9310432651296187,1,0,1
unbalance,idle,-0.21049251471450103,4.176557395994951,4.387049910709452,0.9310432651296187,1,0,1
unbalance,idle,-0.20924103959421037,4.149506390730075,4.358747430324285,0.9310432651296187,1,0,1
unbalance,idle,-0.20852106070162812,4.156011855272511,4.364532915974139,0.9310432651296187,1,0,1
