source_file,asset_id,compressor_model,fault_mode,operating_state,start_timestamp,end_timestamp,start_time_s,end_time_s,window_size_samples,radial_rms,axial_rms,radial_std,axial_std,radial_peak,axial_peak,radial_crest_factor,axial_crest_factor,radial_kurtosis,axial_kurtosis,radial_dominant_freq_hz,axial_dominant_freq_hz,radial_energy_0_30hz,radial_energy_30_80hz,radial_energy_80_200hz,axial_energy_0_30hz,axial_energy_30_80hz,axial_energy_80_200hz,temp_mean,temp_max,temp_min,temp_delta,temp_slope,current_mean,current_max,current_min,current_std,current_delta,current_inrush_flag,is_healthy
em2x3125u_healthy_timeseries.csv,EMB_COMP_001,EM2X3125U,healthy,startup,2026-01-01 00:00:00.000,2026-01-01 00:00:01.990,0.0,1.99,200,0.08574844609621488,0.0602292033397123,0.08573153179090695,0.06022472231818168,0.1843514218666491,0.1286423024811629,2.1499097681583152,2.1358791972654605,2.5914278466725116,2.297655983829875,40.0,40.0,35.03847441686017,111.98249330490025,0.0,17.704085476772555,54.840394377865394,0.0,26.0016062091706,28.022304673935555,23.916388241967766,4.105916431967788,0.020163468702399094,3.622563942027808,6.399377366380355,0.861924568118039,1.5967876886622216,5.537452798262316,1,1
em2x3125u_healthy_timeseries.csv,EMB_COMP_001,EM2X3125U,healthy,startup,2026-01-01 00:00:01.000,2026-01-01 00:00:02.990,1.0,2.99,200,0.06513108104530037,0.04412850180684992,0.06512119500825196,0.04412547056371569,0.1843514218666491,0.1235398261751375,2.8304677107758716,2.7995472566884385,3.85133281983889,3.6178898566301303,40.0,40.0,18.52495156530958,66.29275884757816,0.0,8.842052347066794,30.104589269589802,0.0,27.627920393311616,28.661249139528447,25.90744184137555,2.7538072981528963,0.012451859752583996,1.4694774876654453,3.687480977390724,0.6465433113379412,0.9559464924904492,3.0409376660527827,1,1
em2x3125u_healthy_timeseries.csv,EMB_COMP_001,EM2X3125U,healthy,steady_state,2026-01-01 00:00:02.000,2026-01-01 00:00:03.990,2.0,3.99,200,0.03345606407780807,0.02084277634589471,0.03345496231970206,0.020839046885211102,0.0606163569367627,0.0409262664616137,1.8118197285786068,1.9635707730306635,2.142194321224867,2.0654392958533796,40.0,40.0,1.6752232666871578,20.71168508696013,0.0,0.8734109291858229,7.818497505985649,0.0,28.55513913897556,29.2826229635393,27.83828112178878,1.4443418417505214,0.006258302549242544,0.6994154484730456,0.7635770735873506,0.6270317434957042,0.02017103333320852,0.13654533009164638,0,1
em2x3125u_healthy_timeseries.csv,EMB_COMP_001,EM2X3125U,healthy,steady_state,2026-01-01 00:00:03.000,2026-01-01 00:00:04.990,3.0,4.99,200,0.033902560869117006,0.020679380456001047,0.03390252935114383,0.02067314206640128,0.0606163569367627,0.0409262664616137,1.7879580592975264,1.9790857152945853,2.1156120409922257,2.0296141643413375,40.0,40.0,1.7893541616969684,21.20044323653362,0.0,0.8149970553935251,7.735358649799869,0.0,29.171895711224135,29.865936307701546,28.31507963999823,1.5508566677033144,0.006119979588182308,0.7015857306215796,0.7561842172245901,0.6270317434957042,0.019077173633674668,0.12915247372888583,0,1
em2x3125u_healthy_timeseries.csv,EMB_COMP_001,EM2X3125U,healthy,steady_state,2026-01-01 00:00:04.000,2026-01-01 00:00:05.990,4.0,5.99,200,0.0339799551278785,0.020798502032808242,0.03397657116189224,0.02079729666181106,0.0633019930608576,0.0438450157696311,1.8629216201913739,2.108085269817438,2.116129971213455,2.1455779950384146,40.0,40.0,1.7743156418613577,21.31468580490273,0.0,0.9112742923906342,7.739282900360812,0.0,29.788956749011753,30.61662878557521,29.0242593886342,1.5923693969410095,0.006259761015881902,0.7002206129502204,0.7561842172245901,0.6509825574291982,0.019332139395982564,0.10520165979539187,0,1
em2x3125u_healthy_timeseries.csv,EMB_COMP_001,EM2X3125U,healthy,steady_state,2026-01-01 00:00:05.000,2026-01-01 00:00:06.990,5.0,6.99,200,0.03378753566509255,0.02096698590929946,0.03377909909284368,0.02096547534755234,0.0633019930608576,0.0438450157696311,1.8735309283375106,2.091145382521795,2.172712093470563,2.120333297030554,40.0,40.0,1.835413757839779,20.989744160029947,0.0,0.8714828548533421,7.920008194945949,0.0,30.406976884277288,31.20558123625239,29.64377184904839,1.561809387203997,0.006176482477603246,0.6990172674066397,0.7491484818415178,0.646965833301616,0.020439961032895,0.10218264853990189,0,1
em2x3125u_healthy_timeseries.csv,EMB_COMP_001,EM2X3125U,healthy,steady_state,2026-01-01 00:00:06.000,2026-01-01 00:00:07.990,6.0,7.99,200,0.03345726263477964,0.02055462617119345,0.03345156009733751,0.020554234846872566,0.066283834882451,0.0383202962207546,1.9811493727388008,1.8643149187728394,2.203328706112954,2.0456840998407007,40.0,40.0,1.8962277103880196,20.4900751552186,0.0,0.7887123690937762,7.660897756218433,0.0,31.017440007231606,31.721316692220803,30.241470649305096,1.4798460429157068,0.006046777398353015,0.6990845739609988,0.7542149105443665,0.6426589009243451,0.021254503074100956,0.11155600962002143,0,1
em2x3125u_healthy_timeseries.csv,EMB_COMP_001,EM2X3125U,healthy,steady_state,2026-01-01 00:00:07.000,2026-01-01 00:00:08.990,7.0,8.99,200,0.033883365217026784,0.020812097504000364,0.03388106312596203,0.020811967315761945,0.066283834882451,0.0420276041818209,1.9562352929791815,2.0193833982251252,2.1739365859848743,2.1131248334960637,40.0,40.0,1.8219559750704915,21.13687130768832,0.0,0.8415263699116782,7.821378221386462,0.0,31.62908362393137,32.297162436594576,30.914946626393565,1.3822158102010107,0.006003273032408494,0.7002587641333866,0.7542149105443665,0.6408876235130986,0.021367388291048162,0.11332728703126793,0,1
em2x3125u_healthy_timeseries.csv,EMB_COMP_001,EM2X3125U,healthy,steady_state,2026-01-01 00:00:08.000,2026-01-01 00:00:09.990,8.0,9.99,200,0.03387616459328787,0.020742257208582193,0.033875166295076385,0.020742229957725074,0.0637219530146534,0.0420276041818209,1.8810261958426986,2.026182770717538,2.1607031797713914,2.0957973694625736,40.0,40.0,1.879034940884539,21.071526123282226,0.0,0.7920144713018136,7.812788337529904,0.0,32.235787137054366,32.93751427969898,31.57376573832134,1.363748541377639,0.005845905190410904,0.6980335024199846,0.7465155958376336,0.6408876235130986,0.020758284493526426,0.10562797232453502,0,1
em2x3125u_healthy_timeseries.csv,EMB_COMP_001,EM2X3125U,healthy,steady_state,2026-01-01 00:00:09.000,2026-01-01 00:00:10.990,9.0,10.99,200,0.03310020952739017,0.020205564938437785,0.03309909962488347,0.020203304347806348,0.0602957448488704,0.0364493327090911,1.8216121803995269,1.8039254443092656,2.145081049692367,2.0625467979923413,40.0,40.0,1.7445634019825453,20.166792342736898,0.0,0.752944882846855,7.410544580379317,0.0,32.85797806621947,33.58209218574162,32.19398729196698,1.3881048937746456,0.006243608884110025,0.6970524781574828,0.7582848929683084,0.6450064796073884,0.020529890768556838,0.11327841336091993,0,1
em2x3125u_healthy_timeseries.csv,EMB_COMP_001,EM2X3125U,healthy,steady_state,2026-01-01 00:00:10.000,2026-01-01 00:00:11.990,10.0,11.99,200,0.03380751455425536,0.02036649444387424,0.033800078901175624,0.02036328283139279,0.0619604307755877,0.0374815335967167,1.8327413769548677,1.8403527273683697,2.1233725462492234,2.0734285200056686,40.0,40.0,1.6074503396714936,21.24251463314513,0.0,0.7466245907392312,7.5467925961284035,0.0,33.484962301549814,34.308015084958576,32.702241631707835,1.605773453250741,0.006168895304815085,0.6980895857637965,0.7582848929683084,0.6512724867350536,0.020402280275608423,0.10701240623325481,0,1
em2x3125u_healthy_timeseries.csv,EMB_COMP_001,EM2X3125U,healthy,steady_state,2026-01-01 00:00:11.000,2026-01-01 00:00:12.990,11.0,12.99,200,0.0342772872163745,0.020893741932233287,0.034272462467583184,0.02089253606712619,0.0619604307755877,0.0388040779720965,1.8076235258777646,1.8572105512719337,2.088244320863799,2.0765815691611667,40.0,40.0,1.5166172782565346,21.97677410232036,0.0,0.8123438245940338,7.917912599265767,0.0,34.093217310259604,34.892953207306114,33.37427514899892,1.518678058307195,0.00604603735087955,0.697251476453289,0.7561913794019278,0.6512724867350536,0.01968579203968444,0.10491889266687426,0,1
em2x3125u_healthy_timeseries.csv,EMB_COMP_001,EM2X3125U,healthy,steady_state,2026-01-01 00:00:12.000,2026-01-01 00:00:13.990,12.0,13.99,200,0.03339412316475607,0.020705488492904413,0.033394010587451,0.020704694942262066,0.0603975650608803,0.0388040779720965,1.8086285650591205,1.8740962322813255,2.146942846910812,2.11641020821273,40.0,40.0,1.7166528072036893,20.58946051653161,0.0,0.8392958353468547,7.735210326075718,0.0,34.70332096048346,35.423011837233375,33.96156777127228,1.4614440659610963,0.006042737988483497,0.69643388943006,0.7442830523158381,0.6390473486929449,0.019390983140602856,0.10523570362289325,0,1
em2x3125u_healthy_timeseries.csv,EMB_COMP_001,EM2X3125U,healthy,steady_state,2026-01-01 00:00:13.000,2026-01-01 00:00:14.990,13.0,14.99,200,0.033091448335149674,0.021109022749438308,0.0330912010176665,0.021102139274641964,0.0599698264979282,0.040428883450476,1.8122454445195246,1.9152418342792197,2.174404476902185,2.134270233095275,40.0,40.0,1.8896739111777583,20.01497156433209,0.0,0.8912425225922652,8.016058741920443,0.0,35.30905908580091,36.09387602819786,34.62104774658468,1.4728282816131824,0.0059241809330631305,0.6974434850867182,0.7571487684627972,0.6390473486929449,0.01960344691702364,0.11810141976985233,0,1
em2x3125u_healthy_timeseries.csv,EMB_COMP_001,EM2X3125U,healthy,steady_state,2026-01-01 00:00:14.000,2026-01-01 00:00:15.990,14.0,15.99,200,0.03283796048936179,0.02128814613656299,0.0328355525613128,0.021284886692605344,0.0605413612553945,0.040428883450476,1.8436395060225355,1.8991265463476998,2.146311056398927,2.0961585249039536,40.0,40.0,1.827230677076427,19.736721234287682,0.0,0.8555223629703288,8.205601728834926,0.0,35.91682543358578,36.6243907962373,35.08685382883792,1.537536967399383,0.006095551351153134,0.7000917080550536,0.7571487684627972,0.6479622336989662,0.01899155183351584,0.109186534763831,0,1
em2x3125u_healthy_timeseries.csv,EMB_COMP_001,EM2X3125U,healthy,steady_state,2026-01-01 00:00:15.000,2026-01-01 00:00:16.990,15.0,16.990000000000002,200,0.033167917339953217,0.020913303582867526,0.03314696698551809,0.02091205543361184,0.065021105112052,0.0387662632317946,1.9603614072484816,1.8536652078035376,2.193882415970787,2.051772234740812,40.0,40.0,2.061659563871151,19.913858664597534,0.0,0.7778027496886156,7.968507547335269,0.0,36.53904135423539,37.32858798620937,35.7932839694174,1.5353040167919687,0.006158143518396974,0.7005355780434508,0.7562529849647744,0.6387244026737521,0.019725545400252197,0.11752858229102237,0,1
em2x3125u_healthy_timeseries.csv,EMB_COMP_001,EM2X3125U,healthy,steady_state,2026-01-01 00:00:16.000,2026-01-01 00:00:17.990,16.0,17.990000000000002,200,0.03398669823348165,0.02077253226355572,0.03397918979157321,0.020766086204098564,0.0665229841107859,0.0386032243891406,1.9573241170350422,1.858378357503763,2.1693742889311847,2.114797197348528,40.0,40.0,2.0343401993870023,21.05766093672365,0.0,0.8644625327930402,7.761591303955189,0.0,37.160782644771544,37.921540199553725,36.513172968192805,1.40836723136092,0.006066072545510281,0.700723057052086,0.7553487178406452,0.6387244026737521,0.02138989519113263,0.11662431516689309,0,1
em2x3125u_healthy_timeseries.csv,EMB_COMP_001,EM2X3125U,healthy,steady_state,2026-01-01 00:00:17.000,2026-01-01 00:00:18.990,17.0,18.99,200,0.03337159552012489,0.0207846440564519,0.033369822436562654,0.02078156914636911,0.0665229841107859,0.0411175112757043,1.9934013664605552,1.9782639127245838,2.15949419097276,2.111705899111876,40.0,40.0,1.8472275266056581,20.429347118531165,0.0,0.8426514218370584,7.7951100868040255,0.0,37.78341069400878,38.54702667263401,36.957406197477134,1.5896204751568774,0.006132285382420871,0.6997202326145462,0.7553487178406452,0.644746489886525,0.02148618872359851,0.11060222795412011,0,1
em2x3125u_healthy_timeseries.csv,EMB_COMP_001,EM2X3125U,healthy,steady_state,2026-01-01 00:00:18.000,2026-01-01 00:00:19.990,18.0,19.99,200,0.0332814020014434,0.02127616369197326,0.03328045375248619,0.021275653104356064,0.0654951594352025,0.0432719099918533,1.9679206853233524,2.0338210693583942,2.1657882955899743,2.11733397088157,40.0,40.0,1.7500381242352774,20.41606161831998,0.0,0.8117530618833341,8.241984418557765,0.0,38.39010887449971,39.09824434317782,37.58420607528613,1.514038267891685,0.0057980595832348835,0.7016250069658816,0.7520725259750082,0.6525560894387297,0.020761008332647064,0.09951643653627851,0,1
em2x3125u_healthy_timeseries.csv,EMB_COMP_001,EM2X3125U,healthy,shutdown,2026-01-01 00:00:19.000,2026-01-01 00:00:20.990,19.0,20.99,200,0.026927648404804296,0.0168788749550562,0.02692132680029391,0.01687837187929954,0.0654951594352025,0.0432719099918533,2.43226435708798,2.563672644478645,2.9324096862281146,2.972160851985952,40.0,40.0,0.9626276753815691,13.532851003670578,0.0,0.5315480807186145,5.17040827909243,0.0,38.52932019781304,39.09824434317782,37.85198211856606,1.2462622246117547,-0.002804465892612176,0.5636939439676687,0.7454598365195877,0.2816891734767257,0.15293856716932702,0.463770663042862,0,1
em2x3125u_healthy_timeseries.csv,EMB_COMP_001,EM2X3125U,healthy,shutdown,2026-01-01 00:00:20.000,2026-01-01 00:00:21.990,20.000000000000004,21.99,200,0.01407499031035269,0.00889014575865564,0.014070527824885387,0.008890136960104475,0.0316145688308947,0.0206116109897544,2.246152084924775,2.3184784084880143,2.2088857526612515,2.236982933317247,40.0,40.0,0.2960993686672724,3.664336609617249,0.0,0.20219787789491772,1.3810311196486138,0.0,37.87251227630724,38.909920648942055,36.814767677604735,2.0951529713373205,-0.010039150939576087,0.2808300365679941,0.5695493612743505,0.0,0.16302300477727386,0.5695493612743505,0,1
em2x3125u_healthy_timeseries.csv,EMB_COMP_001,EM2X3125U,healthy,idle,2026-01-01 00:00:21.000,2026-01-01 00:00:22.990,21.000000000000004,22.99,200,0.007456817589361719,0.004928351896495733,0.007454383846591537,0.004928171944406995,0.0263418501985638,0.0151514351041838,3.5325861043113678,3.0743411636164035,4.77819891231073,4.597740409021562,40.0,40.0,0.16605006588505128,0.945570005042265,0.0,0.1208108869442792,0.3655264963539258,0.0,37.057731891070716,37.93503612328698,36.49072927864597,1.4443068446410052,-0.006415123434291676,0.07009291601656781,0.2910646339978129,0.0,0.08997691132253094,0.2910646339978129,0,1
em2x3125u_healthy_timeseries.csv,EMB_COMP_001,EM2X3125U,healthy,idle,2026-01-01 00:00:22.000,2026-01-01 00:00:23.990,22.000000000000004,23.99,200,0.0014100849297942232,0.0012367482394504408,0.0014099008548765352,0.001217814328847223,0.0039050516652114,0.0031705229502666,2.769373377943464,2.5635960894316274,2.627491946955354,2.5985806228403834,22.5,48.0,0.02518410221842196,0.014596741380383105,0.0,0.01904201326531064,0.01083393959154315,0.0,36.55139544542418,36.96803186872995,36.105572303554254,0.8624595651756977,-0.0038831545766705123,0.000877296390421867,0.0042199708281667,0.0,0.001175654297776341,0.0042199708281667,0,1
em2x3125u_healthy_timeseries.csv,EMB_COMP_001,EM2X3125U,healthy,idle,2026-01-01 00:00:23.000,2026-01-01 00:00:24.990,23.000000000000004,24.99,200,0.0014754534157275625,0.001219709905042313,0.0014728643309385998,0.0012038707810350696,0.0046892594141887,0.0033197593013027,3.1781819501745328,2.7217613693048874,2.7993260517788285,2.6739514525732555,8.0,43.5,0.02774927283110234,0.01582101837829601,0.0,0.018942493742733463,0.010433345158721609,0.0,36.164627766385976,36.61070280210656,35.76945889629754,0.8412439058090158,-0.003786526903248312,0.0008884481747259191,0.006871855231969,0.0,0.0012730556460402724,0.006871855231969,0,1
em2x3125u_healthy_timeseries.csv,EMB_COMP_001,EM2X3125U,healthy,idle,2026-01-01 00:00:24.000,2026-01-01 00:00:25.990,24.000000000000004,25.99,200,0.0015606051421269815,0.0012119789223683029,0.0015604098063608453,0.0012068944363065135,0.0046892594141887,0.0049814896764475,3.0047699367423655,4.110211476873933,2.9574103820365836,3.5538487889503667,8.0,29.0,0.03211938592586789,0.016618296578176067,0.0,0.020171008460076332,0.009103145740469214,0.0,35.79123466778671,36.228000900243615,35.35962528213457,0.8683756181090416,-0.00361938477069916,0.0008436134752925701,0.006871855231969,0.0,0.0012532531476086288,0.006871855231969,0,1
em2x3125u_healthy_timeseries.csv,EMB_COMP_001,EM2X3125U,healthy,idle,2026-01-01 00:00:25.000,2026-01-01 00:00:26.990,25.000000000000004,26.99,200,0.00153919760434712,0.0011632365570482242,0.0015314762371185092,0.0011588550190648151,0.004679212385802,0.0049814896764475,3.040033568520773,4.28243906732806,3.1016599728598493,3.9938707062608874,7.5,0.5,0.03070772580212914,0.016458924542373476,0.0,0.01931692180491808,0.0076393013321743855,0.0,35.418792489468366,35.839461860366725,34.99944345023643,0.8400184101302983,-0.003791356195583971,0.0007097587585795808,0.006466987326497,0.0,0.00114986643604899,0.006466987326497,0,1
em2x3125u_healthy_timeseries.csv,EMB_COMP_001,EM2X3125U,healthy,idle,2026-01-01 00:00:26.000,2026-01-01 00:00:27.990,26.000000000000004,27.99,200,0.0015869112956194296,0.0011726807539706786,0.0015862132186017432,0.0011664754753661728,0.0043167752270105,0.0034497791197464,2.720237255180356,2.9417888100111664,2.810149900945449,2.9330750745897167,23.0,5.0,0.032023548679185415,0.018492371815711055,0.0,0.017455582661511298,0.009772624399605986,0.0,35.040342124275824,35.46853168957853,34.625745190705395,0.8427864988731386,-0.003739770420262295,0.0006712119123296889,0.006466987326497,0.0,0.001225950958706334,0.006466987326497,0,1
em2x3125u_healthy_timeseries.csv,EMB_COMP_001,EM2X3125U,healthy,idle,2026-01-01 00:00:27.000,2026-01-01 00:00:28.990,27.000000000000004,28.99,200,0.001594986939053789,0.0011995549893535824,0.001570072293156721,0.001199394233259919,0.0046242077144232,0.0033950629946502,2.899213530341802,2.8302687453117388,3.0893236628832397,2.893147514299891,36.5,38.0,0.028953720709566953,0.02052448877432457,0.0,0.015982324101323435,0.012789375184090792,0.0,34.66683990388148,35.1198787730308,34.22783863749513,0.892040135535666,-0.003699493656303328,0.000695493045226172,0.0059181811812861,0.0,0.0012233111053359836,0.0059181811812861,0,1
em2x3125u_healthy_timeseries.csv,EMB_COMP_001,EM2X3125U,healthy,idle,2026-01-01 00:00:28.000,2026-01-01 00:00:29.990,28.000000000000004,29.99,200,0.0014903756844991932,0.0011471974758996031,0.001488238151725686,0.0011470917859980195,0.0047984128646747,0.0034347162927414,3.219599537607256,2.9940061453220883,3.7232049701465457,3.359952069616692,35.5,44.5,0.025561122430037265,0.019077629276281937,0.0,0.015291692722228863,0.011041221470290272,0.0,34.292010144049186,34.740003520191074,33.88636341759748,0.8536401025935945,-0.003752886297156653,0.000707665980348848,0.0054039358685477,0.0,0.0011726708078287195,0.0054039358685477,0,1
em2x3125u_healthy_timeseries.csv,EMB_COMP_001,EM2X3125U,healthy,idle,2026-01-01 00:00:29.000,2026-01-01 00:00:30.990,29.000000000000004,30.99,200,0.05720264525438406,0.04020734248798865,0.05718354613432602,0.0402065368813563,0.1677780245171395,0.1261365579221419,2.933046605992069,3.137152323852872,5.223031910325394,4.636026925907911,40.0,40.0,14.999620067424052,50.41395695823987,0.0,6.572942113719976,25.792677807909342,0.0,29.695593475934857,34.35047933057429,24.21670125852142,10.133778072052866,-0.06402224473813053,2.5015137349341017,6.352180702880027,0.0,2.563794528152742,6.352180702880027,1,1
em2x3125u_healthy_timeseries.csv,EMB_COMP_001,EM2X3125U,healthy,startup,2026-01-01 00:00:30.000,2026-01-01 00:00:31.990,30.000000000000004,31.99,200,0.08284329215870596,0.0574331012787911,0.0828384894918152,0.05742956453530136,0.1980921059611904,0.137257080843869,2.391166512090056,2.3898601640471626,2.604088494519256,2.414318025499202,40.0,40.0,31.075562518034378,106.19740272763603,0.0,15.58777717433206,50.537028283461964,0.0,26.29546199924817,28.307196832923857,24.21670125852142,4.090495574402436,0.020100774846019357,3.617600078065142,6.352180702880027,0.7544212351974842,1.6002021229767653,5.597759467682542,1,1
em2x3125u_healthy_timeseries.csv,EMB_COMP_001,EM2X3125U,healthy,startup,2026-01-01 00:00:31.000,2026-01-01 00:00:32.990,31.000000000000004,32.99,200,0.06435727809429218,0.04365391485779595,0.06431641448925872,0.04364823938581105,0.1980921059611904,0.137257080843869,3.078006277253654,3.1442101193212206,4.04127637778624,4.017270395125596,40.0,40.0,16.923366532523964,65.8105866725817,0.0,9.258498783193906,28.88196897795568,0.0,27.965972640538602,29.07919062856793,26.31580966978632,2.7633809587816103,0.01319607794939294,1.466348127882174,3.609930335357548,0.6574389506140391,0.95496045921739,2.952491384743509,1,1
em2x3125u_healthy_timeseries.csv,EMB_COMP_001,EM2X3125U,healthy,steady_state,2026-01-01 00:00:32.000,2026-01-01 00:00:33.990,32.0,33.99,200,0.033462788053272616,0.021204536196575627,0.03346178505049739,0.02120284074613137,0.0620653312267649,0.0407812746662143,1.8547567264256988,1.9232335141949564,2.1557246407178847,2.0772832188871626,40.0,40.0,1.8260039905526733,20.56854241672054,0.0,0.7768090390504246,8.215672894102527,0.0,28.93900554852622,29.695956441796525,28.26232728381319,1.4336291579833365,0.006230389697508946,0.6973364777651166,0.7397081272222304,0.6394395487386357,0.019355008754127163,0.10026857848359472,0,1
em2x3125u_healthy_timeseries.csv,EMB_COMP_001,EM2X3125U,healthy,steady_state,2026-01-01 00:00:33.000,2026-01-01 00:00:34.990,33.0,34.99,200,0.03401644610553641,0.020903098238198765,0.034016336517242556,0.020901350443485924,0.0693951721167843,0.0411305702315352,2.040047684625401,1.967678176834682,2.176765675323197,2.170797740356246,40.0,40.0,1.7949931751862955,21.34803324131853,0.0,0.8591118473759857,7.878279793227112,0.0,29.560040076680345,30.382739131538933,28.79566617629404,1.5870729552448921,0.006213993680085663,0.6981044673163231,0.7479181479137066,0.6394395487386357,0.019916031165768747,0.10847859917507086,0,1
em2x3125u_healthy_timeseries.csv,EMB_COMP_001,EM2X3125U,healthy,steady_state,2026-01-01 00:00:34.000,2026-01-01 00:00:35.990,34.0,35.99,200,0.03394486607418654,0.020469349762633718,0.03394473109721209,0.020467885983564083,0.0693951721167843,0.0411305702315352,2.0443495627621884,2.009373561373113,2.1910962545343344,2.1068859273029767,40.0,40.0,1.8935744041030287,21.155921803028033,0.0,0.7791136843127046,7.599574551391517,0.0,30.17973615165927,30.92057570645388,29.423796257303284,1.4967794491505977,0.006151683697058537,0.700592838659214,0.7479181479137066,0.6460421624411874,0.01955868100946795,0.10187598547251919,0,1
em2x3125u_healthy_timeseries.csv,EMB_COMP_001,EM2X3125U,healthy,steady_state,2026-01-01 00:00:35.000,2026-01-01 00:00:36.990,35.0,36.99,200,0.03314276891471469,0.021089087475519335,0.033130968657790784,0.021089056209586957,0.0641717861018537,0.0397767959963295,1.9362228384413225,1.8861316803063792,2.189462138026764,2.037825802904667,40.0,40.0,1.8454152146380827,20.113026165900852,0.0,0.7684247612509649,8.127076938817577,0.0,30.81071217290714,31.474974436061405,30.081555181288586,1.3934192547728195,0.006333649355839286,0.6995751236236049,0.7507701112996853,0.6427912120501686,0.019763781633571807,0.10797889924951665,0,1
em2x3125u_healthy_timeseries.csv,EMB_COMP_001,EM2X3125U,healthy,steady_state,2026-01-01 00:00:36.000,2026-01-01 00:00:37.990,36.0,37.99,200,0.03327905291396081,0.021334307170449672,0.03326216352483834,0.021332550779356887,0.0641717861018537,0.0397767959963295,1.9282936406802957,1.86445220266748,2.2166286828988366,2.0471910049402817,40.0,40.0,1.8778304631289462,20.25870506078441,0.0,0.8424366621538322,8.259492894616752,0.0,31.449388245198488,32.186172591239924,30.682803273791173,1.503369317448751,0.006263836759437554,0.69869027148902,0.759166693387163,0.6427912120501686,0.021538068217727923,0.11637548133699438,0,1
em2x3125u_healthy_timeseries.csv,EMB_COMP_001,EM2X3125U,healthy,steady_state,2026-01-01 00:00:37.000,2026-01-01 00:00:38.990,37.0,38.99,200,0.03382040456229084,0.021156091658311286,0.03380755977164182,0.021150081346652274,0.0639919528833346,0.0408920249799815,1.8921108044545547,1.9328723679412139,2.2210406117189754,2.068520560097529,40.0,40.0,2.1025038503012423,20.7620442443359,0.0,0.8847423164393953,8.062149367449651,0.0,32.07150587153287,32.812230114940654,31.254948419987446,1.5572816949532076,0.006126391368234328,0.6997531828218615,0.759166693387163,0.6553446932284606,0.020961120729614806,0.10382200015870247,0,1
em2x3125u_healthy_timeseries.csv,EMB_COMP_001,EM2X3125U,healthy,steady_state,2026-01-01 00:00:38.000,2026-01-01 00:00:39.990,38.0,39.99,200,0.03358815591741759,0.021247167485470717,0.03358437145176798,0.02124349921256951,0.0646391373436702,0.0408920249799815,1.924462227179037,1.9245871247517754,2.1904638462232957,2.0949981509327875,40.0,40.0,1.9647260769959316,20.597737604371517,0.0,0.8552654543079873,8.172476021325588,0.0,32.69717742405485,33.487059569256125,31.907598175490865,1.5794613937652606,0.006403986871916402,0.7009448284562942,0.7525278017068475,0.6527023638113775,0.0194709112432095,0.09982543789547005,0,1
em2x3125u_healthy_timeseries.csv,EMB_COMP_001,EM2X3125U,healthy,steady_state,2026-01-01 00:00:39.000,2026-01-01 00:00:40.990,39.0,40.99,200,0.03337562999265523,0.021041313122060815,0.03337302994625947,0.021041199922527443,0.0657960863838527,0.0389633433335656,1.971381106463969,1.8517543609345555,2.1702736940609855,2.116970186270506,40.0,40.0,1.7997676780854401,20.475539738936344,0.0,0.895541953999036,7.9622523074302745,0.0,33.32587515852729,34.039515979810695,32.60546128285927,1.4340546969514278,0.0062692178245744145,0.700189717587225,0.7525278017068475,0.6508029284001159,0.01981983676384827,0.10172487330673163,0,1
em2x3125u_healthy_timeseries.csv,EMB_COMP_001,EM2X3125U,healthy,steady_state,2026-01-01 00:00:40.000,2026-01-01 00:00:41.990,40.0,41.99,200,0.032983678076281116,0.020969833258401026,0.0329825918695247,0.02096946866615438,0.0657960863838527,0.0431637247007542,1.99480743874854,2.0583723374844554,2.168662340833861,2.12973532161193,40.0,40.0,1.7037269917753657,20.066978817125904,0.0,0.878912147141075,7.916142673471005,0.0,33.946461077730866,34.65877463267195,33.20565604209475,1.4531185905771977,0.006214376844704507,0.7023135403599692,0.7620129439366589,0.6222439131676066,0.021175577522020757,0.13976903076905223,0,1
em2x3125u_healthy_timeseries.csv,EMB_COMP_001,EM2X3125U,healthy,steady_state,2026-01-01 00:00:41.000,2026-01-01 00:00:42.990,41.0,42.99,200,0.03296815654019281,0.02055000204620869,0.032968138296556516,0.020548954537147484,0.0607843956211788,0.0431637247007542,1.8437304963374002,2.1004243505035345,2.15043869292091,2.1232098080492494,40.0,40.0,1.723944101452783,20.015063366358817,0.0,0.7723432296680596,7.67950145923472,0.0,34.58009030575067,35.3674412485154,33.88764353990071,1.47979770861469,0.006359107801981239,0.7025387161882989,0.7620129439366589,0.6222439131676066,0.021292157993599445,0.13976903076905223,0,1
em2x3125u_healthy_timeseries.csv,EMB_COMP_001,EM2X3125U,healthy,steady_state,2026-01-01 00:00:42.000,2026-01-01 00:00:43.990,42.0,43.99,200,0.033961522376263764,0.020602464137988087,0.03395512065357994,0.02059706218587009,0.0647667989483385,0.0442012880027825,1.9070640659384877,2.1454369587413313,2.180447777510943,2.1220290430570192,40.0,40.0,1.879936442734998,21.179442874205492,0.0,0.750756608796681,7.738169171178035,0.0,35.212213429467205,35.91176787566284,34.48170834647174,1.430059529191098,0.0061673049291660524,0.7011909345954339,0.7518212433582473,0.631108319004642,0.01989909611382048,0.12071292435360526,0,1
em2x3125u_healthy_timeseries.csv,EMB_COMP_001,EM2X3125U,healthy,steady_state,2026-01-01 00:00:43.000,2026-01-01 00:00:44.990,43.0,44.99,200,0.03387554872319333,0.02087284999445491,0.03385678897544043,0.020869471620263477,0.0647667989483385,0.0442012880027825,1.9119040543834818,2.117645075517959,2.201310933976785,2.1528051442105616,40.0,40.0,1.9736291556091035,20.952105209419592,0.0,0.8295581000806003,7.8827063979984455,0.0,35.83633541861061,36.6221669196023,35.080751456716484,1.5414154628858157,0.006256854440462162,0.7002522792008199,0.7518212433582473,0.6487818636413638,0.01999230615600918,0.10303937971688348,0,1
em2x3125u_healthy_timeseries.csv,EMB_COMP_001,EM2X3125U,healthy,steady_state,2026-01-01 00:00:44.000,2026-01-01 00:00:45.990,44.0,45.99,200,0.03352658211058727,0.021270296291621527,0.03352562572643608,0.021270115999451788,0.0625673239237886,0.0420162062582843,1.8662004888363086,1.9753465434722075,2.179345330251545,2.1970355476129013,40.0,40.0,1.9322160841714289,20.54774347608641,0.0,0.9460127135210903,8.102747991998813,0.0,36.46198148999082,37.21566387647169,35.66051790522906,1.5551459712426308,0.006237676125042836,0.6986637011310697,0.7495880690430964,0.6355008754295821,0.019094175511297162,0.11408719361351427,0,1
em2x3125u_healthy_timeseries.csv,EMB_COMP_001,EM2X3125U,healthy,steady_state,2026-01-01 00:00:45.000,2026-01-01 00:00:46.990,45.0,46.99,200,0.03326648803672641,0.0213700695146804,0.03326582693445814,0.021364939524694822,0.0625673239237886,0.0420162062582843,1.8807913794420943,1.9661239861396242,2.1545239659300903,2.1227510017888744,40.0,40.0,1.8405196802969956,20.29447378678579,0.0,0.8827568861761929,8.246538754281227,0.0,37.09136667018626,37.839813333815165,36.34511324963857,1.4947000841765927,0.006301426296714019,0.6981518425788562,0.757359250687034,0.6355008754295821,0.01971639951090211,0.12185837525745191,0,1
em2x3125u_healthy_timeseries.csv,EMB_COMP_001,EM2X3125U,healthy,steady_state,2026-01-01 00:00:46.000,2026-01-01 00:00:47.990,46.0,47.99,200,0.033261749665465114,0.02119754048636812,0.03326141244344029,0.021185420694420424,0.0617520605408073,0.0414730002878332,1.8565487733473924,1.956500581494536,2.1570327352268492,2.0737369877021994,40.0,40.0,1.7923705012685078,20.337308681268905,0.0,0.8254674226335182,8.151612817945043,0.0,37.71742842243793,38.529325061698096,36.96312165158514,1.566203410112955,0.006165061508032291,0.699077329021379,0.757359250687034,0.6442586426194293,0.02144034240626236,0.11310060806760469,0,1
em2x3125u_healthy_timeseries.csv,EMB_COMP_001,EM2X3125U,healthy,steady_state,2026-01-01 00:00:47.000,2026-01-01 00:00:48.990,47.0,48.99,200,0.033935094603619695,0.020835021666957283,0.03392636241077098,0.020828692618858072,0.0617520605408073,0.0414730002878332,1.8197108704750893,1.9905427002078013,2.1927030612142597,2.1078834266843813,40.0,40.0,1.9268092220248605,21.096047568420566,0.0,0.769785987873378,7.907532575648987,0.0,38.3453907107838,39.05392832204264,37.59269739673066,1.4612309253119804,0.006255745306167582,0.7012671716321551,0.7537622446572584,0.6442586426194293,0.021020727133569245,0.10950360203782905,0,1
em2x3125u_healthy_timeseries.csv,EMB_COMP_001,EM2X3125U,healthy,steady_state,2026-01-01 00:00:48.000,2026-01-01 00:00:49.990,48.0,49.99,200,0.03359138346241377,0.020691398184390242,0.03358825543514386,0.020671706692206134,0.0636113101185886,0.0404890515680596,1.8936793773249878,1.9568059735375865,2.228473520520181,2.082946874415311,40.0,40.0,2.003026920576618,20.560391187225115,0.0,0.708354968852885,7.83808024878575,0.0,38.983447644969594,39.71057162617508,38.19001720443696,1.5205544217381188,0.006282280883567845,0.7022533757963639,0.7483089232362078,0.6573985471248296,0.01992369195450192,0.0909103761113782,0,1
em2x3125u_healthy_timeseries.csv,EMB_COMP_001,EM2X3125U,healthy,shutdown,2026-01-01 00:00:49.000,2026-01-01 00:00:50.990,49.0,50.99,200,0.026473662652741682,0.016956575455693366,0.02647366079423412,0.016955664768199142,0.0636113101185886,0.0400028226479447,2.40281486370005,2.3591333493292885,2.9088322803769033,2.755969983805025,40.0,40.0,1.1231328843023276,12.89714792752385,0.0,0.46332378471486435,5.288240667415028,0.0,39.165504994824126,39.71057162617508,38.49652864063509,1.2140429855399901,-0.0025226808795618776,0.5624030554095546,0.7464960791919183,0.2787266044527433,0.1523927887722377,0.467769474739175,0,1
em2x3125u_healthy_timeseries.csv,EMB_COMP_001,EM2X3125U,healthy,shutdown,2026-01-01 00:00:50.000,2026-01-01 00:00:51.990,50.0,51.99,200,0.01413525676428823,0.008959748657306123,0.014133014231597168,0.008944519411721056,0.0299241082738599,0.0219397868877838,2.1169837076791653,2.4487056196485217,2.2108263127020593,2.5590203162134477,40.0,40.0,0.2915140459991093,3.7042884546518353,0.0,0.1660353113488188,1.4362215095614355,0.0,38.52788523332211,39.60299415795643,37.480704044107824,2.1222901138486066,-0.009988179148322517,0.28124439795798856,0.5660979995737029,0.0,0.16310987400911506,0.5660979995737029,0,1
em2x3125u_healthy_timeseries.csv,EMB_COMP_001,EM2X3125U,healthy,idle,2026-01-01 00:00:51.000,2026-01-01 00:00:52.990,51.0,52.99,200,0.0071823828898633,0.004324550792876541,0.007170239316626621,0.004324065353655707,0.0221573552781354,0.0168558651709384,3.084958796809162,3.8977146941373912,4.237081685111532,5.179095283942868,40.0,40.0,0.1383292765531192,0.8900164461219867,0.0,0.09967069486255499,0.27440087557677745,0.0,37.682626122677114,38.5678902328968,37.09364917255535,1.4742410603414484,-0.006873457080466969,0.07056725556298252,0.305006927564742,0.0,0.09075753560334583,0.305006927564742,0,1
em2x3125u_healthy_timeseries.csv,EMB_COMP_001,EM2X3125U,healthy,idle,2026-01-01 00:00:52.000,2026-01-01 00:00:53.990,52.0,53.99,200,0.0015045522814517666,0.0011264999863454138,0.0015043380198443543,0.0011191307717255913,0.0044211195989815,0.0029830576055353,2.93849516130838,2.6480760245838284,3.397666289290947,2.7975777176921386,29.0,33.0,0.023098010808273065,0.022190667471884862,0.0,0.015701212705435206,0.009505194727816576,0.0,37.14870357206867,37.60922335880393,36.64953563106644,0.9596877277374887,-0.0038245916479757794,0.0008195670444879949,0.0046646132694117,0.0,0.0011350479495819753,0.0046646132694117,0,1
em2x3125u_healthy_timeseries.csv,EMB_COMP_001,EM2X3125U,healthy,idle,2026-01-01 00:00:53.000,2026-01-01 00:00:54.990,53.0,54.99,200,0.0015501474848869064,0.0012380173992088692,0.0015498110288651513,0.0012322991116658945,0.0044595710434248,0.0035776175771056,2.8768688701579612,2.889795877983465,3.71719684918387,2.4967828681202975,40.5,30.5,0.025224844996713694,0.022839095851680383,0.0,0.016362960678421544,0.014016485873296007,0.0,36.76735380282066,37.171521452609696,36.31715381422544,0.8543676383842538,-0.0038163243790274495,0.0008115440225221716,0.0046646132694117,0.0,0.0011623397683296845,0.0046646132694117,0,1
em2x3125u_healthy_timeseries.csv,EMB_COMP_001,EM2X3125U,healthy,idle,2026-01-01 00:00:54.000,2026-01-01 00:00:55.990,54.0,55.99,200,0.0014439508641628767,0.001250041323469356,0.0014435200492968695,0.0012473811275230692,0.0044595710434248,0.0035776175771056,3.0884506904673756,2.8619994474873076,3.177277286496969,2.768331814036838,46.5,1.0,0.023297441398196037,0.018424608545355006,0.0,0.017528445758888192,0.013639613184699419,0.0,36.3955279397478,36.810127142733066,35.98053275479067,0.829594387942393,-0.0036656224829007826,0.0008122810414333443,0.004831283852828,0.0,0.001084008561089921,0.004831283852828,0,1
em2x3125u_healthy_timeseries.csv,EMB_COMP_001,EM2X3125U,healthy,idle,2026-01-01 00:00:55.000,2026-01-01 00:00:56.990,55.0,56.99,200,0.0014182533774275328,0.0012099907337326742,0.0014181793017661215,0.001209915500238255,0.0037520178444696,0.0032149952534329,2.6455201194550395,2.657041218419112,2.8042127869303375,3.0362918238031775,2.0,9.0,0.024001452281054717,0.016231824264542262,0.0,0.0192287322717466,0.010276164792610652,0.0,36.024073009505365,36.46361361565359,35.598908670388674,0.8647049452649185,-0.0037815216540259566,0.0007753943402788205,0.004831283852828,0.0,0.0010565432530769397,0.004831283852828,0,1
em2x3125u_healthy_timeseries.csv,EMB_COMP_001,EM2X3125U,healthy,idle,2026-01-01 00:00:56.000,2026-01-01 00:00:57.990,56.0,57.99,200,0.0014155685746638572,0.0011719223284042863,0.001415295118154677,0.0011687167691426085,0.003887883916261,0.0031961874455478,2.7465175377916413,2.727303139534678,2.8030602505044646,3.261582631773048,41.0,9.0,0.024403827082652596,0.01565773714330465,0.0,0.01768259879263421,0.009769770557070396,0.0,35.64450036320984,36.03096066085194,35.18576536288206,0.8451952979698802,-0.003693964182136615,0.0007929141273789089,0.0041383962591139,0.0,0.0011106425171703137,0.0041383962591139,0,1
em2x3125u_healthy_timeseries.csv,EMB_COMP_001,EM2X3125U,healthy,idle,2026-01-01 00:00:57.000,2026-01-01 00:00:58.990,57.0,58.99,200,0.0014435589374517954,0.001136209610810696,0.001434655448768146,0.0011250860110089249,0.0040807846911563,0.0039929667437159,2.8268916393256505,3.5142870696779984,2.627594318080938,3.4134035406478844,41.0,36.5,0.023723349079804036,0.01745930848320588,0.0,0.01408614293318644,0.011495680941339861,0.0,35.26865750858997,35.716080673117645,34.82794860484414,0.8881320682735065,-0.0037124374737602817,0.0007873331755407952,0.0060195402668387,0.0,0.0011875174192163347,0.0060195402668387,0,1
em2x3125u_healthy_timeseries.csv,EMB_COMP_001,EM2X3125U,healthy,idle,2026-01-01 00:00:58.000,2026-01-01 00:00:59.990,58.0,59.99,200,0.0014448134771098723,0.0011873929654878479,0.0014331255894938025,0.0011867933085739487,0.0040807846911563,0.0039929667437159,2.8244370334358204,3.36280141433663,2.782485109014895,3.3332286342342297,26.0,44.5,0.02472821747285047,0.01644278304007584,0.0,0.01591224994861507,0.01245990445972926,0.0,34.895683480742875,35.34279231438861,34.5035244829151,0.8392678314735136,-0.003677901448086959,0.0008733004828931224,0.0060195402668387,0.0,0.0012947409647259434,0.0060195402668387,0,1
em2x3125u_healthy_timeseries.csv,EMB_COMP_001,EM2X3125U,healthy,idle,2026-01-01 00:00:59.000,2026-01-01 00:01:00.990,59.0,60.99,200,0.059201889149288554,0.041508781956698,0.05918780168575219,0.041499472584117625,0.1791645246165308,0.1242583985050053,3.026331206504816,2.9935448029920937,5.244839803537499,4.531098511965595,40.0,40.0,15.929873110103282,54.15941855072882,0.0,8.227466479985047,26.22870631049584,0.0,30.157608258583213,34.95260365364934,24.54289866398797,10.409704989661371,-0.06614359644944191,2.4985658518740026,6.424925754160019,0.0,2.561249564017052,6.424925754160019,1,1
em2x3125u_healthy_timeseries.csv,EMB_COMP_001,EM2X3125U,healthy,startup,2026-01-01 00:01:00.000,2026-01-01 00:01:01.990,60.0,61.99,200,0.0839733902148689,0.05730968278140099,0.08396053247954116,0.05726264925890764,0.1791645246165308,0.1242583985050053,2.133586891729503,2.168192048435688,2.6115136559896612,2.183651969580641,40.0,40.0,34.32954756520037,107.03461761804857,0.0,14.835464688289477,50.880700519992665,0.0,26.60654685241515,28.6525259051082,24.54289866398797,4.109627241120229,0.020089975362916953,3.6194042750887068,6.424925754160019,0.716570252141121,1.5963418593928804,5.708355502018898,1,1
em2x3125u_healthy_timeseries.csv,EMB_COMP_001,EM2X3125U,healthy,startup,2026-01-01 00:01:01.000,2026-01-01 00:01:02.990,61.0,62.99,200,0.06422357224070326,0.04229878665706759,0.06422289536086245,0.042256921682130154,0.1755555553264001,0.1139612350013595,2.733506549097521,2.6941963117118872,3.9815370825672267,3.321109298097578,40.0,40.0,19.129003149763765,63.47741526278774,0.0,7.046021941882396,28.723074660485313,0.0,28.279019325967315,29.376126807615474,26.602428084981536,2.773698722633938,0.01337459355932028,1.4717965109850542,3.6961918640127633,0.6422337726006491,0.961890947275204,3.053958091412114,1,1
em2x3125u_healthy_timeseries.csv,EMB_COMP_001,EM2X3125U,healthy,steady_state,2026-01-01 00:01:02.000,2026-01-01 00:01:03.990,62.0,63.99,200,0.033831951768685066,0.021026971030161015,0.033831778246344944,0.021018643164700444,0.0669545016599986,0.0448483667548911,1.9790316005939639,2.1328971581575282,2.1754314919223097,2.11468367016815,40.0,40.0,1.7937031473032603,21.104620734616805,0.0,0.8212111270855982,8.014880092776592,0.0,29.27601289282427,30.08626291911635,28.52992203328296,1.5563408858333894,0.006492766158779145,0.7000398579731331,0.7521432326583053,0.6422337726006491,0.01985165005307116,0.10990946005765623,0,1
em2x3125u_healthy_timeseries.csv,EMB_COMP_001,EM2X3125U,healthy,steady_state,2026-01-01 00:01:03.000,2026-01-01 00:01:04.990,63.0,64.99,200,0.03325297224052797,0.02071133761328428,0.033252001895591875,0.020710914395260797,0.0603256746676578,0.0448483667548911,1.814143837468286,2.16540175203968,2.1766897199142345,2.093669496395598,40.0,40.0,1.8238632008088358,20.29211570366375,0.0,0.887789807122971,7.691122573005125,0.0,29.926734329061045,30.72701096181009,29.1919461271357,1.5350648346743903,0.00662851882156552,0.6979605021673759,0.7479388035306755,0.6542779857084979,0.018028716332540613,0.09366081782217761,0,1
em2x3125u_healthy_timeseries.csv,EMB_COMP_001,EM2X3125U,healthy,steady_state,2026-01-01 00:01:04.000,2026-01-01 00:01:05.990,64.0,65.99,200,0.032880302011993524,0.020877841560810715,0.03287004035178767,0.020877785080614077,0.0606986753726016,0.0434467523404955,1.846049812756007,2.0809982781959766,2.1800872425930753,2.1266001229346188,40.0,40.0,1.7959224143212464,19.822263741177256,0.0,0.8369489635562093,7.881695694060685,0.0,30.56914628728967,31.36907847706242,29.64576433612226,1.723314140940161,0.006558728927786879,0.6980725341542316,0.752529352770075,0.6520811930779986,0.019307414606565727,0.10044815969207643,0,1
em2x3125u_healthy_timeseries.csv,EMB_COMP_001,EM2X3125U,healthy,steady_state,2026-01-01 00:01:05.000,2026-01-01 00:01:06.990,65.0,66.99,200,0.033202554357902536,0.02094101677806008,0.03319714085779044,0.02094095814590063,0.0634529781015541,0.0440433947657041,1.9110872439984927,2.1032118560665305,2.1873251492242276,2.1572206868206694,40.0,40.0,1.7872903267612232,20.273868786852393,0.0,0.7980711676709031,7.974801513259718,0.0,31.208229506435963,32.03846309106708,30.45909334453753,1.5793697465295509,0.006474520314028118,0.699173559527247,0.7640465180749507,0.6508235804435096,0.02022332428423439,0.11322293763144109,0,1
em2x3125u_healthy_timeseries.csv,EMB_COMP_001,EM2X3125U,healthy,steady_state,2026-01-01 00:01:06.000,2026-01-01 00:01:07.990,66.0,67.99,200,0.033444570268206325,0.021028648345168734,0.0334444693239768,0.02102808189630227,0.0634529781015541,0.0440433947657041,1.8972579881486744,2.0944472532312295,2.1969927789117354,2.1909588146067067,40.0,40.0,1.8622555972333055,20.51130868921935,0.0,0.8594968471086497,7.984316549747534,0.0,31.850261686904137,32.55291032904178,31.11378086551553,1.4391294635262497,0.006423810067247805,0.7003249968153556,0.7640465180749507,0.6508235804435096,0.019938476338445404,0.11322293763144109,0,1
em2x3125u_healthy_timeseries.csv,EMB_COMP_001,EM2X3125U,healthy,steady_state,2026-01-01 00:01:07.000,2026-01-01 00:01:08.990,67.0,68.99,200,0.03347553137335243,0.021183598687534638,0.03347487026749373,0.021177306894545472,0.0620598776663612,0.0414553512949157,1.8538877538404905,1.9569550908887756,2.109651245454853,2.150169428902391,40.0,40.0,1.5986086658932424,20.817121765230794,0.0,0.935578370764569,8.033992236153896,0.0,32.490018116793436,33.239298893399166,31.6418078512038,1.5974910421953652,0.00643308794087224,0.7012732461918649,0.7584691615563108,0.6470965720998243,0.020543346768753933,0.11137258945648654,0,1
em2x3125u_healthy_timeseries.csv,EMB_COMP_001,EM2X3125U,healthy,steady_state,2026-01-01 00:01:08.000,2026-01-01 00:01:09.990,68.0,69.99,200,0.03326969665284006,0.021143088207668696,0.033268319416611264,0.02114298963691768,0.0609641922126207,0.0414553512949157,1.8324240478885312,1.9607046467260942,2.1583077353970217,2.055620391022029,40.0,40.0,1.777085794206517,20.360581588794155,0.0,0.8707675934903525,8.069757220701826,0.0,33.13336883662574,33.95224990945285,32.33730488502995,1.6149450244229016,0.006545025759069641,0.7029919693000912,0.7584691615563108,0.6454792263331044,0.02056095416137002,0.11298993522320644,0,1
em2x3125u_healthy_timeseries.csv,EMB_COMP_001,EM2X3125U,healthy,steady_state,2026-01-01 00:01:09.000,2026-01-01 00:01:10.990,69.0,70.99,200,0.033428414737747804,0.021334668844441837,0.03342744520186669,0.02133408573699774,0.060253391161182,0.0423304929776925,1.802460321073589,1.9841176484312082,2.179133400182962,2.0657475502117193,40.0,40.0,1.859938686092719,20.5000825268277,0.0,0.7962178350795324,8.307708337534027,0.0,33.77379070321773,34.5301075725387,32.97959967334667,1.5505078991920271,0.006376368041199435,0.7023221549891199,0.7481038235985404,0.6454792263331044,0.01905192362439062,0.10262459726543605,0,1
em2x3125u_healthy_timeseries.csv,EMB_COMP_001,EM2X3125U,healthy,steady_state,2026-01-01 00:01:10.000,2026-01-01 00:01:11.990,70.0,71.99,200,0.03389172212896949,0.02110198046816856,0.03389120135684603,0.021101725267785983,0.064202068760366,0.0423304929776925,1.89432890179069,2.0059962163999843,2.1782935779485024,2.1303834798836374,40.0,40.0,1.9451510205705185,21.028062844773263,0.0,0.7961024349879352,8.112908304760264,0.0,34.41761618325169,35.22932679409696,33.66098426817426,1.5683425259227022,0.006515721314996783,0.7013529879609962,0.7547263908000863,0.6564607484028057,0.01947925059509746,0.09826564239728064,0,1
em2x3125u_healthy_timeseries.csv,EMB_COMP_001,EM2X3125U,healthy,steady_state,2026-01-01 00:01:11.000,2026-01-01 00:01:12.990,71.0,72.99,200,0.03356707949894417,0.0205163063561759,0.03356448905523809,0.02051587634707538,0.064202068760366,0.0432907104985265,1.9126498259220146,2.110063563439379,2.2426464250956566,2.1525374094945118,40.0,40.0,2.179458031528738,20.352042232170582,0.0,0.7379857682242654,7.682434827271307,0.0,35.05717807400074,35.7990922814964,34.27430431996133,1.5247879615350683,0.006327275508024,0.7016437879167949,0.7573753795205088,0.6461353376667738,0.02088489696522236,0.11124004185373504,0,1
em2x3125u_healthy_timeseries.csv,EMB_COMP_001,EM2X3125U,healthy,steady_state,2026-01-01 00:01:12.000,2026-01-01 00:01:13.990,72.0,73.99,200,0.033050690531166264,0.020803285490345196,0.033048392014796514,0.020803100295805455,0.0625125081136124,0.0432907104985265,1.89141307213125,2.0809554586278076,2.1955901074264337,2.1319367994024745,40.0,40.0,1.9795103948802453,19.8748252085832,0.0,0.7816879555872898,7.874708774714533,0.0,35.69640626709098,36.4301967728161,34.74321861775229,1.6869781550638123,0.006482947103673914,0.6993598629760459,0.7573753795205088,0.6322897467649861,0.02151938910262162,0.12508563275552276,0,1
em2x3125u_healthy_timeseries.csv,EMB_COMP_001,EM2X3125U,healthy,steady_state,2026-01-01 00:01:13.000,2026-01-01 00:01:14.990,73.0,74.99,200,0.03360189810781218,0.02105437923048062,0.033601345862033595,0.021054210753907104,0.0619913283560147,0.0424290803311542,1.8448757911566371,2.0152140258654234,2.142594317315463,2.1102498605837274,40.0,40.0,1.8416251441228586,20.739967750678566,0.0,0.7947370702668038,8.071177256806974,0.0,36.34630340387932,37.06995446846967,35.634153703261056,1.4358007652086116,0.0063190956594199104,0.6989247639127311,0.7470670172756368,0.6322897467649861,0.02015545440576886,0.11477727051065079,0,1
em2x3125u_healthy_timeseries.csv,EMB_COMP_001,EM2X3125U,healthy,steady_state,2026-01-01 00:01:14.000,2026-01-01 00:01:15.990,74.0,75.99,200,0.033895867015353194,0.020872795180114933,0.033894775872909594,0.02087168243658732,0.063552989334254,0.0409707430267081,1.8749480373364564,1.9628776439937499,2.1815554833195625,2.1376582527046732,40.0,40.0,1.8369717233502196,21.141920182172672,0.0,0.7645788142029967,7.948070851214009,0.0,36.98735338769962,37.73392528822274,36.25318448159731,1.480740806625434,0.006302188580483297,0.7001451079324689,0.7534615219900114,0.6397825119548947,0.019135024943991722,0.11367901003511671,0,1
em2x3125u_healthy_timeseries.csv,EMB_COMP_001,EM2X3125U,healthy,steady_state,2026-01-01 00:01:15.000,2026-01-01 00:01:16.990,75.0,76.99,200,0.033302750594672595,0.020925535651793604,0.03329867300465707,0.020925379090676013,0.0656304168627894,0.0411236191804935,1.9707206068824907,1.9652361528422164,2.2130006136823988,2.1206055722332833,40.0,40.0,1.8732227739409764,20.30862825815124,0.0,0.8302661308621316,7.927535073771302,0.0,37.620160468787354,38.41152502819896,36.93759296946392,1.4739320587350377,0.006265878086245275,0.7014043679740447,0.7645198624829584,0.6397825119548947,0.01951111039580376,0.12473735052806378,0,1
em2x3125u_healthy_timeseries.csv,EMB_COMP_001,EM2X3125U,healthy,steady_state,2026-01-01 00:01:16.000,2026-01-01 00:01:17.990,76.0,77.99,200,0.03267953890960084,0.020958307606464284,0.03267781879224027,0.02095452738345323,0.0656304168627894,0.0411236191804935,2.0083030254600076,1.9621631647304156,2.182702382355222,2.065996761722462,40.0,40.0,1.8111657754438417,19.549269513718002,0.0,0.8047949645037199,7.978331496124281,0.0,38.26205771357201,39.09948135319805,37.5044081186591,1.5950732345389511,0.00649794505074841,0.7030132444446963,0.7645198624829584,0.6472254348967963,0.019270407093236866,0.11729442758616215,0,1
em2x3125u_healthy_timeseries.csv,EMB_COMP_001,EM2X3125U,healthy,steady_state,2026-01-01 00:01:17.000,2026-01-01 00:01:18.990,77.0,78.99000000000001,200,0.03282708010432184,0.02087716664170607,0.032822540420784085,0.020871566427796993,0.0646708537286079,0.0396300746995542,1.970045874414937,1.898249670546082,2.157256102184132,2.044530137790492,40.0,40.0,1.6665426678661621,19.87984740119553,0.0,0.683174419228858,8.029316961919323,0.0,38.91511042397376,39.7200271665451,38.15625466577704,1.56377250076806,0.006451307487116764,0.702040844883405,0.755418264210659,0.6472254348967963,0.020295130411866025,0.10819282931386276,0,1
em2x3125u_healthy_timeseries.csv,EMB_COMP_001,EM2X3125U,healthy,steady_state,2026-01-01 00:01:18.000,2026-01-01 00:01:19.990,78.0,79.99000000000001,200,0.0333637470211117,0.02090140697884929,0.033362112465935574,0.02090118822518401,0.0646708537286079,0.0418743937257137,1.938357034288921,2.00342463873784,2.175967575790258,2.115326933904262,40.0,40.0,1.7389420710250294,20.525757284877248,0.0,0.724369925458654,8.012895549824277,0.0,39.55924572446316,40.45912120414664,38.80260699692896,1.6565142072176826,0.0064388567569819465,0.7001790475644256,0.755418264210659,0.6557219699696811,0.02104519756348451,0.09969629424097792,0,1
em2x3125u_healthy_timeseries.csv,EMB_COMP_001,EM2X3125U,healthy,shutdown,2026-01-01 00:01:19.000,2026-01-01 00:01:20.990,79.0,80.99000000000001,200,0.026732358606865025,0.016810226975887903,0.026731559368132894,0.01680999953767055,0.0619602267173167,0.0418743937257137,2.3177987258260466,2.4910070390945407,2.8520765354381163,2.8675699517131736,40.0,40.0,1.016862955688524,13.2750592598739,0.0,0.4710682900879029,5.182109111318085,0.0,39.774727998715065,40.45912120414664,39.094699304307554,1.364421899839087,-0.0019104453860946766,0.560660380454461,0.7507487428433383,0.2616558976258208,0.1523545186092683,0.48909284521751745,0,1
em2x3125u_healthy_timeseries.csv,EMB_COMP_001,EM2X3125U,healthy,shutdown,2026-01-01 00:01:20.000,2026-01-01 00:01:21.990,80.00000000000001,81.99000000000001,200,0.014865519928351261,0.008969465702382856,0.014860043324202423,0.008961951249488601,0.0336213594907902,0.0236421087651187,2.261700879137643,2.6358435997851983,2.1558817104421406,2.5310739594548566,40.0,40.0,0.3333927802647026,4.083629519830967,0.0,0.16625407410182805,1.4407997684395548,0.0,39.16466643556584,40.19598233001335,38.1693217626372,2.0266605673761475,-0.010093415816700492,0.28004976462838704,0.5751740944277844,0.0,0.16255390038925854,0.5751740944277844,0,1
em2x3125u_healthy_timeseries.csv,EMB_COMP_001,EM2X3125U,healthy,idle,2026-01-01 00:01:21.000,2026-01-01 00:01:22.990,81.00000000000001,82.99000000000001,200,0.007984604636603514,0.00441789367720421,0.007981768915951476,0.004393335902149335,0.0261499663609632,0.0125017045210743,3.275048365085595,2.8297884545256404,4.2932143284615645,3.8729798814866214,40.0,40.0,0.2282093114590857,1.0468799613496402,0.0,0.1031959269407106,0.28412634968290895,0.0,38.34189906184445,39.2439318414426,37.78493596296711,1.4589958784754913,-0.00643755651193443,0.07000196086440012,0.2776929356905946,0.0,0.08964245113911386,0.2776929356905946,0,1
em2x3125u_healthy_timeseries.csv,EMB_COMP_001,EM2X3125U,healthy,idle,2026-01-01 00:01:22.000,2026-01-01 00:01:23.990,82.00000000000001,83.99000000000001,200,0.0013898642574999508,0.0012131249241755203,0.0013898052087476093,0.0012130659182312488,0.0035099541808726,0.0037852007383334,2.5253935137422756,3.120206882985235,2.543173421093947,3.1661774090758787,33.5,25.5,0.02254261171616179,0.016112441641969493,0.0,0.019518410792544134,0.010168641402728829,0.0,37.834651809987875,38.289534060143744,37.40479033407018,0.884743726073566,-0.0038055853093762687,0.0006941445696123291,0.0063336813533531,0.0,0.0010538201683696776,0.0063336813533531,0,1
em2x3125u_healthy_timeseries.csv,EMB_COMP_001,EM2X3125U,healthy,idle,2026-01-01 00:01:23.000,2026-01-01 00:01:24.990,83.00000000000001,84.99000000000001,200,0.0014205331677073457,0.0011901647885602248,0.0014153783875848086,0.0011900753765093778,0.0036399918777025,0.0035574796617803,2.562412452204285,2.989064788317155,2.5644452077750186,3.064213727749714,6.5,0.5,0.026293709932423796,0.013775676367188294,0.0,0.018899394565228517,0.00945000803572518,0.0,37.46081632474663,37.91306470981269,36.98763105098167,0.9254336588310181,-0.003671006076197534,0.0008595120641477491,0.0051739655037087,0.0,0.001193992372132886,0.0051739655037087,0,1
em2x3125u_healthy_timeseries.csv,EMB_COMP_001,EM2X3125U,healthy,idle,2026-01-01 00:01:24.000,2026-01-01 00:01:25.990,84.00000000000001,85.99000000000001,200,0.0015086833236278485,0.0012667794342531523,0.0015080317371663659,0.0012667160285167877,0.0041144663296108,0.0035574796617803,2.7271901698475514,2.808286561644145,3.215086622713222,2.715802090889127,4.0,11.0,0.02992614667966329,0.015560032851048301,0.0,0.019629807772995656,0.012668694969229637,0.0,37.08741488625444,37.6411630317907,36.66533679677597,0.9758262350147291,-0.0038087147491806385,0.0009157656910762567,0.0051739655037087,0.0,0.0012528995323180013,0.0051739655037087,0,1
em2x3125u_healthy_timeseries.csv,EMB_COMP_001,EM2X3125U,healthy,idle,2026-01-01 00:01:25.000,2026-01-01 00:01:26.990,85.00000000000001,86.99000000000001,200,0.0014570376634046736,0.0011748108134010263,0.0014569616757352693,0.001172638151251674,0.0041144663296108,0.0034654949944762,2.823857222740892,2.9498323942420503,3.234067752242576,2.7602276463147986,6.0,41.0,0.026923156399467286,0.015564184135530585,0.0,0.014774459577691804,0.012796888137479008,0.0,36.71020603556717,37.16228551065976,36.263359964164,0.8989255464957537,-0.003673453526184111,0.000776554497812642,0.0045614885808542,0.0,0.0011103799429609434,0.0045614885808542,0,1
em2x3125u_healthy_timeseries.csv,EMB_COMP_001,EM2X3125U,healthy,idle,2026-01-01 00:01:26.000,2026-01-01 00:01:27.990,86.00000000000001,87.99000000000001,200,0.0014395463278801834,0.0011542988508143712,0.0014347723215965326,0.001153873807158118,0.0046100255065164,0.0031034437306269,3.2024155230244893,2.6885963963642383,3.061869665840767,2.8187345099717724,49.0,47.0,0.02471805603127407,0.016459517971424274,0.0,0.014515354088697908,0.012276876622618567,0.0,36.33351233491379,36.75897940884288,35.895147781185685,0.8638316276571985,-0.003736532182489418,0.0007451170615190463,0.0062902562305248,0.0,0.0011715718280254927,0.0062902562305248,0,1
em2x3125u_healthy_timeseries.csv,EMB_COMP_001,EM2X3125U,healthy,idle,2026-01-01 00:01:27.000,2026-01-01 00:01:28.990,87.00000000000001,88.99000000000001,200,0.0014293870015800601,0.0012306250462212674,0.0014275132369492055,0.001221496892591051,0.0046100255065164,0.0039696711902257,3.2251765976746865,3.225735736823245,3.181299144066572,2.902624264641972,7.0,7.0,0.025679534929260645,0.015086867866611854,0.0,0.018644454771747445,0.011298150741977242,0.0,35.95547488206669,36.38290095426777,35.4747296758371,0.9081712784306717,-0.0037157411554557588,0.0008348343918614941,0.0074383029613414,0.0,0.0013633700307993503,0.0074383029613414,0,1
em2x3125u_healthy_timeseries.csv,EMB_COMP_001,EM2X3125U,healthy,idle,2026-01-01 00:01:28.000,2026-01-01 00:01:29.990,88.00000000000001,89.99000000000001,200,0.0014815415577506142,0.0012685866457183884,0.00147656853787554,0.0012669155020596597,0.0041320133698185,0.0039696711902257,2.788995926710303,3.129207771202505,2.951314723687875,3.059466134318293,22.5,38.5,0.028251018553104974,0.01536003078457134,0.0,0.019992666464754776,0.012209503641314706,0.0,35.58359715430104,36.02581392825325,35.11886940197706,0.9069445262761917,-0.0037288604458210733,0.0007791782984760493,0.0074383029613414,0.0,0.0012396446333392953,0.0074383029613414,0,1
em2x3125u_healthy_timeseries.csv,EMB_COMP_001,EM2X3125U,healthy,idle,2026-01-01 00:01:29.000,2026-01-01 00:01:30.990,89.00000000000001,90.99,200,0.057589811473206215,0.04081439021319786,0.05758980968755228,0.04078762015228981,0.1734957509009841,0.1255282475630693,3.0126118919785556,3.075587970501593,5.042416106324609,4.423384779298626,40.0,40.0,15.276681268015034,51.05626997289252,0.0,7.5158025775690405,25.756982209259768,0.0,30.655994430775547,35.64031958862246,24.826398823683764,10.813920764938697,-0.06915115255416553,2.5068154665910463,6.3943161569537486,0.0,2.5677286570444413,6.3943161569537486,1,1
em2x3125u_healthy_timeseries.csv,EMB_COMP_001,EM2X3125U,healthy,startup,2026-01-01 00:01:30.000,2026-01-01 00:01:31.990,90.00000000000001,91.99,200,0.08486245501842346,0.05964570548179884,0.08486047452289094,0.05959788450823805,0.1916886587513856,0.1337378831658969,2.258815853368494,2.242204733527842,2.5458820107229507,2.264230108553228,40.0,40.0,32.84149069505477,111.25219311180132,0.0,15.849645606686638,55.212630710544346,0.0,26.913332706985493,29.02041227073437,24.826398823683764,4.1940134470506045,0.019996473484358814,3.6277212092191267,6.3943161569537486,0.8792169215529456,1.5941377930979976,5.515099235400803,1,1
em2x3125u_healthy_timeseries.csv,EMB_COMP_001,EM2X3125U,healthy,startup,2026-01-01 00:01:31.000,2026-01-01 00:01:32.990,91.0,92.99,200,0.06669667706894475,0.04597969109309147,0.06669591764772168,0.04596713522706733,0.1916886587513856,0.1337378831658969,2.8740361165704837,2.9086294402267368,3.988755848433042,3.7019912536568365,40.0,40.0,18.478755484414567,70.53147774397227,0.0,8.734574086056826,33.54586324143637,0.0,28.617488746727176,29.801980686881127,26.895232811217305,2.9067478756638216,0.013871583437114442,1.4713131878122134,3.656135851380295,0.6324836131417275,0.9512263986869149,3.0236522382385678,1,1
em2x3125u_healthy_timeseries.csv,EMB_COMP_001,EM2X3125U,healthy,steady_state,2026-01-01 00:01:32.000,2026-01-01 00:01:33.990,92.0,93.99,200,0.03374684711932818,0.020788794177332797,0.033746412930797054,0.020786032028596805,0.0644303323675583,0.0412022474956293,1.9092252422791949,1.9819450394364118,2.1813208783236497,2.122837827716429,40.0,40.0,1.809421567870279,20.971127812850348,0.0,0.8091797756571848,7.8406136521381455,0.0,29.659287977218263,30.4776646057472,28.810894471123817,1.666770134623384,0.006781084986779222,0.699354385750126,0.7521067086683216,0.6324836131417275,0.020982309305550565,0.11962309552659411,0,1
em2x3125u_healthy_timeseries.csv,EMB_COMP_001,EM2X3125U,healthy,steady_state,2026-01-01 00:01:33.000,2026-01-01 00:01:34.990,93.0,94.99,200,0.03436193280164757,0.02055803977179522,0.03436107273539362,0.020554910531901987,0.0644767414462954,0.0441260872761266,1.876400312476133,2.1464151137924037,2.177332311744615,2.108663541390218,40.0,40.0,1.806876088205105,21.816373736452594,0.0,0.7519855015947386,7.70410493377939,0.0,30.32832061554759,31.16378860308852,29.58658825165457,1.577200351433948,0.006649295293002675,0.6993085391736292,0.754047396124298,0.6477404025689011,0.02039368701538574,0.10630699355539697,0,1
em2x3125u_healthy_timeseries.csv,EMB_COMP_001,EM2X3125U,healthy,steady_state,2026-01-01 00:01:34.000,2026-01-01 00:01:35.990,94.0,95.99,200,0.03397131166577699,0.020697411052353072,0.033969670214188646,0.020696602379358744,0.0644767414462954,0.0441260872761266,1.8979762124183697,2.1319616818022245,2.205631333039388,2.038802429442506,40.0,40.0,2.0482433990382924,21.030737573590766,0.0,0.6652186019068395,7.9017862572370365,0.0,30.98969910691094,31.7660627000506,30.11041017923492,1.655652520815682,0.006585573826165379,0.6991192188146539,0.754047396124298,0.6477404025689011,0.020083979280155387,0.10630699355539697,0,1
em2x3125u_healthy_timeseries.csv,EMB_COMP_001,EM2X3125U,healthy,steady_state,2026-01-01 00:01:35.000,2026-01-01 00:01:36.990,95.0,96.99,200,0.03291892690186862,0.020886555411653882,0.03291753714129178,0.020886358874529137,0.0643301565339907,0.0427204114281399,1.954199683536435,2.0453545635535275,2.208012672907904,2.0674996653131705,40.0,40.0,1.9298816276254536,19.741745783396627,0.0,0.7262095438948881,7.998616163240051,0.0,31.628080306139005,32.484567139637306,30.90610715079769,1.5784599888396151,0.0062198704831462745,0.6998451899900866,0.7519676681166847,0.6491126106794434,0.02003730729504747,0.10285505743724133,0,1
em2x3125u_healthy_timeseries.csv,EMB_COMP_001,EM2X3125U,healthy,steady_state,2026-01-01 00:01:36.000,2026-01-01 00:01:37.990,96.0,97.99,200,0.033169241028794025,0.021051864425064862,0.03316702598715353,0.021051225663341305,0.0643301565339907,0.0427204114281399,1.9394521713097403,2.029293489904673,2.1717212853898102,2.1258609105094886,40.0,40.0,1.7886093485346066,20.225014522010344,0.0,0.839635758285906,8.02612275834551,0.0,32.27434294377259,33.11315939474049,31.45108591035796,1.6620734843825318,0.00676543978653631,0.6993141772476225,0.7519676681166847,0.6280473856660237,0.019303322748761228,0.123920282450661,0,1
em2x3125u_healthy_timeseries.csv,EMB_COMP_001,EM2X3125U,healthy,steady_state,2026-01-01 00:01:37.000,2026-01-01 00:01:38.990,97.0,98.99,200,0.03362140341784311,0.021030727311818865,0.03362131188676903,0.021030632839715332,0.0667573648952149,0.041015533041071,1.9855615206052437,1.9502669799736816,2.1353829297591997,2.144634042597322,40.0,40.0,1.6666593004594017,20.946492607087567,0.0,0.8550891509891676,7.990696622547819,0.0,32.941439797325486,33.710426903308395,32.152071398486626,1.558355504821769,0.006598158002706765,0.6974960340836833,0.7494405848054356,0.6280473856660237,0.018172396155177364,0.12139319913941193,0,1
em2x3125u_healthy_timeseries.csv,EMB_COMP_001,EM2X3125U,healthy,steady_state,2026-01-01 00:01:38.000,2026-01-01 00:01:39.990,98.0,99.99,200,0.033675590663842306,0.02083825700785452,0.03367470228423292,0.02083674573124407,0.0688374923535704,0.041015533041071,2.044136153118218,1.9682804097104234,2.2211885065726715,2.121424993143822,40.0,40.0,1.93485490341968,20.749029350506955,0.0,0.8850819565004442,7.803675072264569,0.0,33.597207805424034,34.356636564526006,32.88089658638596,1.475739978140048,0.006509124151213816,0.6998730000770423,0.7494405848054356,0.6511326949121438,0.018794850355951184,0.09830788989329187,0,1
em2x3125u_healthy_timeseries.csv,EMB_COMP_001,EM2X3125U,healthy,steady_state,2026-01-01 00:01:39.000,2026-01-01 00:01:40.990,99.0,100.99,200,0.03335688886232784,0.021072901742576734,0.033356888291196464,0.02107252923015804,0.0688374923535704,0.0399750920674571,2.063666447961613,1.8969903886890642,2.246663400167981,2.1536782506948104,40.0,40.0,2.122113907994357,20.137861527625,0.0,0.9362959787052477,7.944807733422571,0.0,34.260558136960135,35.004054970987326,33.44607028881103,1.557984682176297,0.006640438453123588,0.7012797245382165,0.7574392206319879,0.6446884045687143,0.02129226551594882,0.11275081606327353,0,1
em2x3125u_healthy_timeseries.csv,EMB_COMP_001,EM2X3125U,healthy,steady_state,2026-01-01 00:01:40.000,2026-01-01 00:01:41.990,100.0,101.99,200,0.03333833583639468,0.021042838180047808,0.03333799269936091,0.021041215383198784,0.0632650306297246,0.0399750920674571,1.8976661264735253,1.8997005881725733,2.1890801755306337,2.1391685650324708,40.0,40.0,1.8461083522854678,20.387297896404693,0.0,0.8626055422342541,7.992160892893114,0.0,34.90872418107477,35.62888667375066,34.13700541197323,1.4918812617774293,0.006245367963540473,0.7012217702532064,0.7574392206319879,0.6345406690619039,0.02163166496951292,0.122898551570084,0,1
em2x3125u_healthy_timeseries.csv,EMB_COMP_001,EM2X3125U,healthy,steady_state,2026-01-01 00:01:41.000,2026-01-01 00:01:42.990,101.0,102.99,200,0.03352497799301657,0.020635600162826236,0.033523612322968716,0.020621538605249828,0.0632650306297246,0.0419262503813241,1.8871013321143133,2.0317436881167947,2.209927797008003,2.124082444463981,40.0,40.0,1.91641119322079,20.56039445390877,0.0,0.8203701994971727,7.6849201443135104,0.0,35.55839586620955,36.30240096909267,34.834011519252,1.4683894498406715,0.006649834646084347,0.6994531002581789,0.7519482368286521,0.6345406690619039,0.01980334955048888,0.11740756776674821,0,1
em2x3125u_healthy_timeseries.csv,EMB_COMP_001,EM2X3125U,healthy,steady_state,2026-01-01 00:01:42.000,2026-01-01 00:01:43.990,102.0,103.99,200,0.03343700615353165,0.02079119174902064,0.03342525430283439,0.020791189223144768,0.0650527148055502,0.0419262503813241,1.945530485201028,2.0165390655539994,2.208869610897399,2.134624414422108,40.0,40.0,2.0006795787112224,20.3446314508881,0.0,0.7897541682754103,7.857472106232998,0.0,36.208702595050184,37.01719110599509,35.465802710818494,1.5513883951765948,0.006301113442156443,0.6982794243912176,0.746287765892656,0.6437841571789654,0.020419922027717554,0.10250360871369057,0,1
em2x3125u_healthy_timeseries.csv,EMB_COMP_001,EM2X3125U,healthy,steady_state,2026-01-01 00:01:43.000,2026-01-01 00:01:44.990,103.0,104.99,200,0.03381197325524053,0.021123006963456505,0.033786911961231764,0.021116277952133788,0.0650527148055502,0.0411830502206646,1.9239549941223157,1.949677443742391,2.182234332418955,2.0827814820788677,40.0,40.0,1.7968969590088033,21.04351451184308,0.0,0.7146559976775334,8.20974280476993,0.0,36.86196044174081,37.64869728697742,36.0194650647417,1.6292322222357214,0.006751608772406302,0.6993032245024563,0.746287765892656,0.6437841571789654,0.0209334279155782,0.10250360871369057,0,1
em2x3125u_healthy_timeseries.csv,EMB_COMP_001,EM2X3125U,healthy,steady_state,2026-01-01 00:01:44.000,2026-01-01 00:01:45.990,104.0,105.99,200,0.03376500397067777,0.021040333365192367,0.03376348006894971,0.02103716997314579,0.0627528691974941,0.0411830502206646,1.8585180458438562,1.9573382943064446,2.1480369872472007,2.093208500412889,40.0,40.0,1.6245959947991615,21.175152610723142,0.0,0.7603641760228965,8.09090460748784,0.0,37.52500211209634,38.32042479039809,36.720990207111385,1.5994345832867083,0.006474326307720164,0.6997413621978364,0.7658139362724363,0.6340835468802906,0.02087359696616935,0.13173038939214576,0,1
em2x3125u_healthy_timeseries.csv,EMB_COMP_001,EM2X3125U,healthy,steady_state,2026-01-01 00:01:45.000,2026-01-01 00:01:46.990,105.0,106.99,200,0.033421988880730204,0.021080839023149296,0.03342195952352067,0.021073755822596324,0.0638976300267107,0.0421688401062169,1.9118440334217077,2.00033974264072,2.2224176280826446,2.125792016105414,40.0,40.0,2.0387213342147827,20.31662755624943,0.0,0.8576903079709427,8.026733469007095,0.0,38.167905890133376,38.88605602369108,37.48364654156298,1.4024094821280997,0.006516245048869432,0.7002994107251256,0.7658139362724363,0.6340835468802906,0.020758841975034487,0.13173038939214576,0,1
em2x3125u_healthy_timeseries.csv,EMB_COMP_001,EM2X3125U,healthy,steady_state,2026-01-01 00:01:46.000,2026-01-01 00:01:47.990,106.0,107.99,200,0.03372014714631622,0.021234054078718735,0.03371143990182338,0.02123322524473744,0.0638976300267107,0.0421688401062169,1.894939240610379,1.9859062216705712,2.2618533074184928,2.0968213803929245,40.0,40.0,2.1232692769226076,20.606378210759704,0.0,0.8139131628032286,8.205805994105736,0.0,38.828128767260765,39.58891199846008,37.99114214509451,1.5977698533655698,0.006798280641993975,0.7002447536099285,0.7543103599168705,0.6381764984002889,0.02113742746667775,0.11613386151658156,0,1
em2x3125u_healthy_timeseries.csv,EMB_COMP_001,EM2X3125U,healthy,steady_state,2026-01-01 00:01:47.000,2026-01-01 00:01:48.990,107.0,108.99,200,0.03401280431337935,0.021191602495511944,0.03401020099201204,0.0211888793770696,0.063649556847651,0.0450377986735121,1.8713410473659084,2.125266302208642,2.177242815962769,2.1071492061409653,40.0,40.0,1.8535102025426293,21.282384695531793,0.0,0.7778036603954617,8.202240392530694,0.0,39.506460907088105,40.39004580976231,38.70456657802858,1.68547923173373,0.0066665082626261385,0.6992671112030163,0.7543103599168705,0.6470225402772377,0.02147609622624134,0.10728781963963274,0,1
em2x3125u_healthy_timeseries.csv,EMB_COMP_001,EM2X3125U,healthy,steady_state,2026-01-01 00:01:48.000,2026-01-01 00:01:49.990,108.0,109.99,200,0.03358830549313002,0.021363912268687123,0.03358755079374777,0.021362261447150074,0.0622884310311389,0.0450377986735121,1.8544678011184297,2.1081250525224986,2.146818595749679,2.1323597326644856,40.0,40.0,1.7179823437322643,20.8448811884753,0.0,0.8364710026360771,8.298702041908575,0.0,40.16006566293427,40.926185568965664,39.37588543603867,1.550300132926992,0.006358846274736123,0.6995426154422338,0.7865384148122025,0.6490420867998604,0.02168108514253122,0.13749632801234213,0,1
em2x3125u_healthy_timeseries.csv,EMB_COMP_001,EM2X3125U,healthy,shutdown,2026-01-01 00:01:49.000,2026-01-01 00:01:50.990,109.0,110.99,200,0.026595581272957882,0.016980942954719712,0.02659442541595,0.016978732556620177,0.0591162996091268,0.0407735338478057,2.222786522407602,2.4011348460759674,2.809406552917269,2.8734270272666658,40.0,40.0,0.958550388096057,13.187448395408753,0.0,0.5177864601669424,5.249284281797389,0.0,40.42638786824767,40.93632473369165,39.8704233388663,1.065901394825346,-0.0011313575736212947,0.5609324286378493,0.7865384148122025,0.2800510542688215,0.15211274984803588,0.5064873605433811,0,1
em2x3125u_healthy_timeseries.csv,EMB_COMP_001,EM2X3125U,healthy,shutdown,2026-01-01 00:01:50.000,2026-01-01 00:01:51.990,110.0,111.99,200,0.014293403898569488,0.008800850536815128,0.01427212661063915,0.008787613058492936,0.0347022715414914,0.0231805313019848,2.427852160881319,2.633896713166251,2.403112887626433,2.4381442654650813,40.0,40.0,0.22459404538506175,3.8519361423829004,0.0,0.2121563664569837,1.332311349832221,0.0,39.873775959601765,40.93632473369165,38.80513216197359,2.13119257171806,-0.010060362417727332,0.28059298376363634,0.5698014403923459,0.0,0.1627507268572759,0.5698014403923459,0,1
em2x3125u_healthy_timeseries.csv,EMB_COMP_001,EM2X3125U,healthy,idle,2026-01-01 00:01:51.000,2026-01-01 00:01:52.990,111.0,112.99,200,0.007050239720756882,0.004545116256531871,0.007044045591193988,0.004539976403635434,0.0245671649151778,0.0149510063431421,3.4845857571124377,3.289466209286887,4.633323952183969,4.181698133574615,40.0,40.0,0.12961275394268867,0.8664719235700803,0.0,0.11897419199383547,0.29326375617361405,0.0,39.00747368013785,39.87771835963594,38.40522766490547,1.4724906947304746,-0.007148361255617988,0.07053662948065784,0.2927677109574791,0.0,0.09080409506518075,0.2927677109574791,0,1
em2x3125u_healthy_timeseries.csv,EMB_COMP_001,EM2X3125U,healthy,idle,2026-01-01 00:01:52.000,2026-01-01 00:01:53.990,112.0,113.99,200,0.0015919797167629247,0.0012087782592246018,0.0015919447451890859,0.0012087691567666966,0.0052292426769324,0.0032976566325185,3.2847420239532683,2.7280906215453085,3.047678291935665,2.5528099208046564,38.5,17.0,0.03059298575423596,0.020302274233910053,0.0,0.016393833574925444,0.012830252502842863,0.0,38.46120509551925,38.89075542022781,38.03289799309962,0.8578574271281951,-0.0036743086523980967,0.0009308600281806054,0.0061612124520423,0.0,0.0012458736036200125,0.0061612124520423,0,1
em2x3125u_healthy_timeseries.csv,EMB_COMP_001,EM2X3125U,healthy,idle,2026-01-01 00:01:53.000,2026-01-01 00:01:54.990,113.0,114.99,200,0.0013895778141647323,0.0012080557946760957,0.001389568210113809,0.0011945323502629834,0.0052292426769324,0.0032976566325185,3.7631880875096364,2.729722126288603,3.82141710216313,2.7338688740001507,7.5,40.0,0.022884265000616074,0.015759077234719823,0.0,0.016311360984914244,0.012322303274964863,0.0,38.08297594563941,38.5033829998646,37.63014567841848,0.8732373214461191,-0.0038437857076003327,0.0008503673801970234,0.0047025843696514,0.0,0.0011385570556539035,0.0047025843696514,0,1
em2x3125u_healthy_timeseries.csv,EMB_COMP_001,EM2X3125U,healthy,idle,2026-01-01 00:01:54.000,2026-01-01 00:01:55.990,114.0,115.99,200,0.0013385197118238536,0.0012155972198792493,0.0013378209102183417,0.0012110702579455537,0.0038356363750939,0.0031637966745544,2.865580791385956,2.6026685671991534,2.8646073880015868,2.5363163778088547,20.0,48.5,0.01799848898716965,0.017851880689633292,0.0,0.017499832855855626,0.01183465202907441,0.0,37.70672212470475,38.19093747748983,37.20113069895699,0.989806778532845,-0.003723017080581661,0.0007698612548326005,0.0047025843696514,0.0,0.0011092934908867808,0.0047025843696514,0,1
em2x3125u_healthy_timeseries.csv,EMB_COMP_001,EM2X3125U,healthy,idle,2026-01-01 00:01:55.000,2026-01-01 00:01:56.990,115.0,116.99,200,0.0015017214516831062,0.0012364703162028186,0.001500646946266988,0.0012364698889445452,0.0038903650743718,0.0043483553406648,2.5906036502385574,3.5167486705370594,2.826519040456006,3.0137986874059393,41.5,31.0,0.023709824394899905,0.02147448131194396,0.0,0.017077959470315034,0.01356160915876928,0.0,37.33724975345234,37.78920848840097,36.942221903800814,0.8469865846001596,-0.0037560770574499463,0.0007020311429233507,0.0052499442781482,0.0,0.0010654188515640483,0.0052499442781482,0,1
em2x3125u_healthy_timeseries.csv,EMB_COMP_001,EM2X3125U,healthy,idle,2026-01-01 00:01:56.000,2026-01-01 00:01:57.990,116.0,117.99,200,0.0015610216732111588,0.0012139349383244948,0.00154651791396729,0.0012068784116185621,0.0038903650743718,0.0043483553406648,2.4921915826889047,3.582033273271231,2.807254657892651,3.5360634000371594,26.5,5.0,0.03044825005625613,0.017392121351757443,0.0,0.01602118393994335,0.013196786510045857,0.0,36.96160612648986,37.36685169482843,36.54012428221368,0.8267274126147512,-0.0037376836547448017,0.0008745203153201858,0.0052499442781482,0.0,0.0012070676338820964,0.0052499442781482,0,1
em2x3125u_healthy_timeseries.csv,EMB_COMP_001,EM2X3125U,healthy,idle,2026-01-01 00:01:57.000,2026-01-01 00:01:58.990,117.0,118.99,200,0.001529399203203462,0.0011954801743968694,0.0015284707782422875,0.0011928432503927622,0.0037154434164228,0.003777973804541,2.429348340603601,3.1602145191968756,2.433821172297753,2.920217611089564,7.0,5.0,0.031080075995237308,0.01590624368926129,0.0,0.017265995332125084,0.011191647338055638,0.0,36.58688241553867,37.09277363261048,36.12402694269901,0.9687466899114696,-0.0037504627177047238,0.0009328944478265498,0.0048601893411963,0.0,0.0012241487946062484,0.0048601893411963,0,1
em2x3125u_healthy_timeseries.csv,EMB_COMP_001,EM2X3125U,healthy,idle,2026-01-01 00:01:58.000,2026-01-01 00:01:59.990,118.0,119.99,200,0.0015278832515600587,0.0011740686652049407,0.00152456177894174,0.0011736639560187227,0.0037154434164228,0.00335581373033,2.4317587175781354,2.8582772283972187,2.3950426498711406,3.1559520212689387,17.0,5.5,0.0264598418621834,0.020600491240466878,0.0,0.018287250816538297,0.009376690255582042,0.0,36.20820785112569,36.65019391079673,35.80401882000867,0.8461750907880585,-0.0038427696663968086,0.0006902310319232149,0.004280980300775,0.0,0.0010070272609547229,0.004280980300775,0,1
em2x3125u_healthy_timeseries.csv,EMB_COMP_001,EM2X3125U,healthy,idle,2026-01-01 00:01:59.000,2026-01-01 00:02:00.990,119.0,120.99,200,0.05978018801446499,0.038963962550001216,0.05977991635669914,0.03895742741411147,0.1735701854984834,0.1297785329984316,2.9034733958428616,3.330732412851771,4.966000986213935,4.934786196011491,40.0,40.0,16.648241565996877,54.84048140066364,0.0,5.7921055069295,24.565451710523643,0.0,31.105436647244186,36.28291348328766,25.166727317526732,11.116186165760926,-0.0716041470196689,2.5038736452865202,6.358355473034253,0.0,2.564666002600649,6.358355473034253,1,1
em2x3125u_healthy_timeseries.csv,EMB_COMP_001,EM2X3125U,healthy,startup,2026-01-01 00:02:00.000,2026-01-01 00:02:01.990,120.0,121.99,200,0.08481847123670194,0.055557891954998447,0.08480089188137145,0.05553998525258059,0.1735701854984834,0.1297785329984316,2.046372481933836,2.335915356607688,2.4373364569227984,2.312693530680846,40.0,40.0,35.570551083325306,108.31393907061954,0.0,12.000007437752037,49.73606557788465,0.0,27.200529748507943,29.26652949081951,25.166727317526732,4.09980217329278,0.02017885809668551,3.6180812146205206,6.358355473034253,0.8430339438510778,1.5989448890103541,5.515321529183176,1,1
em2x3125u_healthy_timeseries.csv,EMB_COMP_001,EM2X3125U,healthy,startup,2026-01-01 00:02:01.000,2026-01-01 00:02:02.990,121.0,122.99,200,0.06462080263084104,0.04206966265289888,0.0646039145134109,0.042054599597442295,0.162155057540027,0.1099703627917669,2.5093321490661364,2.614006289974118,3.731427961069828,3.492543645961109,40.0,40.0,20.103307862534436,63.39724613621675,0.0,6.5081815546792745,28.905932473485457,0.0,28.85096572535617,30.04076876952228,27.1908093478773,2.849959421644982,0.013129803967232732,1.4654645363065724,3.6882392262778727,0.6415468413784527,0.9482696574054018,3.04669238489942,1,1
em2x3125u_healthy_timeseries.csv,EMB_COMP_001,EM2X3125U,healthy,steady_state,2026-01-01 00:02:02.000,2026-01-01 00:02:03.990,122.0,123.99,200,0.033260810820188016,0.02071123153092678,0.0332545638629591,0.020710227934354338,0.0625884973714089,0.0444436870206325,1.881748996131511,2.1458736992181047,2.1638219310309097,2.1735732099710363,40.0,40.0,1.7791083636932752,20.33821202356731,0.0,0.8316474136353814,7.750195202973161,0.0,29.83336974518227,30.613740827967472,29.04710539898467,1.5666354289828028,0.006809728748631661,0.7005041747054659,0.750849723303813,0.6415468413784527,0.020276556114749433,0.1093028819253603,0,1
em2x3125u_healthy_timeseries.csv,EMB_COMP_001,EM2X3125U,healthy,steady_state,2026-01-01 00:02:03.000,2026-01-01 00:02:04.990,123.0,124.99,200,0.03364657168530582,0.020790809371994134,0.0336444723754065,0.020790784422679464,0.0642921061421824,0.0444436870206325,1.9108070427947983,2.137660262543676,2.1955638921515015,2.129291787826074,40.0,40.0,1.9361198718400041,20.70910608790027,0.0,0.8124260534508168,7.832970101079107,0.0,30.508424092111436,31.36023751837816,29.721763003526927,1.6384745148512323,0.0068230211061252564,0.699201288936855,0.7560211742360866,0.6454082420773279,0.019610143276160584,0.11061293215875867,0,1
em2x3125u_healthy_timeseries.csv,EMB_COMP_001,EM2X3125U,healthy,steady_state,2026-01-01 00:02:04.000,2026-01-01 00:02:05.990,124.0,125.99,200,0.03367533033858728,0.020653906681097702,0.03367468445904306,0.020652492626413034,0.0642921061421824,0.0400471308728389,1.9091752180530959,1.938961548107009,2.214407227620526,2.073477274169189,40.0,40.0,2.0427806438977916,20.638914996013288,0.0,0.7487307930101947,7.782421837287289,0.0,31.193880991764345,32.12943586222737,30.360800556400147,1.768635305827221,0.007024710840632567,0.6990580881272912,0.7560211742360866,0.6504107176145721,0.0179596629022106,0.10561045662151447,0,1
em2x3125u_healthy_timeseries.csv,EMB_COMP_001,EM2X3125U,healthy,steady_state,2026-01-01 00:02:05.000,2026-01-01 00:02:06.990,125.0,126.99,200,0.03378452968395454,0.020725835555619344,0.03377867696294138,0.020721785775898408,0.0666297861050738,0.0392472570216494,1.9721981252478,1.893639313904929,2.1853608754420235,2.092875256827388,40.0,40.0,1.9817709913226678,20.838217868305133,0.0,0.7675044269976665,7.821254719569393,0.0,31.87120144223878,32.694936780045914,31.040943914730533,1.6539928653153808,0.006624660732255929,0.6979459757446927,0.7441641963907679,0.6531299007688413,0.019259968910491917,0.09103429562192666,0,1
em2x3125u_healthy_timeseries.csv,EMB_COMP_001,EM2X3125U,healthy,steady_state,2026-01-01 00:02:06.000,2026-01-01 00:02:07.990,126.0,127.99,200,0.03453274496425993,0.020681752006158998,0.034529513723197874,0.02067859517894655,0.0666297861050738,0.0381435132078451,1.9294668342766574,1.844307638757394,2.152061075304596,2.0685158637293553,40.0,40.0,1.8479754430057496,21.997782301696834,0.0,0.8228430914079329,7.733559760860171,0.0,32.54834082808092,33.3560884506467,31.691633444657995,1.6644550059887067,0.006872046607615882,0.6979085950448102,0.7493783308064018,0.6462704331815202,0.020089676638596374,0.1031078976248816,0,1
em2x3125u_healthy_timeseries.csv,EMB_COMP_001,EM2X3125U,healthy,steady_state,2026-01-01 00:02:07.000,2026-01-01 00:02:08.990,127.0,128.99,200,0.03411484265899328,0.02107220418222003,0.034114419028176024,0.021072131789926903,0.0622486642843505,0.0415947618759429,1.824679800126255,1.9739160420170505,2.1477912691545207,2.085362179426267,40.0,40.0,1.7940496710030975,21.481835967278105,0.0,0.910529149433591,7.970674027728046,0.0,33.241818602891605,34.041709119476046,32.47613642069557,1.5655726987804783,0.006898389397292952,0.6979526623392021,0.7493783308064018,0.6318543842692675,0.01968389290341252,0.11752394653713427,0,1
em2x3125u_healthy_timeseries.csv,EMB_COMP_001,EM2X3125U,healthy,steady_state,2026-01-01 00:02:08.000,2026-01-01 00:02:09.990,128.0,129.99,200,0.03343138912202909,0.021029412307312503,0.033429201961907816,0.02102807321447948,0.0613966087288231,0.0415947618759429,1.8364958902759674,1.9779326815271612,2.1827143882318554,2.091810414811031,40.0,40.0,1.8850237775311545,20.46709747866168,0.0,0.8668579174770438,7.978454125507133,0.0,33.925895728179434,34.752851858521176,33.10851985255748,1.6443320059636974,0.006738038988014819,0.6999742494871722,0.7508829981995933,0.6318543842692675,0.0200197870111084,0.11902861393032571,0,1
em2x3125u_healthy_timeseries.csv,EMB_COMP_001,EM2X3125U,healthy,steady_state,2026-01-01 00:02:09.000,2026-01-01 00:02:10.990,129.0,130.99,200,0.03326352509449632,0.021102160467472174,0.03326304390377976,0.021098052655461625,0.0619716138106736,0.0416529471256524,1.8630501017141814,1.9738712152178988,2.1602227324088914,2.092019203459225,40.0,40.0,1.7505583737205592,20.38898342648767,0.0,0.8564004027107315,8.046225981504994,0.0,34.60209001380197,35.45800930703604,33.7786486503976,1.679360656638444,0.006666028946078751,0.7006299138734627,0.7508829981995933,0.6514870831538121,0.020643628568865084,0.09939591504578116,0,1
em2x3125u_healthy_timeseries.csv,EMB_COMP_001,EM2X3125U,healthy,steady_state,2026-01-01 00:02:10.000,2026-01-01 00:02:11.990,130.0,131.99,200,0.033509799757769264,0.020971966170169113,0.03350979704509941,0.020971269133672015,0.0619716138106736,0.0416529471256524,1.8493579268943692,1.986125038905521,2.110550773151104,2.117101041320325,40.0,40.0,1.6679055756932943,20.792563763120665,0.0,0.9231323257968251,7.873844406410775,0.0,35.287505199067965,36.099484810534776,34.361605200526576,1.7378796100082,0.00691519113868647,0.6994758067810612,0.754827863765094,0.6414960286237952,0.021407886936293936,0.11333183514129885,0,1
em2x3125u_healthy_timeseries.csv,EMB_COMP_001,EM2X3125U,healthy,steady_state,2026-01-01 00:02:11.000,2026-01-01 00:02:12.990,131.0,132.99,200,0.03423795035460973,0.02079576248314566,0.03422772107200285,0.020795560155266662,0.0619127729104057,0.0397799036796569,1.8083083908108388,1.9128850751155344,2.135604620377692,2.1240422851427505,40.0,40.0,1.8725337967693,21.57161717367698,0.0,0.875722698644285,7.773420522672936,0.0,35.96207066772117,36.70291328245418,35.150202685767184,1.5527105966869996,0.006679598587442875,0.6993299784729036,0.754827863765094,0.6414960286237952,0.020529857098040467,0.11333183514129885,0,1
em2x3125u_healthy_timeseries.csv,EMB_COMP_001,EM2X3125U,healthy,steady_state,2026-01-01 00:02:12.000,2026-01-01 00:02:13.990,132.0,133.99,200,0.03374571439854514,0.020579955724514893,0.033743233861904746,0.020579620191517982,0.0617072771874515,0.0397799036796569,1.8285959650660664,1.9329440846304144,2.19593638504403,2.1211294847274993,40.0,40.0,2.044332207271293,20.728115778159843,0.0,0.8138856796794508,7.657956339203816,0.0,36.639655394926756,37.50211476859355,35.80836830200972,1.693746466583832,0.006966744059802126,0.6988123241636527,0.7432472694431653,0.6472493782869522,0.019586054400378635,0.09599789115621316,0,1
em2x3125u_healthy_timeseries.csv,EMB_COMP_001,EM2X3125U,healthy,steady_state,2026-01-01 00:02:13.000,2026-01-01 00:02:14.990,133.0,134.99,200,0.0335975045930362,0.02039940123570724,0.033596435935515596,0.020398985421881365,0.064515092611475,0.0401844741881094,1.9202346541191377,1.9698849845538724,2.2294588337682706,2.1342764820417517,40.0,40.0,2.007432785100818,20.569375172464298,0.0,0.8562176488494426,7.469862404460761,0.0,37.31564720830711,38.260333830628575,36.50796859665834,1.752365233970238,0.006564800042862133,0.6989605946602734,0.7572730601624601,0.644592571631268,0.020417374993934055,0.11268048853119206,0,1
em2x3125u_healthy_timeseries.csv,EMB_COMP_001,EM2X3125U,healthy,steady_state,2026-01-01 00:02:14.000,2026-01-01 00:02:15.990,134.0,135.99,200,0.034127639763768626,0.02100018312461054,0.03412749313272087,0.02098399795504342,0.064515092611475,0.0401844741881094,1.890405930736734,1.9135297035108423,2.179698966304512,2.1021313157714046,40.0,40.0,1.881248338332918,21.422597906089727,0.0,0.8104960517122421,7.9981747520265625,0.0,37.997090150393824,38.89438741028412,37.24707998139524,1.6473074288888796,0.007094572945736389,0.6983301789508591,0.7629128285247806,0.644592571631268,0.020651533875785964,0.11832025689351255,0,1
em2x3125u_healthy_timeseries.csv,EMB_COMP_001,EM2X3125U,healthy,steady_state,2026-01-01 00:02:15.000,2026-01-01 00:02:16.990,135.0,136.99,200,0.0342715567508771,0.020881087930605117,0.03427155160135767,0.020876374689873082,0.0662073129298059,0.0401162972317722,1.931844339930998,1.921178502053732,2.155475990278735,2.119596847846715,40.0,40.0,1.8693288046772607,21.622810427492443,0.0,0.8366038983676203,7.881494353773223,0.0,38.68400794019441,39.5605373208345,37.86483846113914,1.695698859695355,0.006684154237055186,0.6996737091983002,0.7629128285247806,0.6410011094390038,0.019131037556698493,0.1219117190857768,0,1
em2x3125u_healthy_timeseries.csv,EMB_COMP_001,EM2X3125U,healthy,steady_state,2026-01-01 00:02:16.000,2026-01-01 00:02:17.990,136.0,137.99,200,0.03381116351566566,0.020918077808692075,0.03380281963887617,0.020918077678775834,0.0662073129298059,0.0401162972317722,1.958149499916801,1.9177812415968116,2.185519212034722,2.1557251664286388,40.0,40.0,1.8741484415862926,20.982841012041753,0.0,0.853328817794147,7.906709699342518,0.0,39.363487718248315,40.198507036145465,38.49974523962174,1.6987617965237263,0.006930935184873474,0.7006360598015309,0.7459487382154797,0.6410011094390038,0.017528546257012455,0.1049476287764759,0,1
em2x3125u_healthy_timeseries.csv,EMB_COMP_001,EM2X3125U,healthy,steady_state,2026-01-01 00:02:17.000,2026-01-01 00:02:18.990,137.0,138.99,200,0.03323517170271896,0.021084949766288923,0.03322546235038909,0.02108236311166126,0.0623927578144416,0.039856948093777,1.8773111320901423,1.890303203733554,2.1986065334193925,2.079318436768623,40.0,40.0,1.830338447067877,20.250775185770113,0.0,0.7330722112165152,8.157617448308272,0.0,40.0460869503967,40.89754318301952,39.15004584412789,1.747497338891634,0.00674058488860536,0.7023982228429128,0.7592660393616674,0.6478203304957297,0.01895151118545993,0.11144570886593763,0,1
em2x3125u_healthy_timeseries.csv,EMB_COMP_001,EM2X3125U,healthy,steady_state,2026-01-01 00:02:18.000,2026-01-01 00:02:19.990,138.0,139.99,200,0.0335452114750476,0.02063595667052664,0.03354416036921668,0.020633774920775855,0.0623927578144416,0.0396124351613472,1.859960187189521,1.9195831719264929,2.194308100631199,2.0580611729881007,40.0,40.0,1.7892034662987861,20.71902124203804,0.0,0.689112470386638,7.825952892082213,0.0,40.722451241522386,41.54346903222031,39.96699973138721,1.5764693008330966,0.006874747430920422,0.7020963167734222,0.7592660393616674,0.6393335492087626,0.020242190994003473,0.11993249015290475,0,1
em2x3125u_healthy_timeseries.csv,EMB_COMP_001,EM2X3125U,healthy,shutdown,2026-01-01 00:02:19.000,2026-01-01 00:02:20.990,139.0,140.99,200,0.02669423774733281,0.01658939767552028,0.0266940400036287,0.01658878078146938,0.0596105058631951,0.0396124351613472,2.233085148466214,2.3878163593486144,2.940158151747186,2.659603467645399,40.0,40.0,1.1031044087103474,13.152397689871789,0.0,0.45415193787383573,5.050702871334126,0.0,41.05278456754837,41.61787449177026,40.49905707815002,1.118817413620242,-0.000584028511364751,0.5595954884529057,0.7504369885176096,0.2799783562635813,0.1519799345746543,0.47045863225402834,0,1
em2x3125u_healthy_timeseries.csv,EMB_COMP_001,EM2X3125U,healthy,shutdown,2026-01-01 00:02:20.000,2026-01-01 00:02:21.990,140.0,141.99,200,0.014065024261705885,0.009283080474476459,0.014065021252348027,0.009279275532462909,0.0310804798472672,0.0209150481959489,2.2097707951978736,2.2530288575494066,2.1791683402622177,2.3580687030658494,40.0,40.0,0.3044466728207347,3.6569686437325943,0.0,0.18286880112093257,1.539236029979599,0.0,40.53721507083961,41.61787449177026,39.47896145810972,2.138913033660536,-0.010077956656194419,0.2792492308100709,0.5651421367660445,0.0,0.16257036883146014,0.5651421367660445,0,1
em2x3125u_healthy_timeseries.csv,EMB_COMP_001,EM2X3125U,healthy,idle,2026-01-01 00:02:21.000,2026-01-01 00:02:22.990,141.0,142.99,200,0.0073105117753364795,0.004896193374447182,0.007310467414291899,0.0048949102819647655,0.0263347722514023,0.017557048012946,3.602315824214673,3.5858567401718133,4.600048939080202,4.697009609275745,40.0,40.0,0.1381464877480852,0.9311685546744677,0.0,0.09024969743472434,0.38973472124865727,0.0,39.669753131860205,40.57114571807702,39.01072922413465,1.5604164939423697,-0.0072009920958939246,0.06973835122284588,0.2821703949267064,0.0,0.09008698961538174,0.2821703949267064,0,1
em2x3125u_healthy_timeseries.csv,EMB_COMP_001,EM2X3125U,healthy,idle,2026-01-01 00:02:22.000,2026-01-01 00:02:23.990,142.0,143.99,200,0.0015346085026501277,0.0011826010695132837,0.0015345220400887984,0.0011819894562548955,0.0041337011501434,0.0035877577250425,2.693651926862701,3.033785286968405,2.8289513101976436,3.247308711942108,6.5,32.0,0.0309767025994642,0.016618384440499154,0.0,0.017168726881577112,0.010968325848093145,0.0,39.11974217650647,39.55169994868948,38.66010437213548,0.8915955765540033,-0.0037121610556966247,0.0007725481692148184,0.0049032041718391,0.0,0.0011770309498001748,0.0049032041718391,0,1
em2x3125u_healthy_timeseries.csv,EMB_COMP_001,EM2X3125U,healthy,idle,2026-01-01 00:02:23.000,2026-01-01 00:02:24.990,143.0,144.99,200,0.0016648976980864762,0.0011831935985125608,0.0016643155642773974,0.0011800700672429235,0.0041782303818716,0.0035877577250425,2.5096018732404897,3.03226600410348,2.676990918351219,3.303903699299759,26.5,4.5,0.03549566775432529,0.02024202307240884,0.0,0.0176617343698866,0.010210067254026534,0.0,38.75279800515776,39.18270940999168,38.26093391174858,0.9217754982431003,-0.0036829790246924285,0.0008460501413376856,0.0083707847522942,0.0,0.0012789878860715186,0.0083707847522942,0,1
em2x3125u_healthy_timeseries.csv,EMB_COMP_001,EM2X3125U,healthy,idle,2026-01-01 00:02:24.000,2026-01-01 00:02:25.990,144.0,145.99,200,0.0016256344360980632,0.0012029033035207558,0.0016253041812488358,0.001201291429195551,0.0052239034392913,0.0036685317558753,3.2134552044984965,3.0497312170794952,3.024023135182486,3.102401054114805,32.5,26.0,0.027598658858608238,0.025247602420492492,0.0,0.017385360558610202,0.011800737198057703,0.0,38.37749445572402,38.84639475376535,37.92894581514923,0.9174489386161255,-0.003886049107297095,0.0008223696948501549,0.0083707847522942,0.0,0.0012700532166260645,0.0083707847522942,0,1
em2x3125u_healthy_timeseries.csv,EMB_COMP_001,EM2X3125U,healthy,idle,2026-01-01 00:02:25.000,2026-01-01 00:02:26.990,145.0,146.99,200,0.0015403303392007804,0.001141200932231521,0.0015397946774074564,0.0011375727488221715,0.0052478600121169,0.0036685317558753,3.40697049104403,3.2146238688236957,3.5597149304506486,3.1192039735013397,45.0,50.0,0.022045971776990015,0.02537473276148373,0.0,0.01445652215756394,0.01245291323168255,0.0,37.99582335772884,38.442651507315375,37.54251824877661,0.9001332585387658,-0.003772735557143169,0.0008106730859376756,0.0060948071349427,0.0,0.001210763460809115,0.0060948071349427,0,1
em2x3125u_healthy_timeseries.csv,EMB_COMP_001,EM2X3125U,healthy,idle,2026-01-01 00:02:26.000,2026-01-01 00:02:27.990,146.0,147.99,200,0.001508091464380837,0.0011199385764294873,0.0015067968333320433,0.0011163847092632042,0.0052478600121169,0.0027957119629833,3.4798022109829163,2.4963082992429824,3.2333074010590033,2.6851680609799877,38.5,22.0,0.024246557028729177,0.02172282063983321,0.0,0.014483033510293735,0.010778691092105146,0.0,37.6193244620429,38.064222625587405,37.144938474387054,0.9192841512003511,-0.0037555055698872135,0.0008002636827212343,0.0051031549940136,0.0,0.001151750528118319,0.0051031549940136,0,1
em2x3125u_healthy_timeseries.csv,EMB_COMP_001,EM2X3125U,healthy,idle,2026-01-01 00:02:27.000,2026-01-01 00:02:28.990,147.0,148.99,200,0.001510876447208487,0.0011015401056927161,0.0015086577697134007,0.0011013648368481542,0.004182532880419,0.0031671405878716,2.7682825343837325,2.875193169548654,2.791671695392173,2.8333910249362084,3.0,37.5,0.026375291287582554,0.02003031637854235,0.0,0.014994395810830312,0.00932532594026542,0.0,37.24412496393533,37.70242035636772,36.8004599572204,0.9019603991473204,-0.0037026088955252213,0.0008426300775574123,0.0051031549940136,0.0,0.00115351435089493,0.0051031549940136,0,1
em2x3125u_healthy_timeseries.csv,EMB_COMP_001,EM2X3125U,healthy,idle,2026-01-01 00:02:28.000,2026-01-01 00:02:29.990,148.0,149.99,200,0.0015214945486454951,0.0011358913992144397,0.0015212723406229612,0.0011354721387981299,0.004182532880419,0.0033071898058374,2.748963434763854,2.911536972746328,3.065408217664763,3.1626983472874692,20.0,24.5,0.025307925832493278,0.020981449810540474,0.0,0.014516772277647954,0.011467031295045936,0.0,36.874397720169945,37.31233690118096,36.38441079963141,0.9279261015495521,-0.0036881612604642866,0.0007830798904192786,0.0049591530327719,0.0,0.001085997680246951,0.0049591530327719,0,1
em2x3125u_healthy_timeseries.csv,EMB_COMP_001,EM2X3125U,healthy,idle,2026-01-01 00:02:29.000,2026-01-01 00:02:30.990,149.0,150.99,200,0.058353697647334585,0.04219464977541094,0.058352787849551765,0.04219446294024062,0.1707786747649773,0.1254274394389237,2.926612736644255,2.9725910774597053,5.169152478413178,4.443247167770502,40.0,40.0,17.453840138828255,50.653009338961304,0.0,6.267198616516974,29.38232820390892,0.0,31.587680605922642,37.033868601018526,25.44904870452024,11.584819896498285,-0.07453613680978206,2.5067644816051278,6.441937233154153,0.0,2.5684742962475675,6.441937233154153,1,1
em2x3125u_healthy_timeseries.csv,EMB_COMP_001,EM2X3125U,healthy,startup,2026-01-01 00:02:30.000,2026-01-01 00:02:31.990,150.0,151.99,200,0.08290805385965151,0.05719871990247855,0.0829053616102515,0.05717249990858923,0.1826101010744001,0.1254274394389237,2.2025616640758,2.192836476983616,2.5897709267809743,2.1928969182162907,40.0,40.0,33.42078185091166,104.16525620702362,0.0,11.485762065094452,54.09398530505154,0.0,27.48671965953929,29.46946547103916,25.44904870452024,4.02041676651892,0.020033342681013665,3.629516982375242,6.441937233154153,0.8617680744719656,1.5950581258489813,5.580169158682187,1,1
em2x3125u_healthy_timeseries.csv,EMB_COMP_001,EM2X3125U,healthy,startup,2026-01-01 00:02:31.000,2026-01-01 00:02:32.990,151.0,152.99,200,0.06341586862400006,0.041466224851497646,0.06341087295103277,0.04143581879954839,0.1826101010744001,0.1109251068673499,2.8795647688296486,2.6750712722126084,3.9909978768299466,3.3910388184609896,40.0,40.0,16.955681413494887,63.4925946589318,0.0,5.61581001572587,28.780019840024416,0.0,29.146926458096882,30.290688367511493,27.45297427456548,2.837714092946012,0.013269552276187497,1.4723952315372697,3.7272851554472206,0.6406832953056955,0.9554967376188382,3.086601860141525,1,1
em2x3125u_healthy_timeseries.csv,EMB_COMP_001,EM2X3125U,healthy,steady_state,2026-01-01 00:02:32.000,2026-01-01 00:02:33.990,152.0,153.99,200,0.03378855665060423,0.021272862408292504,0.03378826659779015,0.02127238447295157,0.0657438759094657,0.0444577321808644,1.945743838344454,2.0898801170985837,2.181222979329287,2.1055299607727544,40.0,40.0,1.9370444608803237,20.911039935777605,0.0,0.8443381036047626,8.206915712163928,0.0,30.16229705881106,30.964034926868518,29.26281101105322,1.701223915815298,0.007069899738432539,0.6987412121018812,0.7462670963232946,0.6406832953056955,0.018609728487881953,0.10558380101759912,0,1
em2x3125u_healthy_timeseries.csv,EMB_COMP_001,EM2X3125U,healthy,steady_state,2026-01-01 00:02:33.000,2026-01-01 00:02:34.990,153.0,154.99,200,0.03348529729683409,0.0212271340422486,0.033485209664055784,0.021227116444004296,0.0646567610691901,0.0444577321808644,1.930900015491371,2.0943822228841484,2.1738248113282,2.0933190939260564,40.0,40.0,1.9512628582196965,20.475187782579905,0.0,0.8438083695643904,8.168713579474248,0.0,30.879085536705887,31.675978029150095,30.06564056683563,1.6103374623144653,0.007053614978081077,0.699061225552422,0.7440323267357507,0.6497357366583028,0.018681715177799634,0.09429659007744795,0,1
em2x3125u_healthy_timeseries.csv,EMB_COMP_001,EM2X3125U,healthy,steady_state,2026-01-01 00:02:34.000,2026-01-01 00:02:35.990,154.0,155.99,200,0.03333010176086524,0.021093869540249575,0.033329733075377815,0.02109081914437765,0.0688108906530964,0.0419851909979086,2.0645268696386387,1.990397774945746,2.1821577003726063,2.102088887605747,40.0,40.0,1.6734227854139627,20.544792183984903,0.0,0.8032666695202734,8.096007795153419,0.0,31.577893282784995,32.334901571745505,30.853218421243845,1.4816831505016594,0.006795101404970082,0.6994060868796259,0.7677183899670517,0.6465216603220149,0.021528639535239046,0.1211967296450368,0,1
em2x3125u_healthy_timeseries.csv,EMB_COMP_001,EM2X3125U,healthy,steady_state,2026-01-01 00:02:35.000,2026-01-01 00:02:36.990,155.0,156.99,200,0.034063983815106676,0.020950656517374575,0.03406359701720984,0.020950230476040686,0.0709803918593073,0.0425862042585384,2.0837372470752804,2.032690680753668,2.250012623530952,2.1523931409860455,40.0,40.0,1.9374576690281005,21.26949992492384,0.0,0.8413988243423127,7.9407392117044955,0.0,32.25634584422004,33.05683874634251,31.452998512451902,1.6038402338906046,0.006785812486673612,0.6988053905182547,0.7677183899670517,0.6465216603220149,0.02253700357760314,0.1211967296450368,0,1
em2x3125u_healthy_timeseries.csv,EMB_COMP_001,EM2X3125U,healthy,steady_state,2026-01-01 00:02:36.000,2026-01-01 00:02:37.990,156.0,157.99,200,0.033528398200067824,0.020734507384271603,0.03352599442104122,0.020734026273541425,0.0709803918593073,0.0425862042585384,2.1170230511985424,2.053880686398301,2.244743328282914,2.09918032147519,40.0,40.0,2.007370859963186,20.47500710465326,0.0,0.8458787326456136,7.752143757369072,0.0,32.944087616506344,33.71887542129818,32.12720586786376,1.5916695534344214,0.006922061460967618,0.6991347796897983,0.7641138954031402,0.6520655297178848,0.020220873791329204,0.11204836568525545,0,1
em2x3125u_healthy_timeseries.csv,EMB_COMP_001,EM2X3125U,healthy,steady_state,2026-01-01 00:02:37.000,2026-01-01 00:02:38.990,157.0,158.99,200,0.0335180552326405,0.020688709404416222,0.033515461671064894,0.02068284442182119,0.0631516409794458,0.044964670053434,1.8841081483136755,2.1733917362595765,2.1776183801971714,2.112197550445442,40.0,40.0,1.8516183233840382,20.614172807552006,0.0,0.8434641239598615,7.712172099269858,0.0,33.650362156960675,34.480123375442055,32.792824018916185,1.6872993565258696,0.007117700907141189,0.6994612520689807,0.749961071103864,0.6483708269631338,0.019234342560162782,0.10159024414073026,0,1
em2x3125u_healthy_timeseries.csv,EMB_COMP_001,EM2X3125U,healthy,steady_state,2026-01-01 00:02:38.000,2026-01-01 00:02:39.990,158.0,159.99,200,0.03392517511443593,0.020808379571687092,0.033916321995084736,0.020804581384030435,0.0631516409794458,0.044964670053434,1.8614978630596175,2.1608924375166216,2.1758803458698748,2.1193117930327507,40.0,40.0,1.9592591017283842,21.053530916459092,0.0,0.7966487367721609,7.86008933035642,0.0,34.35488428139881,35.14913995436642,33.47892906974849,1.67021088461793,0.0069185175425492285,0.6984762867422919,0.749961071103864,0.646118137405253,0.019358169577924866,0.10384293369861097,0,1
em2x3125u_healthy_timeseries.csv,EMB_COMP_001,EM2X3125U,healthy,steady_state,2026-01-01 00:02:39.000,2026-01-01 00:02:40.990,159.0,160.99,200,0.03417747303778659,0.021025720281803877,0.034175700486645984,0.021024685885222057,0.0675102944062212,0.0425451429433453,1.9752863042736324,2.023480878329995,2.1472621182802345,2.0587992520553264,40.0,40.0,1.875020788304557,21.48503828907944,0.0,0.7362959640888332,8.10469160553446,0.0,35.04492053321809,35.79173699337835,34.22398909311404,1.5677479002643082,0.006863672556672679,0.7004998981842054,0.7529765537883709,0.646118137405253,0.019812022707866913,0.10685841638311788,0,1
em2x3125u_healthy_timeseries.csv,EMB_COMP_001,EM2X3125U,healthy,steady_state,2026-01-01 00:02:40.000,2026-01-01 00:02:41.990,160.0,161.99,200,0.03409265059226367,0.021172967994675444,0.0340926252320794,0.021172885485047924,0.0675102944062212,0.0425451429433453,1.9802008125921626,2.0094085512264748,2.1440924490889843,2.1028936454623643,40.0,40.0,1.8343978817410023,21.413702115320127,0.0,0.8050668250036855,8.163478112680117,0.0,35.73909284974061,36.55765769373597,34.85658350310568,1.7010741906302869,0.007043637526748005,0.7036832256512262,0.7554753913405085,0.6599421956138533,0.019592265967272843,0.0955331957266552,0,1
em2x3125u_healthy_timeseries.csv,EMB_COMP_001,EM2X3125U,healthy,steady_state,2026-01-01 00:02:41.000,2026-01-01 00:02:42.990,161.0,162.99,200,0.03371689134533598,0.020847560794728503,0.03371199042944245,0.020845483041097693,0.0642697546397133,0.0389075465623373,1.9061589629200397,1.8662877132453517,2.141769816759269,2.106372624528323,40.0,40.0,1.7655589333916615,20.96440763409809,0.0,0.8416123953472749,7.849076995131063,0.0,36.432828044954505,37.24438562033637,35.60044780145722,1.6439378188791451,0.006872252567855044,0.7039770937193844,0.756699269151325,0.6370368815469577,0.020159701198799135,0.11966238760436732,0,1
em2x3125u_healthy_timeseries.csv,EMB_COMP_001,EM2X3125U,healthy,steady_state,2026-01-01 00:02:42.000,2026-01-01 00:02:43.990,162.0,163.99,200,0.03401774290341295,0.020371665585448576,0.03401771310318407,0.020370873640446856,0.0642697546397133,0.0397174031656329,1.889300969267576,1.9496394636481238,2.148717858280618,2.0683492359241917,40.0,40.0,1.838479194150371,21.31768202236378,0.0,0.7827681071924675,7.5167160544563725,0.0,37.128511029710644,38.07041660895512,36.31041918867295,1.7599974202821684,0.007087432171227363,0.7004181108377859,0.756699269151325,0.6370368815469577,0.02009948266410573,0.11966238760436732,0,1
em2x3125u_healthy_timeseries.csv,EMB_COMP_001,EM2X3125U,healthy,steady_state,2026-01-01 00:02:43.000,2026-01-01 00:02:44.990,163.0,164.99,200,0.03373278231393039,0.020510549817610878,0.03373240352872409,0.02051037144019527,0.0635988144640761,0.0400619435121751,1.8853711464474172,1.9532359623912616,2.1898065088805168,2.055234798249459,40.0,40.0,2.01973192134536,20.743060930882738,0.0,0.7271161421201457,7.686397271205131,0.0,37.83218339362776,38.66570692573045,37.03528454073715,1.6304223849932953,0.007059682744966385,0.6992936834038076,0.753415032694103,0.6499239861748655,0.01945082636127438,0.10349104651923757,0,1
em2x3125u_healthy_timeseries.csv,EMB_COMP_001,EM2X3125U,healthy,steady_state,2026-01-01 00:02:44.000,2026-01-01 00:02:45.990,164.0,165.99,200,0.033390572859381344,0.020991346381289556,0.03339012574593254,0.020990383433565827,0.0622004699837287,0.0407235284680465,1.8628152995659968,1.9400150770864817,2.1656371903764464,2.1230180669341117,40.0,40.0,1.885335496486809,20.41719778520802,0.0,0.8756146185619149,7.937253470483234,0.0,38.52055052728108,39.33749058850581,37.74426659921837,1.5932239892874378,0.0067901463771965955,0.6986083100151071,0.753415032694103,0.6337042381220968,0.01989027973171065,0.11971079457200628,0,1
em2x3125u_healthy_timeseries.csv,EMB_COMP_001,EM2X3125U,healthy,steady_state,2026-01-01 00:02:45.000,2026-01-01 00:02:46.990,165.0,166.99,200,0.033395817382130384,0.020865398793065353,0.03339516049545844,0.020865384207902488,0.0611225048766033,0.0407235284680465,1.8302443140472153,1.9517253838244886,2.1580203649684675,2.13038281531581,40.0,40.0,1.7979100475891676,20.510545866975477,0.0,0.8955304957766989,7.815473121844077,0.0,39.20743745212786,40.07260405030507,38.29805826562139,1.7745457846836743,0.0071199198581134064,0.6978993037093799,0.746558134633467,0.6337042381220968,0.020106917169065635,0.11285389651137023,0,1
em2x3125u_healthy_timeseries.csv,EMB_COMP_001,EM2X3125U,healthy,steady_state,2026-01-01 00:02:46.000,2026-01-01 00:02:47.990,166.0,167.99,200,0.03426398525365025,0.02125090710309045,0.034263967978808,0.021245557713125092,0.0685018819285564,0.0414984751481495,1.999238600572847,1.952786059759045,2.1751869891525493,2.084848718718929,40.0,40.0,1.9363405121129127,21.546195760609905,0.0,0.8619084465671084,8.165928929624714,0.0,39.90395877831673,40.68985819792682,39.06000247024632,1.6298557276805,0.007080381955477228,0.6990413072776606,0.7513672111512925,0.6488623395651382,0.02109761589942202,0.10250487158615429,0,1
em2x3125u_healthy_timeseries.csv,EMB_COMP_001,EM2X3125U,healthy,steady_state,2026-01-01 00:02:47.000,2026-01-01 00:02:48.990,167.0,168.99,200,0.034061898981366516,0.021467905526974775,0.03406080389688885,0.021453181938638974,0.0685018819285564,0.0414984751481495,2.011099908611384,1.9330472223294437,2.1689815429097172,2.0983133913877285,40.0,40.0,1.914950389069884,21.288120684045733,0.0,0.9614491410273963,8.243335265964673,0.0,40.598831925888874,41.56582485759054,39.80997492476386,1.7558499328266848,0.0069895509930524785,0.6996542810250281,0.7513672111512925,0.6511283058204075,0.020797088687496135,0.10023890533088498,0,1
em2x3125u_healthy_timeseries.csv,EMB_COMP_001,EM2X3125U,healthy,steady_state,2026-01-01 00:02:48.000,2026-01-01 00:02:49.990,168.0,169.99,200,0.03283372597987327,0.020804770747445685,0.03283106490333414,0.02079731294204717,0.0659784283555206,0.0408293562082977,2.0094712490432762,1.9624996931682386,2.136813069859625,2.0805864445043483,40.0,40.0,1.7134045385568732,19.847737423502213,0.0,0.8370158696035384,7.816431533298741,0.0,41.31042419710277,42.09697983814912,40.40973787762348,1.6872419605256397,0.007226996550447515,0.6990340252967863,0.7501453697018218,0.6511283058204075,0.020522217214673913,0.09901706388141429,0,1
em2x3125u_healthy_timeseries.csv,EMB_COMP_001,EM2X3125U,healthy,shutdown,2026-01-01 00:02:49.000,2026-01-01 00:02:50.990,169.0,170.99,200,0.026394092627859165,0.016195212820186346,0.02639224434759903,0.01619250738992992,0.0581586262211946,0.0390145144985494,2.203471323723693,2.409015239980063,2.729988078253174,2.7985657062078113,40.0,40.0,1.0097864306229491,12.925708553660526,0.0,0.44076243699893364,4.806319145190426,0.0,41.59548788596267,42.09697983814912,40.912447798415165,1.184532039733952,-0.001576469427174628,0.5595440078229608,0.7387277980317901,0.276116491119412,0.15037183933042111,0.4626113069123781,0,1
em2x3125u_healthy_timeseries.csv,EMB_COMP_001,EM2X3125U,healthy,shutdown,2026-01-01 00:02:50.000,2026-01-01 00:02:51.990,170.0,171.99,200,0.01427606560541857,0.008414577317056025,0.014275053746189922,0.008414138342486558,0.0404373489257799,0.0215579567339713,2.8325275354879045,2.5619773782664224,2.426698397231436,2.4506915529798405,40.0,40.0,0.3473798433715809,3.7283473999827965,0.0,0.1762581412935011,1.2407435410965495,0.0,41.01308790579827,42.05707082295903,39.9272372921721,2.129833530786925,-0.010104819870723076,0.2797905017752337,0.5639883948671597,0.0,0.16446670756178883,0.5639883948671597,0,1
em2x3125u_healthy_timeseries.csv,EMB_COMP_001,EM2X3125U,healthy,idle,2026-01-01 00:02:51.000,2026-01-01 00:02:52.990,171.0,172.99,200,0.006878365315465407,0.00440578831652653,0.00687414252483681,0.004403084448343407,0.0244368864421302,0.0145456206339189,3.5527171531855077,3.301479687382369,4.631761095860363,4.813250290264787,40.0,40.0,0.18648242314170996,0.7596742653638572,0.0,0.08838508062442393,0.30157084628349023,0.0,40.169914931686456,41.074418895779225,39.595275953601806,1.4791429421774183,-0.006828829881292582,0.0692248969318414,0.2850619607644513,0.0,0.08968292444960885,0.2850619607644513,0,1
em2x3125u_healthy_timeseries.csv,EMB_COMP_001,EM2X3125U,healthy,idle,2026-01-01 00:02:52.000,2026-01-01 00:02:53.990,172.0,173.99,200,0.0014943967285533176,0.0012767354134298559,0.001480797691013091,0.0012758566928387225,0.0045529244771107,0.0048340162640389,3.046663841079373,3.7862318325240705,2.9909773756692184,3.576992531129367,40.0,39.5,0.026755604792685787,0.017483669136013305,0.0,0.018565558600972,0.01419292740559062,0.0,39.64648298764232,40.082497946753605,39.199601894260695,0.8828960524929101,-0.0036543268424095196,0.0008663938589465941,0.0060295292006036,0.0,0.0012637391130101664,0.0060295292006036,0,1
em2x3125u_healthy_timeseries.csv,EMB_COMP_001,EM2X3125U,healthy,idle,2026-01-01 00:02:53.000,2026-01-01 00:02:54.990,173.0,174.99,200,0.0014800011669222283,0.001285352319878185,0.0014791850114237023,0.0012773168548997954,0.0042658510589377,0.0048340162640389,2.8823295239752094,3.7608492156430917,2.9804098638884233,3.719437225592489,33.0,22.0,0.023577671314760112,0.020183832868195792,0.0,0.017668492594494666,0.014983127990385878,0.0,39.27074288262756,39.69168854439391,38.791735879102085,0.8999526652918277,-0.0038100629926282686,0.00078420378569653,0.0049789228257895,0.0,0.0011925045185412232,0.0049789228257895,0,1
em2x3125u_healthy_timeseries.csv,EMB_COMP_001,EM2X3125U,healthy,idle,2026-01-01 00:02:54.000,2026-01-01 00:02:55.990,174.0,175.99,200,0.0014576495116151729,0.0012714769353707172,0.001457337716474103,0.001271377528938662,0.0039144038570443,0.0034810759194285,2.6854218561133254,2.7378207363341143,2.7068401494815664,3.2242047888689473,3.5,22.0,0.026036517657282356,0.016495567522404803,0.0,0.020824037061252465,0.011504751102374451,0.0,38.89428983353359,39.3607715366994,38.45287830809893,0.9078932286004715,-0.003696989653300515,0.000711479481734878,0.0056520211453466,0.0,0.0011568091706536904,0.0056520211453466,0,1
em2x3125u_healthy_timeseries.csv,EMB_COMP_001,EM2X3125U,healthy,idle,2026-01-01 00:02:55.000,2026-01-01 00:02:56.990,175.0,176.99,200,0.0014379323161819424,0.0012497391272457644,0.0014265206970606246,0.001249282004237688,0.0040199618433578,0.0034810759194285,2.795654425537754,2.7854420522947567,2.5739829705049893,3.2439974421657674,24.5,22.5,0.02526509552085166,0.015907111065203358,0.0,0.0203865060569431,0.010844903903619101,0.0,38.52107577668973,38.96979966542211,38.058120746201816,0.911678919220293,-0.00374165365961579,0.0006945255862186639,0.0056520211453466,0.0,0.0011570848602184278,0.0056520211453466,0,1
em2x3125u_healthy_timeseries.csv,EMB_COMP_001,EM2X3125U,healthy,idle,2026-01-01 00:02:56.000,2026-01-01 00:02:57.990,176.0,177.99,200,0.0014903459675857003,0.0011737322416999615,0.0014830645320042246,0.0011711008811572938,0.0040199618433578,0.0032382006987833,2.6973346664398834,2.7588921763734544,2.5227987817651614,3.01670370376352,47.0,44.5,0.024963264475835426,0.019320858521862078,0.0,0.016447204639754562,0.010983101683614164,0.0,38.14666667531557,38.5952263773094,37.70403297139987,0.891193405909533,-0.0037118019838602422,0.0007285189540113981,0.0061502667733504,0.0,0.0011475261317605422,0.0061502667733504,0,1
em2x3125u_healthy_timeseries.csv,EMB_COMP_001,EM2X3125U,healthy,idle,2026-01-01 00:02:57.000,2026-01-01 00:02:58.990,177.0,178.99,200,0.0015284393901094562,0.001129191494656774,0.0015284380685968266,0.0011239340630771876,0.0040663931786316,0.0031742794126161,2.660487033339538,2.811108149181504,2.6917649798048626,2.871013749076733,29.0,12.0,0.02521806170536804,0.021527942274374524,0.0,0.014417400511686256,0.01090630967790101,0.0,37.77107182873116,38.200949761823566,37.31077275486507,0.8901770069584956,-0.003785267734872915,0.0008089170451773449,0.0061502667733504,0.0,0.0011774242600959205,0.0061502667733504,0,1
em2x3125u_healthy_timeseries.csv,EMB_COMP_001,EM2X3125U,healthy,idle,2026-01-01 00:02:58.000,2026-01-01 00:02:59.990,178.0,179.99,200,0.0014063044031859299,0.0012379789378005872,0.0014057282697748296,0.0012364291587401094,0.0040663931786316,0.0033441875153789,2.8915455070888907,2.701328280528129,3.003305168788605,2.999003370800123,48.0,46.5,0.01923388309368073,0.020645984995133045,0.0,0.017727964468354302,0.013152586368891996,0.0,37.392686424623136,37.85663817744825,36.95004212056632,0.9065960568819236,-0.003711500971975235,0.0007675421501065536,0.0048236249981656,0.0,0.0011373271875823774,0.0048236249981656,0,1
em2x3125u_healthy_timeseries.csv,EMB_COMP_001,EM2X3125U,healthy,idle,2026-01-01 00:02:59.000,2026-01-01 00:03:00.990,179.0,180.99,200,0.055070314158832276,0.044216402939459304,0.05506747203456524,0.04420680427648453,0.1782878710349624,0.1287582521460742,3.237458760826195,2.9120019627641085,5.4819183244451395,4.520451747652794,40.0,40.0,14.00291381546639,46.68121328301832,0.0,7.276132194872727,31.840163570728784,0.0,31.993783720320888,37.43306008256128,25.76170337019141,11.671356712369874,-0.07603461581436226,2.494837991222646,6.4032822667799705,0.0,2.5599796501074565,6.4032822667799705,1,1
em2x3125u_healthy_timeseries.csv,EMB_COMP_001,EM2X3125U,healthy,startup,2026-01-01 00:03:00.000,2026-01-01 00:03:01.990,180.0,181.99,200,0.08172154161875182,0.06009765842876319,0.08172147020137611,0.06009761212321176,0.1824258907991915,0.1287582521460742,2.232286459428857,2.1424836759438457,2.6709467705978494,2.3038255999643162,40.0,40.0,28.83724565126531,104.80793399674255,0.0,14.94944410851368,57.40371654146472,0.0,27.793447403755227,29.843271081413903,25.76170337019141,4.081567711222494,0.020180141991137282,3.6184098163564666,6.4032822667799705,0.7781031800071843,1.5932365206916426,5.625179086772786,1,1
em2x3125u_healthy_timeseries.csv,EMB_COMP_001,EM2X3125U,healthy,startup,2026-01-01 00:03:01.000,2026-01-01 00:03:02.990,181.0,182.99,200,0.0648722215617297,0.04342181298054477,0.06486776609007179,0.04340092738214807,0.1824258907991915,0.1249023345305547,2.812080215652899,2.8764882430523446,4.006640668770041,3.7179520151544256,40.0,40.0,16.032334365584106,68.12943014505902,0.0,8.166653910396303,29.520157565669063,0.0,29.42865384577695,30.600086818740404,27.822642134010923,2.777444684729481,0.01277559401587521,1.4739013533995595,3.647135286609539,0.6502152272879915,0.962455262499521,2.996920059321547,1,1
em2x3125u_healthy_timeseries.csv,EMB_COMP_001,EM2X3125U,healthy,steady_state,2026-01-01 00:03:02.000,2026-01-01 00:03:03.990,182.0,183.99,200,0.03371809769515864,0.02090430715989117,0.03371806785927466,0.020895381276605385,0.0613107120983097,0.0421356746337465,1.8183324768975,2.015645594540042,2.1544054898863423,2.097347815291018,40.0,40.0,1.8586545222373998,20.880091905367465,0.0,0.7765003111217279,7.957881294058534,0.0,30.410627343664206,31.19284520878376,29.52828728279373,1.664557925990028,0.007192508010770709,0.6989091983913387,0.747740809900127,0.6404325901445914,0.019333971089702705,0.10730821975553562,0,1
em2x3125u_healthy_timeseries.csv,EMB_COMP_001,EM2X3125U,healthy,steady_state,2026-01-01 00:03:03.000,2026-01-01 00:03:04.990,183.0,184.99,200,0.03341966390960613,0.020442411473890105,0.03341962633793449,0.02044003125179167,0.0613107120983097,0.0379835100144229,1.8345699784457312,1.8580738413829998,2.2077680664049777,2.0689842876115905,40.0,40.0,2.0194082617253546,20.318054356462145,0.0,0.7502978404655548,7.606052251123308,0.0,31.123328647330123,31.948577230018454,30.27245901487335,1.676118215145106,0.007155660474183398,0.6976533199396971,0.74407332677236,0.6404325901445914,0.019941602473574137,0.10364073662776863,0,1
em2x3125u_healthy_timeseries.csv,EMB_COMP_001,EM2X3125U,healthy,steady_state,2026-01-01 00:03:04.000,2026-01-01 00:03:05.990,184.0,185.99,200,0.03269015760689761,0.02071780269860998,0.032690026499175996,0.02071777564555904,0.061283398502779,0.0454036458140275,1.8746743053281647,2.19152805316916,2.2244517199900704,2.150424514886291,40.0,40.0,1.871261719228327,19.501505465099648,0.0,0.7995346726354517,7.785267824265632,0.0,31.84668447953384,32.652301686999195,30.97827962772593,1.6740220592732662,0.007246797163334337,0.6979707372959782,0.7486807769120276,0.6423101055718865,0.021010317736332672,0.10637067134014111,0,1
em2x3125u_healthy_timeseries.csv,EMB_COMP_001,EM2X3125U,healthy,steady_state,2026-01-01 00:03:05.000,2026-01-01 00:03:06.990,185.0,186.99,200,0.03287498621745477,0.02072405787516918,0.032874529807075115,0.02072212734334061,0.0683471817979616,0.0454036458140275,2.079002599297611,2.190866580643384,2.162190718767325,2.1788715910259633,40.0,40.0,1.6555748763190217,19.960562932453037,0.0,0.7992941210562269,7.790318550637555,0.0,32.56341082800411,33.39150200084664,31.65457820003723,1.7369238008094143,0.006956301688016722,0.69906928843089,0.7486807769120276,0.6438779612967482,0.021122591121935222,0.10480281561527938,0,1
em2x3125u_healthy_timeseries.csv,EMB_COMP_001,EM2X3125U,healthy,steady_state,2026-01-01 00:03:06.000,2026-01-01 00:03:07.990,186.0,187.99,200,0.03364300006755048,0.020788489999917538,0.03363996817530947,0.02078213681545186,0.0683471817979616,0.0464708427762266,2.031542420733286,2.235412133176144,2.1593759637796115,2.151884445385591,40.0,40.0,1.7738368051484732,20.861204533975403,0.0,0.8325627307640856,7.805446339928305,0.0,33.278995719818596,34.21549787034929,32.45944379412826,1.7560540762210266,0.007279261279975462,0.6997202599648166,0.7503627019406303,0.650890911377153,0.020726367913069577,0.09947179056347721,0,1
em2x3125u_healthy_timeseries.csv,EMB_COMP_001,EM2X3125U,healthy,steady_state,2026-01-01 00:03:07.000,2026-01-01 00:03:08.990,187.0,188.99,200,0.03400477020754734,0.02107322434789459,0.034004682243571595,0.021071709384963857,0.0639205711237611,0.0464708427762266,1.8797530679849723,2.205207993283167,2.1760547741281595,2.099929667121592,40.0,40.0,1.9453139022463728,21.18206490681913,0.0,0.805241708530973,8.07521447930421,0.0,34.005962025696235,34.93322125665784,33.19269344336471,1.7405278132931272,0.00724039343292689,0.7011811082849927,0.7605401781354504,0.6501092190049912,0.02058775474492816,0.1104309591304592,0,1
em2x3125u_healthy_timeseries.csv,EMB_COMP_001,EM2X3125U,healthy,steady_state,2026-01-01 00:03:08.000,2026-01-01 00:03:09.990,188.0,189.99,200,0.03330542285426562,0.021237025913646734,0.033296348968009246,0.02123700641513373,0.0639205711237611,0.0402056948778231,1.9192241276580704,1.8931885774075012,2.1596735804058875,2.0908304057823,40.0,40.0,1.7972977486734898,20.389446446395215,0.0,0.8767089666340545,8.145269437505481,0.0,34.73092834104231,35.57405720051895,33.841993531487944,1.7320636690310067,0.007326946485032403,0.7007720055165714,0.7605401781354504,0.6501092190049912,0.01874391774232814,0.1104309591304592,0,1
em2x3125u_healthy_timeseries.csv,EMB_COMP_001,EM2X3125U,healthy,steady_state,2026-01-01 00:03:09.000,2026-01-01 00:03:10.990,189.0,190.99,200,0.0333751782800666,0.021332985939049247,0.03336410064234738,0.021332971132585622,0.065053426676615,0.0402056948778231,1.949155930515832,1.884672637608974,2.1749794132398144,2.0867623786083067,40.0,40.0,1.7321644208289553,20.541030458614337,0.0,0.8871586087542824,8.216019802833673,0.0,35.44047602184115,36.235944374856174,34.6184526568373,1.6174917180188757,0.007011997205662185,0.6990538024491727,0.7463490644463953,0.6314410691712599,0.018263884970431434,0.1149079952751354,0,1
em2x3125u_healthy_timeseries.csv,EMB_COMP_001,EM2X3125U,healthy,steady_state,2026-01-01 00:03:10.000,2026-01-01 00:03:11.990,190.0,191.99,200,0.03379739887294232,0.02068774217940784,0.03379734771090593,0.020687023147358794,0.065053426676615,0.03921478924258,1.9248057201436224,1.895556745753222,2.138553223352771,2.1028190444907535,40.0,40.0,1.667688362552453,21.178233131275412,0.0,0.8370451214593971,7.722220926431875,0.0,36.146958972229775,37.023080552781536,35.34612444572722,1.6769561070543162,0.007224836863728389,0.6991271667177845,0.7439247569024218,0.6314410691712599,0.018975825445767897,0.11248368773116191,0,1
em2x3125u_healthy_timeseries.csv,EMB_COMP_001,EM2X3125U,healthy,steady_state,2026-01-01 00:03:11.000,2026-01-01 00:03:12.990,191.0,192.99,200,0.033157853307196304,0.02045612781879848,0.03315517260469286,0.020453535559947573,0.0607800375027166,0.0414576071256758,1.8330510404159792,2.026659565921253,2.1386066519672964,2.1028584167363107,40.0,40.0,1.6253614327438046,20.372440631718163,0.0,0.7927385076088868,7.574287764968782,0.0,36.86391835199908,37.65239253242738,35.98716056051803,1.6652319719093498,0.007129629723647528,0.6992613049966806,0.7423856575892602,0.6489147238386429,0.01809387135883555,0.09347093375061732,0,1
em2x3125u_healthy_timeseries.csv,EMB_COMP_001,EM2X3125U,healthy,steady_state,2026-01-01 00:03:12.000,2026-01-01 00:03:13.990,192.0,193.99,200,0.03349634055400571,0.020780622128803793,0.033494464705549974,0.02077998589468087,0.0709029222073734,0.0417470258509376,2.116736366859465,2.0089401362566766,2.2059767922311186,2.0687601154397797,40.0,40.0,1.8656397069451245,20.57194646819988,0.0,0.7779990244139542,7.85848896345477,0.0,37.56827853109474,38.34319094057803,36.77379075031461,1.5694001902634227,0.0070399641693190285,0.6995804922570531,0.7540188862398699,0.6539137667342861,0.019040874315828762,0.10010511950558376,0,1
em2x3125u_healthy_timeseries.csv,EMB_COMP_001,EM2X3125U,healthy,steady_state,2026-01-01 00:03:13.000,2026-01-01 00:03:14.990,193.0,194.99,200,0.03341395888416939,0.02075313108608038,0.033413135023063235,0.02075292334743998,0.0709029222073734,0.0417470258509376,2.121955152131502,2.0116013182675037,2.209099554538837,2.065983844051831,40.0,40.0,1.9873257412539949,20.34921164424914,0.0,0.8478399653366152,7.765843311331355,0.0,38.28535875078624,39.16077680086706,37.35179665427959,1.8089801465874729,0.007293080389907326,0.7011713834214226,0.7600281482349583,0.6548595331078423,0.01993325001124711,0.10516861512711606,0,1
em2x3125u_healthy_timeseries.csv,EMB_COMP_001,EM2X3125U,healthy,steady_state,2026-01-01 00:03:14.000,2026-01-01 00:03:15.990,194.0,195.99,200,0.033614561205280426,0.020731431729612466,0.03361438568545788,0.020727425989341727,0.064389622008261,0.0383309798977038,1.9155276671630685,1.8489306670967836,2.142640968613723,2.0519339339884315,40.0,40.0,1.7792382515142533,20.8194046639803,0.0,0.7884429730064787,7.804813534225739,0.0,39.01991984818593,39.82963526267734,38.21437417293684,1.6152610897404998,0.007301558318471184,0.7021324500228739,0.7600281482349583,0.6548595331078423,0.018020673187068903,0.10516861512711606,0,1
em2x3125u_healthy_timeseries.csv,EMB_COMP_001,EM2X3125U,healthy,steady_state,2026-01-01 00:03:15.000,2026-01-01 00:03:16.990,195.0,196.99,200,0.0341091532346436,0.02122000347104142,0.03410768600269078,0.021218296162862207,0.065010007081021,0.0423938061656484,1.9059402217875163,1.9978227724374555,2.1559760404971167,2.04342406217362,40.0,40.0,1.8313164639707487,21.437308864680936,0.0,0.8059631095770168,8.19958144585114,0.0,39.73548616784041,40.71153687485035,38.72874935154366,1.9827875233066905,0.007098081467915757,0.7000848790062857,0.7460137761669468,0.6487918939246118,0.01833281038573722,0.09722188224233497,0,1
em2x3125u_healthy_timeseries.csv,EMB_COMP_001,EM2X3125U,healthy,steady_state,2026-01-01 00:03:16.000,2026-01-01 00:03:17.990,196.0,197.99,200,0.03372505807101879,0.021167699821551207,0.03371491596054407,0.021167508558383234,0.065010007081021,0.0423938061656484,1.927647001945018,2.002759228590653,2.2213289171424826,2.081754846500619,40.0,40.0,2.173623771431337,20.560317014141052,0.0,0.8835894720730392,8.077975849016559,0.0,40.4491254593747,41.29111452594021,39.54114349900902,1.7499710269311919,0.007244709326782088,0.699281651456625,0.7460137761669468,0.6487918939246118,0.020532874488745186,0.09722188224233497,0,1
em2x3125u_healthy_timeseries.csv,EMB_COMP_001,EM2X3125U,healthy,steady_state,2026-01-01 00:03:17.000,2026-01-01 00:03:18.990,197.0,198.99,200,0.03364315738727588,0.020983247079275222,0.03363042894757864,0.020976037266717748,0.061434924338918,0.0413420560660149,1.826074872572846,1.9702411123418409,2.2073819639561827,2.115733664542823,40.0,40.0,2.0776556045129086,20.55980829801156,0.0,0.8802146797607147,7.919682136251559,0.0,41.17730749924752,41.96578791008415,40.28284435360465,1.6829435564795006,0.007199447082183196,0.6993459909749812,0.748386543176468,0.6500874214018593,0.02052540885429717,0.09829912177460876,0,1
em2x3125u_healthy_timeseries.csv,EMB_COMP_001,EM2X3125U,healthy,steady_state,2026-01-01 00:03:18.000,2026-01-01 00:03:19.990,198.0,199.99,200,0.03355270434467746,0.021120901596162905,0.03355196989888406,0.021119873512466865,0.0613178986711816,0.041027330529494,1.8275098794207505,1.942499014196797,2.1780228115169598,2.1350430602701254,40.0,40.0,1.8548108001620074,20.666963239282307,0.0,0.9027728498489469,8.020457095166522,0.0,41.88762676065296,42.81312228646442,41.02830596921582,1.7848163172485982,0.007038066040361145,0.6996949217156125,0.748386543176468,0.6514158057173736,0.019482446918675508,0.09697073745909446,0,1
em2x3125u_healthy_timeseries.csv,EMB_COMP_001,EM2X3125U,healthy,shutdown,2026-01-01 00:03:19.000,2026-01-01 00:03:20.990,199.0,200.99,200,0.026937385570198032,0.016640859988804615,0.026937083635237006,0.016639874916351927,0.061167447477765,0.040259775570781,2.2707269537485155,2.4193326305170744,2.787567648227607,2.9096693890284544,40.0,40.0,1.0266692242440576,13.485985379841788,0.0,0.5705869771996366,4.969346266997129,0.0,42.15920337924619,42.81312228646442,41.466184139443286,1.3469381470211346,-0.0014169135653966788,0.5610716116195625,0.7411946123075406,0.2692328417375003,0.15221973331893207,0.4719617705700403,0,1
em2x3125u_healthy_timeseries.csv,EMB_COMP_001,EM2X3125U,healthy,shutdown,2026-01-01 00:03:20.000,2026-01-01 00:03:21.990,200.0,201.99,200,0.01467946221932507,0.009021512195193515,0.01467834643270963,0.00901858696630934,0.0361189522375533,0.0229655702379459,2.460509226966352,2.54564531323047,2.2870443968539895,2.478729938009253,40.0,40.0,0.289017079795331,4.021538564133993,0.0,0.20690108851351177,1.424180979499519,0.0,41.57509024905854,42.648337611001935,40.49084798039264,2.157489630609298,-0.010112905811713764,0.2809258701648528,0.5684713369435952,0.0,0.16247750284891208,0.5684713369435952,0,1
em2x3125u_healthy_timeseries.csv,EMB_COMP_001,EM2X3125U,healthy,idle,2026-01-01 00:03:21.000,2026-01-01 00:03:22.990,201.0,202.99,200,0.0073244909496546495,0.004910389506360727,0.007324452200248194,0.004907855747497893,0.0248914439838612,0.0157944538146657,3.3983855198885644,3.2165378722413323,4.570170386151335,4.44588583282807,40.0,40.0,0.16999321616235838,0.9039171946399107,0.0,0.10221015484504761,0.3807521102037426,0.0,40.77709175992207,41.62237913838572,40.2426039711835,1.3797751672022187,-0.006021229333374172,0.07076976109184278,0.2741492688356996,0.0,0.08995476181510567,0.2741492688356996,0,1
em2x3125u_healthy_timeseries.csv,EMB_COMP_001,EM2X3125U,healthy,idle,2026-01-01 00:03:22.000,2026-01-01 00:03:23.990,202.0,203.99,200,0.0013473087082704904,0.0012546789715800347,0.0013472037816407976,0.0012531932285489477,0.0036149333028123,0.0038094118820307,2.6830772195131933,3.0361646033115983,2.870198833078597,3.075082164542308,33.0,28.5,0.015866682861165816,0.020432715382289687,0.0,0.019522620280194754,0.011963961272472757,0.0,40.30145981778234,40.73743432168153,39.85380853505526,0.8836257866262756,-0.003711197156293652,0.0009460161469612004,0.004941103590703,0.0,0.0012820509780643236,0.004941103590703,0,1
em2x3125u_healthy_timeseries.csv,EMB_COMP_001,EM2X3125U,healthy,idle,2026-01-01 00:03:23.000,2026-01-01 00:03:24.990,203.0,204.99,200,0.0013641579486464808,0.0013366517004530878,0.0013535566330977883,0.0013356248966656897,0.0045053281717511,0.0038094118820307,3.3026440788775906,2.849965986456618,3.193453795762176,2.7675122033731108,43.0,17.0,0.017712662645503956,0.018930195399480033,0.0,0.021653831954987518,0.014285811439363943,0.0,39.92419176921499,40.32928590584293,39.4993299157416,0.8299559901013325,-0.0037473180463191884,0.0008189938159596818,0.0048499463220265,0.0,0.0011691589919834045,0.0048499463220265,0,1
em2x3125u_healthy_timeseries.csv,EMB_COMP_001,EM2X3125U,healthy,idle,2026-01-01 00:03:24.000,2026-01-01 00:03:25.990,204.0,205.99,200,0.0014487677590622407,0.0012532597500706294,0.0014447139227643513,0.0012482493630639419,0.0046201986617314,0.0032700067422888,3.1890540308006066,2.6092011190054687,3.297709010641636,2.84124671230588,43.0,17.0,0.021728117215124812,0.020052420082505552,0.0,0.01783271378939298,0.013678933062078808,0.0,39.5437052182468,39.96290916065975,39.10758382502764,0.8553253356321093,-0.0037833670419800715,0.0007407420337605441,0.0049247502575317,0.0,0.0010736469412237254,0.0049247502575317,0,1
em2x3125u_healthy_timeseries.csv,EMB_COMP_001,EM2X3125U,healthy,idle,2026-01-01 00:03:25.000,2026-01-01 00:03:26.990,205.0,206.99,200,0.0016324975345869339,0.0011844858756967264,0.001616513397445986,0.0011837850265205485,0.0052316613933048,0.0032700067422888,3.204697883129454,2.7606971171060604,3.4081658531081533,2.7717968226010714,32.0,49.5,0.02715868480507696,0.025576407543827322,0.0,0.017227610030562855,0.011128333202367916,0.0,39.164485424314364,39.61069141405613,38.70446191556955,0.9062294984865744,-0.003827462932160079,0.0007844733558277447,0.0057325262149682,0.0,0.0011219668317004267,0.0057325262149682,0,1
em2x3125u_healthy_timeseries.csv,EMB_COMP_001,EM2X3125U,healthy,idle,2026-01-01 00:03:26.000,2026-01-01 00:03:27.990,206.0,207.99,200,0.001597386845330599,0.0012137644857839098,0.0015871919551391292,0.0012135004881787474,0.0052316613933048,0.002986722716542,3.2751373961778447,2.460710254356326,3.4358852120665495,2.632865736642109,43.5,39.5,0.02892985794289022,0.022377629482959436,0.0,0.017864521043634354,0.011937022053825151,0.0,38.793259494245326,39.20027901536507,38.30051189939569,0.8997671159693823,-0.00374177532813843,0.0008480055170772105,0.006956786989016,0.0,0.0012123127797340914,0.006956786989016,0,1
em2x3125u_healthy_timeseries.csv,EMB_COMP_001,EM2X3125U,healthy,idle,2026-01-01 00:03:27.000,2026-01-01 00:03:28.990,207.0,208.99,200,0.0014028539693425593,0.0011838578641168288,0.0014022102299222849,0.001183177549080591,0.0038461598423696,0.0031073498016247,2.741668004241442,2.6247659417651605,2.9993677863980728,3.0233080168800397,7.5,23.0,0.02240945466668525,0.01707317774206703,0.0,0.01656403613569905,0.011467127721851749,0.0,38.42510367128819,38.82066487852184,38.002132598922685,0.8185322795991539,-0.0037661900161908403,0.0007669039940862158,0.006956786989016,0.0,0.0011768359958370571,0.006956786989016,0,1
em2x3125u_healthy_timeseries.csv,EMB_COMP_001,EM2X3125U,healthy,idle,2026-01-01 00:03:28.000,2026-01-01 00:03:29.990,208.0,209.99,200,0.0015628782158901686,0.0011652591734691432,0.0015627870237768266,0.0011644711556471035,0.0045371891845099,0.0031073498016247,2.903098359410975,2.666659806138814,3.340844621243267,2.8536198048433987,16.0,1.5,0.02907274917731667,0.01983575411686491,0.0,0.015519536319798544,0.011617223695673069,0.0,38.0454093184378,38.507268959001706,37.592362563238325,0.9149063957633814,-0.003856332263360696,0.0007653343331200805,0.0050234926546328,0.0,0.0012031431857584451,0.0050234926546328,0,1
em2x3125u_healthy_timeseries.csv,EMB_COMP_001,EM2X3125U,healthy,idle,2026-01-01 00:03:29.000,2026-01-01 00:03:30.990,209.0,210.99,200,0.05834473987427044,0.038464585928339304,0.05832327285167986,0.038462036153328945,0.1668441972496744,0.1154884360750729,2.8596270650827145,3.0024614405113157,5.102691956096061,4.726947646928497,40.0,40.0,17.028484844836015,51.020320312834414,0.0,5.431496572871686,24.155619877850693,0.0,32.471044268371976,38.12700907436472,26.03479067747406,12.092218396890662,-0.07872200329672582,2.499381437632178,6.4199585531174845,0.0,2.561858515473208,6.4199585531174845,1,1
em2x3125u_healthy_timeseries.csv,EMB_COMP_001,EM2X3125U,healthy,startup,2026-01-01 00:03:30.000,2026-01-01 00:03:31.990,210.0,211.99,200,0.08317987509303298,0.056487477069784235,0.08316722034985634,0.056487334697990416,0.1873316003982833,0.1399208328627076,2.2521264932023675,2.4770239373560687,2.534638235263525,2.323381000927129,40.0,40.0,33.30579222533315,105.08196371945311,0.0,12.390771528586852,51.45666659371635,0.0,28.101966684784184,30.24234807301257,26.03479067747406,4.207557395538512,0.02018603330832523,3.6190905214828932,6.4199585531174845,0.8034308325523862,1.597161951702903,5.616527720565099,1,1
em2x3125u_healthy_timeseries.csv,EMB_COMP_001,EM2X3125U,healthy,startup,2026-01-01 00:03:31.000,2026-01-01 00:03:32.990,211.0,212.99,200,0.06397573481014955,0.04383720677937507,0.06397533223661478,0.04383382296728683,0.1873316003982833,0.1399208328627076,2.928166451767956,3.191828201256172,3.8371568757468344,3.7131887294782597,40.0,40.0,17.19927411077211,64.66266781885562,0.0,7.321119527508679,31.169954794581162,0.0,29.791940245374818,30.95244925836345,27.978042028295334,2.974407230068117,0.013582172634049894,1.4697399853866306,3.642041065937148,0.6538134417982272,0.9608485178893627,2.9882276241389207,1,1
em2x3125u_healthy_timeseries.csv,EMB_COMP_001,EM2X3125U,healthy,steady_state,2026-01-01 00:03:32.000,2026-01-01 00:03:33.990,212.0,213.99,200,0.03366528338210213,0.020482443465515067,0.033662783485465045,0.0204820531531523,0.0625626462828883,0.0387676561458809,1.8583727804337808,1.8927261393959873,2.133409078579403,2.050677123687292,40.0,40.0,1.6163746109334323,21.047885803464844,0.0,0.7053319428702833,7.687328470622847,0.0,30.831961851780406,31.64822317779532,29.963573729797822,1.6846494479974972,0.0072293718206371165,0.6992207179386399,0.7591602831638067,0.6378019105653001,0.019939587750914697,0.12135837259850657,0,1
em2x3125u_healthy_timeseries.csv,EMB_COMP_001,EM2X3125U,healthy,steady_state,2026-01-01 00:03:33.000,2026-01-01 00:03:34.990,213.0,214.99,200,0.03297945374714849,0.02077438332995182,0.03297934762022022,0.02077435520698315,0.0616688451263451,0.0404623453367349,1.8699171186750536,1.9477037991494857,2.127194784922531,2.0727340306562394,40.0,40.0,1.6122235251512091,20.140945992528458,0.0,0.8072111004900123,7.824430598299715,0.0,31.563870133394552,32.459854209715424,30.67730805054501,1.782546159170412,0.007445246059506605,0.69823941610373,0.7591602831638067,0.6378019105653001,0.019974621092607427,0.12135837259850657,0,1
em2x3125u_healthy_timeseries.csv,EMB_COMP_001,EM2X3125U,healthy,steady_state,2026-01-01 00:03:34.000,2026-01-01 00:03:35.990,214.0,215.99,200,0.03288612239021718,0.020972377310099426,0.03288503416877278,0.02097183993526104,0.0612524840680032,0.0404623453367349,1.8625632825055811,1.9293161065364735,2.156056082078577,2.054811129736709,40.0,40.0,1.8083858732631415,19.82049213329869,0.0,0.7994448067181984,7.996975580457689,0.0,32.293810898182095,33.14279501920903,31.459413445033935,1.6833815741750975,0.007218992169792758,0.6986651481563162,0.7508150776883465,0.6521161024988711,0.019291767195691183,0.09869897518947546,0,1
em2x3125u_healthy_timeseries.csv,EMB_COMP_001,EM2X3125U,healthy,steady_state,2026-01-01 00:03:35.000,2026-01-01 00:03:36.990,215.0,216.99,200,0.03360402060030848,0.020999173514852802,0.03360238867836855,0.020987934976036765,0.0642131847989902,0.0390736300313524,1.9108780333982038,1.8607222805085857,2.2089839755318685,1.9954781171020946,40.0,40.0,1.9641089333342217,20.619436992817803,0.0,0.7069450201323065,8.103256744285135,0.0,33.019714322101215,33.89171337068058,32.198546786355394,1.6931665843251835,0.007235307766087437,0.7009707981653633,0.7501198042599726,0.6546526057604722,0.018715020090602677,0.09546719849950036,0,1
em2x3125u_healthy_timeseries.csv,EMB_COMP_001,EM2X3125U,healthy,steady_state,2026-01-01 00:03:36.000,2026-01-01 00:03:37.990,216.0,217.99,200,0.03357015411805211,0.021048357730399016,0.03357015032989463,0.02104236247467311,0.0642131847989902,0.0390736300313524,1.9128057790017718,1.8563742849600302,2.170975949202112,1.9988578304856006,40.0,40.0,1.909384928943393,20.63555738102849,0.0,0.6884802558782395,8.167141619810518,0.0,33.746896153649224,34.69712360186903,32.92726295321586,1.7698606486531716,0.007294514998899509,0.6997936892381378,0.7544863509454985,0.6476084549160135,0.020313818709001737,0.10687789602948505,0,1
em2x3125u_healthy_timeseries.csv,EMB_COMP_001,EM2X3125U,healthy,steady_state,2026-01-01 00:03:37.000,2026-01-01 00:03:38.990,217.0,218.99,200,0.033382155084983864,0.02085161552920805,0.033380478133728304,0.020850502592123937,0.0646364553042782,0.0420431813507604,1.9362577143305317,2.0163033071403085,2.1386677213993837,2.0827427432015533,40.0,40.0,1.799917151123034,20.488194998575672,0.0,0.7157501500660822,7.9794511793049985,0.0,34.46256571624865,35.287974661359264,33.5899965709524,1.6979780904068633,0.007244498091792023,0.6993567215526043,0.7544863509454985,0.6476084549160135,0.020652953352791135,0.10687789602948505,0,1
em2x3125u_healthy_timeseries.csv,EMB_COMP_001,EM2X3125U,healthy,steady_state,2026-01-01 00:03:38.000,2026-01-01 00:03:39.990,218.0,219.99,200,0.03348323072930655,0.020654270821091152,0.03348151658073743,0.020654041619917254,0.0646364553042782,0.0420431813507604,1.9304127438247607,2.035568416573095,2.1760676323197017,2.168172452618338,40.0,40.0,1.7618856027646919,20.65940629501705,0.0,0.7908385418370389,7.741632858556221,0.0,35.19714010971982,36.08902061386988,34.337980852944206,1.7510397609256714,0.007516068804653645,0.6981785833130707,0.7484280355686511,0.6367812552675983,0.020046189061062848,0.1116467803010528,0,1
em2x3125u_healthy_timeseries.csv,EMB_COMP_001,EM2X3125U,healthy,steady_state,2026-01-01 00:03:39.000,2026-01-01 00:03:40.990,219.0,220.99,200,0.0330175378470792,0.02073599650061873,0.03301561272695459,0.020734819512389334,0.0602989081453734,0.040078570139782,1.826269070233157,1.9328017410972325,2.155555821382779,2.096997043917675,40.0,40.0,1.5495647072056127,20.25251801404476,0.0,0.8012648739047137,7.7974048468079475,0.0,35.93591205247132,36.69050590755737,35.1459564329875,1.5445494745698767,0.007178418395192447,0.6967106763896552,0.747513116812941,0.6367812552675983,0.02056507351790665,0.11073186154534265,0,1
em2x3125u_healthy_timeseries.csv,EMB_COMP_001,EM2X3125U,healthy,steady_state,2026-01-01 00:03:40.000,2026-01-01 00:03:41.990,220.0,221.99,200,0.03338036502379647,0.020826904004779986,0.03338003064431315,0.02081618459289553,0.0611710973761008,0.0383587620790047,1.8325472873796511,1.8417889701801564,2.1651178389943677,2.0878688413114914,40.0,40.0,1.6324694071650558,20.654064185566412,0.0,0.8233182432227802,7.842988674402491,0.0,36.65803090750283,37.59842614209211,35.73859182270384,1.8598343193882698,0.007357287985194314,0.7001486214611456,0.7495619965126257,0.646083797752324,0.020522083294262326,0.10347819876030162,0,1
em2x3125u_healthy_timeseries.csv,EMB_COMP_001,EM2X3125U,healthy,steady_state,2026-01-01 00:03:41.000,2026-01-01 00:03:42.990,221.0,222.99,200,0.03367668062114263,0.02064409650034437,0.03367659690230531,0.020637018737034052,0.0618340512593938,0.0383587620790047,1.8361088479894194,1.8580983710459225,2.188006225055803,2.088960901821656,40.0,40.0,1.793705891503804,20.8902104523127,0.0,0.7921880110247032,7.725759056643111,0.0,37.38027944463202,38.27587302374997,36.52545742589548,1.7504155978544915,0.00727686762985707,0.7006534270826754,0.7495619965126257,0.646083797752324,0.019636265106069573,0.10347819876030162,0,1
em2x3125u_healthy_timeseries.csv,EMB_COMP_001,EM2X3125U,healthy,steady_state,2026-01-01 00:03:42.000,2026-01-01 00:03:43.990,222.0,223.99,200,0.03357841783759446,0.020675125987254503,0.03357835391931439,0.020668058475573035,0.0663748716629034,0.0377900934114802,1.9767123032399094,1.8278047463786427,2.2323781424342988,2.0543854376348514,40.0,40.0,2.000004957667197,20.550312344549237,0.0,0.7131710166689974,7.830202073879503,0.0,38.10461208847687,38.94842185838805,37.18046912306943,1.767952735318623,0.0072197782084440785,0.6992416937446256,0.7487727267062909,0.6371295334269591,0.02073075659464799,0.11164319327933181,0,1
em2x3125u_healthy_timeseries.csv,EMB_COMP_001,EM2X3125U,healthy,steady_state,2026-01-01 00:03:43.000,2026-01-01 00:03:44.990,223.0,224.99,200,0.03360089865574397,0.020795689025151932,0.03359932421085987,0.020789620911502125,0.0663748716629034,0.0379616274266947,1.9753897758194876,1.8254565828898932,2.221711260171555,2.0448708465812464,40.0,40.0,2.178022171708912,20.400301509248056,0.0,0.7570298531428873,7.887357728293327,0.0,38.825759315382896,39.62247575426297,38.00613330073039,1.6163424535325817,0.007014868060442632,0.7005404769575091,0.7484188154633022,0.6371295334269591,0.021277231435593326,0.11128928203634314,0,1
em2x3125u_healthy_timeseries.csv,EMB_COMP_001,EM2X3125U,healthy,steady_state,2026-01-01 00:03:44.000,2026-01-01 00:03:45.990,224.0,225.99,200,0.03352608210241657,0.020733801383508443,0.033525540305227496,0.020733197744479504,0.0650011858666543,0.0419796799476144,1.9388243955284297,2.0246976987541134,2.1814404682562234,2.047265250885446,40.0,40.0,1.927246040418059,20.55448990862169,0.0,0.7169887985518278,7.881517203497078,0.0,39.56213388269398,40.38658795921191,38.69999451691626,1.6865934422956457,0.007458441973172183,0.7007072401034944,0.7484188154633022,0.6395112043625119,0.0202650229063794,0.10890761110079039,0,1
em2x3125u_healthy_timeseries.csv,EMB_COMP_001,EM2X3125U,healthy,steady_state,2026-01-01 00:03:45.000,2026-01-01 00:03:46.990,225.0,226.99,200,0.03349167082077946,0.02111027615933913,0.03349092761250119,0.021109133574971895,0.0678469292269854,0.0419796799476144,2.025785144911035,1.988589804830322,2.201146127062536,2.024452525274126,40.0,40.0,1.7826089397664129,20.650452521133225,0.0,0.8085316238145526,8.103780641914094,0.0,40.28728164760872,41.05310556231278,39.49337264903789,1.5597329132748925,0.007003403565233674,0.6999015285057767,0.7572537097535194,0.6494970078953056,0.019674917844845843,0.10775670185821373,0,1
em2x3125u_healthy_timeseries.csv,EMB_COMP_001,EM2X3125U,healthy,steady_state,2026-01-01 00:03:46.000,2026-01-01 00:03:47.990,226.0,227.99,200,0.03325508024663274,0.02109812478130044,0.03325480934176054,0.021090893103981247,0.0678469292269854,0.0391871605991352,2.040197429198965,1.8573764732810434,2.1997415499258803,2.0335005288856176,40.0,40.0,1.7739649269606044,20.34404894618591,0.0,0.8683721168307111,8.03205794809647,0.0,41.00674948728471,41.78000546693904,40.183418424310666,1.5965870426283715,0.0073828155556100354,0.6998782757452962,0.7572537097535194,0.6453653920928764,0.021406429678651365,0.111888317660643,0,1
em2x3125u_healthy_timeseries.csv,EMB_COMP_001,EM2X3125U,healthy,steady_state,2026-01-01 00:03:47.000,2026-01-01 00:03:48.990,227.0,228.99,200,0.03324644415456045,0.021123994462461347,0.03324632065550662,0.02112168680327163,0.0619211556878732,0.0414801225895436,1.8624895763290046,1.9636495674743886,2.1759597338564896,2.0426702861563824,40.0,40.0,1.8055418704650943,20.301949952364474,0.0,0.7668326925435389,8.155682015204802,0.0,41.74521733101555,42.577546961799165,40.88405489715119,1.6934920646479767,0.007209754959393111,0.6991139608813884,0.7508596480959459,0.6453653920928764,0.022884514634425597,0.1054942560030695,0,1
em2x3125u_healthy_timeseries.csv,EMB_COMP_001,EM2X3125U,healthy,steady_state,2026-01-01 00:03:48.000,2026-01-01 00:03:49.990,228.0,229.99,200,0.033372005810827284,0.021729315744667455,0.03337038257797887,0.021728669029630058,0.0635316223857358,0.0456143931104168,1.903740001301434,2.09920982539963,2.238310267087276,2.074233342149551,40.0,40.0,2.1043665434510794,20.167298557506548,0.0,0.8259360304607682,8.616842501786644,0.0,42.471541398962366,43.34925010283746,41.549855761988766,1.7993943408486928,0.007357120063672582,0.7004361394139684,0.7508596480959459,0.649260207768996,0.02134036669250415,0.1015994403269499,0,1
em2x3125u_healthy_timeseries.csv,EMB_COMP_001,EM2X3125U,healthy,shutdown,2026-01-01 00:03:49.000,2026-01-01 00:03:50.990,229.0,230.99,200,0.026883230510554922,0.017279587177621254,0.026882856193434765,0.017277971810499497,0.0635316223857358,0.0456143931104168,2.363243597557665,2.639784888466078,2.9346287558568145,2.9499578442088947,40.0,40.0,1.2911829006983906,13.167122536656588,0.0,0.5633004771143649,5.408901340140708,0.0,42.766771539087074,43.34925010283746,42.19857752009096,1.1506725827465019,-0.0012916853916263508,0.5612801849785396,0.745332141567763,0.2659628734514097,0.15317836534238108,0.4793692681163533,0,1
em2x3125u_healthy_timeseries.csv,EMB_COMP_001,EM2X3125U,healthy,shutdown,2026-01-01 00:03:50.000,2026-01-01 00:03:51.990,230.0,231.99,200,0.014508123001238764,0.008909722643852203,0.014507940635319343,0.008900783111347897,0.0303985116217527,0.0216207927125273,2.0952752895158904,2.426651600366692,2.2324470793952766,2.62007357595595,40.0,40.0,0.21950798318301737,3.9980360368552557,0.0,0.19074776370338264,1.394223580124039,0.0,42.19695070404925,43.27357786561333,41.15446499573126,2.1191128698820734,-0.010079987997847834,0.27946981896382495,0.5719571992281812,0.0,0.16249727260489047,0.5719571992281812,0,1
em2x3125u_healthy_timeseries.csv,EMB_COMP_001,EM2X3125U,healthy,idle,2026-01-01 00:03:51.000,2026-01-01 00:03:52.990,231.0,232.99,200,0.0069970397231634675,0.0046310700732655466,0.006995888797592199,0.004620701653044785,0.0219978592453073,0.0171138970526732,3.14388085756954,3.6954519758768254,4.605004410433116,4.9542151579437235,40.0,40.0,0.1302887143853311,0.8526047315516487,0.0,0.10216579051981486,0.32485455821283304,0.0,41.364173683675965,42.23093959126135,40.75291780271007,1.478021788551274,-0.0067323164859873115,0.06973351181402428,0.2877218815643252,0.0,0.08943010738788516,0.2877218815643252,0,1
em2x3125u_healthy_timeseries.csv,EMB_COMP_001,EM2X3125U,healthy,idle,2026-01-01 00:03:52.000,2026-01-01 00:03:53.990,232.0,233.99,200,0.0015202763853789023,0.0012009166156702494,0.0014944848733393357,0.0012008547951913137,0.0046332244008536,0.0038038703085777,3.047619791646537,3.1674724614037446,3.0056996839668892,3.422546760263181,16.0,44.0,0.025159797673276908,0.019550767909123704,0.0,0.018212245698226104,0.01121406029396212,0.0,40.846198539793825,41.28593984790416,40.39555882884857,0.8903810190555888,-0.0037820869679556736,0.0007932308204729505,0.0049514216005525,0.0,0.0011890019236352788,0.0049514216005525,0,1
em2x3125u_healthy_timeseries.csv,EMB_COMP_001,EM2X3125U,healthy,idle,2026-01-01 00:03:53.000,2026-01-01 00:03:54.990,233.0,234.99,200,0.0015026694501795957,0.001140997390086358,0.0014867325423376391,0.0011407031625800086,0.0046332244008536,0.0038038703085777,3.08332907167298,3.333811577158646,3.177963351569048,3.2354407328701367,46.0,24.5,0.025591944674550962,0.018666944896862554,0.0,0.015106741960685927,0.011503202667937511,0.0,40.472960758199775,40.88207812562773,40.01888698246588,0.8631911431618491,-0.003688420366477086,0.0007149462261867886,0.0048835600621339,0.0,0.00107702297603513,0.0048835600621339,0,1
em2x3125u_healthy_timeseries.csv,EMB_COMP_001,EM2X3125U,healthy,idle,2026-01-01 00:03:54.000,2026-01-01 00:03:55.990,234.0,235.99,200,0.001414661644229198,0.0011335324870266194,0.001414645888577978,0.0011318549006187348,0.0041535621724661,0.0035135743061821,2.9360817050562207,3.099667937527395,2.96740342871856,2.9758835110278534,45.5,38.0,0.025392263349779988,0.014852634147512844,0.0,0.014566460205568559,0.011075768028975296,0.0,40.09683922787812,40.52903754210912,39.61887712065607,0.9101604214530497,-0.0037805105725368902,0.000721856846781522,0.0077362034850379,0.0,0.0011553175115369201,0.0077362034850379,0,1
em2x3125u_healthy_timeseries.csv,EMB_COMP_001,EM2X3125U,healthy,idle,2026-01-01 00:03:55.000,2026-01-01 00:03:56.990,235.0,236.99,200,0.0015408181038532268,0.0012628993119604471,0.0015277846683156603,0.0012579942700683706,0.0042087215597341,0.0035805836208494,2.731485013843664,2.835209099362896,2.8225927480867816,2.9001911151078104,28.5,16.5,0.0316903824146595,0.015009762061249075,0.0,0.01993104722149292,0.011807374547636208,0.0,39.71924131762499,40.16958160764752,39.23982286156788,0.9297587460796422,-0.003755319423605225,0.0007436788688120536,0.0077362034850379,0.0,0.0011871863336864697,0.0077362034850379,0,1
em2x3125u_healthy_timeseries.csv,EMB_COMP_001,EM2X3125U,healthy,idle,2026-01-01 00:03:56.000,2026-01-01 00:03:57.990,236.0,237.99,200,0.001579443066416752,0.0012899247279807553,0.0015702513301203763,0.0012898787606547303,0.0043254328172037,0.0035805836208494,2.7385810284486642,2.7758081872377436,3.0514401722001763,2.596503835980264,25.5,9.0,0.032205934770512264,0.01773354822515946,0.0,0.020773924784057336,0.01260213153024408,0.0,39.34440568699667,39.80428357116237,38.84737082589659,0.9569127452657824,-0.003756416804578901,0.0006642159899336853,0.0052071861390806,0.0,0.0010694907848463795,0.0052071861390806,0,1
em2x3125u_healthy_timeseries.csv,EMB_COMP_001,EM2X3125U,healthy,idle,2026-01-01 00:03:57.000,2026-01-01 00:03:58.990,237.0,238.99,200,0.0016233148794504272,0.0012147861673361766,0.001622901706390187,0.0012040869139414419,0.0048561127191842,0.004000482962251,2.991479213711289,3.2931581457034462,2.9235283566328105,2.685496324702341,48.0,7.0,0.03219123805019836,0.02058478675283565,0.0,0.016979679169548106,0.01209360623334936,0.0,38.966616135950225,39.37437185190366,38.51503683095783,0.8593350209458279,-0.0037918015551766343,0.0008391043299229525,0.0052442966888809,0.0,0.0012117481824281107,0.0052442966888809,0,1
em2x3125u_healthy_timeseries.csv,EMB_COMP_001,EM2X3125U,healthy,idle,2026-01-01 00:03:58.000,2026-01-01 00:03:59.990,238.0,239.99,200,0.0016417028573903888,0.0012056916493707781,0.0016408497071399033,0.001205001518532835,0.0052113205077586,0.004000482962251,3.174338452478781,3.317998398959433,2.970833600397106,2.9665020084446976,48.5,27.5,0.03042380513231669,0.023428072212301088,0.0,0.017534643600141123,0.01204863264798679,0.0,38.58976741931977,38.99984904024012,38.13046846551556,0.8693805747245591,-0.0037787384154366953,0.0008277333506176647,0.0052442966888809,0.0,0.0011923317764629831,0.0052442966888809,0,1
em2x3125u_healthy_timeseries.csv,EMB_COMP_001,EM2X3125U,healthy,idle,2026-01-01 00:03:59.000,2026-01-01 00:04:00.990,239.0,240.99,200,0.05801807999370878,0.04139457274044663,0.05801785643481947,0.041392955430208704,0.1834572587362455,0.1342034661953599,3.1620704917525497,3.242054629645439,5.12636851559544,4.649533495826972,40.0,40.0,13.049697304920477,54.28004640446966,0.0,8.684511455806042,25.584026329573934,0.0,32.90040850920254,38.65445297956485,26.371676390915532,12.28277658864932,-0.08051655780937822,2.502218901160114,6.370239831242875,0.0,2.565278557816645,6.370239831242875,1,1
em2x3125u_healthy_timeseries.csv,EMB_COMP_001,EM2X3125U,healthy,startup,2026-01-01 00:04:00.000,2026-01-01 00:04:01.990,240.0,241.99,200,0.08346096011937479,0.0587928040831366,0.08345975434483191,0.0587928005891261,0.1977176509435737,0.1342034661953599,2.368983662071186,2.282651223874065,2.6850608628863837,2.395020630939457,40.0,40.0,28.316609259602775,111.05378693941724,0.0,16.208606882349542,52.95123378168506,0.0,28.392068198502713,30.491141418384284,26.371676390915532,4.1194650274687525,0.02000967838496515,3.6239446923153436,6.370239831242875,0.8739928554090244,1.5963914831183017,5.49624697583385,1,1
em2x3125u_healthy_timeseries.csv,EMB_COMP_001,EM2X3125U,healthy,startup,2026-01-01 00:04:01.000,2026-01-01 00:04:02.990,241.0,242.99,200,0.0645875476474006,0.044183643382063174,0.06458587763718922,0.04418233918657577,0.1977176509435737,0.1304094762155459,3.0612348377579415,2.951532880343839,4.281952674588183,4.036982082395254,40.0,40.0,16.075966179269287,67.3802836035455,0.0,8.077356550202353,30.99720049573303,0.0,30.091347122426598,31.3194616550626,28.381558159408293,2.9379034956543073,0.014109284343940494,1.4727652732967151,3.6408614620193935,0.6350010690434502,0.9575296492669828,3.0058603929759435,1,1
em2x3125u_healthy_timeseries.csv,EMB_COMP_001,EM2X3125U,healthy,steady_state,2026-01-01 00:04:02.000,2026-01-01 00:04:03.990,242.0,243.99,200,0.03338377571152207,0.020627030374506156,0.033381830383117185,0.020627022848503585,0.0625590374393421,0.041952337016706,1.8739353505107121,2.0338524865196645,2.1592931660670827,2.1153613549389103,40.0,40.0,1.6758587867525507,20.61342057690858,0.0,0.7434080671018155,7.766577388836693,0.0,31.167796525549928,32.031027045423045,30.248524248159885,1.7825027972631595,0.00747403438469383,0.7007519039659553,0.7669044212350158,0.6318281176770304,0.021625024678404776,0.1350763035579854,0,1
em2x3125u_healthy_timeseries.csv,EMB_COMP_001,EM2X3125U,healthy,steady_state,2026-01-01 00:04:03.000,2026-01-01 00:04:04.990,243.0,244.99,200,0.033403761789061216,0.02108427547677454,0.03340326665208467,0.021083719865064535,0.06422307203121,0.0408136227462874,1.9226299252391756,1.9357375021610677,2.159018276643132,2.174319159801549,40.0,40.0,1.9649103622820188,20.350834938335833,0.0,0.8562408637373169,8.034591716531612,0.0,31.909409976984335,32.79078953282234,31.162437408090348,1.6283521247319896,0.007403146066153503,0.7004169803017731,0.7501817953078626,0.6318281176770304,0.020603744625393883,0.11835367763083215,0,1
em2x3125u_healthy_timeseries.csv,EMB_COMP_001,EM2X3125U,healthy,steady_state,2026-01-01 00:04:04.000,2026-01-01 00:04:05.990,244.0,245.99,200,0.033271398439120345,0.02125057686467531,0.03326825381580723,0.02124962798685075,0.06422307203121,0.0418667215086027,1.9302787091659133,1.9701451765385938,2.1415614701360326,2.1587273510480394,40.0,40.0,1.9176327261995176,20.222533078018444,0.0,0.9346787727367257,8.102633991143176,0.0,32.65168521675411,33.519099399134554,31.84206521933154,1.6770341798030124,0.007490347986379812,0.6991754426046876,0.7397982839313241,0.6558588684431762,0.01900398161169671,0.08393941548814787,0,1
em2x3125u_healthy_timeseries.csv,EMB_COMP_001,EM2X3125U,healthy,steady_state,2026-01-01 00:04:05.000,2026-01-01 00:04:06.990,245.0,246.99,200,0.03276726387741043,0.020963413409610537,0.03276459498654722,0.020962894660486994,0.0627021954922772,0.0418667215086027,1.9135621371030538,1.9971328471445007,2.146775120083191,2.075997074959388,40.0,40.0,1.79081043124937,19.684270046445263,0.0,0.7732077805534228,8.015652802503705,0.0,33.398147861403515,34.290031350355754,32.58046787698474,1.7095634733710128,0.007512554469075598,0.6981921000098711,0.7475663291906379,0.6347859085626217,0.019585536358480635,0.11278042062801619,0,1
em2x3125u_healthy_timeseries.csv,EMB_COMP_001,EM2X3125U,healthy,steady_state,2026-01-01 00:04:06.000,2026-01-01 00:04:07.990,246.0,247.99,200,0.033349399251282635,0.020654343294220244,0.03334937915410131,0.02065427905932285,0.0655458602796646,0.0427969959710217,1.9654285159917435,2.0720579377121946,2.224897915179895,2.1216914248186174,40.0,40.0,2.0568463322320243,20.187311498103117,0.0,0.7944494086409083,7.748985120685584,0.0,34.13935977328373,34.97766782849504,33.3316948476461,1.6459729808489456,0.0073063788971106354,0.6983850341406236,0.7552276775159984,0.6340683051266418,0.02009563624900438,0.12115937238935659,0,1
em2x3125u_healthy_timeseries.csv,EMB_COMP_001,EM2X3125U,healthy,steady_state,2026-01-01 00:04:07.000,2026-01-01 00:04:08.990,247.0,248.99,200,0.03398019045407593,0.020686086205447672,0.03397655635692509,0.020685423522571272,0.0655458602796646,0.0427969959710217,1.9289432873617798,2.068878353593592,2.1996821052526525,2.1612817874190777,40.0,40.0,1.9764369119403595,21.112798874456672,0.0,0.9517225056565729,7.607219996989179,0.0,34.88046145048147,35.79241582948724,33.97963217532111,1.8127836541661324,0.0074404160999465285,0.69760094614528,0.7733475691804127,0.6340683051266418,0.020222133637381685,0.1392792640537709,0,1
em2x3125u_healthy_timeseries.csv,EMB_COMP_001,EM2X3125U,healthy,steady_state,2026-01-01 00:04:08.000,2026-01-01 00:04:09.990,248.0,249.99,200,0.03319754816410162,0.021017999437865156,0.03318705831488755,0.021015864569969882,0.0634688939601009,0.0396935367735899,1.9118548648943114,1.8885497114477827,2.1512992910871747,2.022723444107841,40.0,40.0,1.766541359680905,20.26273414179929,0.0,0.8801919986999334,7.95598133904866,0.0,35.6383893352274,36.47033355865078,34.762804374402414,1.707529184248365,0.007609673840420728,0.6977084584367609,0.7733475691804127,0.6461894006049441,0.02108087262369375,0.12715816857546858,0,1
em2x3125u_healthy_timeseries.csv,EMB_COMP_001,EM2X3125U,healthy,steady_state,2026-01-01 00:04:09.000,2026-01-01 00:04:10.990,249.0,250.99,200,0.03310734091769322,0.020851538513033282,0.0331073171807438,0.02085024219936491,0.0669348154666142,0.0396509980169189,2.021751479015426,1.9015862063192597,2.200733103943049,2.0121658118718306,40.0,40.0,1.954785972070855,19.968418346477513,0.0,0.7762357646195917,7.918441173490291,0.0,36.38152357787849,37.28143743734593,35.57333892323308,1.708098514112848,0.007272782658940928,0.6991701286273844,0.7631158894156882,0.6461894006049441,0.02026805104202371,0.11692648881074408,0,1
em2x3125u_healthy_timeseries.csv,EMB_COMP_001,EM2X3125U,healthy,steady_state,2026-01-01 00:04:10.000,2026-01-01 00:04:11.990,250.0,251.99,200,0.03309783933791795,0.020757745742029026,0.03309564469077278,0.02075557533998556,0.0669348154666142,0.0392657123679907,2.0223318743931276,1.891617368088668,2.217470014905322,2.075489083243173,40.0,40.0,2.043310263728379,19.865110415745278,0.0,0.8252781019756041,7.790803861214111,0.0,37.10729532521197,38.07215687629088,36.34489163070883,1.7272652455820534,0.007407782881585009,0.6988230104424977,0.7426050855873348,0.6304034768375267,0.01897447671225895,0.11220160874980811,0,1
em2x3125u_healthy_timeseries.csv,EMB_COMP_001,EM2X3125U,healthy,steady_state,2026-01-01 00:04:11.000,2026-01-01 00:04:12.990,251.0,252.99,200,0.03306336243638939,0.021011815379656754,0.0330630924579067,0.021009381807280746,0.0622694318875115,0.042295986565182,1.8833363366267324,2.012962031169005,2.1647992029900487,2.0538406876182176,40.0,40.0,1.8537091799022374,20.01076174685506,0.0,0.7706188161550716,8.0589885725803,0.0,37.85365357094895,38.71700682195484,37.00818209056349,1.7088247313913527,0.007621938321998551,0.6991541166885176,0.7473677419291719,0.6304034768375267,0.018867383205771426,0.11696426509164515,0,1
em2x3125u_healthy_timeseries.csv,EMB_COMP_001,EM2X3125U,healthy,steady_state,2026-01-01 00:04:12.000,2026-01-01 00:04:13.990,252.0,253.99,200,0.03362129121991535,0.020822939417737576,0.03362018550027153,0.020822723400528435,0.0645513196849898,0.042295986565182,1.91995361697332,2.0312207473049204,2.1375000542876275,2.1086970591160887,40.0,40.0,1.7566789467891162,20.849702640319396,0.0,0.7896255355285341,7.887528068711877,0.0,38.598378870329896,39.56574189782243,37.57739320424344,1.9883486935789847,0.007377659634064106,0.7015830765468529,0.7495198009477465,0.6508284279946003,0.019182249864354222,0.09869137295314623,0,1
em2x3125u_healthy_timeseries.csv,EMB_COMP_001,EM2X3125U,healthy,steady_state,2026-01-01 00:04:13.000,2026-01-01 00:04:14.990,253.0,254.99,200,0.032948642106048205,0.02031729456735558,0.03293798434956173,0.02031688605351235,0.0645513196849898,0.0413075359208771,1.9591496207104833,2.0331218698402487,2.137160954844842,2.12434896042964,40.0,40.0,1.6761527699896792,20.022154412722223,0.0,0.8385588139069378,7.416958438231189,0.0,39.32920033443558,40.118251617628445,38.44974617205983,1.6685054455686128,0.0073668851104396445,0.7005413443936009,0.7495198009477465,0.6505620260344601,0.01972032568393103,0.09895777491328639,0,1
em2x3125u_healthy_timeseries.csv,EMB_COMP_001,EM2X3125U,healthy,steady_state,2026-01-01 00:04:14.000,2026-01-01 00:04:15.990,254.0,255.99,200,0.03284510138067006,0.020299704626882135,0.03281757303802645,0.02029941479194452,0.0625734448045115,0.0374420057167819,1.905107372916715,1.8444606167913822,2.153944408098996,2.0478972393620904,40.0,40.0,1.6989235779469434,19.842298936492064,0.0,0.7941221127476862,7.447348107275489,0.0,40.08362738522062,40.963004481732334,39.21881756863541,1.7441869130969252,0.007685043032393646,0.6994138788985442,0.7525404163085972,0.6505620260344601,0.02051173818336331,0.10197839027413713,0,1
em2x3125u_healthy_timeseries.csv,EMB_COMP_001,EM2X3125U,healthy,steady_state,2026-01-01 00:04:15.000,2026-01-01 00:04:16.990,255.0,256.99,200,0.03341630974822886,0.020900508730699745,0.03341618565045142,0.02090049280131655,0.0661641360843572,0.040481372611349,1.979995295197551,1.936860634970472,2.1988066943882965,2.042828714038463,40.0,40.0,1.9162703783160988,20.41828147531031,0.0,0.7491167954968483,7.991945087464209,0.0,40.83139680964801,41.67981436520938,40.046169196984856,1.6336451682245254,0.00718134390017423,0.7000638009597878,0.7525404163085972,0.6505669022739298,0.020002778298309695,0.10197351403466748,0,1
em2x3125u_healthy_timeseries.csv,EMB_COMP_001,EM2X3125U,healthy,steady_state,2026-01-01 00:04:16.000,2026-01-01 00:04:17.990,256.0,257.99,200,0.0337756261799316,0.021386749497300947,0.03377496675204309,0.02138567297535987,0.0661641360843572,0.040481372611349,1.9589314416225336,1.8928249295881936,2.1778955288778343,2.0838602271333437,40.0,40.0,1.842681626048378,20.97459888430445,0.0,0.733898899025461,8.413281641307785,0.0,41.573882729202545,42.42814615077443,40.67752024483774,1.750625905936694,0.007533787605742417,0.7000969627020734,0.7621021381265595,0.6520728425810663,0.019611093415902794,0.11002929554549312,0,1
em2x3125u_healthy_timeseries.csv,EMB_COMP_001,EM2X3125U,healthy,steady_state,2026-01-01 00:04:17.000,2026-01-01 00:04:18.990,257.0,258.99,200,0.033562694955587925,0.02141090326561865,0.03355795247510372,0.021409931653381842,0.0614543087246465,0.0393016753969167,1.8310302198904573,1.835591656706367,2.135955447563032,2.0702194728929504,40.0,40.0,1.7099153219869714,20.82458783688747,0.0,0.7982805930811377,8.371701552725577,0.0,42.320158997691024,43.1398206987577,41.38516046043504,1.7546602383226642,0.0073617996073802915,0.7022345759490546,0.7621021381265595,0.6520728425810663,0.02014982635280342,0.11002929554549312,0,1
em2x3125u_healthy_timeseries.csv,EMB_COMP_001,EM2X3125U,healthy,steady_state,2026-01-01 00:04:18.000,2026-01-01 00:04:19.990,258.0,259.99,200,0.03286411492527317,0.021530215508051974,0.03286404364932764,0.021530208869070942,0.0623952670902879,0.0409769227452837,1.8985835228535144,1.9032286383737753,2.2064282968845736,2.0333974516595363,40.0,40.0,1.890237940070277,19.71199828459014,0.0,0.8675836979655344,8.408532874472765,0.0,43.05970182273796,43.90048513961621,42.20437370415453,1.696111435461681,0.007598845458344974,0.699904672070777,0.7483983165576277,0.6414072633887905,0.02164988776755146,0.10699105316883717,0,1
em2x3125u_healthy_timeseries.csv,EMB_COMP_001,EM2X3125U,healthy,shutdown,2026-01-01 00:04:19.000,2026-01-01 00:04:20.990,259.0,260.99,200,0.026234796163272626,0.017180146681814237,0.026233879923921094,0.01718014460235221,0.0623952670902879,0.0409769227452837,2.378340075599218,2.3851322985885304,2.880886787735437,2.8420235026122436,40.0,40.0,1.1426324683521474,12.636640865015496,0.0,0.5519750895509079,5.3567937177085465,0.0,43.3905701566842,43.97615118010279,42.78208555011022,1.194065629992572,-0.001038574473456849,0.557996447900808,0.7469024149597246,0.2807164738326013,0.14976033583761733,0.46618594112712336,0,1
em2x3125u_healthy_timeseries.csv,EMB_COMP_001,EM2X3125U,healthy,shutdown,2026-01-01 00:04:20.000,2026-01-01 00:04:21.990,260.0,261.99,200,0.014635669989103388,0.008812756678234607,0.014633158106029505,0.008812620843749642,0.0351088680917392,0.0232845742536213,2.398856227140856,2.6421442352003894,2.2205251596691964,2.6422115471097483,40.0,40.0,0.3082538358904321,3.974457412560369,0.0,0.17689111623595474,1.3763750710919036,0.0,42.84386902024891,43.97615118010279,41.80483502635605,2.171316153746737,-0.010115281954674139,0.27975671463166907,0.5583081680599593,0.0,0.16217330073303224,0.5583081680599593,0,1
em2x3125u_healthy_timeseries.csv,EMB_COMP_001,EM2X3125U,healthy,idle,2026-01-01 00:04:21.000,2026-01-01 00:04:22.990,261.0,262.99,200,0.0074522671822770505,0.004642392568617889,0.007451896520274962,0.004641335925174233,0.0233439516888962,0.0177718218451727,3.1324630636449378,3.8281600667096622,4.313795898016122,4.662004952833798,40.0,40.0,0.19459419409006495,0.9182659760671325,0.0,0.10600735346348063,0.325410551798467,0.0,42.010616218369016,42.89801275093329,41.36918318473771,1.5288295661955829,-0.006745446392064035,0.06993513490477342,0.2897619401813357,0.0,0.08959443094741296,0.2897619401813357,0,1
em2x3125u_healthy_timeseries.csv,EMB_COMP_001,EM2X3125U,healthy,idle,2026-01-01 00:04:22.000,2026-01-01 00:04:23.990,262.0,263.99,200,0.0014832299576430276,0.00119312714602292,0.0014813107623638602,0.0011900609630503833,0.0038412831401262,0.0040207404852338,2.5898095708842814,3.3699178655319617,2.7317286536148986,3.2517281307116717,21.5,11.0,0.027716974546352215,0.01616934737992107,0.0,0.016096067134018774,0.012229671863811225,0.0,41.49297183905015,41.90753100940094,41.07603858680347,0.8314924225974707,-0.003716376177828755,0.00085430366359795,0.0057147092893324,0.0,0.001258736355710713,0.0057147092893324,0,1
em2x3125u_healthy_timeseries.csv,EMB_COMP_001,EM2X3125U,healthy,idle,2026-01-01 00:04:23.000,2026-01-01 00:04:24.990,263.0,264.99,200,0.0014903485776039413,0.0012169578263987466,0.001486888249522454,0.0012135881826658354,0.0060676296352601,0.0040207404852338,4.0712821996415975,3.303927546225723,3.880228197920597,3.1412737964890503,3.5,40.0,0.0288454500786661,0.015388403414745429,0.0,0.01866739968984822,0.010937331952170675,0.0,41.11830275775463,41.54308221212014,40.687979453016176,0.8551027591039642,-0.003799246710245021,0.000875513129183468,0.0058661698008321,0.0,0.0012364096417516442,0.0058661698008321,0,1
em2x3125u_healthy_timeseries.csv,EMB_COMP_001,EM2X3125U,healthy,idle,2026-01-01 00:04:24.000,2026-01-01 00:04:25.990,264.0,265.99,200,0.0015488392638233262,0.0011906054033646038,0.0015485568684153869,0.0011902760978999515,0.0060676296352601,0.0031394438368233,3.9175334568172633,2.636846622694098,4.216231759612927,2.6582434537956705,23.0,29.5,0.03142306373067852,0.01661835399315277,0.0,0.02026951690006304,0.008139438575851626,0.0,40.739464955337986,41.20038358468607,40.30781728901711,0.8925662956689635,-0.0038193474731781966,0.0007588048853433437,0.0058661698008321,0.0,0.0011394929390742574,0.0058661698008321,0,1
em2x3125u_healthy_timeseries.csv,EMB_COMP_001,EM2X3125U,healthy,idle,2026-01-01 00:04:25.000,2026-01-01 00:04:26.990,265.0,266.99,200,0.0015098124656716726,0.0011622064479067135,0.001502969920119731,0.0011620688647513094,0.0048420129694029,0.0031206730757086,3.20702940232304,2.685128000562501,3.7390864208695653,2.4747311796193943,28.5,50.0,0.026683657512026476,0.01886517721138728,0.0,0.01719304695716658,0.010411726096030947,0.0,40.36274738383973,40.79136422686554,39.94931923759849,0.8420449892670518,-0.0037047959827600243,0.00086060485288975,0.0052267343693438,0.0,0.0012040628160506694,0.0052267343693438,0,1
em2x3125u_healthy_timeseries.csv,EMB_COMP_001,EM2X3125U,healthy,idle,2026-01-01 00:04:26.000,2026-01-01 00:04:27.990,266.0,267.99,200,0.001464052065142981,0.0012599200612741753,0.0014628277535980437,0.001258515877196329,0.0043663069356323,0.0035265739913657,2.982344029688508,2.7990458281926434,3.275958633544039,2.681698313258976,6.0,27.5,0.029409948333141648,0.013400426366515224,0.0,0.016422319484697953,0.015303372393690041,0.0,39.989167453001706,40.38542435362228,39.55901667600194,0.8264076776203382,-0.0037229991456389105,0.0009361452651629282,0.0047371842000976,0.0,0.0012254802391479423,0.0047371842000976,0,1
em2x3125u_healthy_timeseries.csv,EMB_COMP_001,EM2X3125U,healthy,idle,2026-01-01 00:04:27.000,2026-01-01 00:04:28.990,267.0,268.99,200,0.0014310887594292836,0.0012289226616702532,0.0014307266761541338,0.0012287970567786504,0.0035705108562999,0.0035265739913657,2.4949611495263335,2.8696468063927334,2.916259849662386,2.9114875484136418,2.0,39.5,0.026086960986942274,0.0149902079701439,0.0,0.016995719361865284,0.013203426612017715,0.0,39.61353908162561,40.0337638700108,39.20019850298157,0.8335653670292302,-0.003759155585684376,0.0009217667305725696,0.0056026397169866,0.0,0.0012984934387896727,0.0056026397169866,0,1
em2x3125u_healthy_timeseries.csv,EMB_COMP_001,EM2X3125U,healthy,idle,2026-01-01 00:04:28.000,2026-01-01 00:04:29.990,268.0,269.99,200,0.0014559289486309431,0.0012159792768491231,0.001454018550632312,0.0012129308515559736,0.0038613000839679,0.0038924887436488,2.6521212368218965,3.2011143756784386,3.003185752291376,3.0504479557529445,22.0,41.5,0.021762232879960465,0.020646308594561416,0.0,0.016548730405880424,0.012959271349505731,0.0,39.23692492386991,39.65494872316297,38.817544908402624,0.8374038147603429,-0.003683092048345577,0.000916201013665246,0.0056026397169866,0.0,0.0013143065524284661,0.0056026397169866,0,1
em2x3125u_healthy_timeseries.csv,EMB_COMP_001,EM2X3125U,healthy,idle,2026-01-01 00:04:29.000,2026-01-01 00:04:30.990,269.0,270.99,200,0.05985404234681091,0.038773345178914974,0.05985384179565233,0.03876814868170204,0.1871097940906577,0.1323580567956354,3.126101208110418,3.4136352224675206,5.077078479517079,4.742937922573079,40.0,40.0,17.661502407801937,54.002072594411274,0.0,7.588755621507485,22.495688177584793,0.0,33.37545073863012,39.34395072188418,26.691498067857214,12.652452654026963,-0.08302322970946767,2.507446250214698,6.369403985410098,0.0,2.5690538410766597,6.369403985410098,1,1
em2x3125u_healthy_timeseries.csv,EMB_COMP_001,EM2X3125U,healthy,startup,2026-01-01 00:04:30.000,2026-01-01 00:04:31.990,270.0,271.99,200,0.08396521640097379,0.05460967192486898,0.08396295936705832,0.0545983212847657,0.1871097940906577,0.1437140758282582,2.228420316302403,2.631659754813717,2.574293724336313,2.4686374815114185,40.0,40.0,33.376817531490374,107.72973588097572,0.0,15.467017897203563,44.16065131415165,0.0,28.712821384112075,30.728662836056817,26.691498067857214,4.037164768199602,0.02020734102363437,3.6229334005842224,6.369403985410098,0.8882931258958188,1.6039306258223032,5.481110859514279,1,1
em2x3125u_healthy_timeseries.csv,EMB_COMP_001,EM2X3125U,healthy,startup,2026-01-01 00:04:31.000,2026-01-01 00:04:32.990,271.0,272.99,200,0.06339000451967959,0.04127380234608611,0.06338540599642332,0.04126515761729193,0.1703755095337797,0.1437140758282582,2.68773461722796,3.481968407543296,4.0225819639903,4.034211611105247,40.0,40.0,16.883070522599102,63.52261888001422,0.0,8.372570387789187,25.687620751424014,0.0,30.389581919243177,31.498166779049228,28.65438693952756,2.8437798395216696,0.013371853351559848,1.4649938048657445,3.72793166884313,0.6438906920276987,0.9532440138524089,3.0840409768154315,1,1
em2x3125u_healthy_timeseries.csv,EMB_COMP_001,EM2X3125U,healthy,steady_state,2026-01-01 00:04:32.000,2026-01-01 00:04:33.990,272.0,273.99,200,0.03298718047980966,0.020987064639414296,0.03298648438390089,0.02098649578449173,0.0601315548467384,0.040986176368539,1.822876462071164,1.9529256269390722,2.1887744854450233,2.145022579570333,40.0,40.0,1.829014580987448,19.944056185361166,0.0,0.9389857943874925,7.8724275839791975,0.0,31.439466849232893,32.40724878048632,30.583831372392016,1.8234174080943042,0.0076290762919616235,0.6987847042725295,0.7579490300297322,0.6438906920276987,0.02019548397685725,0.11405833800203358,0,1
em2x3125u_healthy_timeseries.csv,EMB_COMP_001,EM2X3125U,healthy,steady_state,2026-01-01 00:04:33.000,2026-01-01 00:04:34.990,273.0,274.99,200,0.03257847874791799,0.021004629654649727,0.0325779162209577,0.021002056623202304,0.0601315548467384,0.0421787278615787,1.8457447111639997,2.008068152358103,2.1009911482087933,2.1376219132522083,40.0,40.0,1.603030215875831,19.634493775083765,0.0,0.8889612944718094,7.935647581981835,0.0,32.197529873332805,33.14835643842257,31.319730233694163,1.8286262047284048,0.007482562448939677,0.699607163716902,0.751567770220063,0.6381490627722763,0.01929478700392752,0.1134187074477867,0,1
em2x3125u_healthy_timeseries.csv,EMB_COMP_001,EM2X3125U,healthy,steady_state,2026-01-01 00:04:34.000,2026-01-01 00:04:35.990,274.0,275.99,200,0.033238314572350894,0.021264829722713104,0.03323458198249016,0.021252067295033334,0.0605994422359196,0.0421787278615787,1.8231803572353487,1.9834970893995605,2.1226897618190463,2.0838995769598476,40.0,40.0,1.851279805490352,20.23963021893008,0.0,0.8016401021663297,8.231440554958338,0.0,32.962879759678444,33.81340655762448,32.08661728349395,1.7267892741305317,0.0077368551379726775,0.6998809618484927,0.7601899355724674,0.6381490627722763,0.019657254275529907,0.12204087280019105,0,1
em2x3125u_healthy_timeseries.csv,EMB_COMP_001,EM2X3125U,healthy,steady_state,2026-01-01 00:04:35.000,2026-01-01 00:04:36.990,275.0,276.99,200,0.03341191224118317,0.021229857299400058,0.033411753379826936,0.021228565039464815,0.0626147843101203,0.039246920971737,1.874025762372917,1.8486662636609477,2.167029269662007,2.0760326779076674,40.0,40.0,1.9022160326747672,20.425968962609033,0.0,0.8392029912920891,8.17390520526426,0.0,33.73373166971613,34.61230544590542,32.7516753318377,1.8606301140677175,0.007618785445277445,0.6980503553018319,0.7601899355724674,0.6526294590839438,0.019384183781077088,0.10756047648852363,0,1
em2x3125u_healthy_timeseries.csv,EMB_COMP_001,EM2X3125U,healthy,steady_state,2026-01-01 00:04:36.000,2026-01-01 00:04:37.990,276.0,277.99,200,0.03294135291299474,0.02126571534629448,0.03294134743767727,0.021265715055562438,0.0626147843101203,0.0439223616141864,1.9007957710631838,2.065407201166163,2.166087394680751,2.094506063474942,40.0,40.0,1.6538860665961443,20.053690043813845,0.0,0.8596026930123388,8.185033713250473,0.0,34.490211352419976,35.45982570987569,33.460675977401976,1.999149732473711,0.007589755651388399,0.6974176595715746,0.7531406413284265,0.6462420659439836,0.01969519590262197,0.10689857538444292,0,1
em2x3125u_healthy_timeseries.csv,EMB_COMP_001,EM2X3125U,healthy,steady_state,2026-01-01 00:04:37.000,2026-01-01 00:04:38.990,277.0,278.99,200,0.03341505957419897,0.021232572664090607,0.033414662111147464,0.021229130461125897,0.0634633705290888,0.0439223616141864,1.8992445722913291,2.0686311691502977,2.1473768861980007,2.103270889327618,40.0,40.0,1.646230447576414,20.6906883025013,0.0,0.8510823715429665,8.164412182186371,0.0,35.253500329973434,36.139606639058144,34.41067121297058,1.728935426087567,0.007623262740006514,0.7006844773019408,0.7531406413284265,0.6462420659439836,0.01985424413357061,0.10689857538444292,0,1
em2x3125u_healthy_timeseries.csv,EMB_COMP_001,EM2X3125U,healthy,steady_state,2026-01-01 00:04:38.000,2026-01-01 00:04:39.990,278.0,279.99,200,0.03336590248296263,0.020651937091939722,0.033364993031249124,0.02064778231599769,0.0644723279652129,0.0439187729103743,1.932281855649908,2.1266176008019815,2.132548474686628,2.1385840873228217,40.0,40.0,1.6134743825321625,20.6532517024872,0.0,0.8431910030761981,7.683752310290211,0.0,36.025058403360575,36.85361146467157,35.23224450328506,1.6213669613865136,0.007590719627539657,0.7025330908477722,0.7626027828299552,0.655558317054441,0.019190757061240512,0.10704446577551419,0,1
em2x3125u_healthy_timeseries.csv,EMB_COMP_001,EM2X3125U,healthy,steady_state,2026-01-01 00:04:39.000,2026-01-01 00:04:40.990,279.0,280.99,200,0.03385131562394699,0.020284232976373332,0.0338490115171797,0.020283736230044227,0.0644723279652129,0.0432095770174537,1.9045737743676967,2.1302051237423347,2.1901693361786734,2.143742611425121,40.0,40.0,1.7711299766794089,21.14483126600007,0.0,0.8395117692736126,7.389215214748868,0.0,36.78621327174089,37.75508920737239,35.94748488878223,1.8076043185901653,0.007504055463779655,0.7025600164171714,0.7707462909980299,0.6448018032848979,0.020751931271312123,0.12594448771313205,0,1
em2x3125u_healthy_timeseries.csv,EMB_COMP_001,EM2X3125U,healthy,steady_state,2026-01-01 00:04:40.000,2026-01-01 00:04:41.990,280.0,281.99,200,0.03446146500011866,0.020314737844268797,0.034460514967080295,0.020310240312598874,0.0721738127731377,0.0389871614534913,2.094333852983011,1.9191565134811905,2.265465283846687,2.0810302724652976,40.0,40.0,2.281536670810514,21.47078837975879,0.0,0.860874800237727,7.391128319272186,0.0,37.54235093242169,38.43447620122903,36.73041799854496,1.7040582026840738,0.007528697344529083,0.7009278848325738,0.7707462909980299,0.6437606677753469,0.02202207537587496,0.12698562322268303,0,1
em2x3125u_healthy_timeseries.csv,EMB_COMP_001,EM2X3125U,healthy,steady_state,2026-01-01 00:04:41.000,2026-01-01 00:04:42.990,281.0,282.99,200,0.0339658864420944,0.02046417466400986,0.03396579856548426,0.020463131332606604,0.0721738127731377,0.0385510308823087,2.1248911874030076,1.8838302308916477,2.2745912860044646,2.0841861253173954,40.0,40.0,2.2273350275086945,20.847385136103558,0.0,0.9062651463144703,7.469707069917783,0.0,38.30083869828415,39.21358951443349,37.43404673703867,1.7795427773948163,0.007547915888844388,0.699271762240029,0.7570338998171641,0.6406191541674062,0.020785857244283324,0.11641474564975784,0,1
em2x3125u_healthy_timeseries.csv,EMB_COMP_001,EM2X3125U,healthy,steady_state,2026-01-01 00:04:42.000,2026-01-01 00:04:43.990,282.0,283.99,200,0.0341170417534288,0.020973302607261577,0.0341169479532515,0.02097239420630989,0.0640116143624809,0.0411477643502835,1.8762357775655525,1.9619115368142797,2.209202357805612,2.0833710023250767,40.0,40.0,1.9949197178868137,21.29162683197443,0.0,0.8311945424496441,7.966973057589112,0.0,39.067911247750835,39.97817293687128,38.19731271741804,1.7808602194532384,0.007691995616697637,0.7001105760698775,0.7581392082131196,0.6406191541674062,0.019792874804561416,0.11752005404571342,0,1
em2x3125u_healthy_timeseries.csv,EMB_COMP_001,EM2X3125U,healthy,steady_state,2026-01-01 00:04:43.000,2026-01-01 00:04:44.990,283.0,284.99,200,0.0337038651299949,0.021099964562530594,0.03370350137318243,0.021099889261243607,0.0647598256442498,0.0411477643502835,1.9214361734024537,1.950134287114106,2.2577471055107963,2.0925310849708563,40.0,40.0,2.0946122991034457,20.63226563106298,0.0,0.8061016031463117,8.098811324978298,0.0,39.83333624887176,40.70135798479173,39.01331127177268,1.6880467130190482,0.007523315531991528,0.6996930077849604,0.764557374707562,0.6439908411304014,0.020811851928033216,0.12056653357716063,0,1
em2x3125u_healthy_timeseries.csv,EMB_COMP_001,EM2X3125U,healthy,steady_state,2026-01-01 00:04:44.000,2026-01-01 00:04:45.990,284.0,285.99,200,0.03305018284572934,0.02072050730551172,0.033048721979360936,0.02072047783707433,0.0647598256442498,0.0391634021433951,1.9594392547397934,1.8900793096401416,2.2512772430643997,2.0692366462589926,40.0,40.0,2.095635939983568,19.75099757742596,0.0,0.8125270835828545,7.774809129725881,0.0,40.599252526535686,41.47399578730698,39.67660280829824,1.797392979008741,0.007788234668212335,0.6989874026409505,0.764557374707562,0.6350748215680352,0.02084881254131912,0.12948255313952683,0,1
em2x3125u_healthy_timeseries.csv,EMB_COMP_001,EM2X3125U,healthy,steady_state,2026-01-01 00:04:45.000,2026-01-01 00:04:46.990,285.0,286.99,200,0.03330761544928901,0.02074959520278284,0.033307368187810375,0.020748704475375492,0.0641955764196006,0.0391634021433951,1.9273543168329972,1.8874296949244913,2.1348484092937996,2.0100223903147714,40.0,40.0,1.8211967326035177,20.366871017632192,0.0,0.7462529028473687,7.864389968680354,0.0,41.36367225529747,42.25308207645008,40.45119755070456,1.801884525745514,0.007513390513733492,0.6990262020178494,0.7524238502438196,0.6350748215680352,0.019897768798572045,0.11734902867578445,0,1
em2x3125u_healthy_timeseries.csv,EMB_COMP_001,EM2X3125U,healthy,steady_state,2026-01-01 00:04:46.000,2026-01-01 00:04:47.990,286.0,287.99,200,0.033293032123670664,0.02087124516126338,0.03329300027446206,0.02087098960545521,0.0641955764196006,0.0390413130057202,1.9281985546146412,1.870579004945048,2.1280653093943434,2.0435525854617578,40.0,40.0,1.6692910035661983,20.499387318260485,0.0,0.8106210187533198,7.9023968164785225,0.0,42.11296441172761,42.96737187285805,41.17618728834523,1.7911845845128198,0.007537562048971643,0.6989152011211278,0.7519657057511075,0.6572266300711158,0.020279440645707157,0.09473907567999174,0,1
em2x3125u_healthy_timeseries.csv,EMB_COMP_001,EM2X3125U,healthy,steady_state,2026-01-01 00:04:47.000,2026-01-01 00:04:48.990,287.0,288.99,200,0.03294760871239197,0.020845210530495296,0.032942315317371226,0.02084511409664471,0.0625451492642219,0.0407894995429419,1.8983213564964416,1.956780406859854,2.157361452477142,2.1227311544775453,40.0,40.0,1.691586140625497,20.01256601365289,0.0,0.8538061253841065,7.842885481627442,0.0,42.87306657606521,43.63965257923638,41.96265302548292,1.6769995537534612,0.007637207826314165,0.6985821948738825,0.7519657057511075,0.6571980957339423,0.020552217544425353,0.09476761001716527,0,1
em2x3125u_healthy_timeseries.csv,EMB_COMP_001,EM2X3125U,healthy,steady_state,2026-01-01 00:04:48.000,2026-01-01 00:04:49.990,288.0,289.99,200,0.03309470759589181,0.020755635788071186,0.03308320498101054,0.02075558195401553,0.0625451492642219,0.0407894995429419,1.8898837248523055,1.965225250598428,2.135931869272983,2.1335857604996895,40.0,40.0,1.6670886755877223,20.222966236478754,0.0,0.8586150820378002,7.76095494759549,0.0,43.644176823040674,44.54408233032114,42.74455281266505,1.7995295176560901,0.007590528703463398,0.7005810539615202,0.7518322347340048,0.6571980957339423,0.01926421749520379,0.09463413900006257,0,1
em2x3125u_healthy_timeseries.csv,EMB_COMP_001,EM2X3125U,healthy,shutdown,2026-01-01 00:04:49.000,2026-01-01 00:04:50.990,289.0,290.99,200,0.026807591724080555,0.016581281898075752,0.026803277267636545,0.016580947661624067,0.0607586895994351,0.0381494148873768,2.2664732522338875,2.300751843064921,2.784548101643046,2.782368179842083,40.0,40.0,0.9827290439371674,13.389854678648772,0.0,0.5443493181321162,4.956147979244789,0.0,43.97663981937183,44.54408233032114,43.36109086902002,1.1829914613011212,-0.0011477856945686013,0.5618253609881502,0.7518322347340048,0.2863219833628705,0.15299037782854663,0.46551025137113433,0,1
em2x3125u_healthy_timeseries.csv,EMB_COMP_001,EM2X3125U,healthy,shutdown,2026-01-01 00:04:50.000,2026-01-01 00:04:51.990,290.0,291.99,200,0.014282915660385339,0.009133887927653921,0.014278322180772875,0.00913363098450978,0.0362566457601749,0.0270364266753822,2.538462497593207,2.960012963759522,2.446836570045562,2.6099955205860796,40.0,40.0,0.25566712406614284,3.8256605061841458,0.0,0.19040168154730433,1.4781168300423984,0.0,43.42304493097685,44.47742048246376,42.357899075565086,2.11952140689867,-0.010060758642647556,0.28013098548523824,0.5540562262983839,0.0,0.16268016152902842,0.5540562262983839,0,1
em2x3125u_healthy_timeseries.csv,EMB_COMP_001,EM2X3125U,healthy,idle,2026-01-01 00:04:51.000,2026-01-01 00:04:52.990,291.0,292.99,200,0.0071607306661368286,0.004667189028954793,0.0071569197973901395,0.004661555497927018,0.0248243246623208,0.0177048494986189,3.46673067592324,3.7934716997275477,4.976120091798791,5.191100950844505,40.0,40.0,0.15934468453533007,0.8668418435478085,0.0,0.10344046501920044,0.33139061904929895,0.0,42.569728412032944,43.45795624969801,41.98885479914047,1.4691014505575382,-0.007032915059655628,0.0702309230742027,0.2931273373635185,0.0,0.09115253803095094,0.2931273373635185,0,1
em2x3125u_healthy_timeseries.csv,EMB_COMP_001,EM2X3125U,healthy,idle,2026-01-01 00:04:52.000,2026-01-01 00:04:53.990,292.0,293.99,200,0.0015498890450642087,0.0011887907133716826,0.0015490793279813596,0.0011874156894584919,0.0040819073697402,0.0038193737125603,2.6336771543353255,3.2128226353044784,2.780831658192943,3.068984533178129,14.0,1.0,0.029829769527029683,0.018163541945531176,0.0,0.019558161706350455,0.008715726507890278,0.0,42.03154207800451,42.47382118498429,41.59075537173916,0.8830658132451319,-0.0036988858477181932,0.0008006447596607602,0.0075964206807404,0.0,0.0012865537303148576,0.0075964206807404,0,1
em2x3125u_healthy_timeseries.csv,EMB_COMP_001,EM2X3125U,healthy,idle,2026-01-01 00:04:53.000,2026-01-01 00:04:54.990,293.0,294.99,200,0.0014857769365535882,0.001134463030223682,0.0014845964006218514,0.0011343736077555472,0.0039825803181765,0.0038193737125603,2.6804698741753947,3.366679751395014,3.0502925816003796,3.47532936010362,14.0,15.5,0.02710453878939344,0.0170028473446288,0.0,0.016139462006331543,0.009645741471281749,0.0,41.6546460694476,42.122631693601946,41.17322809944417,0.9494035941577792,-0.003792870102071062,0.0008052522575089123,0.0049215666651593,0.0,0.0011990816232866235,0.0049215666651593,0,1
em2x3125u_healthy_timeseries.csv,EMB_COMP_001,EM2X3125U,healthy,idle,2026-01-01 00:04:54.000,2026-01-01 00:04:55.990,294.0,295.99,200,0.0014805489374299376,0.0010774469897955957,0.001445673256840515,0.0010769082742701484,0.0039825803181765,0.0029984321740584,2.689934940678017,2.782904590626067,2.5794194439486215,3.148169333501148,30.5,16.0,0.024524161624022354,0.017447216658429958,0.0,0.012955835855037168,0.010300803562246006,0.0,41.270107789752956,41.74138856869744,40.80154836500496,0.9398402036924765,-0.0038275789563624488,0.0007403386465952488,0.0059325469885693,0.0,0.001224145338634305,0.0059325469885693,0,1
em2x3125u_healthy_timeseries.csv,EMB_COMP_001,EM2X3125U,healthy,idle,2026-01-01 00:04:55.000,2026-01-01 00:04:56.990,295.0,296.99,200,0.0015957154260124715,0.0011171985435025728,0.0015955430665340138,0.0011171151611992331,0.0042645412724097,0.0031717799673695,2.6724948589776747,2.8390477107368297,2.510307329695316,3.123001628734903,6.0,50.0,0.03070184639193268,0.02073602921435096,0.0,0.014850497146808861,0.0107075515550728,0.0,40.90089196239044,41.29634903913993,40.45181884926605,0.8445301898738862,-0.0036005015908834744,0.0008147258289015642,0.0059325469885693,0.0,0.0012395891754282521,0.0059325469885693,0,1
em2x3125u_healthy_timeseries.csv,EMB_COMP_001,EM2X3125U,healthy,idle,2026-01-01 00:04:56.000,2026-01-01 00:04:57.990,296.0,297.99,200,0.0015429953855288763,0.0011581512169430972,0.0015309308440210857,0.0011581245370882393,0.0042645412724097,0.0032803227103214,2.763806886530635,2.832378589541792,2.7252645377486013,3.1652717193136666,45.5,25.0,0.027519834698431698,0.01937037787118558,0.0,0.016329926601768796,0.010721454511696519,0.0,40.53467297424312,40.962972979275214,40.1061025619278,0.856870417347416,-0.003845114570626773,0.000831189857727346,0.0053498315860156,0.0,0.0011927507504344104,0.0053498315860156,0,1
em2x3125u_healthy_timeseries.csv,EMB_COMP_001,EM2X3125U,healthy,idle,2026-01-01 00:04:57.000,2026-01-01 00:04:58.990,297.0,298.99,200,0.0014855699849448648,0.001223985355898387,0.0014855337222953527,0.0012219727784271992,0.0043108894572475,0.0032803227103214,2.901842054521244,2.6800342786075997,3.074993333354225,2.792019802235948,45.0,8.0,0.02660477157037068,0.018287663640547153,0.0,0.018941435935236454,0.011020842216982364,0.0,40.15578946459266,40.61611142292893,39.703960587572936,0.9121508353559946,-0.003809064404934861,0.0008091257255811096,0.004563293881114,0.0,0.0011106812832879938,0.004563293881114,0,1
em2x3125u_healthy_timeseries.csv,EMB_COMP_001,EM2X3125U,healthy,idle,2026-01-01 00:04:58.000,2026-01-01 00:04:59.990,298.0,299.99,200,0.0015634063104701295,0.0012449149650044387,0.0015629951935563352,0.0012438373509651055,0.0043108894572475,0.0030677397663129,2.7573698714003396,2.464216314004999,2.7401035614256974,2.538811569235704,34.5,48.0,0.026230572836942464,0.022693687808222486,0.0,0.018221266490335963,0.013186488980302365,0.0,39.78369637221751,40.23059099776142,39.3378996004077,0.8926913973537154,-0.0036969251990819417,0.0007977310943737462,0.0051215975304744,0.0,0.001115090386640311,0.0051215975304744,0,1
em2x3125u_healthy_timeseries.csv,EMB_COMP_001,EM2X3125U,healthy,idle,2026-01-01 00:04:59.000,2026-01-01 00:05:00.990,299.0,300.99,200,0.0583214230191959,0.04085029869036176,0.05826129394199618,0.040850264732519855,0.17811758178782,0.1245054158408733,3.0540678290581904,3.047845911350684,5.48731707898461,4.438140915202747,40.0,40.0,18.311374627777997,49.57744563025297,0.0,7.928418385472377,25.45998222425094,0.0,33.79704756255644,39.88565353273523,26.965375838376044,12.92027769435919,-0.08500055120388657,2.50372338389447,6.465307852067149,0.0,2.5669431953724566,6.465307852067149,1,1
em2x3125u_healthy_timeseries.csv,EMB_COMP_001,EM2X3125U,healthy,startup,2026-01-01 00:05:00.000,2026-01-01 00:05:01.990,300.0,301.99,200,0.08196669075122721,0.05856659557694264,0.08194288545970944,0.05856655038806911,0.1963875641157783,0.1310943599587893,2.395943551165483,2.238381088526178,2.7086442289376618,2.3451746163366285,40.0,40.0,37.21517128634153,97.08978849816704,0.0,16.049169856788733,52.67882001460155,0.0,29.00412501426038,31.043815730137634,26.965375838376044,4.07843989176159,0.020142237100432506,3.6230906703462553,6.465307852067149,0.6456108623450826,1.601683950975307,5.8196969897220665,1,1
em2x3125u_healthy_timeseries.csv,EMB_COMP_001,EM2X3125U,healthy,startup,2026-01-01 00:05:01.000,2026-01-01 00:05:02.990,301.0,302.99,200,0.06245132592862226,0.0444553198999021,0.06245101041391738,0.04445272295651559,0.1963875641157783,0.1310943599587893,3.1446500325747495,2.948901509514905,4.042672025025338,4.004568902066059,40.0,40.0,19.69930275102985,58.337558140047875,0.0,8.452387358413052,31.159535869765133,0.0,30.700204469485215,31.865199761436877,28.92861385612664,2.9365859053102383,0.013724057875364234,1.4692423551356177,3.695975205740759,0.6456108623450826,0.959235830471125,3.0503643433956764,1,1
em2x3125u_healthy_timeseries.csv,EMB_COMP_001,EM2X3125U,healthy,steady_state,2026-01-01 00:05:02.000,2026-01-01 00:05:03.990,302.0,303.99,200,0.033285803264502346,0.02067551733338869,0.03328324539276289,0.020673975837276308,0.0616616021687093,0.0417516720251599,1.8524895337126603,2.0193773801120583,2.1337440256369953,2.1615453148965256,40.0,40.0,1.5629978108878075,20.597765580847156,0.0,0.7876599489103763,7.769594654207646,0.0,31.77258406746723,32.69703258213754,30.902225995653875,1.7948065864836629,0.007731007740329747,0.6999964107083667,0.7560082091563995,0.6420030492860911,0.01992180981451654,0.11400515987030846,0,1
em2x3125u_healthy_timeseries.csv,EMB_COMP_001,EM2X3125U,healthy,steady_state,2026-01-01 00:05:03.000,2026-01-01 00:05:04.990,303.0,304.99,200,0.03282701716564895,0.02082112450798844,0.03282469191145243,0.020821124507976706,0.0643693330941968,0.0417516720251599,1.9608645150237578,2.005255384220052,2.1106379231211405,2.1619501982844813,40.0,40.0,1.526186068799534,20.02373678363805,0.0,0.8817950641688044,7.789247393775029,0.0,32.55790858777884,33.55251692039254,31.714880962157515,1.8376359582350261,0.007937395192823781,0.7007895670953039,0.7560082091563995,0.6420030492860911,0.02148394937363932,0.11400515987030846,0,1
em2x3125u_healthy_timeseries.csv,EMB_COMP_001,EM2X3125U,healthy,steady_state,2026-01-01 00:05:04.000,2026-01-01 00:05:05.990,304.0,305.99,200,0.033147403191651374,0.021113152091708564,0.03314529263291709,0.021111096504658665,0.0643693330941968,0.0472151212586136,1.9419117908581478,2.2362895437652655,2.1523043651562483,2.208060564176211,40.0,40.0,1.7270227498366684,20.245754200241038,0.0,0.9892835642650332,7.924977173419384,0.0,33.335762497665826,34.19778788270383,32.531066147761614,1.6667217349422145,0.007648320136715361,0.700721155798607,0.7541598979123415,0.6432579328804809,0.020495224578658676,0.11090196503186056,0,1
em2x3125u_healthy_timeseries.csv,EMB_COMP_001,EM2X3125U,healthy,steady_state,2026-01-01 00:05:05.000,2026-01-01 00:05:06.990,305.0,306.99,200,0.033318658449881466,0.021210232157118526,0.033304548283190454,0.02121013207541108,0.0611268611888275,0.0472151212586136,1.8346135178514358,2.226053958714798,2.179529647890233,2.1798132677834436,40.0,40.0,1.816367320935084,20.370129510620636,0.0,0.9483589053085371,8.04907740100828,0.0,34.10387871955422,35.14952148680745,33.164766252492825,1.9847552343146262,0.007820339108820098,0.7000360118920571,0.7536050392033473,0.6432579328804809,0.020482748245855477,0.11034710632286637,0,1
em2x3125u_healthy_timeseries.csv,EMB_COMP_001,EM2X3125U,healthy,steady_state,2026-01-01 00:05:06.000,2026-01-01 00:05:07.990,306.0,307.99,200,0.033512969397067056,0.02135451485994168,0.03350928974992957,0.02135043873997418,0.0599894057954222,0.0431483386933199,1.7900355257887794,2.0205721823379204,2.1447080821718907,2.1429055907235948,40.0,40.0,1.7851051126294224,20.672407389505956,0.0,0.9092915026795515,8.207918884406833,0.0,34.88921613216366,35.921316438209054,33.98742011162106,1.9338963265879912,0.00793942335151553,0.700933821569745,0.7536050392033473,0.6532710110989725,0.020706928555332793,0.10033402810437486,0,1
em2x3125u_healthy_timeseries.csv,EMB_COMP_001,EM2X3125U,healthy,steady_state,2026-01-01 00:05:07.000,2026-01-01 00:05:08.990,307.0,308.99,200,0.03376706242380306,0.021290053301007347,0.033766657187187854,0.02128449202533961,0.0608577748753471,0.0431483386933199,1.8022821799401556,2.0266900267120667,2.1632831344215244,2.132382909599123,40.0,40.0,1.8879146849374724,20.915845317050316,0.0,0.8769175637098042,8.184340302674165,0.0,35.67656615815156,36.53293629563361,34.74684345768967,1.78609283794394,0.00783802150533795,0.700878323550484,0.7473301552213848,0.6537295333535018,0.019289484478811972,0.09360062186788298,0,1
em2x3125u_healthy_timeseries.csv,EMB_COMP_001,EM2X3125U,healthy,steady_state,2026-01-01 00:05:08.000,2026-01-01 00:05:09.990,308.0,309.99,200,0.032894672823979586,0.021066386823191785,0.032893943170174175,0.021066384542776644,0.0614549468580029,0.0408554400748917,1.8682340203488337,1.9393662718617857,2.2219959298622514,2.084310119115644,40.0,40.0,1.813787338573016,19.826847280246415,0.0,0.8049620648631824,8.071142805530092,0.0,36.45029860425282,37.47647854865357,35.51572276719391,1.9607557814596603,0.007711560936566899,0.6994068828360784,0.746314237654208,0.646951753950927,0.01808530340803037,0.09936248370328105,0,1
em2x3125u_healthy_timeseries.csv,EMB_COMP_001,EM2X3125U,healthy,steady_state,2026-01-01 00:05:09.000,2026-01-01 00:05:10.990,309.0,310.99,200,0.03285386635844315,0.020881674426378026,0.0328513132247756,0.02088141424783642,0.0647669526810917,0.0408554400748917,1.9713647086303183,1.9565212655208593,2.2245040926205037,2.1069326512824658,40.0,40.0,1.6720056704201465,19.912219783392118,0.0,0.7715201241241607,7.949220955566565,0.0,37.224629048858105,38.29187112326087,36.359497376800064,1.9323737464608044,0.007804788182423845,0.6995785252239165,0.7528611341113294,0.646951753950927,0.019608217194036843,0.10590938016040241,0,1
em2x3125u_healthy_timeseries.csv,EMB_COMP_001,EM2X3125U,healthy,steady_state,2026-01-01 00:05:10.000,2026-01-01 00:05:11.990,310.0,311.99,200,0.033854731982254596,0.020612189633664797,0.03385469894892338,0.020611322713533616,0.0647669526810917,0.0396219143078367,1.9130841949964381,1.9222564420387598,2.1935987634333234,2.1139515512087454,40.0,40.0,1.914677360710652,21.016339267603083,0.0,0.7962265820187998,7.700670443006702,0.0,38.00535084522146,38.849481014023205,37.09798970264055,1.751491311382658,0.007731432510590058,0.7004042715311417,0.7528611341113294,0.6324550431500654,0.021013478030508872,0.12040609096126398,0,1
em2x3125u_healthy_timeseries.csv,EMB_COMP_001,EM2X3125U,healthy,steady_state,2026-01-01 00:05:11.000,2026-01-01 00:05:12.990,311.0,312.99,200,0.03349100655038061,0.020659667641681794,0.03348508486149201,0.02065882734233661,0.0599648521525232,0.0396219143078367,1.7904762600167872,1.9178389021078797,2.1925759929104296,2.092925664444914,40.0,40.0,2.05211619916151,20.38109181955035,0.0,0.8448057441383239,7.69099990396624,0.0,38.78302644727602,39.663455418263744,37.89116017883316,1.7722952394305835,0.007704076005511719,0.700542074565202,0.7727898775714688,0.6324550431500654,0.020321895130813256,0.14033483442140338,0,1
em2x3125u_healthy_timeseries.csv,EMB_COMP_001,EM2X3125U,healthy,steady_state,2026-01-01 00:05:12.000,2026-01-01 00:05:13.990,312.0,313.99,200,0.03410942745976758,0.02087107423131145,0.03410265851601356,0.020868830518811134,0.0617750641287766,0.0398907328939162,1.8110847566011161,1.9112927514804607,2.20187103096808,2.1057899734498275,40.0,40.0,2.0733073082126943,21.195511845887328,0.0,0.8223203071194788,7.900686563460559,0.0,39.55394909487643,40.49824338740167,38.58449927820076,1.9137441092009126,0.007665031004538895,0.6985117177831336,0.7727898775714688,0.6424418645393152,0.01960605194706195,0.1303480130321536,0,1
em2x3125u_healthy_timeseries.csv,EMB_COMP_001,EM2X3125U,healthy,steady_state,2026-01-01 00:05:13.000,2026-01-01 00:05:14.990,313.0,314.99,200,0.03405168621010615,0.020758326342445902,0.034048274018319835,0.020758127811260244,0.0617750641287766,0.0406823677655893,1.8141558026704259,1.959809625037227,2.1955938129999115,2.1059532668641996,40.0,40.0,2.0505433002395,21.14559959721348,0.0,0.7760922326535172,7.849892043503165,0.0,40.32736280039849,41.265974429431616,39.481283764595965,1.7846906648356509,0.007818181180091918,0.6989504098001902,0.7468524848406359,0.6424418645393152,0.018898785780970963,0.10441062030132076,0,1
em2x3125u_healthy_timeseries.csv,EMB_COMP_001,EM2X3125U,healthy,steady_state,2026-01-01 00:05:14.000,2026-01-01 00:05:15.990,314.0,315.99,200,0.03286312571727463,0.020942900355865237,0.032862585489338285,0.020942668208010932,0.0604970868440193,0.0418666683055766,1.840880486064622,1.9990864490672844,2.175715987804042,2.1397511634949398,40.0,40.0,1.8200641305152472,19.780453486916162,0.0,0.9395332550635667,7.832380418256485,0.0,41.11460114001778,41.92603491642775,40.15611648578481,1.7699184306429459,0.00786471532042336,0.7010494710480725,0.7435738861154344,0.6496120912055507,0.020884597478467874,0.09396179490988366,0,1
em2x3125u_healthy_timeseries.csv,EMB_COMP_001,EM2X3125U,healthy,steady_state,2026-01-01 00:05:15.000,2026-01-01 00:05:16.990,315.0,316.99,200,0.03276702544731482,0.021026469724887795,0.03276617533887648,0.021024290806765624,0.0619592157831546,0.0418666683055766,1.8909014455027993,1.9911411118159075,2.153505112648129,2.1429785062082893,40.0,40.0,1.670297593986017,19.802286241081948,0.0,0.9100880737352632,7.930328061959815,0.0,41.899874980080256,42.78872286791472,41.05273387014177,1.7359889977729495,0.0076780664442771505,0.7019900715208575,0.7566959101366959,0.6265644809458173,0.02252440538955977,0.1301314291908786,0,1
em2x3125u_healthy_timeseries.csv,EMB_COMP_001,EM2X3125U,healthy,steady_state,2026-01-01 00:05:16.000,2026-01-01 00:05:17.990,316.0,317.99,200,0.033047401138270434,0.02143301024885841,0.03304724792602863,0.02143296675671195,0.0633476882342288,0.0423278899244564,1.9168735226465121,1.9748924408185229,2.1413219815487103,2.0703251270769325,40.0,40.0,1.7110318300398106,20.134948407669285,0.0,0.8320300435124225,8.357796291658417,0.0,42.665421136315175,43.548915805602256,41.81746720986517,1.7314485957370849,0.0075492410758414,0.7010595858401808,0.7742226348646006,0.6265644809458173,0.020981789166965827,0.14765815391878334,0,1
em2x3125u_healthy_timeseries.csv,EMB_COMP_001,EM2X3125U,healthy,steady_state,2026-01-01 00:05:17.000,2026-01-01 00:05:18.990,317.0,318.99,200,0.03290429662484468,0.021759610387736706,0.03289938853918824,0.021759610387244905,0.0633476882342288,0.0423278899244564,1.9252102227402597,1.9452503592762662,2.1171390000501717,2.0182711204096564,40.0,40.0,1.62387494892239,20.02444047107802,0.0,0.8648277290047526,8.61048579115178,0.0,43.44445234223223,44.42720773553986,42.5665371003521,1.860670635187759,0.008024049808912978,0.6986432436639157,0.7742226348646006,0.6457105247161298,0.01927818133409928,0.12851211014847086,0,1
em2x3125u_healthy_timeseries.csv,EMB_COMP_001,EM2X3125U,healthy,steady_state,2026-01-01 00:05:18.000,2026-01-01 00:05:19.990,318.0,319.99,200,0.03295315423865947,0.021377631505376266,0.032952687829300276,0.021375446388729378,0.062855642461319,0.0407648636112986,1.9074241575205262,1.9068933619258353,2.1582449299152815,2.021938939274823,40.0,40.0,1.710810347742908,20.007876006404157,0.0,0.7732102424284699,8.365292085908136,0.0,44.22511850633218,45.108956219286206,43.22053573108339,1.8884204882028186,0.007642767619782458,0.6995111238889544,0.7520619447723322,0.6535351748398199,0.018785812862576412,0.0985267699325123,0,1
em2x3125u_healthy_timeseries.csv,EMB_COMP_001,EM2X3125U,healthy,shutdown,2026-01-01 00:05:19.000,2026-01-01 00:05:20.990,319.0,320.99,200,0.02678157216521715,0.01709367903187458,0.026779914338987344,0.01709314635701799,0.062855642461319,0.0407648636112986,2.3469735859253786,2.3847916844164656,2.83718985190779,2.659004558449147,40.0,40.0,1.0892874995208583,13.255477717515648,0.0,0.46533228199084414,5.3784203183885975,0.0,44.492759562396714,45.108956219286206,43.787809746122576,1.3211464731636298,-0.0019905541139320537,0.5606931246095311,0.7520619447723322,0.2740821520601403,0.15327841994886882,0.47797979271219193,0,1
em2x3125u_healthy_timeseries.csv,EMB_COMP_001,EM2X3125U,healthy,shutdown,2026-01-01 00:05:20.000,2026-01-01 00:05:21.990,320.0,321.99,200,0.01468821456194843,0.009209182683032243,0.014684225389472212,0.009208459526543892,0.0463238400434858,0.0212636395523637,3.153810141328765,2.308960554289099,2.698200540854109,2.522732986168577,40.0,40.0,0.3243787471157444,3.9885882492849682,0.0,0.18713447551776252,1.5091097231533208,0.0,43.88750596422057,44.94287727926888,42.83662572659896,2.1062515526699173,-0.00995775451419856,0.2799896691272457,0.57936610079681,0.0,0.16243891829370297,0.57936610079681,0,1
em2x3125u_healthy_timeseries.csv,EMB_COMP_001,EM2X3125U,healthy,idle,2026-01-01 00:05:21.000,2026-01-01 00:05:22.990,321.0,322.99,200,0.007259298935662659,0.004669837880033187,0.007255395919357595,0.004667823157937531,0.0229341090489074,0.0157078166264147,3.1592732648381947,3.363674934750212,4.689043998675361,4.4677548971443635,40.0,40.0,0.17393456158572912,0.8795802705785918,0.0,0.10304291574621485,0.33362827966222797,0.0,43.02185987569666,43.905944412630326,42.28527553653684,1.6206688760934895,-0.007280675336195764,0.07033666001948592,0.2759502227084748,0.0,0.09003828642827483,0.2759502227084748,0,1
em2x3125u_healthy_timeseries.csv,EMB_COMP_001,EM2X3125U,healthy,idle,2026-01-01 00:05:22.000,2026-01-01 00:05:23.990,322.0,323.99,200,0.0017273784507698964,0.0013314282712323514,0.0017267464216458345,0.0013314196688322016,0.0046892116192363,0.0042153524032523,2.7146405682821317,3.166037926587385,2.8547546130558006,3.2545975629971555,13.0,6.0,0.033466731618461684,0.02617164674470931,0.0,0.020561651318816543,0.014893019753221793,0.0,42.46234510206475,42.9315509472105,42.041846372216696,0.8897045749938073,-0.0037948625763116342,0.0008063447771546066,0.0053552855360169,0.0,0.0011996638965521662,0.0053552855360169,0,1
em2x3125u_healthy_timeseries.csv,EMB_COMP_001,EM2X3125U,healthy,idle,2026-01-01 00:05:23.000,2026-01-01 00:05:24.990,323.0,324.99,200,0.0016365479868586013,0.0012521516271864945,0.001632992395416879,0.001244326822161073,0.0046892116192363,0.0041009196913955,2.86530652134275,3.27509832064828,3.072761815290048,3.3337440108169325,50.0,40.0,0.0319372529510095,0.023175550900180267,0.0,0.017423206418890475,0.014199552172965722,0.0,42.088549767028745,42.49319031394506,41.60255516177277,0.8906351521722868,-0.003710863558075047,0.0008161983942084481,0.0051199733732414,0.0,0.0012102973658545955,0.0051199733732414,0,1
em2x3125u_healthy_timeseries.csv,EMB_COMP_001,EM2X3125U,healthy,idle,2026-01-01 00:05:24.000,2026-01-01 00:05:25.990,324.0,325.99,200,0.0014522412757350122,0.0012115379914380837,0.0014474766547200417,0.001202926524863948,0.0040646807524174,0.0041009196913955,2.7989018218478696,3.3848874078870184,2.8876085328445757,2.9846003326555026,23.5,5.5,0.02559916575039097,0.01700107433207578,0.0,0.016345260560969153,0.012596356203188023,0.0,41.71246869056431,42.168913516811045,41.276865861068025,0.8920476557430206,-0.003793715085966836,0.0006454403083023827,0.0051199733732414,0.0,0.0011029618931162803,0.0051199733732414,0,1
em2x3125u_healthy_timeseries.csv,EMB_COMP_001,EM2X3125U,healthy,idle,2026-01-01 00:05:25.000,2026-01-01 00:05:26.990,325.0,326.99,200,0.0013937657955701971,0.0012139768240871504,0.001393106292795664,0.001211215672091746,0.0042710639796619,0.0030101391177546,3.0644057941704506,2.479568850103933,2.9471774193136695,2.6600658833102178,26.5,44.0,0.02156815889571114,0.01767284755477732,0.0,0.017097958177574195,0.012351337918772201,0.0,41.339774214019016,41.77169219704429,40.89991342755824,0.871778769486049,-0.003696036505527103,0.0007833977803402772,0.0053948408043505,0.0,0.0010827381014830164,0.0053948408043505,0,1
em2x3125u_healthy_timeseries.csv,EMB_COMP_001,EM2X3125U,healthy,idle,2026-01-01 00:05:26.000,2026-01-01 00:05:27.990,326.0,327.99,200,0.0014128234102820214,0.0012269478710425978,0.0014102510977740406,0.0012267517106625426,0.0042710639796619,0.0039780568899695,3.0230699382375956,3.2422379009379996,2.7201054058890977,3.210065436496112,37.0,6.0,0.024264582252616657,0.015599116616204414,0.0,0.01610254978445979,0.014001570548745668,0.0,40.96292407114837,41.41245449202859,40.497997535271296,0.9144569567572916,-0.003863622200003983,0.000797380610278519,0.0053948408043505,0.0,0.0010817512728508822,0.0053948408043505,0,1
em2x3125u_healthy_timeseries.csv,EMB_COMP_001,EM2X3125U,healthy,idle,2026-01-01 00:05:27.000,2026-01-01 00:05:28.990,327.0,328.99,200,0.0014458817126142879,0.0011932022367250365,0.0014234441107928188,0.0011907597490702089,0.0037610983670923,0.0039780568899695,2.601249005557921,3.333933483805738,2.5807435760936275,3.2885403305584986,20.0,25.5,0.02364218223860155,0.016928757502216278,0.0,0.015960514238021948,0.012411956278921414,0.0,40.58510216458057,41.00363911260318,40.10942253483187,0.89421657777131,-0.0036873669279487826,0.0006509084418331195,0.0048542221546597,0.0,0.0009660003453363346,0.0048542221546597,0,1
em2x3125u_healthy_timeseries.csv,EMB_COMP_001,EM2X3125U,healthy,idle,2026-01-01 00:05:28.000,2026-01-01 00:05:29.990,328.0,329.99,200,0.0014790953893419503,0.0012159056049276945,0.0014773997779576207,0.001208720762492044,0.004626257713981,0.0032009015539953,3.127761567858867,2.6325247132861485,2.9066965413996146,2.7689027136114785,39.5,44.0,0.024968931462880137,0.01899966295267793,0.0,0.01733890056906233,0.01213437578259803,0.0,40.214714122764875,40.6515737289046,39.8058412474485,0.8457324814561034,-0.003746516388013776,0.000821604379770726,0.0048542221546597,0.0,0.0010923127914525897,0.0048542221546597,0,1
em2x3125u_healthy_timeseries.csv,EMB_COMP_001,EM2X3125U,healthy,idle,2026-01-01 00:05:29.000,2026-01-01 00:05:30.990,329.0,330.99,200,0.05835166704654734,0.03934040626052274,0.05834994733156749,0.03931310885509647,0.1794692225940788,0.1265726658921992,3.0756485920259236,3.2173705846859084,5.131465724961464,4.989249673850296,40.0,40.0,13.765015525827032,54.369996257497654,0.0,7.139078827128834,23.79517312441607,0.0,34.1618766752431,40.2828878052242,27.23121003523882,13.051677769985378,-0.08594150313711475,2.4990280537838334,6.382570097698528,0.0,2.560285856119409,6.382570097698528,1,1
em2x3125u_healthy_timeseries.csv,EMB_COMP_001,EM2X3125U,healthy,startup,2026-01-01 00:05:30.000,2026-01-01 00:05:31.990,330.0,331.99,200,0.08493740173325105,0.05571987404497825,0.08491390864230804,0.05571809146222031,0.1794692225940788,0.1265726658921992,2.112958707610439,2.2715892320579743,2.5335442478801324,2.3870829330012624,40.0,40.0,32.9966154174161,111.23340542320192,0.0,13.007214619852725,49.12812221745396,0.0,29.300543476488812,31.31565523175348,27.23121003523882,4.084445196514661,0.020078897706489723,3.6126193821935186,6.382570097698528,0.7721200442411588,1.597143679519617,5.610450053457369,1,1
em2x3125u_healthy_timeseries.csv,EMB_COMP_001,EM2X3125U,healthy,startup,2026-01-01 00:05:31.000,2026-01-01 00:05:32.990,331.0,332.99,200,0.06607694949232676,0.04216041786026719,0.0660676809226506,0.04215570919596804,0.1770460421900798,0.122645392693789,2.6793918840130386,2.909017484131068,3.928423928880483,3.6071812148543803,40.0,40.0,20.209543429289486,67.10153170384324,0.0,6.25368870968137,29.298447622575857,0.0,30.988786353952086,32.19976840554819,29.221616508559684,2.978151896988507,0.01386491775833156,1.465921270770821,3.63230425710344,0.6536936364239037,0.9489733521887597,2.978610620679536,1,1
em2x3125u_healthy_timeseries.csv,EMB_COMP_001,EM2X3125U,healthy,steady_state,2026-01-01 00:05:32.000,2026-01-01 00:05:33.990,332.0,333.99,200,0.033138914745023146,0.02124042947720158,0.03313795979308006,0.0212366247368189,0.0599231413719118,0.0433245391982807,1.8082409105117467,2.0397204889281126,2.155925809265211,2.110938274151473,40.0,40.0,1.6934983118162374,20.272549517591255,0.0,0.765031207847839,8.25487974713053,0.0,32.06542954510483,32.97751389566987,31.18039348968803,1.7971204059818433,0.007890263761978508,0.7035299724910637,0.7508326056616303,0.6536936364239037,0.01919203035416652,0.09713896923772669,0,1
em2x3125u_healthy_timeseries.csv,EMB_COMP_001,EM2X3125U,healthy,steady_state,2026-01-01 00:05:33.000,2026-01-01 00:05:34.990,333.0,334.99,200,0.03365761056215716,0.021695005460522457,0.033655020488309144,0.021694401096852493,0.0728334113564532,0.0428350803346978,2.163950742193899,1.9744212746405205,2.17238492878269,2.0636793255843617,40.0,40.0,1.7320882738862033,20.921602129605233,0.0,0.8204132851359036,8.592769436800694,0.0,32.86016509253117,33.80104658638972,31.815339649952623,1.9857069364370936,0.007950186542877413,0.700645438529164,0.7469351332624379,0.6374361575817385,0.019169749341484403,0.10949897568069933,0,1
em2x3125u_healthy_timeseries.csv,EMB_COMP_001,EM2X3125U,healthy,steady_state,2026-01-01 00:05:34.000,2026-01-01 00:05:35.990,334.0,335.99,200,0.03374760493321397,0.021413063703578906,0.03374246702717346,0.02141305082109563,0.0728334113564532,0.040477665817246,2.158180158283513,1.8903257552295378,2.191983221720806,2.0469242382732835,40.0,40.0,1.8094985590855395,20.9616087589212,0.0,0.8195181629207694,8.351230028590352,0.0,33.65759346266324,34.599070781465386,32.733692903165746,1.8653778782996397,0.007941611992944485,0.6992565957193498,0.7622204874956453,0.6374361575817385,0.02141842115754383,0.12478432991390676,0,1
em2x3125u_healthy_timeseries.csv,EMB_COMP_001,EM2X3125U,healthy,steady_state,2026-01-01 00:05:35.000,2026-01-01 00:05:36.990,335.0,336.99,200,0.033273184258975776,0.020707423484169155,0.03327294233019786,0.020704661699837812,0.0619284698711535,0.041209855061231,1.86121260259146,1.9901005594798395,2.1671364952554466,2.081529790139245,40.0,40.0,1.7702292794204144,20.3718177788864,0.0,0.823874795577977,7.750041982374489,0.0,34.46104636639913,35.46969214637012,33.53050405333741,1.939188093032712,0.008213603211500853,0.7004278050750475,0.7622204874956453,0.6425595294955618,0.02166126167484954,0.11966095800008347,0,1
em2x3125u_healthy_timeseries.csv,EMB_COMP_001,EM2X3125U,healthy,steady_state,2026-01-01 00:05:36.000,2026-01-01 00:05:37.990,336.0,337.99,200,0.03335421298887096,0.02052376351802593,0.033352746694495776,0.020522241422010267,0.070794922742398,0.041209855061231,2.1225181588310775,2.0079092718563323,2.1779527675480184,2.139652622266076,40.0,40.0,1.8131983683879147,20.442098549812467,0.0,0.9186404280133397,7.505135297206068,0.0,35.26237805516637,36.0914873347676,34.347645029678155,1.7438423050894443,0.007915638422894092,0.7013918578430656,0.7550527052480551,0.6461311381051319,0.020592271563991106,0.10892156714292323,0,1
em2x3125u_healthy_timeseries.csv,EMB_COMP_001,EM2X3125U,healthy,steady_state,2026-01-01 00:05:37.000,2026-01-01 00:05:38.990,337.0,338.99,200,0.03270104575680076,0.021207712768287052,0.03269929038311329,0.021206642913287773,0.070794922742398,0.040373093320811,2.164913112225928,1.9036986101199416,2.2124660264512435,2.145120292613946,40.0,40.0,1.8885304971489827,19.498947586780513,0.0,0.9590888390743524,8.035540258724412,0.0,36.049832823948215,36.90267750452327,35.13374574875871,1.7689317557645552,0.007901860240173385,0.7002877206622236,0.7550527052480551,0.6327400566531811,0.021709449025732946,0.12231264859487401,0,1
em2x3125u_healthy_timeseries.csv,EMB_COMP_001,EM2X3125U,healthy,steady_state,2026-01-01 00:05:38.000,2026-01-01 00:05:39.990,338.0,339.99,200,0.032771759043136305,0.021437102668806458,0.03277109890466958,0.02143709517826538,0.072109450352861,0.040373093320811,2.2003533669933883,1.883327889246837,2.212122561685377,2.1021608710221598,40.0,40.0,1.8971000488277994,19.5823316308124,0.0,0.9115109353672193,8.28030543021191,0.0,36.840902700388014,37.710461416150885,35.85713933830469,1.8533220778461938,0.00793128178270969,0.6994879476634407,0.7476467101353543,0.6327400566531811,0.020077235604768984,0.11490665348217322,0,1
em2x3125u_healthy_timeseries.csv,EMB_COMP_001,EM2X3125U,healthy,steady_state,2026-01-01 00:05:39.000,2026-01-01 00:05:40.990,339.0,340.99,200,0.03351726857648735,0.02073685737440571,0.03351700276185604,0.020734994116205153,0.072109450352861,0.0404609237468877,2.1514118964767435,1.9511598607427494,2.167092101861853,2.1136992948385203,40.0,40.0,1.7532497138558685,20.719309797014628,0.0,0.843017043165535,7.7579547412314795,0.0,37.64689885933707,38.54373732015336,36.62885004878397,1.9148872713693947,0.008136176279700232,0.6993324095988576,0.7417285888535754,0.6527254124013858,0.01830322778501393,0.08900317645218958,0,1
em2x3125u_healthy_timeseries.csv,EMB_COMP_001,EM2X3125U,healthy,steady_state,2026-01-01 00:05:40.000,2026-01-01 00:05:41.990,340.0,341.99,200,0.033852436288719465,0.020636653083280127,0.03385094522133784,0.020634463750179036,0.0646630696241984,0.04078121398658,1.9101452277378885,1.976154457896133,2.1910406679976226,2.1437397635340303,40.0,40.0,1.8396670702952742,21.091930035168783,0.0,0.7967900368098189,7.720163860691386,0.0,38.43666388870888,39.380845482724425,37.44333224676304,1.937513235961383,0.007755626126127147,0.6993986384405757,0.7464220042683163,0.6452876326211254,0.020174724727956547,0.10113437164719086,0,1
em2x3125u_healthy_timeseries.csv,EMB_COMP_001,EM2X3125U,healthy,steady_state,2026-01-01 00:05:41.000,2026-01-01 00:05:42.990,341.0,342.99,200,0.03405634382605369,0.021318337069646146,0.03405565118848416,0.02131660108522282,0.0646630696241984,0.0422870446240946,1.898708503604255,1.983599587807648,2.2422726855121677,2.1386922269944915,40.0,40.0,2.036238799518793,21.16085770740032,0.0,0.8549392959374156,8.233205749033377,0.0,39.22795352511299,40.24008522191759,38.32160139443096,1.9184838274866323,0.00820630226128393,0.7007160129533958,0.7464220042683163,0.6452876326211254,0.020200763180043307,0.10113437164719086,0,1
em2x3125u_healthy_timeseries.csv,EMB_COMP_001,EM2X3125U,healthy,steady_state,2026-01-01 00:05:42.000,2026-01-01 00:05:43.990,342.0,343.99,200,0.03316620863816259,0.021363329719775448,0.03316553651167373,0.021363193086026716,0.0641308916162428,0.0422870446240946,1.933621425225276,1.979421989866619,2.183195270039039,2.1212503586617446,40.0,40.0,1.7826880292470013,20.217108520481524,0.0,0.7915675992232049,8.33617480225113,0.0,40.03601272783436,40.94485424692655,39.23390666057474,1.7109475863518142,0.007941215122727984,0.7005984622333818,0.7518423017466067,0.6489375744054665,0.019164450800073608,0.1029047273411402,0,1
em2x3125u_healthy_timeseries.csv,EMB_COMP_001,EM2X3125U,healthy,steady_state,2026-01-01 00:05:43.000,2026-01-01 00:05:44.990,343.0,344.99,200,0.032489945744363646,0.021074191345360427,0.03248679882767152,0.021071271852409604,0.0612551406308824,0.0404615975479583,1.8853568150851387,1.919959674128426,2.119693969745155,2.1237771145048465,40.0,40.0,1.6470170558763155,19.462253008068735,0.0,0.809424984604305,8.071415605896435,0.0,40.82560695631283,41.70337049229845,39.8319157284172,1.8714547638812462,0.007831533138533941,0.6993304879867134,0.7518423017466067,0.6489375744054665,0.019654871015322713,0.1029047273411402,0,1
em2x3125u_healthy_timeseries.csv,EMB_COMP_001,EM2X3125U,healthy,steady_state,2026-01-01 00:05:44.000,2026-01-01 00:05:45.990,344.0,345.99,200,0.033656349461075145,0.02090627202602366,0.033654780235998126,0.020905932580554936,0.0654344888145817,0.0413503381619816,1.9441944792693335,1.9778915203298622,2.1284284975451833,2.0999469536544733,40.0,40.0,1.7528533808789033,20.91652853542847,0.0,0.8434502247824113,7.897851387795948,0.0,41.621099514502724,42.604224756173394,40.718462753582514,1.8857620025908801,0.008047129701747138,0.6989256581832203,0.7507153168813391,0.6345146546447344,0.019967750884950047,0.11620066223660463,0,1
em2x3125u_healthy_timeseries.csv,EMB_COMP_001,EM2X3125U,healthy,steady_state,2026-01-01 00:05:45.000,2026-01-01 00:05:46.990,345.0,346.99,200,0.03413757258073009,0.020808213765666193,0.03413578394918942,0.020807426012192525,0.0702621886141458,0.0448249512081485,2.0582069345436493,2.154195055517462,2.1673591123873983,2.1199611158797134,40.0,40.0,1.7596396531379552,21.56057718396884,0.0,0.8161703313362016,7.842823219097094,0.0,42.4143948897449,43.29709801334416,41.48069043355747,1.8164075797866914,0.00784588744891327,0.7011159118502297,0.7509034289447816,0.6345146546447344,0.020926847124756436,0.11638877430004713,0,1
em2x3125u_healthy_timeseries.csv,EMB_COMP_001,EM2X3125U,healthy,steady_state,2026-01-01 00:05:46.000,2026-01-01 00:05:47.990,346.0,347.99,200,0.03357977257683978,0.02112632671239466,0.033577476709071914,0.021125566335778993,0.0702621886141458,0.0448249512081485,2.092396202307998,2.1217579287860784,2.1776675257477462,2.1294940812877665,40.0,40.0,1.829050730750329,20.723017194194757,0.0,0.8364220619182808,8.090596837781845,0.0,43.20408464615477,44.150403146068186,42.30728054366659,1.8431226024015928,0.008034047365412281,0.7013092330230214,0.7529364498406308,0.6366223768323513,0.020302434246884597,0.11631407300827945,0,1
em2x3125u_healthy_timeseries.csv,EMB_COMP_001,EM2X3125U,healthy,steady_state,2026-01-01 00:05:47.000,2026-01-01 00:05:48.990,347.0,348.99,200,0.03299712769009255,0.021111854066474454,0.03299641624646259,0.0211117485411187,0.0645177510618061,0.038945869336346,1.955253550180299,1.8447394157669883,2.1863185104601612,2.1143898503205367,40.0,40.0,2.0430911898695188,19.75656313999962,0.0,0.8662244352675056,8.047902663034945,0.0,43.99150334648398,44.946526830659415,43.12679789604439,1.8197289346150285,0.007898900120946645,0.70085267984626,0.7529364498406308,0.6451350266707186,0.018830684347001067,0.10780142316991215,0,1
em2x3125u_healthy_timeseries.csv,EMB_COMP_001,EM2X3125U,healthy,steady_state,2026-01-01 00:05:48.000,2026-01-01 00:05:49.990,348.0,349.99,200,0.03369156835137503,0.020818285012519443,0.03369154823061701,0.020817816980855212,0.0645177510618061,0.0386949210283233,1.9149524411846794,1.858698783547897,2.2452003715597417,2.0970526460366443,40.0,40.0,2.170448559886571,20.540694523897578,0.0,0.843291070014506,7.824405258850369,0.0,44.79847740367963,45.774214011647445,43.85719186356025,1.9170221480871916,0.008313977053152132,0.6997237536515633,0.7421668989899739,0.6366981830795261,0.019226345645850816,0.10546871591044782,0,1
em2x3125u_healthy_timeseries.csv,EMB_COMP_001,EM2X3125U,healthy,shutdown,2026-01-01 00:05:49.000,2026-01-01 00:05:50.990,349.0,350.99,200,0.027910681841723444,0.016500547396270247,0.027908811713536222,0.01650032105338426,0.062801288389153,0.0381597233327968,2.2500807663993316,2.31263378216303,2.879371107734072,2.6754942289009476,40.0,40.0,1.220808951949593,14.3579944475128,0.0,0.4840956531928035,4.9630951276830695,0.0,45.184498790065774,45.774214011647445,44.59772629036718,1.1764877212802674,-0.000720290775461572,0.5599100928470988,0.7410095834167997,0.2804405540772383,0.1505970768476012,0.4605690293395614,0,1
em2x3125u_healthy_timeseries.csv,EMB_COMP_001,EM2X3125U,healthy,shutdown,2026-01-01 00:05:50.000,2026-01-01 00:05:51.990,350.0,351.99,200,0.01484385105775808,0.00907561798566562,0.014841200741409523,0.009073473836189908,0.0388399723122877,0.0223171465512488,2.616569794533754,2.4590222491181715,2.329511356941127,2.3837082561069707,40.0,40.0,0.2511805816380585,4.154220358880098,0.0,0.2250892379301722,1.4216459834969024,0.0,44.65022276566511,45.66602798803865,43.63501210628623,2.031015881752417,-0.010005333288532675,0.2805791581661945,0.572142747879705,0.0,0.1634255821652666,0.572142747879705,0,1
em2x3125u_healthy_timeseries.csv,EMB_COMP_001,EM2X3125U,healthy,idle,2026-01-01 00:05:51.000,2026-01-01 00:05:52.990,351.0,352.99,200,0.0070384966143049645,0.004925116424736601,0.007033281264562748,0.004922292688609884,0.0237678456667051,0.0173133552279189,3.3768355615032317,3.515318976209752,4.943079450882983,5.001583965241365,40.0,40.0,0.12900961963522845,0.8607001112057613,0.0,0.12177615000779791,0.3629595314747193,0.0,43.79671225165262,44.673033383877616,43.20248073525204,1.4705526486255778,-0.006991340893017755,0.07009851976971966,0.2850504990370021,0.0,0.09067193318293806,0.2850504990370021,0,1
em2x3125u_healthy_timeseries.csv,EMB_COMP_001,EM2X3125U,healthy,idle,2026-01-01 00:05:52.000,2026-01-01 00:05:53.990,352.0,353.99,200,0.0014725868825107285,0.0012687635211868218,0.0014722678030464978,0.0012685473394141707,0.0042746154331327,0.0038880273485791,2.902793365811173,3.0644223952326253,2.814418562132315,2.637227938729614,32.0,16.5,0.026066847455470964,0.01752488375448606,0.0,0.019345775798693836,0.01284148759643367,0.0,43.25910109154361,43.67631918620755,42.7978628287565,0.87845635745105,-0.003736664002099821,0.0007688905282944014,0.0045287497473327,0.0,0.001138413069651515,0.0045287497473327,0,1
em2x3125u_healthy_timeseries.csv,EMB_COMP_001,EM2X3125U,healthy,idle,2026-01-01 00:05:53.000,2026-01-01 00:05:54.990,353.0,354.99,200,0.0014553531351948535,0.00123918068971226,0.0014552320332154286,0.0012389631326737995,0.0045625669314544,0.0038880273485791,3.135023947877454,3.137579031740647,2.9976573101120247,3.0226537823170756,30.0,11.5,0.026086435555151354,0.016312621876428405,0.0,0.019136923928401998,0.01165286273204485,0.0,42.88743341821879,43.30426392195216,42.44628226458706,0.8579816573651016,-0.003759057721615987,0.0008092123185446229,0.0047763147834741,0.0,0.0011418567791668314,0.0047763147834741,0,1
em2x3125u_healthy_timeseries.csv,EMB_COMP_001,EM2X3125U,healthy,idle,2026-01-01 00:05:54.000,2026-01-01 00:05:55.990,354.0,355.99,200,0.0015012569310744633,0.001236891515470256,0.0014979058057448386,0.0012368431387443227,0.0045625669314544,0.0036647000988119,3.039164607346012,2.9628306548926493,3.0480273877640274,3.035491600637713,9.5,45.5,0.03094041750527179,0.013946439941601597,0.0,0.016758911996986203,0.013956061130914037,0.0,42.51092069772789,42.975144696785655,42.0761954925258,0.898949204259857,-0.003867763207344822,0.0007430541504541235,0.0047763147834741,0.0,0.0010568070539393785,0.0047763147834741,0,1
em2x3125u_healthy_timeseries.csv,EMB_COMP_001,EM2X3125U,healthy,idle,2026-01-01 00:05:55.000,2026-01-01 00:05:56.990,355.0,356.99,200,0.0015557015255344164,0.001228200404581045,0.001550596088578492,0.0012260230457675331,0.0043213089549342,0.0033729175798417,2.7777236725725643,2.746227380532614,2.876078960940708,2.8742153135155344,15.0,45.0,0.029872134530791145,0.018215314591991008,0.0,0.016157113915934374,0.013907475762873857,0.0,42.13492453417476,42.585299007328686,41.65307114556821,0.9322278617604738,-0.0037805239267750964,0.0007063404236853855,0.0055994531141265,0.0,0.0011168892702897,0.0055994531141265,0,1
em2x3125u_healthy_timeseries.csv,EMB_COMP_001,EM2X3125U,healthy,idle,2026-01-01 00:05:56.000,2026-01-01 00:05:57.990,356.0,357.99,200,0.0015887117999037854,0.0012846040428185466,0.0015671673531448768,0.0012831992141997533,0.0043213089549342,0.0034704811913562,2.720008094102344,2.701596037127227,2.643476379460381,2.6047662489798085,45.0,50.0,0.025436044684564185,0.023685539460095436,0.0,0.017873076243309183,0.01596210169996968,0.0,41.75942540472804,42.22294463047148,41.33014312435242,0.8928015061190635,-0.0038197165291020095,0.000754016046808646,0.0058390380375576,0.0,0.0012058683255560879,0.0058390380375576,0,1
em2x3125u_healthy_timeseries.csv,EMB_COMP_001,EM2X3125U,healthy,idle,2026-01-01 00:05:57.000,2026-01-01 00:05:58.990,357.0,358.99,200,0.001522982952227313,0.001284473097905935,0.00150525475034873,0.001282319472448617,0.0036497060858346,0.0034704811913562,2.3964195268876933,2.7018714498685057,2.6569505509315547,2.579339755345186,4.0,50.0,0.02610320291987603,0.01931831813571962,0.0,0.01991798695570557,0.01403421418333123,0.0,41.38235291226492,41.85491490358611,40.9372409238911,0.9176739796950102,-0.0037639449350378757,0.0007226188877034434,0.0058390380375576,0.0,0.0011099924965958443,0.0058390380375576,0,1
em2x3125u_healthy_timeseries.csv,EMB_COMP_001,EM2X3125U,healthy,idle,2026-01-01 00:05:58.000,2026-01-01 00:05:59.990,358.0,359.99,200,0.0014495922735689348,0.0011948212114402759,0.001449281735332237,0.0011938960100816934,0.0038156541853961,0.0030392222322631,2.632225802364314,2.5436627699298406,2.7388478876357523,2.628536076992968,5.0,32.0,0.02477084381010446,0.017263118505984675,0.0,0.018173704830389034,0.010666663423448136,0.0,41.01264430159643,41.487713968869954,40.58839200841121,0.8993219604587424,-0.0036655576723222936,0.000767140117016257,0.0051332684721593,0.0,0.001117840863440007,0.0051332684721593,0,1
em2x3125u_healthy_timeseries.csv,EMB_COMP_001,EM2X3125U,healthy,idle,2026-01-01 00:05:59.000,2026-01-01 00:06:00.990,359.0,360.99,200,0.056887182053763426,0.03913256106670477,0.05688184464286918,0.039129020622718474,0.165015966370178,0.1118743662600367,2.900758315189937,2.8588562366091335,5.081323448109178,4.558695057445627,40.0,40.0,14.739828427436114,49.98625479505591,0.0,5.646055031041198,24.99834034534903,0.0,34.70812722932685,41.10909922350785,27.594417234003664,13.514681989504183,-0.08984154258167183,2.496258517548637,6.386759920507771,0.0,2.5589117226143068,6.386759920507771,1,1
em2x3125u_healthy_timeseries.csv,EMB_COMP_001,EM2X3125U,healthy,startup,2026-01-01 00:06:00.000,2026-01-01 00:06:01.990,360.0,361.99,200,0.08352276190009315,0.05542905305879919,0.08351474780007112,0.05541248945035516,0.1778796152008873,0.1218087104190149,2.1297142378225034,2.1975607320911674,2.552711724795898,2.2348781112530904,40.0,40.0,33.01356958752177,106.51940434986749,0.0,11.57293432774354,49.84129043314947,0.0,29.596864966374614,31.71405316312414,27.594417234003664,4.119635929120477,0.020146003531001756,3.615040753179345,6.386759920507771,0.8504648568681726,1.592573248498863,5.5362950636395984,1,1
em2x3125u_healthy_timeseries.csv,EMB_COMP_001,EM2X3125U,healthy,startup,2026-01-01 00:06:01.000,2026-01-01 00:06:02.990,361.0,362.99,200,0.06566340746468881,0.04208131019178491,0.065661019523497,0.04207096313916565,0.1778796152008873,0.1218087104190149,2.7089610799826973,2.894603563051474,3.950073866156144,3.4758109039324636,40.0,40.0,19.05192219070297,67.19159295440001,0.0,6.424611446475578,28.98248658622618,0.0,31.305273242484436,32.571138577963126,29.495119603191394,3.0760189747717313,0.0140366959160362,1.4683466750425,3.631040870950225,0.6512082549719493,0.9557459518338557,2.9798326159782755,1,1
em2x3125u_healthy_timeseries.csv,EMB_COMP_001,EM2X3125U,healthy,steady_state,2026-01-01 00:06:02.000,2026-01-01 00:06:03.990,362.0,363.99,200,0.03335081266977223,0.021194377091970147,0.03335049413560906,0.021194158781447106,0.0616746171068225,0.041406547757825,1.8492687934624685,1.9536572166356603,2.175468403140414,2.151215755239308,40.0,40.0,1.760861315006108,20.484462456591377,0.0,0.9314608831247316,8.052747928020706,0.0,32.40200586509409,33.42719891265161,31.448290920916616,1.9789079917349959,0.008045901320727595,0.6986140977174784,0.7472708808175567,0.6512082549719493,0.020581628922315392,0.09606262584560732,0,1
em2x3125u_healthy_timeseries.csv,EMB_COMP_001,EM2X3125U,healthy,steady_state,2026-01-01 00:06:03.000,2026-01-01 00:06:04.990,363.0,364.99,200,0.0332445798417799,0.021141387571179303,0.033243820464462594,0.02114077753134325,0.0660480303698471,0.0434418969786997,1.986730789926895,2.05482714095461,2.21065330667233,2.140256990594838,40.0,40.0,1.9782715041023076,20.131309689370916,0.0,0.8597309889352022,8.079492947000745,0.0,33.202266092624726,34.15458096487429,32.21754361118008,1.9370373536942083,0.007993465586292924,0.699327857256736,0.7472708808175567,0.6565135969219107,0.019472030641529067,0.09075728389564597,0,1
em2x3125u_healthy_timeseries.csv,EMB_COMP_001,EM2X3125U,healthy,steady_state,2026-01-01 00:06:04.000,2026-01-01 00:06:05.990,364.0,365.99,200,0.03344846159871864,0.021207177316142543,0.033438789914332696,0.02120692504740395,0.0660480303698471,0.0434418969786997,1.9746208708258588,2.048452574856931,2.1981381444492745,2.088629814566844,40.0,40.0,1.9737540939127869,20.39049559276743,0.0,0.7598623454783899,8.235242505283416,0.0,34.010445801916234,34.95348450678593,33.104574203675384,1.848910303110543,0.008100355202611837,0.6987840138315167,0.7447760622975511,0.6584558830976089,0.018118635971758494,0.08632017919994217,0,1
em2x3125u_healthy_timeseries.csv,EMB_COMP_001,EM2X3125U,healthy,steady_state,2026-01-01 00:06:05.000,2026-01-01 00:06:06.990,365.0,366.99,200,0.0334706464796078,0.020967210114104254,0.0334694244063732,0.020967109004999155,0.0644584987790771,0.0436696438745583,1.925821744086982,2.082758919136435,2.188313624028567,2.077504755490872,40.0,40.0,1.8534183669430242,20.559304460208338,0.0,0.7767790845580278,8.015637129090958,0.0,34.81783962518723,35.80574733270598,33.86361924672442,1.9421280859815582,0.00798779686848141,0.6989649512817434,0.7571709433197984,0.645028946797149,0.018490159984705816,0.11214199652264945,0,1
em2x3125u_healthy_timeseries.csv,EMB_COMP_001,EM2X3125U,healthy,steady_state,2026-01-01 00:06:06.000,2026-01-01 00:06:07.990,366.0,367.99,200,0.03338186965735039,0.020874097332202888,0.033376951665166917,0.02087380110336728,0.06193116418937,0.0436696438745583,1.8552335391955288,2.092049451507935,2.2203325087935,2.0710240645637876,40.0,40.0,2.0898035994962347,20.19575731479923,0.0,0.7376251107775169,7.977356423491956,0.0,35.6294629760212,36.53896099869086,34.63488045830751,1.9040805403833545,0.008163900347230454,0.7011037207616952,0.7711065895232319,0.645028946797149,0.018801171905601054,0.1260776427260829,0,1
em2x3125u_healthy_timeseries.csv,EMB_COMP_001,EM2X3125U,healthy,steady_state,2026-01-01 00:06:07.000,2026-01-01 00:06:08.990,367.0,368.99,200,0.03368786749705667,0.021172506916962146,0.033687755323831496,0.021170784210903078,0.0636746325700115,0.0389089422484775,1.8901354493743125,1.8377106877837872,2.201486343786997,2.057818341135883,40.0,40.0,2.025749420768562,20.676099699088425,0.0,0.7708281323054201,8.193322686365681,0.0,36.453083135936645,37.404946400965095,35.44916280248637,1.9557835984787246,0.008289034452960552,0.7017840072788392,0.7711065895232319,0.6638378173727957,0.0184353029220216,0.10726877215043618,0,1
em2x3125u_healthy_timeseries.csv,EMB_COMP_001,EM2X3125U,healthy,steady_state,2026-01-01 00:06:08.000,2026-01-01 00:06:09.990,368.0,369.99,200,0.03414944791371492,0.021300261094193668,0.034145528783890204,0.021300185051248394,0.0645091326962696,0.0418962257085095,1.8890241757132997,1.9669348428752444,2.1751409394174237,2.108493806553708,40.0,40.0,1.7350351023348083,21.583324784239768,0.0,0.8582172642273137,8.21679897647804,0.0,37.2677515353659,38.11991686379447,36.39686737807655,1.7230494857179224,0.008058642821227983,0.7013329755747548,0.7708229181642281,0.6436547492895976,0.02145053724279384,0.12716816887463045,0,1
em2x3125u_healthy_timeseries.csv,EMB_COMP_001,EM2X3125U,healthy,steady_state,2026-01-01 00:06:09.000,2026-01-01 00:06:10.990,369.0,370.99,200,0.03361874618840765,0.021097116205130006,0.033617107110027244,0.021095585324194758,0.0645091326962696,0.0424598646261459,1.9188440977169312,2.012590925380659,2.1503038687537224,2.1303965631915753,40.0,40.0,1.6244895792608702,20.9779712597391,0.0,0.7927589231836061,8.108203522344752,0.0,38.072370555566025,39.03637205713176,37.20440409341801,1.831967963713744,0.00801397062921985,0.702569888873499,0.7708229181642281,0.6436547492895976,0.02080591002142692,0.12716816887463045,0,1
em2x3125u_healthy_timeseries.csv,EMB_COMP_001,EM2X3125U,healthy,steady_state,2026-01-01 00:06:10.000,2026-01-01 00:06:11.990,370.0,371.99,200,0.03328908884997268,0.02126853917098109,0.03328894313809048,0.021266213006537277,0.0646613835947313,0.0424598646261459,1.9424197485893149,1.9963695806658113,2.179492579788935,2.082451388743918,40.0,40.0,1.7093238794760226,20.45430270086588,0.0,0.7730237614173759,8.272157658897047,0.0,38.880263271102315,39.80890290085542,37.94999695105149,1.8589059498039333,0.008085325184177166,0.7032920613239958,0.7694797516998221,0.6553120288359492,0.019592011104831955,0.11416772286387289,0,1
em2x3125u_healthy_timeseries.csv,EMB_COMP_001,EM2X3125U,healthy,steady_state,2026-01-01 00:06:11.000,2026-01-01 00:06:12.990,371.0,372.99,200,0.03365492201159757,0.021004754564257863,0.033654833012308566,0.021004582813762804,0.0650962261675242,0.0387066113436558,1.9342260292593125,1.8427547546553957,2.2092037194266876,2.044450786254209,40.0,40.0,1.75788441850847,20.897087495429208,0.0,0.8187677048000438,8.005127444024652,0.0,39.70284320785232,40.672050375346345,38.76608350945644,1.9059668658899014,0.008268255714936616,0.7010521432606817,0.7694797516998221,0.6464873070774182,0.02066931972176359,0.12299244462240388,0,1
em2x3125u_healthy_timeseries.csv,EMB_COMP_001,EM2X3125U,healthy,steady_state,2026-01-01 00:06:12.000,2026-01-01 00:06:13.990,372.0,373.99,200,0.03314216650229202,0.021095915329554613,0.033140797968379654,0.021094648098555605,0.0650962261675242,0.0433158619097695,1.9641512018540586,2.053281937906034,2.202322475514549,2.0933043938306994,40.0,40.0,1.7227766373758633,20.243607613643032,0.0,0.8340432774322583,8.06630246149712,0.0,40.529389737594656,41.536237963090976,39.5969664967184,1.939271466372574,0.008158808552466012,0.7003399616432702,0.7475166449300634,0.6356350055250654,0.01951316028510049,0.11188163940499807,0,1
em2x3125u_healthy_timeseries.csv,EMB_COMP_001,EM2X3125U,healthy,steady_state,2026-01-01 00:06:13.000,2026-01-01 00:06:14.990,373.0,374.99,200,0.03312797713682106,0.021315220608390646,0.03312796340151811,0.021314774984332298,0.0666881306841484,0.0433158619097695,2.013045662544422,2.032156396857483,2.2489360607493385,2.1577259711173626,40.0,40.0,1.981930362426678,19.972823624075563,0.0,0.9139810551618496,8.174335822221908,0.0,41.345072017844466,42.38378438822754,40.47075987258581,1.9130245156417303,0.00819424126456714,0.700136150293196,0.7612975918476338,0.6356350055250654,0.02086577866488174,0.12566258632256844,0,1
em2x3125u_healthy_timeseries.csv,EMB_COMP_001,EM2X3125U,healthy,steady_state,2026-01-01 00:06:14.000,2026-01-01 00:06:15.990,374.0,375.99,200,0.03364452953564028,0.02077354741971541,0.033636824102567964,0.020773490627667635,0.0666881306841484,0.0411045430158682,1.9821388976030834,1.978696376953769,2.2300060642596775,2.1792875556034264,40.0,40.0,2.022530345385521,20.618290674360345,0.0,0.8988099707877204,7.732933133292855,0.0,42.14704144753793,43.024182177608864,41.25585599321751,1.7683261843913556,0.00805702598560277,0.6995810325995353,0.7612975918476338,0.646477218396324,0.020461428963866116,0.1148203734513098,0,1
em2x3125u_healthy_timeseries.csv,EMB_COMP_001,EM2X3125U,healthy,steady_state,2026-01-01 00:06:15.000,2026-01-01 00:06:16.990,375.0,376.99,200,0.03353319850631654,0.02074262356669725,0.03353318888684351,0.020734162863645853,0.0622683523290276,0.0397068976098485,1.856916581258967,1.9142659308342664,2.183998704803225,2.1356637346708314,40.0,40.0,1.807865945325563,20.698173030955108,0.0,0.8469693977961946,7.751653192488775,0.0,42.95436566804294,43.88587392440718,42.05662578969279,1.8292481347143905,0.008242679640999067,0.7012353226085696,0.7540406191499793,0.6535522825553737,0.019704299487015218,0.10048833659460565,0,1
em2x3125u_healthy_timeseries.csv,EMB_COMP_001,EM2X3125U,healthy,steady_state,2026-01-01 00:06:16.000,2026-01-01 00:06:17.990,376.0,377.99,200,0.03362831840565198,0.02072643143058276,0.03362075292859155,0.020722428228607367,0.0621998168697985,0.0397068976098485,1.8496261430468808,1.9157614152168632,2.1462360382039143,2.0642786330524325,40.0,40.0,1.7581031474682411,20.850610014991496,0.0,0.8554944730108229,7.7347938752286405,0.0,43.76449828216766,44.69084278991663,42.82830214338254,1.862540646534093,0.008094125161642532,0.7008776582361415,0.7540406191499793,0.647435112022724,0.020399830741893343,0.10660550712725536,0,1
em2x3125u_healthy_timeseries.csv,EMB_COMP_001,EM2X3125U,healthy,steady_state,2026-01-01 00:06:17.000,2026-01-01 00:06:18.990,377.0,378.99,200,0.03399060060394547,0.02066609899182829,0.03398961560461099,0.020665518708769065,0.0646817968355938,0.0396266267389984,1.9029318601709508,1.9174700921866004,2.135809144081107,2.0642797298806363,40.0,40.0,1.7498736166205102,21.362528615822384,0.0,0.883924808185713,7.657381072777565,0.0,44.57769354541347,45.47954753914132,43.66553404829132,1.8140134908500016,0.008234048936176859,0.6986084486405331,0.7565830940592609,0.647435112022724,0.02026804697385442,0.10914798203653697,0,1
em2x3125u_healthy_timeseries.csv,EMB_COMP_001,EM2X3125U,healthy,steady_state,2026-01-01 00:06:18.000,2026-01-01 00:06:19.990,378.0,379.99,200,0.03385279908415919,0.020808484528636092,0.03385266463319279,0.020808020935717837,0.0646817968355938,0.0396266267389984,1.910677952354625,1.9043494822732177,2.169131794090058,2.113821895525263,40.0,40.0,1.8392094989243397,21.088098099263846,0.0,0.8933739133758062,7.766129585836367,0.0,45.398691661039805,46.40742937498965,44.38727918611062,2.020150188879029,0.008013963329766562,0.6974190888582467,0.7565830940592609,0.648625626885519,0.01940460106714056,0.107957467173742,0,1
em2x3125u_healthy_timeseries.csv,EMB_COMP_001,EM2X3125U,healthy,shutdown,2026-01-01 00:06:19.000,2026-01-01 00:06:20.990,379.0,380.99,200,0.026755257122598432,0.016658348912105186,0.026754184082445506,0.016658315250449834,0.061249075196283,0.0382023955146713,2.2892351553799823,2.2932882313991283,2.8018156488382187,2.8259729293026306,40.0,40.0,1.078648102424359,13.237967517793557,0.0,0.5101666040597862,5.041306052798014,0.0,45.858428183348785,46.51362388366096,45.18127692358859,1.3323469600723712,0.0004790089138768868,0.5592286701124342,0.7431572131560056,0.2601957205242377,0.1501209623400671,0.4829614926317679,0,1
em2x3125u_healthy_timeseries.csv,EMB_COMP_001,EM2X3125U,healthy,shutdown,2026-01-01 00:06:20.000,2026-01-01 00:06:21.990,380.0,381.99,200,0.01462130413687507,0.00913251450352724,0.014605786587823667,0.009132514213551064,0.0397081293725532,0.0243422814044533,2.715772067992821,2.6654522579790716,2.342456452826322,2.6979966974869822,40.0,40.0,0.3484080618541958,3.91888648962354,0.0,0.20290852040846588,1.4662525123921377,0.0,45.41018273360678,46.51362388366096,44.39918800332183,2.11443588033913,-0.010050044319963477,0.2806059492551286,0.5579266304496617,0.0,0.16269611174786683,0.5579266304496617,0,1
em2x3125u_healthy_timeseries.csv,EMB_COMP_001,EM2X3125U,healthy,idle,2026-01-01 00:06:21.000,2026-01-01 00:06:22.990,381.0,382.99,200,0.007402915727046372,0.004952167499645159,0.007386356569681464,0.004952125109983498,0.0265756120373663,0.0206691873074813,3.5898844478632856,4.173765792243967,4.376660059414885,5.6580384488482665,40.0,40.0,0.2133439235538392,0.8780364238963317,0.0,0.1167716121557137,0.37384812321331656,0.0,44.56104198482657,45.44615030407117,43.94788063641391,1.4982696676572544,-0.006952451002819747,0.0702570535187479,0.2935277719542334,0.0,0.090061016700575,0.2935277719542334,0,1
em2x3125u_healthy_timeseries.csv,EMB_COMP_001,EM2X3125U,healthy,idle,2026-01-01 00:06:22.000,2026-01-01 00:06:23.990,382.0,383.99,200,0.0014851485323176827,0.0012383719681004072,0.0014689757403332057,0.0012377175661570697,0.0054203885455734,0.0033437103510217,3.6497282444298604,2.7000856262523154,3.4047589232898705,2.617399116697924,23.0,44.5,0.02999610662161945,0.013364662538005133,0.0,0.015609182599072536,0.015044033772719873,0.0,44.0270341285638,44.45919465812758,43.60406499266724,0.8551296654603391,-0.003767022111599835,0.0008459140111905028,0.0056109841976098,0.0,0.001253304154070173,0.0056109841976098,0,1
em2x3125u_healthy_timeseries.csv,EMB_COMP_001,EM2X3125U,healthy,idle,2026-01-01 00:06:23.000,2026-01-01 00:06:24.990,383.0,384.99,200,0.001534306365845151,0.0012179022164247161,0.0015219838616833711,0.0012178186781034803,0.0054203885455734,0.0035836465721943,3.53279414479106,2.9424747930211366,3.58599286708162,3.0535198507852805,11.5,1.0,0.030499722202294785,0.016003981290211865,0.0,0.018188672461623177,0.011512270056186316,0.0,43.65171177467707,44.07040772587167,43.206425570872405,0.8639821549992632,-0.003780119735684234,0.0008055160405957654,0.0058715015443135,0.0,0.0012257670834793534,0.0058715015443135,0,1
em2x3125u_healthy_timeseries.csv,EMB_COMP_001,EM2X3125U,healthy,idle,2026-01-01 00:06:24.000,2026-01-01 00:06:25.990,384.0,385.99,200,0.001503965808568907,0.001096730426880287,0.0014953921165930335,0.001094484103682445,0.0047048211193379,0.0035836465721943,3.1282766486658065,3.26757285506174,3.4701489307371327,3.3707376316763145,23.0,8.0,0.027623310559196715,0.017638879524623043,0.0,0.017460483678064673,0.006592447939362657,0.0,43.27681373626726,43.744275519565335,42.86541352697707,0.8788619925882628,-0.0037195516375021827,0.000757875425557778,0.0058715015443135,0.0,0.0011311239738829046,0.0058715015443135,0,1
em2x3125u_healthy_timeseries.csv,EMB_COMP_001,EM2X3125U,healthy,idle,2026-01-01 00:06:25.000,2026-01-01 00:06:26.990,385.0,386.99,200,0.001416896413356156,0.001114745746336777,0.0014076217202681053,0.0010976026468123724,0.0038608949962391,0.0035219418894596,2.724895736798377,3.159412719028741,2.6168966645470846,3.354425284884183,23.0,19.0,0.024497152651437103,0.015216474122155942,0.0,0.014290106796529756,0.009806960802686076,0.0,42.901701524483485,43.33437970459119,42.40516019972301,0.9292195048681862,-0.0037870249851566368,0.0008440014859788403,0.0055226426208303,0.0,0.0011225695115221668,0.0055226426208303,0,1
em2x3125u_healthy_timeseries.csv,EMB_COMP_001,EM2X3125U,healthy,idle,2026-01-01 00:06:26.000,2026-01-01 00:06:27.990,386.0,387.99,200,0.0014070114181618915,0.001180705673112644,0.0014067080561210238,0.001179179629001858,0.0038342076030311,0.0035219418894596,2.7250721305730967,2.9829126510206856,2.512769108636223,3.166024048671239,19.0,19.0,0.02294211753665547,0.016639717213368273,0.0,0.01547496239386447,0.012419746844652595,0.0,42.5268506123739,42.938520965309294,42.08225787308435,0.8562630922249426,-0.0037123595454174167,0.0007922057851054584,0.0054767463413149,0.0,0.0011215847784340858,0.0054767463413149,0,1
em2x3125u_healthy_timeseries.csv,EMB_COMP_001,EM2X3125U,healthy,idle,2026-01-01 00:06:27.000,2026-01-01 00:06:28.990,387.0,388.99,200,0.0015407027501271617,0.0011747110732389082,0.0015406254555969002,0.0011733785456918449,0.0050939904776086,0.0030818912143681,3.3062772667785323,2.6235312534091664,3.0591365376942474,2.5968339856894556,14.0,7.5,0.026545284765693598,0.021094750698207484,0.0,0.015636083961699174,0.011909964611468317,0.0,42.152473074457696,42.62651578700103,41.70978425508655,0.9167315319144862,-0.0037927493880946022,0.0007496146549049175,0.0067351981346501,0.0,0.0011478486932997222,0.0067351981346501,0,1
em2x3125u_healthy_timeseries.csv,EMB_COMP_001,EM2X3125U,healthy,idle,2026-01-01 00:06:28.000,2026-01-01 00:06:29.990,388.0,389.99,200,0.0015649436501742704,0.0011812997302427751,0.0015644460874431334,0.0011804326853285972,0.0050939904776086,0.0028664649975653,3.2550631947938435,2.4265348786426943,3.0975425259147684,2.6698584663168576,14.5,17.5,0.026895548199748525,0.022165210709521616,0.0,0.0161664280121454,0.011839045690399563,0.0,41.77379741449795,42.259274975714135,41.30918693172046,0.9500880439936736,-0.003851401625919991,0.0007456560721118224,0.0067351981346501,0.0,0.0010946863077029535,0.0067351981346501,0,1
em2x3125u_healthy_timeseries.csv,EMB_COMP_001,EM2X3125U,healthy,idle,2026-01-01 00:06:29.000,2026-01-01 00:06:30.990,389.0,390.99,200,0.0591888846117,0.04039951549342604,0.05910194515482568,0.04030852147442815,0.1728407655984194,0.1221636148641519,2.9201558152736937,3.023888117767918,4.95555478865491,4.5120848696348785,40.0,40.0,13.824377719640262,56.03676684549672,0.0,7.264362966377731,25.249130566159387,0.0,35.237970353202506,41.824184283461626,27.900163725857965,13.924020557603662,-0.09322704494063148,2.4999664903876804,6.358486856912865,0.0,2.56489060179637,6.358486856912865,1,1
em2x3125u_healthy_timeseries.csv,EMB_COMP_001,EM2X3125U,healthy,startup,2026-01-01 00:06:30.000,2026-01-01 00:06:31.990,390.0,391.99,200,0.08304749101441478,0.05650687459653695,0.08295232352868782,0.056365337823895766,0.1903191753497957,0.1229857070868541,2.291690850922414,2.1764733577105564,2.5319688739741077,2.309829583801303,40.0,40.0,31.949189247643634,105.70218895899565,0.0,13.169095977757069,50.37336312783257,0.0,29.89566735416897,32.00018849662277,27.900163725857965,4.100024770764804,0.020097638813464137,3.627502489508436,6.358486856912865,0.8629470816337439,1.5921434447943614,5.495539775279122,1,1
em2x3125u_healthy_timeseries.csv,EMB_COMP_001,EM2X3125U,healthy,startup,2026-01-01 00:06:31.000,2026-01-01 00:06:32.990,391.0,392.99,200,0.06296307522471004,0.042129287091596586,0.06295828802583443,0.04211287344425681,0.1903191753497957,0.1229857070868541,3.022710924943901,2.9192449143385986,3.9206597869767443,3.6402384145452222,40.0,40.0,19.112087932272814,60.234463919197026,0.0,6.722471006537099,28.757986560038873,0.0,31.607298466790624,32.83630014613484,29.77412505029221,3.0621750958426297,0.014248732334804686,1.4794861837717308,3.704460336572412,0.6647514061495129,0.9610968570982268,3.039708930422899,1,1
em2x3125u_healthy_timeseries.csv,EMB_COMP_001,EM2X3125U,healthy,steady_state,2026-01-01 00:06:32.000,2026-01-01 00:06:33.990,392.0,393.99,200,0.03291962684250027,0.020922617122636388,0.032919623201412826,0.020922159531377955,0.0629423677178451,0.0397906112465937,1.9120012513806666,1.9017989486384015,2.2124988655767712,2.0721618041652263,40.0,40.0,1.8711534713288065,19.80985069906708,0.0,0.8274767360255333,7.927419897310396,0.0,32.73136254650992,33.62137581038593,31.838475293206987,1.7829005171789412,0.008250326026463115,0.7004070716362363,0.7583437495880408,0.6423376696354832,0.020216493923734365,0.11600607995255763,0,1
em2x3125u_healthy_timeseries.csv,EMB_COMP_001,EM2X3125U,healthy,steady_state,2026-01-01 00:06:33.000,2026-01-01 00:06:34.990,393.0,394.99,200,0.03256360703206462,0.021122153249848803,0.03256330157434279,0.021122089653859595,0.0611076121115472,0.0397906112465937,1.8765615262269921,1.8838330910641665,2.191391333333577,2.1273874056193094,40.0,40.0,1.8885887652050237,19.31904357004771,0.0,0.9080545953673085,8.014955936487802,0.0,33.55597344087312,34.61411358271978,32.64966508898415,1.964448493735631,0.00817310238683011,0.6978594146547189,0.7583437495880408,0.6423376696354832,0.020016276489592894,0.11600607995255763,0,1
em2x3125u_healthy_timeseries.csv,EMB_COMP_001,EM2X3125U,healthy,steady_state,2026-01-01 00:06:34.000,2026-01-01 00:06:35.990,394.0,395.99,200,0.03312556654346056,0.020953245183520975,0.033124905714031476,0.020950279820783523,0.0629310542102718,0.0397870558353704,1.8997729179275047,1.8988493422804782,2.1797434478140962,2.1785939191647437,40.0,40.0,1.8543237532057906,20.091168988210516,0.0,0.9382025210315735,7.843083402554722,0.0,34.37643088754918,35.2731405932283,33.46638353124067,1.806757061987625,0.008313336433879085,0.6986637172436904,0.7536903817599084,0.6426114461893613,0.018879468265652618,0.11107893557054715,0,1
em2x3125u_healthy_timeseries.csv,EMB_COMP_001,EM2X3125U,healthy,steady_state,2026-01-01 00:06:35.000,2026-01-01 00:06:36.990,395.0,396.99,200,0.03368948799300304,0.02106524510427727,0.033688309573573695,0.021062331938184544,0.0639609585587434,0.0404907743772122,1.8985435033036844,1.9221601351788022,2.19983080213128,2.1356441482588697,40.0,40.0,1.8740721164702059,20.826968985325518,0.0,0.9053399589110163,7.967905894214131,0.0,35.20690497717797,36.22620683507692,34.25213524459042,1.9740715904865027,0.00832807278663691,0.701277947559272,0.7536903817599084,0.6426114461893613,0.018754599064840727,0.11107893557054715,0,1
em2x3125u_healthy_timeseries.csv,EMB_COMP_001,EM2X3125U,healthy,steady_state,2026-01-01 00:06:36.000,2026-01-01 00:06:37.990,396.0,397.99,200,0.03380155307101618,0.021167661660924198,0.033798358088026545,0.02116744897797989,0.0639609585587434,0.0406518778694645,1.8922491053698953,1.9204708824550254,2.152149809536533,2.156728606977156,40.0,40.0,1.7441817951384975,21.104850892863613,0.0,0.922739971228218,8.038654668884371,0.0,36.04466438420857,36.93113604905305,35.073141366744686,1.857994682308366,0.008180440781751898,0.7005973560739887,0.7530191098122786,0.6443126051904318,0.019082802734927167,0.10870650462184683,0,1
em2x3125u_healthy_timeseries.csv,EMB_COMP_001,EM2X3125U,healthy,steady_state,2026-01-01 00:06:37.000,2026-01-01 00:06:38.990,397.0,398.99,200,0.03354435175089039,0.02090084832795738,0.03354133133621399,0.020900525738975724,0.0627773651435536,0.0406518778694645,1.8714734930564654,1.9449869800302682,2.1506417172949646,2.147808151825217,40.0,40.0,1.7054134053162049,20.79529510626462,0.0,0.9018566376146621,7.8351998995458985,0.0,36.8667708430954,37.72945081680256,35.99847798737086,1.7309728294316997,0.00791759924802039,0.7002758164131377,0.7650256075923402,0.6419372119086993,0.019975679240725075,0.12308839568364083,0,1
em2x3125u_healthy_timeseries.csv,EMB_COMP_001,EM2X3125U,healthy,steady_state,2026-01-01 00:06:38.000,2026-01-01 00:06:39.990,398.0,399.99,200,0.03343870525060887,0.021194634322795714,0.03343709234473337,0.021193822080423738,0.063874186869916,0.0405228558260108,1.910187203457973,1.9119393714864321,2.217770785439839,2.039086057854785,40.0,40.0,1.9379918081456113,20.42279108355747,0.0,0.8637490224410496,8.12341839681243,0.0,37.682756660949636,38.62639217185389,36.74859181650344,1.8778003553504448,0.00816642905654552,0.7006466553545959,0.7650256075923402,0.6394392088565317,0.021086345213790308,0.12558639873580846,0,1
em2x3125u_healthy_timeseries.csv,EMB_COMP_001,EM2X3125U,healthy,steady_state,2026-01-01 00:06:39.000,2026-01-01 00:06:40.990,399.0,400.99,200,0.03310873122378789,0.021780709441510237,0.03310651816932413,0.021780364313722687,0.063874186869916,0.0405228558260108,1.9292248451980487,1.8604929253948586,2.1765941126612023,2.038836065152577,40.0,40.0,1.6829587439371658,20.248678454461228,0.0,0.8958972913825478,8.593058869847926,0.0,38.51650054865188,39.49344504860575,37.586165431516974,1.9072796170887756,0.008375617803817108,0.6979621874725818,0.7441394055177671,0.6394392088565317,0.020237657268503153,0.10470019666123542,0,1
em2x3125u_healthy_timeseries.csv,EMB_COMP_001,EM2X3125U,healthy,steady_state,2026-01-01 00:06:40.000,2026-01-01 00:06:41.990,400.0,401.99,200,0.0336464220811483,0.021746502539637634,0.033646327306215175,0.021746502538349193,0.0779301661346971,0.0407514614360051,2.3161501673713016,1.8739317442759764,2.2188028511163713,2.1103104178137837,40.0,40.0,1.793031829106369,20.90484069225265,0.0,0.923030573552352,8.536084515346523,0.0,39.34408828958014,40.23365953280597,38.338403255089325,1.8952562777166477,0.008211493284958696,0.699148970337156,0.7461256290235447,0.6429303796980336,0.020178330222343492,0.10319524932551116,0,1
em2x3125u_healthy_timeseries.csv,EMB_COMP_001,EM2X3125U,healthy,steady_state,2026-01-01 00:06:41.000,2026-01-01 00:06:42.990,401.0,402.99,200,0.0337000756816763,0.02119160611816191,0.033699362089648244,0.021190346664883015,0.0779301661346971,0.0407514614360051,2.3124626446186283,1.9230001354677762,2.2041736994611267,2.1162327212670498,40.0,40.0,1.9673012355392787,20.777755478369418,0.0,0.8731383546236229,8.108557264156474,0.0,40.17019782404214,41.10370951427936,39.23606894132075,1.8676405729586065,0.008380203081382244,0.6995925960861941,0.7461256290235447,0.6559695349537913,0.019730918393584266,0.09015609406975345,0,1
em2x3125u_healthy_timeseries.csv,EMB_COMP_001,EM2X3125U,healthy,steady_state,2026-01-01 00:06:42.000,2026-01-01 00:06:43.990,402.0,403.99,200,0.03295054938100017,0.020997931231049042,0.03294412712929395,0.020997591290516093,0.0615075940199105,0.0406158188895517,1.8666636877191733,1.9342771648615673,2.1895406379349405,2.111029889146446,40.0,40.0,1.921406361686907,19.785474023459795,0.0,0.8491469075575271,7.970413189141362,0.0,41.01057974836718,41.93718045095934,40.03216581527493,1.9050146356844095,0.008349321029220298,0.6992869542978614,0.7455553127025701,0.6595992180432085,0.01812598420766872,0.0859560946593616,0,1
em2x3125u_healthy_timeseries.csv,EMB_COMP_001,EM2X3125U,healthy,steady_state,2026-01-01 00:06:43.000,2026-01-01 00:06:44.990,403.0,404.99,200,0.032932976158417296,0.020874745521284585,0.03293276465287327,0.020873328711098982,0.0660750891115124,0.0406158188895517,2.0063503764030255,1.945691689900529,2.2606020659916237,2.1082220493976385,40.0,40.0,2.0027061647638407,19.6900556334404,0.0,0.8566046351039155,7.857869864635636,0.0,41.84244463897105,42.76819492111415,40.82716827138709,1.941026649727064,0.008129140337806009,0.6999841400657543,0.7455553127025701,0.660072144494664,0.01719527737291671,0.08548316820790614,0,1
em2x3125u_healthy_timeseries.csv,EMB_COMP_001,EM2X3125U,healthy,steady_state,2026-01-01 00:06:44.000,2026-01-01 00:06:45.990,404.0,405.99,200,0.033456823069750175,0.020743790666012573,0.03345680538460443,0.02074205735400244,0.0660750891115124,0.0390545105864627,1.9749361430330745,1.8827084796247542,2.241250229419172,2.106605277389775,40.0,40.0,2.0244893030463005,20.367919070746083,0.0,0.8416254138757484,7.763060847349404,0.0,42.656223840438486,43.57165255099863,41.70477891369404,1.866873637304586,0.007983127241694046,0.6986036674023148,0.744065271572145,0.660359281288182,0.017650926634690322,0.08370599028396297,0,1
em2x3125u_healthy_timeseries.csv,EMB_COMP_001,EM2X3125U,healthy,steady_state,2026-01-01 00:06:45.000,2026-01-01 00:06:46.990,405.0,406.99,200,0.03360830903212261,0.020988444869626654,0.033608009855202334,0.02098727846910154,0.0658925475201332,0.0404124972556481,1.9606028811849328,1.9254641068777272,2.1843704577606564,2.098734493940502,40.0,40.0,1.9242787038651856,20.66601218915381,0.0,0.814657991616504,7.998284689871491,0.0,43.482306255905605,44.37984452135166,42.54755829161252,1.8322862297391396,0.008419859311316771,0.6984241771251201,0.7572024894676964,0.660359281288182,0.01971412010734573,0.09684320817951442,0,1
em2x3125u_healthy_timeseries.csv,EMB_COMP_001,EM2X3125U,healthy,steady_state,2026-01-01 00:06:46.000,2026-01-01 00:06:47.990,406.0,407.99,200,0.03351131830919021,0.020914799658519754,0.03350849896478804,0.02091302290632234,0.0689337901979882,0.0404124972556481,2.057030092399667,1.9322440527985576,2.200906602897261,2.099611238567749,40.0,40.0,1.8938846161603622,20.56292392439644,0.0,0.8845432560601436,7.862693939878626,0.0,44.31800968870113,45.32660819706793,43.22501117985602,2.1015970172119083,0.008318944137405066,0.699807647989395,0.7572024894676964,0.65063617553285,0.020646168178460683,0.10656631393484639,0,1
em2x3125u_healthy_timeseries.csv,EMB_COMP_001,EM2X3125U,healthy,steady_state,2026-01-01 00:06:47.000,2026-01-01 00:06:48.990,407.0,408.99,200,0.03354562375956537,0.02105143213543837,0.033542825437406255,0.021049607998962865,0.0689337901979882,0.0412696710878499,2.054926469457348,1.9604210688533523,2.2176591797446084,2.116260280688789,40.0,40.0,2.035738177902059,20.468957442854382,0.0,1.0011144097251696,7.862376196734751,0.0,45.14743734773821,46.10567682036813,44.24025381151747,1.8654230088506623,0.008356929162996943,0.7035380730836397,0.7625381718254092,0.65063617553285,0.021370132356698213,0.11190199629255915,0,1
em2x3125u_healthy_timeseries.csv,EMB_COMP_001,EM2X3125U,healthy,steady_state,2026-01-01 00:06:48.000,2026-01-01 00:06:49.990,408.0,409.99,200,0.03334836658099836,0.021025340000211338,0.03334780419429147,0.02102529457925107,0.0648041478661188,0.0412696710878499,1.9432480361135198,1.9628539223353856,2.2044013226322745,2.0828312465834564,40.0,40.0,1.9235840697361923,20.32022259036533,0.0,0.8550533580540728,7.987754331704991,0.0,45.97423237170951,46.96113646003065,44.99076017719021,1.9703762828404408,0.00817018014287182,0.7034833227920828,0.7625381718254092,0.6498082532953791,0.021059703837938364,0.11272991853003012,0,1
em2x3125u_healthy_timeseries.csv,EMB_COMP_001,EM2X3125U,healthy,shutdown,2026-01-01 00:06:49.000,2026-01-01 00:06:50.990,409.0,410.99,200,0.0267078409088396,0.016467675094795443,0.026696752358321,0.016466433651774588,0.0648041478661188,0.03720419041614,2.426409086654036,2.2592254341900557,2.8513878227422507,2.754005396789425,40.0,40.0,0.9833597940365649,13.27944791332856,0.0,0.46323151362353576,4.95968711494145,0.0,46.213406979288685,46.96113646003065,45.46720993244377,1.4939265275868792,-0.002894580395698475,0.5609632534308114,0.7472843217337628,0.2831292281297947,0.15175472352032002,0.4641550936039681,0,1
em2x3125u_healthy_timeseries.csv,EMB_COMP_001,EM2X3125U,healthy,shutdown,2026-01-01 00:06:50.000,2026-01-01 00:06:51.990,410.0,411.99,200,0.014643961199910148,0.00899733108042956,0.014643866657638494,0.008995407458299956,0.0373048917991521,0.0256498501765173,2.547459071346146,2.8508287565752997,2.2068694907884963,2.5778366713102736,40.0,40.0,0.3027835177752759,3.988769854445163,0.0,0.19694487078326245,1.421944120195289,0.0,45.539297411872525,46.54329375640493,44.50083213861555,2.042461617789378,-0.010054612238738596,0.28020278863285103,0.5591451573124404,0.0,0.16350747438455077,0.5591451573124404,0,1
em2x3125u_healthy_timeseries.csv,EMB_COMP_001,EM2X3125U,healthy,idle,2026-01-01 00:06:51.000,2026-01-01 00:06:52.990,411.0,412.99,200,0.007384969226674242,0.005019627357281893,0.007377089400072923,0.005013058791680506,0.0227428455147792,0.0184500771911156,3.0796127670556652,3.6755870262660775,3.902939403351395,4.563250425332817,40.0,40.0,0.16215601112315156,0.9335066713644706,0.0,0.09512059618882622,0.40784724664231525,0.0,44.715092835523684,45.56115890144496,44.07708657284871,1.4840723285962554,-0.006521383210975677,0.06979032913482393,0.2994438904354477,0.0,0.0899884329692397,0.2994438904354477,0,1
em2x3125u_healthy_timeseries.csv,EMB_COMP_001,EM2X3125U,healthy,idle,2026-01-01 00:06:52.000,2026-01-01 00:06:53.990,412.0,413.99,200,0.0014815747909608602,0.001264398202518498,0.0014770915055032122,0.0012514447343358608,0.0052157104112626,0.0034876779561244,3.520382800169004,2.7583699100310732,3.6482867617304975,3.1331634634335632,46.5,2.0,0.026239662961654437,0.017403196280565882,0.0,0.020505294316469445,0.010909915726996705,0.0,44.20364908573782,44.61744877955914,43.73695802421746,0.8804907553416825,-0.0038034347807851085,0.000798550455708579,0.0065522473639019,0.0,0.0011374517474872638,0.0065522473639019,0,1
em2x3125u_healthy_timeseries.csv,EMB_COMP_001,EM2X3125U,healthy,idle,2026-01-01 00:06:53.000,2026-01-01 00:06:54.990,413.0,414.99,200,0.0014605100636086912,0.0012467498992388137,0.0014590847885707814,0.0012331002504549927,0.0052157104112626,0.0034876779561244,3.571156776814942,2.797415871662596,3.849826420292487,3.187419665947771,1.5,32.0,0.027839385853470584,0.014783140685195328,0.0,0.01788313167536884,0.012541496024453386,0.0,43.825319821051906,44.27578623336735,43.44163524957231,0.8341509837950412,-0.0037345503854205515,0.0008330423104284102,0.0065522473639019,0.0,0.0011789859797434465,0.0065522473639019,0,1
em2x3125u_healthy_timeseries.csv,EMB_COMP_001,EM2X3125U,healthy,idle,2026-01-01 00:06:54.000,2026-01-01 00:06:55.990,414.0,415.99,200,0.001411733195324391,0.0011227524985995517,0.0014115068565806418,0.001118226647070536,0.004351510796446,0.0039235748795223,3.0823889463377676,3.494603560817109,3.4310063956955967,3.292920646453318,40.0,13.0,0.020187120219629318,0.019666508115869848,0.0,0.015201691633369348,0.009808994714190335,0.0,43.45128887463579,43.892986166624254,43.05181754915878,0.8411686174654776,-0.003683847045958931,0.0008529474131904613,0.0061156748775989,0.0,0.0012341423278785066,0.0061156748775989,0,1
em2x3125u_healthy_timeseries.csv,EMB_COMP_001,EM2X3125U,healthy,idle,2026-01-01 00:06:55.000,2026-01-01 00:06:56.990,415.0,416.99,200,0.0014661794883820253,0.0011757287466557886,0.0014588853308580955,0.0011644989198051072,0.0050455510756061,0.0039235748795223,3.44129154417105,3.337142934271541,3.173506006463322,3.06343696349048,41.0,27.5,0.02127022642451445,0.021344110327658563,0.0,0.018086846740243148,0.009039930402698858,0.0,43.0821256353909,43.58000439248598,42.64138777007852,0.9386166224074586,-0.003697857366060311,0.0008486107465030965,0.0061156748775989,0.0,0.0011910440953233055,0.0061156748775989,0,1
em2x3125u_healthy_timeseries.csv,EMB_COMP_001,EM2X3125U,healthy,idle,2026-01-01 00:06:56.000,2026-01-01 00:06:57.990,416.0,417.99,200,0.001579528787990247,0.0011816513083106727,0.001578194788871819,0.0011816359871875115,0.0055892193083028,0.0038155200655514,3.5385358917164043,3.228972911650385,3.696040087092156,3.0481805973083245,25.5,37.5,0.0341498259776525,0.015755921909998184,0.0,0.017856686152931255,0.010283669093435763,0.0,42.71211381146295,43.20012432142644,42.28074552861381,0.9193787928126369,-0.003759352265193242,0.0009054118380031971,0.0049704538857783,0.0,0.0012314100679005394,0.0049704538857783,0,1
em2x3125u_healthy_timeseries.csv,EMB_COMP_001,EM2X3125U,healthy,idle,2026-01-01 00:06:57.000,2026-01-01 00:06:58.990,417.0,418.99,200,0.001534067734003779,0.0011486699578437654,0.0015147065767843841,0.0011461457025484193,0.0055892193083028,0.0038155200655514,3.6433979963293015,3.3216852582387832,3.5769301403640172,3.008129024064425,21.0,11.0,0.03208652523751244,0.014220857276407277,0.0,0.014850441369130399,0.011847674504387489,0.0,42.33644743541773,42.81388886374195,41.93337288216755,0.8805159815743977,-0.0037299406448673194,0.0009522955472066766,0.0049704538857783,0.0,0.0012787961023927059,0.0049704538857783,0,1
em2x3125u_healthy_timeseries.csv,EMB_COMP_001,EM2X3125U,healthy,idle,2026-01-01 00:06:58.000,2026-01-01 00:06:59.990,418.0,419.99,200,0.0013774719363593736,0.0011506433635553807,0.0013767899178833412,0.0011486694708220137,0.0037127101100084,0.0028098622707997,2.695307259631733,2.441992332113651,2.820033539141009,2.7121306504958955,19.5,48.5,0.02489520135561508,0.013286040094718092,0.0,0.015692657502093112,0.010940974837796241,0.0,41.96018370059558,42.379097342644016,41.52214113401137,0.8569562086326457,-0.0037381494700707537,0.0008044161188972004,0.0045972875241345,0.0,0.00114361040706057,0.0045972875241345,0,1
em2x3125u_healthy_timeseries.csv,EMB_COMP_001,EM2X3125U,healthy,idle,2026-01-01 00:06:59.000,2026-01-01 00:07:00.990,419.0,420.99,200,0.058647819845090134,0.04317348433896972,0.05864174809644032,0.04317247265810355,0.1785624182287614,0.1251169121988271,3.044655687123726,2.8980035805424373,5.319379956707081,4.5838198246149915,40.0,40.0,16.628958530197394,52.15034410349521,0.0,9.428884950534787,27.85274425904439,0.0,35.487539213203995,41.98783272143742,28.14419998928324,13.84363273215418,-0.09226042536659662,2.499499415600322,6.400637808040727,0.0,2.562941269150423,6.400637808040727,1,1
em2x3125u_healthy_timeseries.csv,EMB_COMP_001,EM2X3125U,healthy,startup,2026-01-01 00:07:00.000,2026-01-01 00:07:01.990,420.0,421.99,200,0.08359114968351554,0.05909895662334007,0.08359107567439372,0.05909230393914924,0.1785624182287614,0.1251169121988271,2.1361402361950588,2.11707480719574,2.565968676414547,2.2703925326757153,40.0,40.0,33.435889299487656,106.35393821537289,0.0,14.747044712774182,55.1888093326982,0.0,30.202555154730227,32.124839749922394,28.14419998928324,3.9806397606391535,0.019970430142532677,3.618394955550896,6.400637808040727,0.8588428014731062,1.597287480898802,5.541795006567622,1,1
em2x3125u_healthy_timeseries.csv,EMB_COMP_001,EM2X3125U,healthy,startup,2026-01-01 00:07:01.000,2026-01-01 00:07:02.990,421.0,422.99,200,0.06404864442058142,0.04297736207554658,0.06404782984765402,0.04296566383740138,0.1741978900765933,0.1227800816869518,2.719774815727661,2.856854766263369,3.846410827486445,3.533936648877348,40.0,40.0,17.97369448364638,64.10915461590267,0.0,5.849331512340413,31.14538264699072,0.0,31.84968651685098,33.03739383049395,30.148488785786924,2.8889050447070233,0.013300375765177732,1.4695285308149226,3.630586568524918,0.6460393153073585,0.9560622593927388,2.9845472532175594,1,1
em2x3125u_healthy_timeseries.csv,EMB_COMP_001,EM2X3125U,healthy,steady_state,2026-01-01 00:07:02.000,2026-01-01 00:07:03.990,422.0,423.99,200,0.033107684549915355,0.020866832497754107,0.03310596708827571,0.020866827944638313,0.0677603894408556,0.0443278077199113,2.046666517517875,2.124318950884486,2.191533615720559,2.1356587506970834,40.0,40.0,1.9323288490625137,19.98785951270652,0.0,0.7958844109978079,7.9129183818142925,0.0,32.915805733596784,33.91853193569258,31.74581323224341,2.172718703449167,0.008488767317444468,0.7013669310016148,0.7505617576485137,0.6460393153073585,0.01958188421195265,0.10452244234115526,0,1
em2x3125u_healthy_timeseries.csv,EMB_COMP_001,EM2X3125U,healthy,steady_state,2026-01-01 00:07:03.000,2026-01-01 00:07:04.990,423.0,424.99,200,0.03299160731696455,0.0211595896165249,0.03297705864407393,0.02115603163683604,0.0580582401695177,0.0410462441663211,1.75978816708526,1.9398412214131704,2.115850980868753,2.124345757242829,40.0,40.0,1.6283176760188192,20.124051696087335,0.0,0.9149489191215967,8.039526285594837,0.0,33.758535109316554,34.72127566196424,32.7012623052847,2.0200133566795415,0.008484155801876989,0.702519080208528,0.7541331841380146,0.6555513245626235,0.019857885124214877,0.098581859575391,0,1
em2x3125u_healthy_timeseries.csv,EMB_COMP_001,EM2X3125U,healthy,steady_state,2026-01-01 00:07:04.000,2026-01-01 00:07:05.990,424.0,425.99,200,0.03345322643568215,0.021597242713650603,0.033439037395030236,0.021597110837894964,0.0621210720314683,0.040289726431629,1.8569530849559017,1.8655032480680396,2.155919255382112,2.09066497892233,40.0,40.0,1.7172902251117432,20.64769344073524,0.0,0.8984497248821723,8.43026375629204,0.0,34.60739554237067,35.543387098787086,33.71834612544984,1.825040973337245,0.008462606899204632,0.7016876247271453,0.7541331841380146,0.6553483910125766,0.019579277033267502,0.09878479312543798,0,1
em2x3125u_healthy_timeseries.csv,EMB_COMP_001,EM2X3125U,healthy,steady_state,2026-01-01 00:07:05.000,2026-01-01 00:07:06.990,425.0,426.99,200,0.03324950050357998,0.021572376427410733,0.0332492745329186,0.021570752451706417,0.0621375574070542,0.040289726431629,1.8688267933638234,1.867653597052722,2.1877669113970555,2.045984349236639,40.0,40.0,1.7485599583496776,20.363544319785966,0.0,0.7866147964016,8.52048626808851,0.0,35.45853775226697,36.427996853844014,34.50511892394794,1.9228779298960745,0.008538990816095894,0.6987543790892664,0.7369637651901313,0.6512528898082247,0.01764290610751363,0.08571087538190658,0,1
em2x3125u_healthy_timeseries.csv,EMB_COMP_001,EM2X3125U,healthy,steady_state,2026-01-01 00:07:06.000,2026-01-01 00:07:07.990,426.0,427.99,200,0.033176267185312754,0.02099225445677899,0.033172348064608656,0.020991963322114827,0.0631454189845438,0.0383512985827585,1.9033310357621696,1.826926148485866,2.1627500055329425,2.0571303945793513,40.0,40.0,1.6869854205926045,20.321109352089472,0.0,0.7424605669668732,8.07619811638837,0.0,36.3257088852525,37.33413340488098,35.30728070441767,2.0268527004633086,0.008815857110308183,0.6985483560035572,0.7560628785459758,0.6512528898082247,0.0201990863412748,0.10480998873775105,0,1
em2x3125u_healthy_timeseries.csv,EMB_COMP_001,EM2X3125U,healthy,steady_state,2026-01-01 00:07:07.000,2026-01-01 00:07:08.990,427.0,428.99,200,0.03393615556296594,0.020479456551421547,0.03392400271826305,0.02047812741503633,0.069163084752834,0.0420578623620689,2.0380353521337202,2.0536610557251103,2.1724250952033803,2.12199076055376,40.0,40.0,1.8922113387526873,21.13000834716479,0.0,0.8074615799720699,7.579866780542856,0.0,37.189323663505654,38.16677183530791,36.23208746577872,1.9346843695291938,0.008504065670392493,0.698315262629934,0.7560628785459758,0.6522244275667839,0.020650897570564375,0.10383845097919187,0,1
em2x3125u_healthy_timeseries.csv,EMB_COMP_001,EM2X3125U,healthy,steady_state,2026-01-01 00:07:08.000,2026-01-01 00:07:09.990,428.0,429.99,200,0.03381385579242804,0.020390828582956166,0.033812891218785675,0.02039065840017272,0.069163084752834,0.0420578623620689,2.045406627904344,2.0625872161577234,2.205179789995726,2.143645216163808,40.0,40.0,2.0185020844144876,20.853618732606122,0.0,0.8909809537924381,7.424616137677382,0.0,38.03827059868438,39.028315543964254,37.03549923548775,1.992816308476506,0.008560757436867085,0.698202946574808,0.7606426583944583,0.6496029053436093,0.01910819580289464,0.11103975305084901,0,1
em2x3125u_healthy_timeseries.csv,EMB_COMP_001,EM2X3125U,healthy,steady_state,2026-01-01 00:07:09.000,2026-01-01 00:07:10.990,429.0,430.99,200,0.03340116524056837,0.020652974163284644,0.03340067345124118,0.02065139956886807,0.0634616422658904,0.0414863663264845,1.8999828840944508,2.008735690970647,2.2066232010051463,2.108616889985073,40.0,40.0,2.0079607506719674,20.304228067974204,0.0,0.8543216550138225,7.679079797589111,0.0,38.88309351752237,39.83852612524458,37.96822788995882,1.870298235285759,0.008441063958227926,0.7020514289486376,0.7606426583944583,0.6496029053436093,0.01969872807574861,0.11103975305084901,0,1
em2x3125u_healthy_timeseries.csv,EMB_COMP_001,EM2X3125U,healthy,steady_state,2026-01-01 00:07:10.000,2026-01-01 00:07:11.990,430.0,431.99,200,0.03300646105807848,0.02095072052384215,0.03298935315079232,0.020949929526019224,0.0639032409021171,0.0414863663264845,1.9360827805705179,1.9801880455267666,2.214930914395314,2.0665624059076277,40.0,40.0,1.8632590670295566,19.908149500731998,0.0,0.8265927657934087,7.957007254058913,0.0,39.738357232139094,40.80108418286263,38.697579913991,2.1035042688716317,0.008699671652394872,0.7028740672376064,0.7585838770038713,0.655380350824814,0.020741455074500214,0.10320352617905726,0,1
em2x3125u_healthy_timeseries.csv,EMB_COMP_001,EM2X3125U,healthy,steady_state,2026-01-01 00:07:11.000,2026-01-01 00:07:12.990,431.0,432.99,200,0.0331806926917536,0.021195195140285873,0.03317653779502877,0.021194787436204204,0.0639032409021171,0.0391681276946831,1.925916420605619,1.8479720255198753,2.181174917750829,2.0647964470029954,40.0,40.0,1.726823120801655,20.28740195988207,0.0,0.8093010534199102,8.175511529474583,0.0,40.59895489146098,41.57680137359058,39.58793566625204,1.9888657073385403,0.008502197059178866,0.7012861571559312,0.76508903323365,0.655380350824814,0.0205572512427246,0.10970868240883591,0,1
em2x3125u_healthy_timeseries.csv,EMB_COMP_001,EM2X3125U,healthy,steady_state,2026-01-01 00:07:12.000,2026-01-01 00:07:13.990,432.0,433.99,200,0.033740324428439966,0.021408940852742416,0.03373383500711044,0.021408873223534887,0.0656559165924957,0.0391681276946831,1.9459183545121412,1.829521972342961,2.156270486244216,2.0280487325109604,40.0,40.0,1.7165577758733528,21.044087482915646,0.0,0.7886816832727909,8.383876800600666,0.0,41.43179871701728,42.43776529194276,40.42305037743879,2.014714914503969,0.00823440524713433,0.7028172318562628,0.76508903323365,0.6499005381688925,0.020015939767399116,0.11518849506475748,0,1
em2x3125u_healthy_timeseries.csv,EMB_COMP_001,EM2X3125U,healthy,steady_state,2026-01-01 00:07:13.000,2026-01-01 00:07:14.990,433.0,434.99,200,0.03348115312270552,0.020994731441454282,0.03347448318582396,0.020994725685718366,0.0656559165924957,0.0372673223702347,1.9609813423053999,1.7750797372263618,2.1758568609221527,2.0474935848241205,40.0,40.0,1.6911490260012279,20.720196556059207,0.0,0.8101786763935431,8.007240974045295,0.0,42.28456217484911,43.236114947703,41.31983064939705,1.9162842983059534,0.008769651606893282,0.7024394762511613,0.7520891075077942,0.6499005381688925,0.019563577200265955,0.10218856933890175,0,1
em2x3125u_healthy_timeseries.csv,EMB_COMP_001,EM2X3125U,healthy,steady_state,2026-01-01 00:07:14.000,2026-01-01 00:07:15.990,434.0,435.99,200,0.033261901882647014,0.020696375731439075,0.033261321667470874,0.020696209942257925,0.063690518740849,0.0391156367365183,1.914818911003908,1.8899751939224425,2.173940347681538,2.11791510209739,40.0,40.0,1.6226008405273094,20.50712356355972,0.0,0.7836190588406836,7.7834982002120485,0.0,43.14417849959442,44.08915274537986,42.21508040207049,1.874072343309372,0.008396625530989434,0.7017538120785306,0.7520891075077942,0.6587099072821109,0.01874260605713624,0.09337920022568336,0,1
em2x3125u_healthy_timeseries.csv,EMB_COMP_001,EM2X3125U,healthy,steady_state,2026-01-01 00:07:15.000,2026-01-01 00:07:16.990,435.0,436.99,200,0.03309719566022701,0.02102701991884579,0.03309628947407276,0.021025172070906307,0.0626160951564194,0.0397313024956559,1.8918852158723931,1.8895355903499247,2.1827574375553502,2.0857424834252662,40.0,40.0,1.739758214638633,20.16832910002832,0.0,0.8497239235624124,7.991900267290272,0.0,43.987329089520536,44.96858047820081,43.024388305400464,1.9441921728003493,0.008597535096596408,0.7019481917796045,0.760990974540285,0.6515498189559147,0.019473308088620175,0.10944115558437029,0,1
em2x3125u_healthy_timeseries.csv,EMB_COMP_001,EM2X3125U,healthy,steady_state,2026-01-01 00:07:16.000,2026-01-01 00:07:17.990,436.0,437.99,200,0.03299225639052696,0.02106971983374193,0.03299216616468556,0.02106837487028542,0.060915471067826,0.0397313024956559,1.8463566221956436,1.8857062556678392,2.161336574775084,2.02044960199685,40.0,40.0,1.7830857762224352,20.00277248035748,0.0,0.7859210686688224,8.09267669886944,0.0,44.84368073199922,45.82242803337856,43.73689394515171,2.0855340882268507,0.008597844416320338,0.7014449682944437,0.7788054854906307,0.6515498189559147,0.01855296834254565,0.12725566653471598,0,1
em2x3125u_healthy_timeseries.csv,EMB_COMP_001,EM2X3125U,healthy,steady_state,2026-01-01 00:07:17.000,2026-01-01 00:07:18.990,437.0,438.99,200,0.03325635530157808,0.020768748000859583,0.033254897835529346,0.020768351440069364,0.0615622760853769,0.0384312080110812,1.8511432033700832,1.8504345090753953,2.140642003789674,2.0486162168209874,40.0,40.0,1.7976304061807054,20.32013462923607,0.0,0.7594616796650538,7.867317596639452,0.0,45.69898788264,46.739469715814856,44.74369230533037,1.9957774104844859,0.008470110320712768,0.7003648793522053,0.7788054854906307,0.6383087828702432,0.018739893516161597,0.1404967026203875,0,1
em2x3125u_healthy_timeseries.csv,EMB_COMP_001,EM2X3125U,healthy,steady_state,2026-01-01 00:07:18.000,2026-01-01 00:07:19.990,438.0,439.99,200,0.03328276094114911,0.020851857294152426,0.03328177889369285,0.020850650348027355,0.0617209604375377,0.0441463156129538,1.8544423206558278,2.117140693521528,2.1739774249739363,2.117152513904212,40.0,40.0,1.8397523559363334,20.320482844137075,0.0,0.8179278945636494,7.877724992433908,0.0,46.556483106071376,47.51251758781597,45.59066920626829,1.921848381547683,0.008560534797989374,0.6997531718098187,0.7585135183948335,0.6383087828702432,0.01948947652155682,0.12020473552459032,0,1
em2x3125u_healthy_timeseries.csv,EMB_COMP_001,EM2X3125U,healthy,shutdown,2026-01-01 00:07:19.000,2026-01-01 00:07:20.990,439.0,440.99,200,0.026624356575514464,0.016942509693060277,0.02662389767206281,0.016939223648154485,0.0617209604375377,0.0441463156129538,2.318214160874799,2.6056538501516284,2.8792854992282724,2.774064451536938,40.0,40.0,1.0645497481145338,13.112453019962578,0.0,0.49703606182705895,5.241857205505495,0.0,46.8923017970502,47.51251758781597,46.2048844894277,1.3076330983882727,-0.0016435635062291842,0.5605497028069536,0.7585135183948335,0.2694534748405967,0.15230337521057544,0.4890600435542368,0,1
em2x3125u_healthy_timeseries.csv,EMB_COMP_001,EM2X3125U,healthy,shutdown,2026-01-01 00:07:20.000,2026-01-01 00:07:21.990,440.0,441.99,200,0.014659400980008059,0.00896810391668466,0.014659224779791438,0.008958277621495496,0.0378461647118677,0.0259791621637164,2.581699263392882,2.896840001528485,2.5239238165965676,2.920842600797458,40.0,40.0,0.33386136776667474,3.9684749096738665,0.0,0.18844979729076194,1.4165661585917428,0.0,46.29535632910156,47.40680846848071,45.14923203469736,2.257576433783349,-0.010022637550074254,0.2796397064809166,0.563192514894933,0.0,0.16238237336161196,0.563192514894933,0,1
em2x3125u_healthy_timeseries.csv,EMB_COMP_001,EM2X3125U,healthy,idle,2026-01-01 00:07:21.000,2026-01-01 00:07:22.990,441.0,442.99,200,0.007671924190365088,0.0040712550068210986,0.007665447752115481,0.004061510471884658,0.0250853562143007,0.0149864656602276,3.2697607004256577,3.681043225029835,4.638456536608787,4.368813204403979,40.0,40.0,0.20442285835106425,0.9748248686187574,0.0,0.08006066447052018,0.2502476654185487,0.0,45.380457806217585,46.27262828786736,44.6738669090806,1.5987613787867616,-0.007866993006371,0.07001196659804872,0.2870973209693484,0.0,0.09001575727343758,0.2870973209693484,0,1
em2x3125u_healthy_timeseries.csv,EMB_COMP_001,EM2X3125U,healthy,idle,2026-01-01 00:07:22.000,2026-01-01 00:07:23.990,442.0,443.99,200,0.0015315081165834254,0.0011623167340887677,0.001531469688059376,0.0011619047016875115,0.0048261323576864,0.0034282714243246,3.151228717254733,2.94951567312011,2.9825408647616207,2.9867169733844223,28.0,11.0,0.03140785358296555,0.01553660349989296,0.0,0.0165816092232676,0.010504344200528938,0.0,44.779279421216394,45.19678854603559,44.36450747397376,0.8322810720618321,-0.0036983316087789903,0.0009673775638351154,0.005733445211282,0.0,0.0012458615178972212,0.005733445211282,0,1
em2x3125u_healthy_timeseries.csv,EMB_COMP_001,EM2X3125U,healthy,idle,2026-01-01 00:07:23.000,2026-01-01 00:07:24.990,443.0,444.99,200,0.0014608164563715536,0.0012045377271536445,0.0014603727337340088,0.0011974449556517335,0.0037407489303917,0.003162830840779,2.5607248015833233,2.625763203160814,2.676961241659067,2.7009962239282053,24.5,29.0,0.0253419739852474,0.01739271287296345,0.0,0.019975857687906943,0.0090359595371423,0.0,44.40206101097196,44.87751572298435,43.981758886845085,0.8957568361392632,-0.0037485660531129048,0.0009041856623877137,0.0053976677946864,0.0,0.0012155916368136305,0.0053976677946864,0,1
em2x3125u_healthy_timeseries.csv,EMB_COMP_001,EM2X3125U,healthy,idle,2026-01-01 00:07:24.000,2026-01-01 00:07:25.990,444.0,445.99,200,0.0014920167727551577,0.0012514259656950127,0.0014870935713615962,0.001242250251131759,0.0041451964308807,0.0033058354483117,2.7782505576168437,2.6416548313153436,2.9317436372644976,2.671801777843735,15.0,7.0,0.02947728268042101,0.0149724312799946,0.0,0.0207636116118886,0.010102868259064998,0.0,44.026048355142336,44.461254156695816,43.61427839010821,0.8469757665876045,-0.0037070117401470687,0.000787097753978254,0.005339900298696,0.0,0.001145021407646334,0.005339900298696,0,1
em2x3125u_healthy_timeseries.csv,EMB_COMP_001,EM2X3125U,healthy,idle,2026-01-01 00:07:25.000,2026-01-01 00:07:26.990,445.0,446.99,200,0.0015980699145042101,0.0012117308946133988,0.0015603721557233663,0.0012116965741557138,0.0041451964308807,0.0033058354483117,2.5938767717598377,2.7281927555098133,2.845856448842868,2.693874865697256,22.0,43.0,0.03444365060271378,0.014291151422503787,0.0,0.016585365259769592,0.012844950927590955,0.0,43.650898207459974,44.053020638641,43.24704440639211,0.805976232248895,-0.003746907056540501,0.0008194033590370637,0.0059347114795696,0.0,0.0012170788676619264,0.0059347114795696,0,1
em2x3125u_healthy_timeseries.csv,EMB_COMP_001,EM2X3125U,healthy,idle,2026-01-01 00:07:26.000,2026-01-01 00:07:27.990,446.0,447.99,200,0.0015880472970486996,0.001202846200307674,0.0015758508779262726,0.001197928886327537,0.0039773892287174,0.0033385882261639,2.504578570241052,2.7755736563077877,2.525173746429966,2.9957011783600254,20.5,31.5,0.02976615097947791,0.020099381282121506,0.0,0.01811166288932521,0.010621135270666849,0.0,43.27502522965993,43.7521824664381,42.81681776867416,0.9353646977639372,-0.0037735581679554453,0.0008067502299421442,0.0059347114795696,0.0,0.0011763243532963916,0.0059347114795696,0,1
em2x3125u_healthy_timeseries.csv,EMB_COMP_001,EM2X3125U,healthy,idle,2026-01-01 00:07:27.000,2026-01-01 00:07:28.990,447.0,448.99,200,0.001539182369152186,0.0012165840892913793,0.0015349038223969515,0.001214681384933426,0.0039773892287174,0.0033385882261639,2.5840922482163236,2.7442313733599124,2.8071512549374376,3.0102028169330017,31.0,50.0,0.026439181669190397,0.02109494000837787,0.0,0.019047584600436866,0.011257759858383672,0.0,42.89328985475822,43.31575490779412,42.45031605836126,0.8654388494328629,-0.003924012041296909,0.0008369525333263894,0.0059654441600059,0.0,0.0011918667748805959,0.0059654441600059,0,1
em2x3125u_healthy_timeseries.csv,EMB_COMP_001,EM2X3125U,healthy,idle,2026-01-01 00:07:28.000,2026-01-01 00:07:29.990,448.0,449.99,200,0.0014838183047994847,0.00119375624155449,0.0014829486768632534,0.0011933705449670743,0.0040788300205486,0.003600789248784,2.7488743111979543,3.0163521860167286,2.8215708027930546,2.7287543922790705,14.5,9.0,0.02872151576877585,0.015261356457041108,0.0,0.01832538019270318,0.01046692315077841,0.0,42.51742629816964,42.9678353259479,42.08894956205105,0.8788857638968537,-0.003708322563776728,0.0009641387447787785,0.0059654441600059,0.0,0.0012674979187703122,0.0059654441600059,0,1
