source_file,asset_id,compressor_model,fault_mode,operating_state,start_timestamp,end_timestamp,start_time_s,end_time_s,window_size_samples,radial_rms,axial_rms,radial_std,axial_std,radial_peak,axial_peak,radial_crest_factor,axial_crest_factor,radial_kurtosis,axial_kurtosis,radial_dominant_freq_hz,axial_dominant_freq_hz,radial_energy_0_30hz,radial_energy_30_80hz,radial_energy_80_200hz,axial_energy_0_30hz,axial_energy_30_80hz,axial_energy_80_200hz,temp_mean,temp_max,temp_min,temp_delta,temp_slope,current_mean,current_max,current_min,current_std,current_delta,current_inrush_flag,is_healthy
em2x3125u_misalignment_timeseries.csv,EMB_COMP_001,EM2X3125U,misalignment,startup,2026-01-01 00:00:00.000,2026-01-01 00:00:01.990,0.0,1.99,200,0.08262172614227,0.057320077865280816,0.08262010126394813,0.057316097005990795,0.185769881082798,0.1515729921252421,2.2484386342027354,2.6443263472440424,2.616262970007991,2.3606960135692314,40.0,40.0,31.69159884627194,104.83071696542588,0.0,14.018619310663185,51.81488740321891,0.0,25.999836392240663,28.00344072987632,23.92104223571033,4.082398494165989,0.020161692106006695,3.628418482948528,6.471560065439936,0.7787656527905749,1.591616069064245,5.692794412649361,1,0
em2x3125u_misalignment_timeseries.csv,EMB_COMP_001,EM2X3125U,misalignment,startup,2026-01-01 00:00:01.000,2026-01-01 00:00:02.990,1.0,2.99,200,0.06634196090778914,0.04534049578586529,0.06633669854524249,0.04532231933729602,0.1772879118800892,0.1515729921252421,2.6723345142979333,3.342993707900617,3.2064881241494034,3.511882736058557,40.0,40.0,16.503201583037093,71.51381857746894,0.0,10.660805757238302,30.494023598585464,0.0,27.676413024359164,28.83987122578553,25.916536093099303,2.9233351326862262,0.013516942418697326,1.5160383534646547,3.649907071743936,0.7191341334048461,0.9266458745678599,2.9307729383390897,1,0
em2x3125u_misalignment_timeseries.csv,EMB_COMP_001,EM2X3125U,misalignment,steady_state,2026-01-01 00:00:02.000,2026-01-01 00:00:03.990,2.0,3.99,200,0.04683102878293557,0.028515749236276686,0.046831018785569035,0.028513482980922725,0.0824443359541121,0.0545857035805703,1.7604639081547024,1.9142300322633072,1.9862014311382075,2.1961547281209355,40.0,40.0,1.841064096029565,42.02248522535964,0.0,7.95257278494194,8.307924975560601,0.0,28.70709614479581,29.46891073175354,27.86045830295041,1.6084524288031297,0.0071351942629813495,0.7803183571705569,0.8297203293584927,0.7191341334048461,0.02046265109440396,0.1105861959536466,0,0
em2x3125u_misalignment_timeseries.csv,EMB_COMP_001,EM2X3125U,misalignment,steady_state,2026-01-01 00:00:03.000,2026-01-01 00:00:04.990,3.0,4.99,200,0.047078125304765246,0.028665763563577962,0.047077845501523115,0.02865416956751415,0.0824443359541121,0.0517655044713508,1.7512238522753387,1.8058303019397963,1.9754035920837079,2.2066679461802248,40.0,40.0,1.9226711366633598,42.403911917703105,0.0,8.047273062885864,8.374226214260952,0.0,29.41672825018476,30.280564251296568,28.609706036934394,1.6708582143621733,0.007036953426665313,0.7827267009799053,0.8409064441290969,0.7232086027024714,0.02185590646231189,0.11769784142662543,0,0
em2x3125u_misalignment_timeseries.csv,EMB_COMP_001,EM2X3125U,misalignment,steady_state,2026-01-01 00:00:04.000,2026-01-01 00:00:05.990,4.0,5.99,200,0.047363204129454016,0.028593088583184153,0.04736211734276496,0.028591278050267482,0.0828522758772618,0.0544810536430264,1.749296260675447,1.905392398744471,1.9600517315109147,2.183078433755406,40.0,40.0,1.9882810080956803,42.87516068305688,0.0,8.239042254725247,8.114475477002127,0.0,30.125268351044532,30.966190098072733,29.163267640167017,1.8029224579057157,0.007168815596207868,0.7823128635326273,0.8492737980487218,0.7257891611627015,0.021157741632234602,0.1234846368860203,0,0
em2x3125u_misalignment_timeseries.csv,EMB_COMP_001,EM2X3125U,misalignment,steady_state,2026-01-01 00:00:05.000,2026-01-01 00:00:06.990,5.0,6.99,200,0.0468034282883923,0.028600526166056996,0.04680109946983424,0.028599423310619303,0.0828522758772618,0.055756286495816,1.770218099553403,1.9494846413695481,1.9494296344925959,2.1958854926650755,40.0,40.0,1.7977062049139327,42.01196821218528,0.0,8.08176877947999,8.277385821697532,0.0,30.84174192384884,31.66716687604048,29.93900382301323,1.7281630530272487,0.0071971588500137195,0.7802411781354904,0.8492737980487218,0.7291932267966535,0.020200917792475254,0.12008057125206828,0,0
em2x3125u_misalignment_timeseries.csv,EMB_COMP_001,EM2X3125U,misalignment,steady_state,2026-01-01 00:00:06.000,2026-01-01 00:00:07.990,6.0,7.99,200,0.04681484650603422,0.028359779579291217,0.04681477304517589,0.028359392596181993,0.0846563739585934,0.055756286495816,1.8083232195940573,1.966033845218253,1.9503587968836151,2.2331370178151975,40.0,40.0,1.690934942520252,42.15789884553528,0.0,7.883267392040181,8.206313699936606,0.0,31.559976679303745,32.408063926750344,30.73291819764705,1.6751457291032956,0.007165479796994839,0.7813720779506943,0.8308326815590961,0.7211593222555606,0.020480314183084224,0.1096733593035355,0,0
em2x3125u_misalignment_timeseries.csv,EMB_COMP_001,EM2X3125U,misalignment,steady_state,2026-01-01 00:00:07.000,2026-01-01 00:00:08.990,7.0,8.99,200,0.04781585365592763,0.028089004128831727,0.047811656227267116,0.028088546137910952,0.0863163034680263,0.0513234938577117,1.8051816890928987,1.8271738514585185,1.9513726056225953,2.2128551491181425,40.0,40.0,1.7259830603808657,44.003186715792786,0.0,7.748556967951605,8.030771925074891,0.0,32.26592077197833,33.10610459489895,31.4615100943248,1.6445945005741507,0.007038548850933877,0.7813594588767657,0.8391172099861712,0.7211593222555606,0.02032756088697141,0.11795788773061067,0,0
em2x3125u_misalignment_timeseries.csv,EMB_COMP_001,EM2X3125U,misalignment,steady_state,2026-01-01 00:00:08.000,2026-01-01 00:00:09.990,8.0,9.99,200,0.04723732805444588,0.02766267783976528,0.04723695496071342,0.027662557647277944,0.0869938063139702,0.0513234938577117,1.8416326641866978,1.8553335347720328,1.9917634649797182,2.1854683661742182,40.0,40.0,1.8931448127449577,42.74835553598271,0.0,7.611781502705738,7.692906231386331,0.0,32.96988813853441,33.744041503785496,32.14302476770201,1.601016736083487,0.007153489672245126,0.7787882490106673,0.8391172099861712,0.7207132319200158,0.02170023207395449,0.11840397806615544,0,0
em2x3125u_misalignment_timeseries.csv,EMB_COMP_001,EM2X3125U,misalignment,steady_state,2026-01-01 00:00:09.000,2026-01-01 00:00:10.990,9.0,10.99,200,0.046652702696053434,0.027013621878443392,0.046652698795341216,0.02701100845318748,0.0869938063139702,0.049409475363147,1.8647109660664827,1.8290577837167137,2.00430322628036,2.1703906498968975,40.0,20.0,2.0010123892498255,41.5617058687403,0.0,7.540181510778864,7.052195699804303,0.0,33.69089904957897,34.586589335600394,32.804317230275096,1.7822721053252977,0.007274813089650009,0.7768053093847881,0.836296600612944,0.7207132319200158,0.021773167582555233,0.11558336869292818,0,0
em2x3125u_misalignment_timeseries.csv,EMB_COMP_001,EM2X3125U,misalignment,steady_state,2026-01-01 00:00:10.000,2026-01-01 00:00:11.990,10.0,11.99,200,0.047162467599733186,0.02749625168782589,0.04715996159043654,0.02749591657317692,0.0821583505225738,0.052659505859065,1.7420282420302917,1.9151521617173832,1.9635964787537243,2.2001469360775023,40.0,20.0,1.8740106241056043,42.608802821262806,0.0,7.629698728186798,7.491748952619455,0.0,34.407871705665414,35.204639347683376,33.53857685692116,1.666062490762215,0.007132003535279687,0.7775782528478312,0.8275127957903754,0.7287788019369165,0.02031207209868624,0.09873399385345893,0,0
em2x3125u_misalignment_timeseries.csv,EMB_COMP_001,EM2X3125U,misalignment,steady_state,2026-01-01 00:00:11.000,2026-01-01 00:00:12.990,11.0,12.99,200,0.04736636762266101,0.028374419133404882,0.04736609752946855,0.028374416695749836,0.0860889141835823,0.052659505859065,1.8175114222268471,1.8558796080188145,1.9382365965250385,2.2090858036514067,40.0,40.0,1.6345354529749894,43.241797527490185,0.0,7.838645564274247,8.263531239315888,0.0,35.11416008303338,35.936670407744,34.20317206058315,1.7334983471608538,0.00705544150586423,0.7787255700650758,0.8377455146260657,0.7138593132535336,0.02065421035535883,0.12388620137253215,0,0
em2x3125u_misalignment_timeseries.csv,EMB_COMP_001,EM2X3125U,misalignment,steady_state,2026-01-01 00:00:12.000,2026-01-01 00:00:13.990,12.0,13.99,200,0.04711574884591949,0.028222486353468145,0.04711522829247865,0.02822216518825023,0.0860889141835823,0.052333379504039,1.8271791554266705,1.8543149901322555,1.9519492400424825,2.1911703484764824,40.0,40.0,1.6277545125847466,42.769224895606165,0.0,7.780928068460931,8.149134188527773,0.0,35.826657086768485,36.68855182068911,34.93112889653393,1.7574229241551862,0.007185844708176532,0.7778603872313016,0.8377455146260657,0.7138593132535336,0.020707701280719353,0.12388620137253215,0,0
em2x3125u_misalignment_timeseries.csv,EMB_COMP_001,EM2X3125U,misalignment,steady_state,2026-01-01 00:00:13.000,2026-01-01 00:00:14.990,13.0,14.99,200,0.04658078643588389,0.028223252032480182,0.046580674111093144,0.028223101678595975,0.0822260164955038,0.0524184137470709,1.7652346125302925,1.8572775981572283,1.991191460140384,2.1797647995551537,40.0,40.0,1.8917818401087914,41.50340252691493,0.0,7.879786227252626,8.052844071415363,0.0,36.53910882733585,37.3642882281028,35.77716773112709,1.5871204969757073,0.007111681068213639,0.780445004670349,0.8413630179974434,0.7329432758232822,0.020520369379908684,0.10841974217416117,0,0
em2x3125u_misalignment_timeseries.csv,EMB_COMP_001,EM2X3125U,misalignment,steady_state,2026-01-01 00:00:14.000,2026-01-01 00:00:15.990,14.0,15.99,200,0.04646270471561153,0.02804576344012058,0.04645888016256456,0.028043999533293357,0.0792120005709274,0.0524184137470709,1.7048512577080357,1.8690314442317615,1.9539011560326607,2.168174062565054,40.0,20.0,1.7229088288368668,41.447664916549414,0.0,8.012073283973491,7.719077590357809,0.0,37.24776449154101,38.06226031873521,36.45107470236957,1.6111856163656455,0.007024587329906257,0.7829152397766259,0.8413630179974434,0.7221175637426847,0.019965228335840322,0.11924545425475874,0,0
em2x3125u_misalignment_timeseries.csv,EMB_COMP_001,EM2X3125U,misalignment,steady_state,2026-01-01 00:00:15.000,2026-01-01 00:00:16.990,15.0,16.990000000000002,200,0.04674338005986142,0.027719662573864053,0.046740969961713896,0.027713610830239425,0.0842482376350718,0.0502448565609223,1.8023565588791435,1.8126070772699991,1.9702633796597515,2.1828788900508953,40.0,20.0,1.8595462945983268,41.84162917359647,0.0,7.787293611939552,7.574795734651173,0.0,37.95473083576247,38.76967188015521,37.10519254614324,1.6644793340119648,0.006963889110963705,0.781393490455614,0.8252016712542984,0.7221175637426847,0.019323254807705553,0.10308410751161379,0,0
em2x3125u_misalignment_timeseries.csv,EMB_COMP_001,EM2X3125U,misalignment,steady_state,2026-01-01 00:00:16.000,2026-01-01 00:00:17.990,16.0,17.990000000000002,200,0.04716422455395026,0.028268286285468874,0.04716172698813951,0.028266772838039602,0.0858096870647623,0.0516946058332135,1.8193808522518213,1.828713821247338,1.9992785475276,2.1732837632973583,40.0,40.0,2.0326905378931257,42.46040377798344,0.0,7.877462765642162,8.103440834621239,0.0,38.66067411481244,39.451743987993176,37.79349026307295,1.658253724920229,0.007141965800561547,0.7804515687173563,0.8286525714193727,0.7269286314492466,0.01973549463332413,0.10172393997012608,0,0
em2x3125u_misalignment_timeseries.csv,EMB_COMP_001,EM2X3125U,misalignment,steady_state,2026-01-01 00:00:17.000,2026-01-01 00:00:18.990,17.0,18.99,200,0.047556588886770196,0.028200948323097334,0.04755650938629652,0.028200052949448873,0.0858096870647623,0.0534536247860639,1.8043701004096566,1.8954548681713639,1.9562388253401866,2.183455419430638,40.0,40.0,1.8842715746702658,43.353670474301765,0.0,7.944075928074608,7.960802256649513,0.0,39.37316438683462,40.36865652621639,38.5115543939057,1.8571021323106933,0.007141877109774274,0.7800674060062518,0.8317736232452098,0.7269286314492466,0.020878007373996626,0.10484499179596318,0,0
em2x3125u_misalignment_timeseries.csv,EMB_COMP_001,EM2X3125U,misalignment,steady_state,2026-01-01 00:00:18.000,2026-01-01 00:00:19.990,18.0,19.99,200,0.04724590216770576,0.028116068034129655,0.047245730544736186,0.02811293681898037,0.0857369072144115,0.0534536247860639,1.8146951011767471,1.901177103468998,1.9432342484554526,2.210633335389618,40.0,40.0,1.832965242077226,42.825928810951886,0.0,7.91438780811898,7.892528281630055,0.0,40.10026460735526,40.91528466399427,39.235807656076105,1.679477007918166,0.007215666726293241,0.779635649595715,0.8317736232452098,0.7187691274142767,0.021491781810556092,0.11300449583093308,0,0
em2x3125u_misalignment_timeseries.csv,EMB_COMP_001,EM2X3125U,misalignment,shutdown,2026-01-01 00:00:19.000,2026-01-01 00:00:20.990,19.0,20.99,200,0.0354696403609669,0.0215009856807803,0.03546628604901357,0.02149968136700703,0.0857369072144115,0.0503272608408792,2.417191331569349,2.3406955191764376,3.0544484673557184,3.3858963258184684,40.0,40.0,0.9920707740721751,24.16672130347065,0.0,4.048827032476611,5.198170862585681,0.0,40.40733703891435,40.925371514429706,39.77489215015241,1.1504793642772952,-0.0013625821011040023,0.6000732720390759,0.8195598193908273,0.2698086248690503,0.18923153792320624,0.549751194521777,0,0
em2x3125u_misalignment_timeseries.csv,EMB_COMP_001,EM2X3125U,misalignment,shutdown,2026-01-01 00:00:20.000,2026-01-01 00:00:21.990,20.000000000000004,21.99,200,0.014717061410271836,0.00912676036416582,0.014713742568377227,0.00912609097375467,0.0329376720274494,0.0224796901435686,2.238060378307616,2.463052523196519,2.3087053837927356,2.298739168794757,40.0,40.0,0.2608528421787688,4.071676916344149,0.0,0.1865552078301394,1.480862626998877,0.0,39.8424495992199,40.925371514429706,38.807876899768914,2.1174946146607923,-0.010099153750217447,0.28009961022615715,0.5626649309061299,0.0,0.1623955171082935,0.5626649309061299,0,0
em2x3125u_misalignment_timeseries.csv,EMB_COMP_001,EM2X3125U,misalignment,idle,2026-01-01 00:00:21.000,2026-01-01 00:00:22.990,21.000000000000004,22.99,200,0.007679776809469613,0.004671291599946184,0.0076793119029341834,0.004671281447862859,0.024767581673557,0.0155431720738385,3.2250392541378448,3.3273821043450953,4.566856473331162,4.367969753357174,40.0,40.0,0.13218780144231154,1.050360930674863,0.0,0.08157849964024805,0.35484815199251973,0.0,38.99590461652451,39.86683077417361,38.43669366450023,1.4301371096733746,-0.006853657719985228,0.07017335305723957,0.2866402322079053,0.0,0.08984963415740566,0.2866402322079053,0,0
em2x3125u_misalignment_timeseries.csv,EMB_COMP_001,EM2X3125U,misalignment,idle,2026-01-01 00:00:22.000,2026-01-01 00:00:23.990,22.000000000000004,23.99,200,0.0014954617173961152,0.001134510891432588,0.0014860418429163177,0.0011337120271335546,0.0041280009348007,0.0034284159360718,2.76035212856424,3.0219330303146013,2.549622734961012,3.0431768850800265,41.5,50.0,0.023049214352084353,0.02115382356933081,0.0,0.01465893623363628,0.011996822807677872,0.0,38.47222412688522,38.91617787080015,38.08076062131372,0.8354172494864258,-0.003611660204894959,0.0007330821475149802,0.0042514123743455,0.0,0.0010131530505907533,0.0042514123743455,0,0
em2x3125u_misalignment_timeseries.csv,EMB_COMP_001,EM2X3125U,misalignment,idle,2026-01-01 00:00:23.000,2026-01-01 00:00:24.990,23.000000000000004,24.99,200,0.0014265921517408534,0.0011407688243202378,0.001423811289132649,0.0011373279318879213,0.0038879300653076,0.0032620816293318,2.725326969283551,2.8595466143419648,2.6238622780747223,3.1631545027312367,3.5,50.0,0.024654650044455113,0.015895271072532115,0.0,0.014196169021867598,0.013249548335189258,0.0,38.10112407975255,38.51666046004626,37.640029977630846,0.8766304824154147,-0.003786183168495932,0.0007309599961233521,0.0042514123743455,0.0,0.001021224036399952,0.0042514123743455,0,0
em2x3125u_misalignment_timeseries.csv,EMB_COMP_001,EM2X3125U,misalignment,idle,2026-01-01 00:00:24.000,2026-01-01 00:00:25.990,24.000000000000004,25.99,200,0.0015398488415579387,0.0011396958249075234,0.0015366784141827583,0.0011295648075014043,0.0051279510719653,0.0032620816293318,3.3301652302294213,2.8622388167443624,3.4438451172051887,3.2135555695320783,6.0,20.0,0.02973476899362755,0.017774464297312907,0.0,0.014619488158975225,0.01092475214389333,0.0,37.7228162840157,38.217040128876825,37.31508674738082,0.901953381496007,-0.0037240302662069078,0.0008623689800669842,0.0057179352840413,0.0,0.0011998397509838936,0.0057179352840413,0,0
em2x3125u_misalignment_timeseries.csv,EMB_COMP_001,EM2X3125U,misalignment,idle,2026-01-01 00:00:25.000,2026-01-01 00:00:26.990,25.000000000000004,26.99,200,0.0015669426638694399,0.0012017747197020283,0.0015608617798152382,0.0012007150818744003,0.0051279510719653,0.0032299514164611,3.272583732771839,2.687651323920297,3.187818416568213,2.8887691772777737,10.5,10.0,0.029859826777904743,0.0188866368504543,0.0,0.015265484141853802,0.013780961032974113,0.0,37.35165472788711,37.81326383591095,36.92367579209586,0.8895880438150954,-0.003714847973314675,0.000885923683848287,0.0057179352840413,0.0,0.001217113549076384,0.0057179352840413,0,0
em2x3125u_misalignment_timeseries.csv,EMB_COMP_001,EM2X3125U,misalignment,idle,2026-01-01 00:00:26.000,2026-01-01 00:00:27.990,26.000000000000004,27.99,200,0.0014162686189775665,0.0013295491618602368,0.0014162592510248717,0.001328739918813701,0.0036487766218943,0.003814986183878,2.5763309113834825,2.869383316778048,2.6968715418354,3.0548091836045677,9.5,36.5,0.02514617704395458,0.014980549615667575,0.0,0.021359894343515696,0.013951622669112531,0.0,36.97795196241152,37.42184379355478,36.539080852064615,0.8827629414901637,-0.003812397246499405,0.0008392570336757929,0.0042711557026573,0.0,0.001078724965736959,0.0042711557026573,0,0
em2x3125u_misalignment_timeseries.csv,EMB_COMP_001,EM2X3125U,misalignment,idle,2026-01-01 00:00:27.000,2026-01-01 00:00:28.990,27.000000000000004,28.99,200,0.0013935199378359289,0.001325538552872926,0.0013929382610954606,0.0013248717505666475,0.0037143958896805,0.003814986183878,2.6654773920556765,2.878065051830844,2.5761483427677234,3.093535276393957,24.0,7.5,0.025013778680587823,0.013804125343954731,0.0,0.023515856724850126,0.011835177749339119,0.0,36.599715687617,37.02407046169197,36.153895588577,0.8701748731149692,-0.003759839439449096,0.0007996703516042759,0.0044639209763079,0.0,0.001098263350646766,0.0044639209763079,0,0
em2x3125u_misalignment_timeseries.csv,EMB_COMP_001,EM2X3125U,misalignment,idle,2026-01-01 00:00:28.000,2026-01-01 00:00:29.990,28.000000000000004,29.99,200,0.001553905792203786,0.0012313477980454301,0.0015537696261323517,0.0012303524461165882,0.004283878911084,0.0034930450646308,2.7568459636208074,2.836765591472577,2.4914473806782502,2.7842409827323817,2.0,27.0,0.02837030043928124,0.019956345891292016,0.0,0.019151311128437133,0.011658345328532181,0.0,36.2263830108159,36.62789306467063,35.8310554119927,0.7968376526779295,-0.003711601375912152,0.0007588465137363312,0.0050635452416868,0.0,0.0011207701291193043,0.0050635452416868,0,0
em2x3125u_misalignment_timeseries.csv,EMB_COMP_001,EM2X3125U,misalignment,idle,2026-01-01 00:00:29.000,2026-01-01 00:00:30.990,29.000000000000004,30.99,200,0.05793910976957051,0.03899202501715232,0.05793499057447983,0.03897998478904818,0.1729003072520184,0.1231186536598157,2.984172658842357,3.157534229259872,5.272687716669764,5.175838162529521,40.0,40.0,17.84979614444085,49.29954632029315,0.0,7.689131687966879,22.70020337876669,0.0,30.671468442774422,36.26697772437976,24.187897806553053,12.079079917826704,-0.07847608960596959,2.503908020558801,6.4775946355965415,0.0,2.5658927057350045,6.4775946355965415,1,0
em2x3125u_misalignment_timeseries.csv,EMB_COMP_001,EM2X3125U,misalignment,startup,2026-01-01 00:00:30.000,2026-01-01 00:00:31.990,30.000000000000004,31.99,200,0.08259493953752023,0.0560234111440455,0.08254069802244221,0.056016651246070866,0.1744255470108183,0.1231186536598157,2.111818811025128,2.197628654621854,2.561997687726162,2.342333022808141,40.0,40.0,36.019010112430934,100.33385563548761,0.0,13.063028943232206,49.74905561228277,0.0,26.307956115345718,28.37494783310461,24.187897806553053,4.187050026551557,0.02017633838370529,3.6290845470487305,6.4775946355965415,0.7095682388691346,1.5947309587864116,5.768026396727407,1,0
em2x3125u_misalignment_timeseries.csv,EMB_COMP_001,EM2X3125U,misalignment,startup,2026-01-01 00:00:31.000,2026-01-01 00:00:32.990,31.000000000000004,32.99,200,0.06793086016814026,0.045062429204180576,0.06787799000085572,0.04506221135874831,0.1744255470108183,0.118545587518746,2.5676923062520607,2.6306967824927683,3.090845608187276,2.9143383505258202,40.0,40.0,19.53967062839045,72.63104470161856,0.0,9.607694253011928,31.055800415797247,0.0,27.960636962658786,29.17004437816141,26.253178417309584,2.916865960851826,0.01311590515737296,1.5188363350635081,3.75991363529811,0.7095682388691346,0.9288103468576959,3.0503453964289755,1,0
em2x3125u_misalignment_timeseries.csv,EMB_COMP_001,EM2X3125U,misalignment,steady_state,2026-01-01 00:00:32.000,2026-01-01 00:00:33.990,32.0,33.99,200,0.04768885957411968,0.02839134873006756,0.04768249622537145,0.028391348381876052,0.0838645351609486,0.0515228972055145,1.7585770746017406,1.814739331173433,1.947465564984547,2.1234045900554195,40.0,20.0,1.753013305479221,43.719872747725816,0.0,8.249547646072172,7.871868665249539,0.0,28.980929310713794,29.800032207586277,28.117529587260915,1.6825026203253621,0.007405862649525627,0.7836474081141858,0.8494886248367715,0.7363264350059581,0.020212526048552813,0.11316218983081339,0,0
em2x3125u_misalignment_timeseries.csv,EMB_COMP_001,EM2X3125U,misalignment,steady_state,2026-01-01 00:00:33.000,2026-01-01 00:00:34.990,33.0,34.99,200,0.04735607530415553,0.028305796056076298,0.04735496683578372,0.028303630993625824,0.0835344459331699,0.051904693644892,1.7639647161773917,1.8337125563281877,1.9676436596075906,2.1723667187372913,40.0,20.0,1.8537702966759553,42.996146972102835,0.0,8.243078275561132,7.778855227862793,0.0,29.706372475509976,30.591205406445333,28.82664748954519,1.7645579169001415,0.007176431713942275,0.7810400300188288,0.8388608299891382,0.7294377848034808,0.020000462434661217,0.10942304518565749,0,0
em2x3125u_misalignment_timeseries.csv,EMB_COMP_001,EM2X3125U,misalignment,steady_state,2026-01-01 00:00:34.000,2026-01-01 00:00:35.990,34.0,35.99,200,0.04713756991146748,0.028569022903899732,0.04713609978746031,0.028567668099955947,0.0835344459331699,0.054471826110912,1.7721415442090471,1.9066744527505868,1.9948229275112033,2.200934828349476,40.0,40.0,2.0310355054068605,42.4053352530261,0.0,8.158672518447199,8.168673545184994,0.0,30.42956096187079,31.29786232404391,29.51216653233043,1.7856957917134793,0.007478967825451736,0.7807675200686451,0.8288755672712387,0.7246065775419249,0.02041521612453196,0.10426898972931375,0,0
em2x3125u_misalignment_timeseries.csv,EMB_COMP_001,EM2X3125U,misalignment,steady_state,2026-01-01 00:00:35.000,2026-01-01 00:00:36.990,35.0,36.99,200,0.04696236314376287,0.028094057205849832,0.04696224019777408,0.028093469994366824,0.0814616757139966,0.054471826110912,1.7346161960509354,1.9389092045975371,1.9465123143780774,2.183511105350049,40.0,40.0,1.768840837771171,42.34153430922881,0.0,7.906121676818513,7.883079842127554,0.0,31.1618399797337,32.01034810046518,30.23440272091601,1.7759453795491709,0.007228988007440208,0.7814973670838404,0.8273711477843217,0.7246065775419249,0.020042971274444554,0.10276457024239682,0,0
em2x3125u_misalignment_timeseries.csv,EMB_COMP_001,EM2X3125U,misalignment,steady_state,2026-01-01 00:00:36.000,2026-01-01 00:00:37.990,36.0,37.99,200,0.04664979705996941,0.027803621252786466,0.046649562272562686,0.02779968204729121,0.0802804917195266,0.05684627305599,1.7209183486119808,2.0445636393602107,1.9382969631843052,2.1943267519897978,40.0,40.0,1.628259341574748,41.89541516003084,0.0,7.579969683577103,7.876508756188541,0.0,31.891387138297546,32.718828012168125,31.02242125633026,1.696406755837863,0.007316454125460886,0.782817521472015,0.8477523393653198,0.7422597603899332,0.018601338970901667,0.10549257897538655,0,0
em2x3125u_misalignment_timeseries.csv,EMB_COMP_001,EM2X3125U,misalignment,steady_state,2026-01-01 00:00:37.000,2026-01-01 00:00:38.990,37.0,38.99,200,0.046783166593705586,0.027763709488020875,0.04678316639875763,0.027761966756531434,0.0804371077619657,0.05684627305599,1.7193600523139465,2.047502805074275,1.9723801156583056,2.189658353375999,40.0,40.0,1.8733724084488692,41.90074959899538,0.0,7.483212809908947,7.931327589538083,0.0,32.62498497196086,33.46481802288776,31.749421559484457,1.7153964634033052,0.007281200872918278,0.7815908081657141,0.8477523393653198,0.7404341405374222,0.019030347241007623,0.10731819882789762,0,0
em2x3125u_misalignment_timeseries.csv,EMB_COMP_001,EM2X3125U,misalignment,steady_state,2026-01-01 00:00:38.000,2026-01-01 00:00:39.990,38.0,39.99,200,0.04715786259711637,0.02756523218434467,0.04715770842453812,0.02756521911571108,0.0804371077619657,0.0490971124110614,1.7056987601232865,1.781124573256651,1.9711354921275772,2.155867655719601,40.0,40.0,1.981649745763074,42.49619278375233,0.0,7.611720572167566,7.585133561512194,0.0,33.36272899251171,34.20367208474408,32.55720686954412,1.6464652151999601,0.007442863962355645,0.7779879861216465,0.8333573339267342,0.7246578771016905,0.019756473495208603,0.10869945682504367,0,0
em2x3125u_misalignment_timeseries.csv,EMB_COMP_001,EM2X3125U,misalignment,steady_state,2026-01-01 00:00:39.000,2026-01-01 00:00:40.990,39.0,40.99,200,0.04683757606408311,0.02801570185472942,0.04683714333894048,0.028015225845991372,0.0829112277479028,0.0512149205665871,1.7701861350481451,1.828079154759471,1.9881537651228507,2.2069523135901297,40.0,40.0,2.0235489109150913,41.85124779718208,0.0,7.577707952600135,8.119946902862164,0.0,34.098585221664585,34.95869142603396,33.28141872641026,1.6772726996236997,0.007273486675912396,0.7795582076057651,0.8333573339267342,0.7246578771016905,0.020987098600964406,0.10869945682504367,0,0
em2x3125u_misalignment_timeseries.csv,EMB_COMP_001,EM2X3125U,misalignment,steady_state,2026-01-01 00:00:40.000,2026-01-01 00:00:41.990,40.0,41.99,200,0.04667336836428438,0.028349996645864666,0.0466733199367043,0.028349975545179817,0.0829112277479028,0.0512149205665871,1.776414059100747,1.8065229850409057,1.9781544718053947,2.2161685122462456,40.0,40.0,1.9769028991881272,41.59107425518293,0.0,7.76942034597546,8.305145558755196,0.0,34.8301350512288,35.697402270275575,33.9500645477382,1.7473377225373738,0.007317283357610628,0.7820399631239927,0.8358013586916176,0.7205888248321878,0.020621034340933535,0.11521253385942987,0,0
em2x3125u_misalignment_timeseries.csv,EMB_COMP_001,EM2X3125U,misalignment,steady_state,2026-01-01 00:00:41.000,2026-01-01 00:00:42.990,41.0,42.99,200,0.0462871990038693,0.028304503505319146,0.04627921495356772,0.028301781750771183,0.0816177061330132,0.0516346573523183,1.763288941423967,1.8242558942118456,1.9698823675648651,2.1642343237607014,40.0,20.0,1.971853013233005,40.863815971285156,0.0,8.226225103026035,7.793767086483764,0.0,35.559033300134544,36.42709891969115,34.579122300120055,1.8479766195710923,0.00722146154765766,0.7813732007544083,0.8358013586916176,0.7205888248321878,0.020386872002806044,0.11521253385942987,0,0
em2x3125u_misalignment_timeseries.csv,EMB_COMP_001,EM2X3125U,misalignment,steady_state,2026-01-01 00:00:42.000,2026-01-01 00:00:43.990,42.0,43.99,200,0.04657503467155153,0.028327510273487552,0.04657225347846557,0.028327341330694172,0.0816177061330132,0.0532078923835964,1.7523917418115431,1.8783116436955294,1.9475636119302278,2.1740964458153957,40.0,40.0,1.833092523400255,41.55235778161717,0.0,7.961038550143329,8.08884159235801,0.0,36.287840676419016,37.0680467964234,35.34304432073589,1.7250024756875106,0.007312316182860867,0.7812048361194632,0.8330790567428422,0.7366697142721005,0.020372557791133287,0.09640934247074173,0,0
em2x3125u_misalignment_timeseries.csv,EMB_COMP_001,EM2X3125U,misalignment,steady_state,2026-01-01 00:00:43.000,2026-01-01 00:00:44.990,43.0,44.99,200,0.04752850347676818,0.028233747553510883,0.04752417061369944,0.02823334422210876,0.0800908633959717,0.0532078923835964,1.6851122492236668,1.8845494131713296,1.928554656057602,2.1983922714140265,40.0,40.0,1.6762008447938943,43.49636989089272,0.0,7.700103417495243,8.243364334664479,0.0,37.02484192280476,37.88792347920659,36.164051720127325,1.723871759079266,0.007230701190668256,0.7784994377458623,0.829933507069489,0.7342896245705027,0.02026565877566379,0.09564388249898625,0,0
em2x3125u_misalignment_timeseries.csv,EMB_COMP_001,EM2X3125U,misalignment,steady_state,2026-01-01 00:00:44.000,2026-01-01 00:00:45.990,44.0,45.99,200,0.047223765719494167,0.028152999361804733,0.0472233030873408,0.02815232811543188,0.0805305442109219,0.0537340554831498,1.7052969618998122,1.9086440770517321,1.9510371317211757,2.206086858841913,40.0,40.0,1.687255943497039,42.914959123112745,0.0,7.748900052980986,8.102216349379777,0.0,37.74874568409854,38.61057061924909,36.91922165155324,1.691348967695852,0.00711569269259493,0.7774638339378032,0.837317687501275,0.7239712245916483,0.019911183998490428,0.11334646290962669,0,0
em2x3125u_misalignment_timeseries.csv,EMB_COMP_001,EM2X3125U,misalignment,steady_state,2026-01-01 00:00:45.000,2026-01-01 00:00:46.990,45.0,46.99,200,0.047100122490492675,0.028407389381407317,0.047093157051582096,0.028407074979095757,0.0835522216399164,0.0548255091242753,1.7739279055331905,1.929973514572891,1.9762202838138232,2.20310567282967,40.0,40.0,1.7326907110928336,42.63104136008258,0.0,7.980859277780256,8.158737979995747,0.0,38.474665614023344,39.39074889697723,37.57717586021008,1.8135730367671457,0.0074022951607204115,0.7792765958432061,0.837317687501275,0.7239712245916483,0.02073051175580474,0.11334646290962669,0,0
em2x3125u_misalignment_timeseries.csv,EMB_COMP_001,EM2X3125U,misalignment,steady_state,2026-01-01 00:00:46.000,2026-01-01 00:00:47.990,46.0,47.99,200,0.04732794892382884,0.028585290987913944,0.04732285182634574,0.028584100197926184,0.0843291083976863,0.0548255091242753,1.7818035709387774,1.9179622536449217,1.9986428706444184,2.1641331211424544,40.0,20.0,1.9759818103902675,42.81306473503216,0.0,8.303706027730739,8.038198192604703,0.0,39.21313607784421,40.11206179145257,38.31557120267975,1.7964905887728193,0.007350493687221294,0.7791740872002783,0.8354519763988798,0.7286056005476296,0.019938483547753568,0.10684637585125023,0,0
em2x3125u_misalignment_timeseries.csv,EMB_COMP_001,EM2X3125U,misalignment,steady_state,2026-01-01 00:00:47.000,2026-01-01 00:00:48.990,47.0,48.99,200,0.047432305766144746,0.02887999813772689,0.04743226779172636,0.028879796760766026,0.0843291083976863,0.0532573443242366,1.7778833863454513,1.84409098886557,1.9888130218801432,2.138929211848022,40.0,20.0,2.087378041647191,42.909105660281185,0.0,8.498517483304548,8.185226381889834,0.0,39.94229255505421,40.73739739607447,39.08014406461408,1.6572533314603888,0.007283111753787249,0.7781160882164404,0.8354519763988798,0.7067207802591602,0.01944146152285032,0.12873119613971962,0,0
em2x3125u_misalignment_timeseries.csv,EMB_COMP_001,EM2X3125U,misalignment,steady_state,2026-01-01 00:00:48.000,2026-01-01 00:00:49.990,48.0,49.99,200,0.04711294400544792,0.02910862534305726,0.04711090183267077,0.0291068971799045,0.083975661447209,0.0532573443242366,1.7824329007649884,1.8296069875020426,1.9720567798728774,2.159048394263303,40.0,40.0,1.9552450245637125,42.43368559033284,0.0,8.423921717217377,8.520394372837671,0.0,40.669173947812375,41.58805431264078,39.75751256619527,1.8305417464455118,0.007309311129948706,0.7794700853573009,0.8276592621980825,0.7067207802591602,0.02048378614423253,0.12093848193892232,0,0
em2x3125u_misalignment_timeseries.csv,EMB_COMP_001,EM2X3125U,misalignment,shutdown,2026-01-01 00:00:49.000,2026-01-01 00:00:50.990,49.0,50.99,200,0.0352940827085438,0.02203534755684731,0.03529357062108719,0.02203426645610142,0.0780771991477681,0.0526849297083382,2.2121894990875512,2.3909280111157933,3.061864567314351,3.378308624883319,40.0,40.0,1.0058905177086421,23.908386993451078,0.0,4.206471839135797,5.503729646178665,0.0,41.02546557076019,41.599576169099606,40.42515860893463,1.1744175601649758,-0.0004984518717180911,0.6004212623752414,0.8276592621980825,0.2702041395813379,0.1899026266819014,0.5574551226167446,0,0
em2x3125u_misalignment_timeseries.csv,EMB_COMP_001,EM2X3125U,misalignment,shutdown,2026-01-01 00:00:50.000,2026-01-01 00:00:51.990,50.0,51.99,200,0.014190874144496322,0.009321159564028587,0.014190372377176946,0.009320844711780919,0.0345626226087498,0.0226018408339442,2.4355527543138913,2.424788533946707,2.5321938170194316,2.561794530189837,40.0,40.0,0.20083212533338668,3.8269855578121827,0.0,0.20212393976466234,1.5363961507265222,0.0,40.50968256917676,41.599576169099606,39.42671555450058,2.172860614599024,-0.01009909057848431,0.27926654059898043,0.5605353009371191,0.0,0.1627487804106333,0.5605353009371191,0,0
em2x3125u_misalignment_timeseries.csv,EMB_COMP_001,EM2X3125U,misalignment,idle,2026-01-01 00:00:51.000,2026-01-01 00:00:52.990,51.0,52.99,200,0.006476537568694285,0.004802217562685164,0.006473110997126102,0.004798295206561132,0.0218773916140199,0.0167879369648215,3.3779456047269614,3.495871802075229,4.406303113025269,5.066440579897854,40.0,40.0,0.12539805296784498,0.7133255999316044,0.0,0.08647769935131007,0.3740694932564277,0.0,39.65749275355336,40.58468968195785,39.054674443122,1.5300152388358441,-0.006925351471502315,0.06961833554874665,0.2979926454435901,0.0,0.0895716708276125,0.2979926454435901,0,0
em2x3125u_misalignment_timeseries.csv,EMB_COMP_001,EM2X3125U,misalignment,idle,2026-01-01 00:00:52.000,2026-01-01 00:00:53.990,52.0,53.99,200,0.0015490085526567825,0.001133819150197811,0.0015461013403073136,0.001133727398782914,0.0053004117307479,0.0028498497236216,3.4218092092886754,2.5134958455450347,3.0911073877657147,2.6916746220981573,28.0,31.5,0.026813912165691546,0.020997423474288263,0.0,0.014782567607202627,0.010944065508503058,0.0,39.12371172977432,39.58093784303959,38.706633505962415,0.8743043370771773,-0.003764775860017117,0.0008159227014310412,0.0052391604206622,0.0,0.0011348722605264187,0.0052391604206622,0,0
em2x3125u_misalignment_timeseries.csv,EMB_COMP_001,EM2X3125U,misalignment,idle,2026-01-01 00:00:53.000,2026-01-01 00:00:54.990,53.0,54.99,200,0.0015102133445061476,0.0011922791823794838,0.0015086394400488194,0.0011915304180659951,0.0039054048887211,0.0044515968637108,2.5859954839679955,3.733686647808908,2.597525927566701,3.459925350266877,21.0,18.5,0.027289769899155207,0.01838586669181875,0.0,0.018091760482448496,0.010303360406126548,0.0,38.750659710923344,39.18806133795003,38.30522011287008,0.8828412250799502,-0.003716178006872859,0.0007773261079845622,0.0046576482303422,0.0,0.0010871033533898457,0.0046576482303422,0,0
em2x3125u_misalignment_timeseries.csv,EMB_COMP_001,EM2X3125U,misalignment,idle,2026-01-01 00:00:54.000,2026-01-01 00:00:55.990,54.0,55.99,200,0.0014813874195079265,0.0011831248592403085,0.0014779461396860981,0.0011830344046727232,0.0039054048887211,0.0044515968637108,2.63631568439967,3.762575715439871,2.5486158909118455,3.6096533675417115,10.5,9.0,0.02718368008181996,0.0165585603037561,0.0,0.019644258921300728,0.00842983629074886,0.0,38.37727143697723,38.816684925100645,37.92931665489787,0.8873682702027779,-0.0037538435223024714,0.0008378660850384755,0.0052986111761716,0.0,0.0011973614467795848,0.0052986111761716,0,0
em2x3125u_misalignment_timeseries.csv,EMB_COMP_001,EM2X3125U,misalignment,idle,2026-01-01 00:00:55.000,2026-01-01 00:00:56.990,55.0,56.99,200,0.001502868087559913,0.0012080547015619052,0.0015022733424630912,0.00120699253368197,0.0044994970559574,0.0037563254951612,2.993940115704283,3.1094001706252303,2.6475729358765645,3.3052738773070516,44.5,33.0,0.02598436847133475,0.019348410392353053,0.0,0.01847672090245828,0.010672297601924589,0.0,37.99947591495304,38.46567317888493,37.52256054195036,0.9431126369345648,-0.0038241891324138407,0.0009066660012102031,0.0052986111761716,0.0,0.001254263396629013,0.0052986111761716,0,0
em2x3125u_misalignment_timeseries.csv,EMB_COMP_001,EM2X3125U,misalignment,idle,2026-01-01 00:00:56.000,2026-01-01 00:00:57.990,56.0,57.99,200,0.0014690297409223026,0.0011822844775247884,0.0014666526038680185,0.00117301547368242,0.0044994970559574,0.0037563254951612,3.062903990720076,3.177175685352295,2.695105491206145,3.6011158638845018,40.0,6.5,0.02703857960031975,0.01626504571977677,0.0,0.01596602922705107,0.011687036204918197,0.0,37.62568957186776,38.04620392865559,37.23888943221623,0.8073144964393606,-0.0037501051863807694,0.0008466733661914813,0.0057201951267372,0.0,0.001218265638302747,0.0057201951267372,0,0
em2x3125u_misalignment_timeseries.csv,EMB_COMP_001,EM2X3125U,misalignment,idle,2026-01-01 00:00:57.000,2026-01-01 00:00:58.990,57.0,58.99,200,0.0015080701900943108,0.0011567410644626312,0.0014949054011378785,0.0011530027934452641,0.0045257899092508,0.0028268994904896,3.001047258263071,2.443848132773645,2.8655288061979927,2.7195751477073298,16.5,22.0,0.03205266388932575,0.012678512497444961,0.0,0.015773332051659376,0.010884940668382932,0.0,37.25353429046683,37.69393511308007,36.81271328678755,0.8812218262925242,-0.0037708720760457875,0.0008798916033487139,0.0057201951267372,0.0,0.0012380636239477515,0.0057201951267372,0,0
em2x3125u_misalignment_timeseries.csv,EMB_COMP_001,EM2X3125U,misalignment,idle,2026-01-01 00:00:58.000,2026-01-01 00:00:59.990,58.0,59.99,200,0.001531478840535753,0.0011823629901166332,0.0015273749266952962,0.0011823353815979534,0.0045257899092508,0.0035802609618431,2.955176258045822,3.0280556747551177,2.998167936054563,2.653133846970647,15.5,16.0,0.03180780704610136,0.014956620712577485,0.0,0.01744441597477063,0.010699120216365219,0.0,36.87737217434426,37.32322370891544,36.45522789983392,0.8679958090815205,-0.0037420713903360435,0.0008157403195330585,0.0054161306785203,0.0,0.0012156948359291837,0.0054161306785203,0,0
em2x3125u_misalignment_timeseries.csv,EMB_COMP_001,EM2X3125U,misalignment,idle,2026-01-01 00:00:59.000,2026-01-01 00:01:00.990,59.0,60.99,200,0.059926240794526575,0.04170873514339429,0.059922241146026706,0.041702980024590906,0.1768220481118652,0.128188089336232,2.9506614425915303,3.0734110947148694,5.275676538329825,4.6517073089698355,40.0,40.0,16.224643968155732,55.59536335528572,0.0,8.934793976748056,25.848865402362676,0.0,31.14370763374981,36.93495020973917,24.48182736250407,12.4531228472351,-0.0811378962918337,2.5087628072021624,6.410514269434057,0.0,2.5705843766757117,6.410514269434057,1,0
em2x3125u_misalignment_timeseries.csv,EMB_COMP_001,EM2X3125U,misalignment,startup,2026-01-01 00:01:00.000,2026-01-01 00:01:01.990,60.0,61.99,200,0.0844086332391784,0.05830540222495544,0.08440597374583447,0.05829403192161741,0.1839255894702585,0.128188089336232,2.178990257419417,2.198562816557775,2.62745981385742,2.300262122043578,40.0,40.0,34.22221054139687,108.29333342437876,0.0,15.874523047709978,52.14572662631814,0.0,26.599790267983188,28.597997579949432,24.48182736250407,4.116170217445362,0.020025244032365427,3.633935085639126,6.410514269434057,0.8412929690788075,1.5979033898065427,5.56922130035525,1,0
em2x3125u_misalignment_timeseries.csv,EMB_COMP_001,EM2X3125U,misalignment,startup,2026-01-01 00:01:01.000,2026-01-01 00:01:02.990,61.0,62.99,200,0.0679312745517793,0.04556287658632512,0.06793100365640738,0.04555948530133546,0.1839255894702585,0.1205286686347313,2.7075244897703894,2.6453261441114937,3.3250881193937,3.102664272939236,40.0,40.0,19.003561570604457,73.31152262507004,0.0,11.275711352972747,30.289170413570645,0.0,28.279893330091255,29.555432180925624,26.491426169217924,3.0640060117077006,0.013651929184558396,1.5152864645961,3.725472015254261,0.7350831064117703,0.9300037631000668,2.9903889088424904,1,0
em2x3125u_misalignment_timeseries.csv,EMB_COMP_001,EM2X3125U,misalignment,steady_state,2026-01-01 00:01:02.000,2026-01-01 00:01:03.990,62.0,63.99,200,0.04691598420149999,0.028510337598254543,0.046910973317815144,0.028508234367675835,0.0807972316582134,0.0523657888121588,1.7221685323960476,1.836729874968746,1.961118022148015,2.150975805787395,40.0,20.0,1.7901239272224736,42.22969469646113,0.0,8.268746436823267,7.985847962599413,0.0,29.33569430458003,30.14786299044993,28.523832772881505,1.624030217568425,0.007611172972632519,0.7782991640695807,0.8235392718873742,0.722767876727764,0.02033605412112434,0.1007713951596102,0,0
em2x3125u_misalignment_timeseries.csv,EMB_COMP_001,EM2X3125U,misalignment,steady_state,2026-01-01 00:01:03.000,2026-01-01 00:01:04.990,63.0,64.99,200,0.04709164615284239,0.028250677733369107,0.047091236574231754,0.02825063602860183,0.0807972316582134,0.0524251475016297,1.7157444739981038,1.855712914090773,1.9395330766684116,2.1684424713826274,40.0,20.0,1.7179986521994464,42.63372490694067,0.0,8.032033491906486,7.930431530317843,0.0,30.077173811726453,31.013100759959343,29.095978170713,1.9171225892463433,0.00739361558203737,0.7765192812318437,0.8310234429940594,0.722767876727764,0.021599930729604852,0.1082555662662954,0,0
em2x3125u_misalignment_timeseries.csv,EMB_COMP_001,EM2X3125U,misalignment,steady_state,2026-01-01 00:01:04.000,2026-01-01 00:01:05.990,64.0,65.99,200,0.04680955468736621,0.02856513308172386,0.0468092229330626,0.02856322311797314,0.0806565218136972,0.0524251475016297,1.7230781696683437,1.8352845530823596,1.956029753797757,2.1543640139710725,40.0,40.0,1.879379108735247,41.94442243428412,0.0,8.166589735324235,8.150567993782023,0.0,30.821162289097433,31.71757546513088,29.992086518946696,1.7254889461841856,0.0076505262937708075,0.77877219702374,0.8355739286358799,0.7280613476908792,0.020234160808467697,0.10751258094500071,0,0
em2x3125u_misalignment_timeseries.csv,EMB_COMP_001,EM2X3125U,misalignment,steady_state,2026-01-01 00:01:05.000,2026-01-01 00:01:06.990,65.0,66.99,200,0.046305595721571315,0.028475402074092666,0.04630544068146275,0.02847087190884864,0.0839253955869012,0.0552519618551219,1.8124244873455935,1.9403400068366703,2.0384545977347654,2.1666801669034124,40.0,20.0,2.2272229407841437,40.658659159038486,0.0,8.209592715249734,8.003287736134173,0.0,31.57889507328874,32.41497103617922,30.76583131394386,1.6491397222353577,0.007559982026274763,0.782459130822755,0.8355739286358799,0.7190598583083989,0.01979864374348253,0.11651407032748096,0,0
em2x3125u_misalignment_timeseries.csv,EMB_COMP_001,EM2X3125U,misalignment,steady_state,2026-01-01 00:01:06.000,2026-01-01 00:01:07.990,66.0,67.99,200,0.04635683023630149,0.028410379333581853,0.0463557382190358,0.028405589431457816,0.0839253955869012,0.0552519618551219,1.8104213588180196,1.9447808565446556,2.017483128221146,2.189679422405262,40.0,20.0,2.0299240401857097,40.947194233267695,0.0,8.279819874015416,7.859588055160225,0.0,32.31583465980138,33.13310952637801,31.31746464223465,1.8156448841433566,0.007184982821293123,0.7820615159337078,0.8412776289501792,0.7190598583083989,0.020878246281662707,0.1222177706417803,0,0
em2x3125u_misalignment_timeseries.csv,EMB_COMP_001,EM2X3125U,misalignment,steady_state,2026-01-01 00:01:07.000,2026-01-01 00:01:08.990,67.0,68.99,200,0.04712022492002669,0.028370525808514232,0.047120066671447136,0.02836983954126836,0.0851828673361311,0.0558233850586075,1.8077771801960842,1.9676542280317706,1.9588326462756978,2.18582391973489,40.0,20.0,1.927355334887407,42.48055253165881,0.0,8.195054693865947,7.9023549336910675,0.0,33.05323743918172,33.84271514616418,32.17364853182275,1.6690666143414319,0.007498897280814055,0.7806379802997881,0.8412776289501792,0.7346648620299597,0.0195738474758669,0.10661276692021948,0,0
em2x3125u_misalignment_timeseries.csv,EMB_COMP_001,EM2X3125U,misalignment,steady_state,2026-01-01 00:01:08.000,2026-01-01 00:01:09.990,68.0,69.99,200,0.047544314797499564,0.0285879218546704,0.04754345078609308,0.0285875467698941,0.0851828673361311,0.0558233850586075,1.7916520134729341,1.952691256901825,1.9752998459177156,2.1957403139790297,40.0,20.0,1.9240696460059163,43.28831997137354,0.0,8.214022464961294,8.132449679507237,0.0,33.80354304238006,34.734500977928086,32.911869206659055,1.8226317712690303,0.007408649188195181,0.7791013192988855,0.8285241312371455,0.7331139005951995,0.01820902050611478,0.09541023064194598,0,0
em2x3125u_misalignment_timeseries.csv,EMB_COMP_001,EM2X3125U,misalignment,steady_state,2026-01-01 00:01:09.000,2026-01-01 00:01:10.990,69.0,70.99,200,0.04709600627629717,0.0285075080002518,0.04709304248487753,0.02850718155510556,0.0810534432329954,0.0527681875010077,1.7210258287609534,1.8510277187519026,1.996055300487792,2.181407788840191,40.0,40.0,1.8870669329572547,42.468032099761814,0.0,8.057103323417788,8.197675575582704,0.0,34.55276928607695,35.364134416068865,33.59684271108869,1.767291704980174,0.007546654814233736,0.778277259693074,0.8285241312371455,0.7228693873491964,0.01960890210978196,0.10565474388794915,0,0
em2x3125u_misalignment_timeseries.csv,EMB_COMP_001,EM2X3125U,misalignment,steady_state,2026-01-01 00:01:10.000,2026-01-01 00:01:11.990,70.0,71.99,200,0.046945616382404805,0.027834953169979495,0.04694145496757194,0.02783495306375586,0.0790381832859233,0.0519877852873569,1.6836115781738201,1.867715924287118,1.9871469896728462,2.1811653969710596,40.0,40.0,2.0144258841087894,42.06024893736611,0.0,7.596201548709144,7.899775833608915,0.0,35.29333690092137,36.13041546001993,34.38609369914508,1.744321760874854,0.007322893740136103,0.7799802716453178,0.832680165627843,0.7228693873491964,0.02043397301687682,0.1098107782786466,0,0
em2x3125u_misalignment_timeseries.csv,EMB_COMP_001,EM2X3125U,misalignment,steady_state,2026-01-01 00:01:11.000,2026-01-01 00:01:12.990,71.0,72.99,200,0.04739708302016788,0.028019067408300753,0.04739543061877091,0.028018859627719304,0.0803835650793546,0.0542822122156279,1.695960172172424,1.9373311546959837,1.9985185418326084,2.177000931102314,40.0,40.0,2.1148033616498596,42.83198218173375,0.0,7.787393075734813,7.91909521859188,0.0,36.021432686509364,36.78856195211291,35.233305694505226,1.555256257607681,0.007253489990752303,0.782048199494973,0.832680165627843,0.7355380672623809,0.019228821410961414,0.09714209836546206,0,0
em2x3125u_misalignment_timeseries.csv,EMB_COMP_001,EM2X3125U,misalignment,steady_state,2026-01-01 00:01:12.000,2026-01-01 00:01:13.990,72.0,73.99,200,0.04712052346645221,0.02833945639327446,0.04711656007290808,0.028338564173840328,0.0812754281775889,0.0579941141330602,1.7248413684422144,2.0464088417314668,2.0126835274862644,2.1715866625935756,40.0,40.0,2.0051360625926353,42.40272899416149,0.0,8.008510382954984,8.053402356013802,0.0,36.77324857217094,37.66813837696255,35.9307363039321,1.7374020730304522,0.0075249248099253175,0.7829721890638077,0.8302472794039624,0.7355380672623809,0.018016162622616422,0.09470921214158146,0,0
em2x3125u_misalignment_timeseries.csv,EMB_COMP_001,EM2X3125U,misalignment,steady_state,2026-01-01 00:01:13.000,2026-01-01 00:01:14.990,73.0,74.99,200,0.04681561146012791,0.028747970861145517,0.04681226485426697,0.028747087419869057,0.0812754281775889,0.0579941141330602,1.736075331341338,2.0173289590828993,1.969430157349214,2.1838150770672398,40.0,40.0,1.8636925233516233,41.98013349988879,0.0,8.156608441531601,8.373741447221237,0.0,37.53173218273062,38.49866013751076,36.73300310880247,1.76565702870829,0.0073377503139407906,0.7815702395621306,0.8327484182197329,0.7158942228829656,0.019752366724024736,0.11685419533676733,0,0
em2x3125u_misalignment_timeseries.csv,EMB_COMP_001,EM2X3125U,misalignment,steady_state,2026-01-01 00:01:14.000,2026-01-01 00:01:15.990,74.0,75.99,200,0.04654009244571687,0.02889831611424639,0.04654009227743523,0.028897325150277136,0.086750302617809,0.0550652652518751,1.8639907670787772,1.905483524859389,1.9668964993634093,2.2098044679645965,40.0,40.0,1.8165240440001713,41.51366297186395,0.0,8.194497467071505,8.506931104369436,0.0,38.278550023362286,39.15594423457993,37.48400395125498,1.6719402833249504,0.007425534979653755,0.7794804116742468,0.8327484182197329,0.7158942228829656,0.02101547274758954,0.11685419533676733,0,0
em2x3125u_misalignment_timeseries.csv,EMB_COMP_001,EM2X3125U,misalignment,steady_state,2026-01-01 00:01:15.000,2026-01-01 00:01:16.990,75.0,76.99,200,0.04649696939269038,0.02867648029957147,0.04649583482576707,0.028672508040824458,0.086750302617809,0.0550652652518751,1.8657195028166007,1.9202239841372015,1.9453283994661201,2.1652101555077072,40.0,20.0,1.6444326442845247,41.595654319842644,0.0,8.36139942088175,8.08768237167731,0.0,39.03082580108983,39.92667616554034,38.18368391445164,1.742992251088701,0.007470455639959155,0.7791803878708561,0.8305150756476561,0.7314902834694114,0.019430756988305587,0.09902479217824478,0,0
em2x3125u_misalignment_timeseries.csv,EMB_COMP_001,EM2X3125U,misalignment,steady_state,2026-01-01 00:01:16.000,2026-01-01 00:01:17.990,76.0,77.99,200,0.04696269610728908,0.028705473196977124,0.04695702677411275,0.028705417555472998,0.0798624371388284,0.0520465575395446,1.7005505168693447,1.813123134476858,1.908718237465898,2.1167243074491147,40.0,20.0,1.5644098535177642,42.5407037052342,0.0,8.422468364408406,8.059270052403111,0.0,39.76744438005335,40.638515862601736,38.87328682402425,1.7652290385774876,0.007307252764137937,0.7784880211798076,0.8349465854570742,0.7186220537535928,0.019612289964249772,0.11632453170348145,0,0
em2x3125u_misalignment_timeseries.csv,EMB_COMP_001,EM2X3125U,misalignment,steady_state,2026-01-01 00:01:17.000,2026-01-01 00:01:18.990,77.0,78.99000000000001,200,0.04707168586975928,0.028557138600823134,0.04707131469739803,0.028556881652508158,0.0839623599657994,0.0520465575395446,1.7837126164996813,1.8225410559181305,1.956367281593983,2.157403658374358,40.0,20.0,1.829884613127532,42.49522760453604,0.0,8.203727505685597,8.106578716405295,0.0,40.51308802945337,41.38849419737648,39.55935794931025,1.8291362480662343,0.007682607518090979,0.777286743625597,0.8349465854570742,0.7186220537535928,0.020446938058108287,0.11632453170348145,0,0
em2x3125u_misalignment_timeseries.csv,EMB_COMP_001,EM2X3125U,misalignment,steady_state,2026-01-01 00:01:18.000,2026-01-01 00:01:19.990,78.0,79.99000000000001,200,0.04667759569543519,0.02856727262976495,0.0466769794696646,0.028567037084652427,0.0839623599657994,0.052230719392155,1.7987721671365016,1.828341125492481,1.9976931288866628,2.1719482028103814,40.0,40.0,2.059687883422909,41.51851205089743,0.0,8.026506047343197,8.295228609818983,0.0,41.262488302729544,42.11013196218894,40.35691061432237,1.753221347866564,0.007350467251483314,0.7784955491377616,0.8248294501206983,0.7214165074650125,0.020796737808558015,0.10341294265568579,0,0
em2x3125u_misalignment_timeseries.csv,EMB_COMP_001,EM2X3125U,misalignment,shutdown,2026-01-01 00:01:19.000,2026-01-01 00:01:20.990,79.0,80.99000000000001,200,0.03518013877406128,0.021749235888813466,0.03518005305253919,0.021748822421900158,0.0825931800426085,0.052230719392155,2.347721837399499,2.401496754146633,3.1530245365676817,3.4155690649665695,40.0,40.0,1.247656830940136,23.506836856652203,0.0,4.037905178501705,5.422334698516868,0.0,41.51289031544638,42.11013196218894,40.76344848888197,1.3466834733069675,-0.0019758512128756505,0.6006454999139713,0.8248294501206983,0.2871052795139931,0.1889507896751652,0.5377241706067052,0,0
em2x3125u_misalignment_timeseries.csv,EMB_COMP_001,EM2X3125U,misalignment,shutdown,2026-01-01 00:01:20.000,2026-01-01 00:01:21.990,80.00000000000001,81.99000000000001,200,0.014257516190953994,0.008826706638070708,0.014256064783846807,0.008826448415488769,0.0379495960010873,0.0196530989753619,2.661725611447335,2.226549468699411,2.5507473815564436,2.28234453703137,40.0,40.0,0.337669862223484,3.734559236032611,0.0,0.19698094971025634,1.3612373876404371,0.0,40.89609740512921,41.97014182617461,39.81112707382948,2.1590147523451293,-0.01009230690112726,0.2799604175249821,0.5799343263276733,0.0,0.16346490389151036,0.5799343263276733,0,0
em2x3125u_misalignment_timeseries.csv,EMB_COMP_001,EM2X3125U,misalignment,idle,2026-01-01 00:01:21.000,2026-01-01 00:01:22.990,81.00000000000001,82.99000000000001,200,0.006862174209526129,0.004558234934443844,0.006861868490635812,0.0045564344739527085,0.0239104095844956,0.0146013662420731,3.4843781073501403,3.2032939179460334,5.0995342777206485,4.398880545349526,40.0,40.0,0.17807298871703342,0.7719485988474812,0.0,0.11570152384289284,0.300033809227232,0.0,40.06749900769486,40.91564491595689,39.43642469992015,1.4792202160367367,-0.006612723549047576,0.0696097624675148,0.2826110607934083,0.0,0.08970014429079844,0.2826110607934083,0,0
em2x3125u_misalignment_timeseries.csv,EMB_COMP_001,EM2X3125U,misalignment,idle,2026-01-01 00:01:22.000,2026-01-01 00:01:23.990,82.00000000000001,83.99000000000001,200,0.0015005187171891095,0.0012042797376469274,0.0014978343820183384,0.0012026353732995758,0.0047089084855824,0.0035456812435379,3.138187102659739,2.9442339123515406,2.817508107725951,2.893082203383,33.5,33.5,0.026778770157851215,0.01869407339281468,0.0,0.01699407464713553,0.011937191984544644,0.0,39.548823258225774,40.02076106786819,39.0850567108961,0.9357043569720958,-0.0038683396478374956,0.0008148562367736016,0.0055156946813875,0.0,0.001211051399442866,0.0055156946813875,0,0
em2x3125u_misalignment_timeseries.csv,EMB_COMP_001,EM2X3125U,misalignment,idle,2026-01-01 00:01:23.000,2026-01-01 00:01:24.990,83.00000000000001,84.99000000000001,200,0.0014534561310129831,0.0011383069417080483,0.001432746760693234,0.0011375492096180446,0.0047089084855824,0.0038475237292274,3.239800902900686,3.3800406447966727,2.925366754348823,3.140046440382354,13.5,6.0,0.02573700533012239,0.01566299015695456,0.0,0.014608358822971089,0.011290813874553869,0.0,39.167939665135314,39.6104744495535,38.74823374456256,0.8622407049909384,-0.0037246444948437233,0.0009558958967383975,0.0064767061018816,0.0,0.0013865428979373256,0.0064767061018816,0,0
em2x3125u_misalignment_timeseries.csv,EMB_COMP_001,EM2X3125U,misalignment,idle,2026-01-01 00:01:24.000,2026-01-01 00:01:25.990,84.00000000000001,85.99000000000001,200,0.0014688620221237284,0.0011828043159743697,0.0014660370405236937,0.001181051677166374,0.0042777541154497,0.0038475237292274,2.9122913187344746,3.252882727315625,2.959236340305482,3.0648241919461894,18.5,1.5,0.027209481475191002,0.016077015137381787,0.0,0.016801700766970636,0.011096617679251053,0.0,38.7897005144426,39.20047914052006,38.32201685565398,0.8784622848660817,-0.003822835269796244,0.0009460170956787059,0.0064767061018816,0.0,0.0013678147633569247,0.0064767061018816,0,0
em2x3125u_misalignment_timeseries.csv,EMB_COMP_001,EM2X3125U,misalignment,idle,2026-01-01 00:01:25.000,2026-01-01 00:01:26.990,85.00000000000001,86.99000000000001,200,0.0015146912954723476,0.0012524705292661243,0.0015095014119513252,0.001235239298237531,0.0042777541154497,0.0035846463223067,2.824175545364646,2.8620604146327473,2.74013175926542,2.674235145896244,8.0,5.0,0.02615572739522227,0.02050309929922875,0.0,0.019643272984346292,0.010878953337276936,0.0,38.41297156486317,38.863083393055575,37.96676868814972,0.8963147049058549,-0.0037528354432807324,0.0007538508652942849,0.0063721726569312,0.0,0.0011847385857691845,0.0063721726569312,0,0
em2x3125u_misalignment_timeseries.csv,EMB_COMP_001,EM2X3125U,misalignment,idle,2026-01-01 00:01:26.000,2026-01-01 00:01:27.990,86.00000000000001,87.99000000000001,200,0.001487338434680919,0.0012457870401574019,0.001461069830050188,0.0012413294102174173,0.0037697372626445,0.0035846463223067,2.5345524426343675,2.877415004938396,2.51801519235887,2.653485057180105,50.0,49.0,0.022714219097674328,0.023197512637886747,0.0,0.021309714508609835,0.00950999036326602,0.0,38.04487934636945,38.47091576206321,37.62903193298175,0.8418838290814534,-0.0036950217333388572,0.0006411755462701675,0.0063721726569312,0.0,0.0011547679406622936,0.0063721726569312,0,0
em2x3125u_misalignment_timeseries.csv,EMB_COMP_001,EM2X3125U,misalignment,idle,2026-01-01 00:01:27.000,2026-01-01 00:01:28.990,87.00000000000001,88.99000000000001,200,0.0015211226308314558,0.00115068849029477,0.0014889910369769073,0.001148324212419981,0.004107735847172,0.0032131552100616,2.7004633051358153,2.7923762487956156,2.7792059525136326,2.9093242630686964,50.0,27.5,0.02508592292846999,0.02059994955047237,0.0,0.01654632927004205,0.009833649898435442,0.0,37.67163961595867,38.11607811907902,37.21843727560237,0.8976408434766512,-0.003796278823641088,0.000825864107375845,0.0049095624045809,0.0,0.0011561760193233074,0.0049095624045809,0,0
em2x3125u_misalignment_timeseries.csv,EMB_COMP_001,EM2X3125U,misalignment,idle,2026-01-01 00:01:28.000,2026-01-01 00:01:29.990,88.00000000000001,89.99000000000001,200,0.0014803571039637856,0.001105867905136067,0.0014723266851343522,0.0011039540313570254,0.004576757375526,0.0037330079963171,3.091657656974342,3.375636438113092,3.002483220343913,3.760999240571949,27.0,48.0,0.027487319453875197,0.016043962141847525,0.0,0.01218273325908308,0.012388569408224043,0.0,37.29082431960828,37.72680084304009,36.84222981414842,0.8845710288916706,-0.003797167227694168,0.0008993601311636654,0.0049095624045809,0.0,0.0011547282470673788,0.0049095624045809,0,0
em2x3125u_misalignment_timeseries.csv,EMB_COMP_001,EM2X3125U,misalignment,idle,2026-01-01 00:01:29.000,2026-01-01 00:01:30.990,89.00000000000001,90.99,200,0.05572361871176454,0.04254339908017057,0.05572069566368373,0.04254243957633766,0.1603298839321388,0.1332028412439197,2.8772338846380316,3.130987277083965,4.959652995895092,4.561498279211329,40.0,40.0,13.14620008495357,48.95526940596607,0.0,6.480137585160649,29.748152971509807,0.0,31.500614529672593,37.32135204209966,24.86293623764576,12.458415804453903,-0.08196202029873548,2.4982340552141626,6.522660024076382,0.0,2.5624660155853722,6.522660024076382,1,0
em2x3125u_misalignment_timeseries.csv,EMB_COMP_001,EM2X3125U,misalignment,startup,2026-01-01 00:01:30.000,2026-01-01 00:01:31.990,90.00000000000001,91.99,200,0.07940960535673335,0.05962690462836414,0.07940816410252406,0.05961717420696479,0.187542891912689,0.1332028412439197,2.3617154507969955,2.2339385563300893,2.5339402778535303,2.284202367533834,40.0,40.0,30.303726295474455,95.80965720876978,0.0,13.031014188882084,58.06051774189504,0.0,26.904349775405475,28.948387392381964,24.86293623764576,4.085451154736205,0.020137212160242557,3.6168110951971904,6.522660024076382,0.7925316613095346,1.598692380046814,5.730128362766847,1,0
em2x3125u_misalignment_timeseries.csv,EMB_COMP_001,EM2X3125U,misalignment,startup,2026-01-01 00:01:31.000,2026-01-01 00:01:32.990,91.0,92.99,200,0.0652657074739129,0.04635300023590196,0.0652564389502447,0.04633984400931412,0.187542891912689,0.1226108475623253,2.8735288281008984,2.6451545086257235,3.1936817644246953,3.201152933082841,40.0,40.0,17.892686289835506,67.27755116190276,0.0,10.82219467590673,32.1296443432185,0.0,28.60955056429807,29.829564041574105,26.854042017921373,2.975522023652733,0.014002979354680613,1.508868348994282,3.68044509605005,0.7170166352110144,0.9259221561326445,2.9634284608390353,1,0
em2x3125u_misalignment_timeseries.csv,EMB_COMP_001,EM2X3125U,misalignment,steady_state,2026-01-01 00:01:32.000,2026-01-01 00:01:33.990,92.0,93.99,200,0.0461908975853189,0.0281985382363556,0.04619086790149276,0.028195877448035395,0.0787968843441252,0.0506659697910985,1.7058963662392574,1.7967587314783664,1.9370589436974517,2.1627941402836894,40.0,40.0,1.5584812586984182,41.12593355945883,0.0,7.875996276196248,8.0244388609125,0.0,29.69428220539106,30.645396732894717,28.750180370846024,1.8952163620486928,0.007622609633913346,0.779847550464503,0.8376426833335043,0.7170166352110144,0.01970450620551839,0.12062604812248989,0,0
em2x3125u_misalignment_timeseries.csv,EMB_COMP_001,EM2X3125U,misalignment,steady_state,2026-01-01 00:01:33.000,2026-01-01 00:01:34.990,93.0,94.99,200,0.04611677186591833,0.02817968732171119,0.04611602006802149,0.02817893165787448,0.0809275173917085,0.0503881288749584,1.754839164089808,1.7881010637096955,1.937145094088812,2.124061601477468,40.0,40.0,1.5405627238574338,40.99526743708488,0.0,7.963780853924525,7.917621179556864,0.0,30.452226357036697,31.34721209161737,29.61081430324601,1.7363977883713595,0.00756439774013791,0.7813713606557531,0.835395255922555,0.7249537243903525,0.01999558995146383,0.11044153153220249,0,0
em2x3125u_misalignment_timeseries.csv,EMB_COMP_001,EM2X3125U,misalignment,steady_state,2026-01-01 00:01:34.000,2026-01-01 00:01:35.990,94.0,95.99,200,0.04670684090378353,0.028093225163103714,0.04670480614735373,0.028092247783214362,0.0843072673331005,0.0504252589993665,1.80503039173157,1.7949259548025338,1.9591168020813865,2.1520672178232125,40.0,40.0,1.715740592095581,41.912115818229566,0.0,7.731921425803418,8.05202266396551,0.0,31.20676043923054,32.081419351159184,30.369434143663888,1.711985207495296,0.007634961118348397,0.7808525378273069,0.835395255922555,0.7230357737969835,0.02029003913600296,0.11235948212557156,0,0
em2x3125u_misalignment_timeseries.csv,EMB_COMP_001,EM2X3125U,misalignment,steady_state,2026-01-01 00:01:35.000,2026-01-01 00:01:36.990,95.0,96.99,200,0.04699359879990897,0.028090763355955565,0.04699359758798266,0.028090038828400346,0.0843072673331005,0.0528595593819571,1.7940159827313291,1.8817416498135235,1.9615184660476896,2.190520376026015,40.0,40.0,1.7941701065317885,42.37383682648628,0.0,7.783086003136272,8.001589478235106,0.0,31.97853436409267,32.88020426471146,30.955322645747707,1.9248816189637523,0.007731650388966616,0.7778197957015857,0.8401646789006956,0.7230357737969835,0.019520516085207714,0.1171289051037121,0,0
em2x3125u_misalignment_timeseries.csv,EMB_COMP_001,EM2X3125U,misalignment,steady_state,2026-01-01 00:01:36.000,2026-01-01 00:01:37.990,96.0,97.99,200,0.04660713191353709,0.0281320813301047,0.04660443009495848,0.02813184166433188,0.0795515491556666,0.0528595593819571,1.7068535627389845,1.8789779100130437,1.93490006295514,2.1925474531989426,40.0,40.0,1.6712827527005687,41.76910737653463,0.0,7.792554020254897,8.035899087215713,0.0,32.75018696195307,33.59130007416605,31.86612090453801,1.7251791696280385,0.007523042483386885,0.7796546660811552,0.8401646789006956,0.7348731536858673,0.020310735223503556,0.10529152521482832,0,0
em2x3125u_misalignment_timeseries.csv,EMB_COMP_001,EM2X3125U,misalignment,steady_state,2026-01-01 00:01:37.000,2026-01-01 00:01:38.990,97.0,98.99,200,0.04693960739365927,0.02821277582021947,0.046937924313121125,0.028212080619606675,0.0807349476780599,0.0520990692084712,1.719974924395422,1.8466481122050016,1.9706618351223266,2.1906928252385804,40.0,40.0,1.9500399288954442,42.115954193320334,0.0,7.786430175719181,8.133515372190066,0.0,33.50221442040408,34.39030320418987,32.54760851603517,1.842694688154701,0.0074213903553176875,0.7810639392283139,0.8351947687568823,0.719012460605101,0.021232802003345774,0.11618230815178121,0,0
em2x3125u_misalignment_timeseries.csv,EMB_COMP_001,EM2X3125U,misalignment,steady_state,2026-01-01 00:01:38.000,2026-01-01 00:01:39.990,98.0,99.99,200,0.046727883843999424,0.028272888315055516,0.046724796334290566,0.028270092044011156,0.0807349476780599,0.0520990692084712,1.7277681126667905,1.8427218552243945,1.9977822865076187,2.1870850645055318,40.0,40.0,2.0724332452753567,41.59475836040234,0.0,8.036336815873527,7.950622375839524,0.0,34.25890370309517,35.12793583716818,33.359398540300546,1.7685372968676347,0.007563767335097456,0.7798500559994295,0.8351947687568823,0.719012460605101,0.020331657653700434,0.11618230815178121,0,0
em2x3125u_misalignment_timeseries.csv,EMB_COMP_001,EM2X3125U,misalignment,steady_state,2026-01-01 00:01:39.000,2026-01-01 00:01:40.990,99.0,100.99,200,0.04628467269374338,0.02807670211956474,0.04628462308525873,0.02807438956031999,0.0806074282990759,0.0517773359946444,1.741557703830801,1.8441388085449077,1.9719697099004083,2.2081861228870565,40.0,20.0,1.9524068838775015,40.893362243401874,0.0,7.945589916600652,7.819494757473047,0.0,35.020418524631715,35.9056082413154,34.13105798798534,1.7745502533300552,0.007463313694052394,0.7794968535451762,0.8236290069599379,0.7280913951833289,0.019467306305108543,0.09553761177660902,0,0
em2x3125u_misalignment_timeseries.csv,EMB_COMP_001,EM2X3125U,misalignment,steady_state,2026-01-01 00:01:40.000,2026-01-01 00:01:41.990,100.0,101.99,200,0.046876246486917475,0.02844941251480747,0.046855778990083974,0.028448027643866728,0.0806074282990759,0.0527797523214681,1.7195794104711932,1.8552141382180414,1.9502975541247043,2.2017050038766106,40.0,20.0,1.841302827123819,42.06808980430787,0.0,8.130364307851307,8.055813764689773,0.0,35.78185910280977,36.80385500454204,34.99362869273269,1.8102263118093447,0.007643947035868798,0.7795996970852818,0.8259400226019951,0.7280913951833289,0.019966316532198297,0.09784862741866618,0,0
em2x3125u_misalignment_timeseries.csv,EMB_COMP_001,EM2X3125U,misalignment,steady_state,2026-01-01 00:01:41.000,2026-01-01 00:01:42.990,101.0,102.99,200,0.04734409281417231,0.028612051677268106,0.04734349103016027,0.028608505355733924,0.08012850087048,0.0527797523214681,1.692470931589881,1.8446685654283546,1.9640885826110441,2.1860284027183647,40.0,40.0,1.9357794142518965,42.89458763726779,0.0,8.057119761233562,8.312497246801124,0.0,36.53826238591854,37.34527164989369,35.628240153002544,1.7170314968911455,0.007474050102987974,0.7825208384757545,0.8322123028869116,0.7260145985372018,0.020266958272026098,0.10619770434970977,0,0
em2x3125u_misalignment_timeseries.csv,EMB_COMP_001,EM2X3125U,misalignment,steady_state,2026-01-01 00:01:42.000,2026-01-01 00:01:43.990,102.0,103.99,200,0.04673931486373026,0.028376502768638488,0.046734770409272715,0.028375965043256183,0.0789621996142097,0.0520979615950284,1.689417139391669,1.83595427596549,1.9618304239525453,2.210875031035821,40.0,40.0,1.8715334470588803,41.822183279099235,0.0,7.874097180539542,8.233949076951149,0.0,37.29517878682606,38.225589267692186,36.302985305883865,1.9226039618083206,0.0076913446151394595,0.7833027527307074,0.8331494852175478,0.7260145985372018,0.020325172157231525,0.10713488668034599,0,0
em2x3125u_misalignment_timeseries.csv,EMB_COMP_001,EM2X3125U,misalignment,steady_state,2026-01-01 00:01:43.000,2026-01-01 00:01:44.990,103.0,104.99,200,0.046995054326545584,0.028580211770893267,0.046994750275703226,0.02857772384208506,0.0805053190109642,0.0537465299030213,1.7130593881554474,1.8805504428682358,1.9035086244103445,2.1780777833508997,40.0,40.0,1.549145044005771,42.622917333041016,0.0,8.130307456455032,8.213847656991195,0.0,38.057861432618054,39.00517761431894,37.19826963793384,1.806907976385098,0.007577096965517154,0.7814576715725611,0.8331494852175478,0.7261199000955624,0.020744353747949744,0.10702958512198546,0,0
em2x3125u_misalignment_timeseries.csv,EMB_COMP_001,EM2X3125U,misalignment,steady_state,2026-01-01 00:01:44.000,2026-01-01 00:01:45.990,104.0,105.99,200,0.04736785956731349,0.028743654684830023,0.0473671648502081,0.028738623954742724,0.0843356897627614,0.0537465299030213,1.7804412218144179,1.8698572082201845,1.9291011302001906,2.149374342709388,40.0,40.0,1.699159700564292,43.1743155409743,0.0,8.242276594538822,8.279335117403818,0.0,38.81728672008537,39.78331182582912,37.88517447865432,1.8981373471747958,0.007655099354857227,0.780783967915402,0.8408747980844612,0.7155820147568562,0.021605354240568236,0.12529278332760496,0,0
em2x3125u_misalignment_timeseries.csv,EMB_COMP_001,EM2X3125U,misalignment,steady_state,2026-01-01 00:01:45.000,2026-01-01 00:01:46.990,105.0,106.99,200,0.046905658058157614,0.028137210535159246,0.04690458059599184,0.028136637956258356,0.0843356897627614,0.0493624724896501,1.7979854297789588,1.7543484784310275,1.9483225735888823,2.14813675792061,40.0,40.0,1.7181303659271787,42.283287918825486,0.0,7.866237063952553,7.967432743708978,0.0,39.569703189080336,40.43593265662913,38.592916015721904,1.8430166409072228,0.0073973427939756945,0.7803504560112887,0.8501791177324388,0.7155820147568562,0.02290879677488716,0.13459710297558258,0,0
em2x3125u_misalignment_timeseries.csv,EMB_COMP_001,EM2X3125U,misalignment,steady_state,2026-01-01 00:01:46.000,2026-01-01 00:01:47.990,106.0,107.99,200,0.04698299394604895,0.028058576236479508,0.04698287517473182,0.028056791732297092,0.0861683129249452,0.0510806069493413,1.8340319696078362,1.820498891990478,1.9520122733509953,2.154130811651431,40.0,40.0,1.71935359263936,42.4315674986449,0.0,7.876075219325142,7.869271890533975,0.0,40.3258420944547,41.21667523362241,39.4451933124029,1.771481921219511,0.007572597812799502,0.7797102785995509,0.8501791177324388,0.7110192264439154,0.021801275473779896,0.13915989128852346,0,0
em2x3125u_misalignment_timeseries.csv,EMB_COMP_001,EM2X3125U,misalignment,steady_state,2026-01-01 00:01:47.000,2026-01-01 00:01:48.990,107.0,108.99,200,0.04708836186098229,0.028560284315265316,0.04708831304351347,0.028560273064484765,0.0861683129249452,0.0510806069493413,1.829928022965369,1.7885188531557787,1.957310678966109,2.1897041705750495,40.0,40.0,1.8223312577931887,42.545585608319094,0.0,8.188177326758339,8.12865975826372,0.0,41.08753619167208,41.99792089148088,40.22936328354375,1.768557607937133,0.007559681045684127,0.7799752533681439,0.8346151812109849,0.7110192264439154,0.019700781401295473,0.12359595476706953,0,0
em2x3125u_misalignment_timeseries.csv,EMB_COMP_001,EM2X3125U,misalignment,steady_state,2026-01-01 00:01:48.000,2026-01-01 00:01:49.990,108.0,109.99,200,0.04688387327656082,0.028727114657886493,0.04688275453040292,0.02872626567465147,0.0822980690604895,0.0541758807148015,1.755359856363098,1.8858796422817397,1.9209872069632798,2.181815584261787,40.0,20.0,1.6828492844258882,42.27811050463716,0.0,8.298997022027516,8.205002877911056,0.0,41.843649921335256,42.718179850630506,40.92153374693132,1.7966461036991888,0.0075763470135644705,0.7811663781890238,0.8346151812109849,0.7335332905503533,0.019371053332484678,0.10108189066063156,0,0
em2x3125u_misalignment_timeseries.csv,EMB_COMP_001,EM2X3125U,misalignment,shutdown,2026-01-01 00:01:49.000,2026-01-01 00:01:50.990,109.0,110.99,200,0.03542760900671118,0.02186250664590548,0.03542744588295219,0.021855500299631115,0.0802749464307121,0.0541758807148015,2.2658866539795373,2.478026952364487,3.0012984975143433,3.3931805901349197,40.0,40.0,0.9928886768675812,24.10921536689222,0.0,4.234210237327781,5.3196823410753105,0.0,42.2093619843876,42.7299834623695,41.63746243524562,1.0925210271238868,-0.0005258308929506251,0.6007995735611199,0.8276792826921403,0.2631685947876274,0.19008594427601858,0.564510687904513,0,0
em2x3125u_misalignment_timeseries.csv,EMB_COMP_001,EM2X3125U,misalignment,shutdown,2026-01-01 00:01:50.000,2026-01-01 00:01:51.990,110.0,111.99,200,0.014443300493779626,0.00920937830786564,0.014427886226841718,0.009204284766113478,0.037239882786352,0.0223010717053394,2.5783499278707316,2.42156103917376,2.4621516136743757,2.4011370967380223,40.0,40.0,0.28260737988265616,3.8830599987989434,0.0,0.2186971238095506,1.4758097253594495,0.0,41.69334084005477,42.7299834623695,40.5827219152762,2.1472615470933007,-0.010015354873820579,0.2796135789451131,0.5795290659393976,0.003359029757821,0.16211372089747672,0.5761700361815766,0,0
em2x3125u_misalignment_timeseries.csv,EMB_COMP_001,EM2X3125U,misalignment,idle,2026-01-01 00:01:51.000,2026-01-01 00:01:52.990,111.0,112.99,200,0.007113103719505013,0.004812106727276794,0.0071016624810332045,0.0047962183866683585,0.0228803487918352,0.0140223627558128,3.216647710210445,2.9139758427070785,4.307461469353456,4.399442912841663,40.0,40.0,0.11749021088976133,0.8923447395867136,0.0,0.12813641074539478,0.3340505915810113,0.0,40.8366574081121,41.73393386767053,40.27643673628943,1.4574971313810963,-0.007070086378613761,0.0699604184710639,0.2781703840937122,0.0,0.08997678436818299,0.2781703840937122,0,0
em2x3125u_misalignment_timeseries.csv,EMB_COMP_001,EM2X3125U,misalignment,idle,2026-01-01 00:01:52.000,2026-01-01 00:01:53.990,112.0,113.99,200,0.0014393414977389436,0.0011983010523904279,0.0014341893445893926,0.0011982715486616778,0.0045361104862445,0.0032938276730145,3.1515178943775743,2.7487480432766174,2.8901658431745965,3.0111799034258353,45.5,23.5,0.021279315273655064,0.020051868349790048,0.0,0.019524919230265964,0.009373643937087754,0.0,40.29796565526004,40.74141967299651,39.86913327520941,0.8722863977871,-0.0037363736543258898,0.0007597765330749009,0.0043534962023821,0.0,0.0010777760624153753,0.0043534962023821,0,0
em2x3125u_misalignment_timeseries.csv,EMB_COMP_001,EM2X3125U,misalignment,idle,2026-01-01 00:01:53.000,2026-01-01 00:01:54.990,113.0,114.99,200,0.0013940998898866069,0.001218508267921932,0.0013876064926548115,0.001218206262074398,0.0045338329901219,0.0038267515507031,3.25215791423,3.1405216127333446,3.2623114687979453,3.4782720997002494,28.5,12.0,0.022143629830235136,0.016460033931814753,0.0,0.016220875671879867,0.01374327018478509,0.0,39.92183284389967,40.362197804556935,39.51524923289495,0.8469485716619829,-0.003800705116757881,0.0007888912472411552,0.0043735765610762,0.0,0.0010681417534598883,0.0043735765610762,0,0
em2x3125u_misalignment_timeseries.csv,EMB_COMP_001,EM2X3125U,misalignment,idle,2026-01-01 00:01:54.000,2026-01-01 00:01:55.990,114.0,115.99,200,0.0014613358395134412,0.0012136908336427893,0.001418052011791533,0.0012130940021061196,0.0045338329901219,0.0038267515507031,3.1025263786259165,3.1529871072828595,2.595361459457707,3.4643022195594533,23.5,11.5,0.02299056457015726,0.017228052348933407,0.0,0.0169238998085272,0.01263023281592779,0.0,39.54852153329349,39.96305564221553,39.11089437244532,0.8521612697702068,-0.00364830249869332,0.0007568369068954399,0.0043735765610762,0.0,0.0010396216658105002,0.0043735765610762,0,0
em2x3125u_misalignment_timeseries.csv,EMB_COMP_001,EM2X3125U,misalignment,idle,2026-01-01 00:01:55.000,2026-01-01 00:01:56.990,115.0,116.99,200,0.0014209218381829086,0.0012370862396413823,0.0014041879185868627,0.0012367859386523841,0.0041228292909966,0.0031792075278846,2.901517296876035,2.569915844190634,2.546434410975286,2.7115970021129647,21.5,15.0,0.021103308552285448,0.01847070612221003,0.0,0.018430438644275758,0.012173991553894639,0.0,39.17652083870421,39.59474932236426,38.71184649583817,0.8829028265260916,-0.0038367679422639652,0.0007882135481320967,0.0051728280326562,0.0,0.0010923672575241467,0.0051728280326562,0,0
em2x3125u_misalignment_timeseries.csv,EMB_COMP_001,EM2X3125U,misalignment,idle,2026-01-01 00:01:56.000,2026-01-01 00:01:57.990,116.0,117.99,200,0.0014517248665223146,0.0012769959314802015,0.0014351103327173338,0.0012718379687312474,0.0041820363832498,0.0030542878019291,2.8807362053858694,2.39177567182128,2.9459195704990875,2.5601082445180947,0.5,42.0,0.02171314006485564,0.019700830395966706,0.0,0.01791660607179114,0.01455604853963446,0.0,38.79601656340329,39.23692277521796,38.3509908290902,0.8859319461277622,-0.0038672401933963277,0.0007908292776930537,0.0054286872629859,0.0,0.0011519651642633952,0.0054286872629859,0,0
em2x3125u_misalignment_timeseries.csv,EMB_COMP_001,EM2X3125U,misalignment,idle,2026-01-01 00:01:57.000,2026-01-01 00:01:58.990,117.0,118.99,200,0.001484633737556588,0.0012119148244148145,0.0014740207624535974,0.0012117769195785914,0.0041820363832498,0.0031846196596708,2.8168808760419255,2.6277586473195638,2.5592621055116687,2.695556598637416,31.0,42.0,0.02663909176646757,0.01682882632779087,0.0,0.015003690504652705,0.014368557514618836,0.0,38.41660838412222,38.877964681266135,37.98042503815275,0.8975396431133831,-0.0038568265712364508,0.000773441044669628,0.0054286872629859,0.0,0.0011487884834082366,0.0054286872629859,0,0
em2x3125u_misalignment_timeseries.csv,EMB_COMP_001,EM2X3125U,misalignment,idle,2026-01-01 00:01:58.000,2026-01-01 00:01:59.990,118.0,119.99,200,0.0015476149689821353,0.0011558533974102435,0.0015473886278416721,0.0011554678671572777,0.0042324438934866,0.0031846196596708,2.734817107817375,2.755210709944812,2.7838119328919606,2.7113985091943866,8.5,44.0,0.026246926654258772,0.021766705579376287,0.0,0.014286195004659904,0.01241810053709856,0.0,38.0377798619419,38.455225688234535,37.590873135353554,0.8643525528809803,-0.0037674348334936583,0.0008825309484503044,0.0050836986763949,0.0,0.0011313441758913567,0.0050836986763949,0,0
em2x3125u_misalignment_timeseries.csv,EMB_COMP_001,EM2X3125U,misalignment,idle,2026-01-01 00:01:59.000,2026-01-01 00:02:00.990,119.0,120.99,200,0.05622359131706469,0.042673366756962025,0.056194229223299745,0.04265942990983671,0.1624177622818893,0.1342498206443606,2.8887831331506053,3.145986146557283,4.990680560104522,4.427133768391,40.0,40.0,16.58280386756514,46.587457833555376,0.0,6.875157242511064,29.528343416231348,0.0,32.02455689174416,38.06834922901311,25.073726475369718,12.994622753643391,-0.0853277264061501,2.5004567795137462,6.320939452589813,0.0,2.5632311020771055,6.320939452589813,1,0
em2x3125u_misalignment_timeseries.csv,EMB_COMP_001,EM2X3125U,misalignment,startup,2026-01-01 00:02:00.000,2026-01-01 00:02:01.990,120.0,121.99,200,0.08024522138344536,0.05893786442967597,0.08021546728389661,0.058906521050951476,0.1800286020646765,0.1342498206443606,2.24348065792509,2.2778195637635643,2.5052136681794566,2.1133478248632835,40.0,40.0,29.96502252626677,98.90514379021877,0.0,12.710689503944348,56.73103343701848,0.0,27.193096510768164,29.267611761194807,25.073726475369718,4.19388528582509,0.01989253151789523,3.621540145764992,6.320939452589813,0.8364594908275791,1.5966959263215594,5.484479961762234,1,0
em2x3125u_misalignment_timeseries.csv,EMB_COMP_001,EM2X3125U,misalignment,startup,2026-01-01 00:02:01.000,2026-01-01 00:02:02.990,121.0,122.99,200,0.06639597439348775,0.045423605951648134,0.06639421196075333,0.04541439667554237,0.1800286020646765,0.115480679827534,2.7114385127893246,2.5423054248590304,3.0730808965902323,2.8123382465250772,40.0,40.0,14.232926604641381,74.02688931133139,0.0,9.792517885242557,31.48312961731003,0.0,28.876408110161833,29.962720676623277,27.142756843673617,2.819963832949661,0.01368868293506041,1.511708390557858,3.652859173594564,0.7230378014758484,0.92841073280751,2.9298213721187154,1,0
em2x3125u_misalignment_timeseries.csv,EMB_COMP_001,EM2X3125U,misalignment,steady_state,2026-01-01 00:02:02.000,2026-01-01 00:02:03.990,122.0,123.99,200,0.04665698273264675,0.02862161881158179,0.04665665786345064,0.02862133684569785,0.0815230651727783,0.0526341284292719,1.7472854093442076,1.8389640633454807,1.988756434278807,2.1990289836845567,40.0,40.0,1.9018502492342402,41.63504785658757,0.0,8.10767470013435,8.277558834021498,0.0,29.954501562702852,30.83763190361208,29.03363404215435,1.8039978614577308,0.007601474515516886,0.7792049384645314,0.829363405843706,0.7230378014758484,0.021622115874847008,0.10632560436785765,0,0
em2x3125u_misalignment_timeseries.csv,EMB_COMP_001,EM2X3125U,misalignment,steady_state,2026-01-01 00:02:03.000,2026-01-01 00:02:04.990,123.0,124.99,200,0.04598841062798813,0.028510261269743337,0.04598839533877551,0.028510014462367273,0.0822940316702302,0.051536730702179,1.7894515280366483,1.8076555039105384,1.9791738530045893,2.1513562062041753,40.0,20.0,1.769194507968218,40.53527395553282,0.0,8.36961344237491,7.887274172419825,0.0,30.73556311142415,31.60834183086108,29.81310304137655,1.7952387894845288,0.007829060891532923,0.7783546814182435,0.829363405843706,0.7196722162788702,0.020784535082903222,0.10969118956483581,0,0
em2x3125u_misalignment_timeseries.csv,EMB_COMP_001,EM2X3125U,misalignment,steady_state,2026-01-01 00:02:04.000,2026-01-01 00:02:05.990,124.0,125.99,200,0.045978174863985186,0.02854014872892004,0.045978174858277085,0.028539993514038825,0.0822940316702302,0.0513054091534476,1.7898498997334342,1.7976573857675546,1.9840501231616308,2.1641239088418045,40.0,20.0,1.9463140466604527,40.33841548990064,0.0,8.315004695654864,7.976030858353485,0.0,31.511737558037247,32.39921416221562,30.577368810160884,1.821845352054737,0.007655251215421225,0.7795152003401928,0.8441093212805367,0.7105650651015593,0.020540210983319433,0.13354425617897747,0,0
em2x3125u_misalignment_timeseries.csv,EMB_COMP_001,EM2X3125U,misalignment,steady_state,2026-01-01 00:02:05.000,2026-01-01 00:02:06.990,125.0,126.99,200,0.04620472092157129,0.02830005683545427,0.046204552217292034,0.028299880623825577,0.079063460197701,0.0513054091534476,1.711155453831324,1.81290834332079,2.0195717247048166,2.1992186709216397,40.0,20.0,2.2234804292581907,40.47458846416028,0.0,8.072809557025092,7.944936915871526,0.0,32.28908804763537,33.1882675917744,31.390607491010304,1.7976601007640944,0.007830860286005022,0.7808444927237069,0.8441093212805367,0.7105650651015593,0.021492388433867367,0.13354425617897747,0,0
em2x3125u_misalignment_timeseries.csv,EMB_COMP_001,EM2X3125U,misalignment,steady_state,2026-01-01 00:02:06.000,2026-01-01 00:02:07.990,126.0,127.99,200,0.04649809562844835,0.028360602044335187,0.04649804575180966,0.028360061021167875,0.0864480124259609,0.056665739768215,1.859173182418905,1.9980443179461187,1.9941965373698245,2.2225630486079266,40.0,40.0,1.964511833476129,41.27941332232153,0.0,8.008544429611344,8.077860575109051,0.0,33.07801198672753,34.088225968260474,32.1401494433426,1.948076524917873,0.00789824941878158,0.7803658149430532,0.838545219835211,0.7290856055498005,0.020603081581581313,0.10945961428541051,0,0
em2x3125u_misalignment_timeseries.csv,EMB_COMP_001,EM2X3125U,misalignment,steady_state,2026-01-01 00:02:07.000,2026-01-01 00:02:08.990,127.0,128.99,200,0.04685669521555855,0.02871484870266681,0.04685581888629224,0.028714757354839995,0.0864480124259609,0.056665739768215,1.8449447198157551,1.9733950317820175,1.9372649497659002,2.2087318762646224,40.0,40.0,1.6644884613560043,42.25332306314541,0.0,8.09024481510145,8.400898985433574,0.0,33.85925167379265,34.762942699060304,32.928158155233554,1.8347845438267498,0.007843113989768167,0.7803855121754811,0.8577226588353557,0.7339483220039794,0.020489839099178363,0.12377433683137629,0,0
em2x3125u_misalignment_timeseries.csv,EMB_COMP_001,EM2X3125U,misalignment,steady_state,2026-01-01 00:02:08.000,2026-01-01 00:02:09.990,128.0,129.99,200,0.046858580086002855,0.028583387580447248,0.04685662050430466,0.028583357988473706,0.0796165523442782,0.0545814523504001,1.6990816238595434,1.9095515602124462,1.963400868380637,2.1703724514589435,40.0,40.0,1.8856808345165463,42.02525063154698,0.0,8.218172005266972,8.12232265470274,0.0,34.639069992447894,35.53227607328888,33.68621333011089,1.8460627431779884,0.00783979380623603,0.7800035805324722,0.8577226588353557,0.7280562385795054,0.020697492583604246,0.1296664202558503,0,0
em2x3125u_misalignment_timeseries.csv,EMB_COMP_001,EM2X3125U,misalignment,steady_state,2026-01-01 00:02:09.000,2026-01-01 00:02:10.990,129.0,130.99,200,0.04701715850624968,0.028454512145694638,0.047016384098759544,0.02845390852630418,0.0797122242625875,0.0545814523504001,1.695385829239168,1.9182002513671157,1.986271318229767,2.1739789774611022,40.0,20.0,1.9934025291975233,42.217405601747835,0.0,8.206063340884993,7.98726325226285,0.0,35.413585936739395,36.31502154530516,34.52481911839336,1.7902024269117973,0.007715122323021368,0.7795999425460723,0.8322650294968326,0.7280562385795054,0.020011918635397568,0.10420879091732715,0,0
em2x3125u_misalignment_timeseries.csv,EMB_COMP_001,EM2X3125U,misalignment,steady_state,2026-01-01 00:02:10.000,2026-01-01 00:02:11.990,130.0,131.99,200,0.047633114387237906,0.028584703031867817,0.047631464105633334,0.02857893118019491,0.0841869473149402,0.0533959690574986,1.7674037987634916,1.8679910369532193,1.961848073536769,2.1920880610800246,40.0,40.0,1.7777241656866083,43.60202446735505,0.0,8.170901368473235,8.16636355363487,0.0,36.183823942247756,37.0425225717438,35.226146551182424,1.8163760205613784,0.007778611845105984,0.7801121360118036,0.8255308610838765,0.726098297561185,0.019745732015439964,0.09943256352269148,0,0
em2x3125u_misalignment_timeseries.csv,EMB_COMP_001,EM2X3125U,misalignment,steady_state,2026-01-01 00:02:11.000,2026-01-01 00:02:12.990,131.0,132.99,200,0.047058606585575126,0.028559529312516676,0.047058126346006604,0.0285557019715308,0.0853664296025356,0.0533959690574986,1.8140449919038395,1.8696375725666092,2.014577381317528,2.212526317959746,40.0,40.0,2.0577599241971805,42.23228335443381,0.0,8.139459658461572,8.169193752265153,0.0,36.965380479139945,37.8271106895988,35.93639258143941,1.8907181081593905,0.007821967841794399,0.7804153069713038,0.8343058991039948,0.7220707343744799,0.020452356002293826,0.11223516472951489,0,0
em2x3125u_misalignment_timeseries.csv,EMB_COMP_001,EM2X3125U,misalignment,steady_state,2026-01-01 00:02:12.000,2026-01-01 00:02:13.990,132.0,133.99,200,0.046918768929959595,0.028040284087008302,0.04691812297383497,0.028039985152626432,0.0863382831283503,0.0517694032238963,1.840165142807481,1.84625102453517,2.024252282896485,2.195815982777421,40.0,20.0,2.114249619705284,41.91197352670422,0.0,7.961113339392448,7.76392823367914,0.0,37.754914217397875,38.66481366871803,36.73118623892623,1.9336274297918052,0.007907621113720035,0.7799567113952497,0.8343058991039948,0.7220707343744799,0.020316871342815658,0.11223516472951489,0,0
em2x3125u_misalignment_timeseries.csv,EMB_COMP_001,EM2X3125U,misalignment,steady_state,2026-01-01 00:02:13.000,2026-01-01 00:02:14.990,133.0,134.99,200,0.04716635205256426,0.02790767564882017,0.047166343045824,0.027907178343699605,0.0863382831283503,0.0536207891966664,1.8305058451866516,1.9213634940942594,1.967486227638108,2.112322828820057,40.0,20.0,1.8017880939442927,42.69222752084243,0.0,8.204430147382672,7.371807562665586,0.0,38.53996025067886,39.43902532142427,37.6873366453165,1.7516886761077686,0.007786781588118451,0.7793660324668932,0.8312663515439059,0.730497597742576,0.020412665197736643,0.10076875380132988,0,0
em2x3125u_misalignment_timeseries.csv,EMB_COMP_001,EM2X3125U,misalignment,steady_state,2026-01-01 00:02:14.000,2026-01-01 00:02:15.990,134.0,135.99,200,0.047032135151135475,0.028455102098258477,0.04703206452783735,0.028452116547588203,0.0822348399170039,0.0536207891966664,1.7484819613812181,1.884399817351143,1.9581630760085582,2.133104145445301,40.0,20.0,1.7985639150917816,42.44174257453222,0.0,8.400589203774114,7.790353158119374,0.0,39.31101913644591,40.24008768352784,38.45688274989254,1.7832049336352966,0.007642330651796573,0.7813883725345728,0.833611461986576,0.7332041447982962,0.020157946662293553,0.10040731718827978,0,0
em2x3125u_misalignment_timeseries.csv,EMB_COMP_001,EM2X3125U,misalignment,steady_state,2026-01-01 00:02:15.000,2026-01-01 00:02:16.990,135.0,136.99,200,0.047088979890496055,0.02847598694759381,0.04708800017261488,0.028475983618439043,0.0822348399170039,0.0528743205542169,1.746371233954068,1.8568037923154308,1.9699455179807446,2.1453290299062995,40.0,20.0,1.7955031250685516,42.55013860755401,0.0,8.113827962016202,8.105589810243478,0.0,40.083466435323274,40.981150288980544,39.2781754321132,1.7029748568673426,0.00770100335003494,0.7799290465448132,0.833611461986576,0.7258615430675363,0.019849273063956174,0.10774991891903973,0,0
em2x3125u_misalignment_timeseries.csv,EMB_COMP_001,EM2X3125U,misalignment,steady_state,2026-01-01 00:02:16.000,2026-01-01 00:02:17.990,136.0,137.99,200,0.047139461761477694,0.028416769509001145,0.0471392742335048,0.028411286220179074,0.0805830246541502,0.0562168280384007,1.7094600074539361,1.9782976393778244,1.9713852601203181,2.1398294472258437,40.0,20.0,1.9249738122707714,42.51725865783882,0.0,8.143451143735808,8.001891827992356,0.0,40.86072992764582,41.810334248903885,39.96327747118376,1.8470567777201268,0.007751731440336542,0.7775421158422412,0.8323275032174688,0.7258615430675363,0.02001968290565676,0.10646596014993259,0,0
em2x3125u_misalignment_timeseries.csv,EMB_COMP_001,EM2X3125U,misalignment,steady_state,2026-01-01 00:02:17.000,2026-01-01 00:02:18.990,137.0,138.99,200,0.04749320244304463,0.02856700638118933,0.04749279549905915,0.028564663880507175,0.0823200467338422,0.0562168280384007,1.7333016621181325,1.9678935653341016,1.9804322869622557,2.1930283324067634,40.0,40.0,2.133207065497701,42.97922210012301,0.0,8.054061623491506,8.267661146315254,0.0,41.641611906696404,42.51141631409708,40.76421935341286,1.7471969606842208,0.007907238303379499,0.7794624725046859,0.8353847030760427,0.7304351182323535,0.020195282679136888,0.10494958484368921,0,0
em2x3125u_misalignment_timeseries.csv,EMB_COMP_001,EM2X3125U,misalignment,steady_state,2026-01-01 00:02:18.000,2026-01-01 00:02:19.990,138.0,139.99,200,0.04733713913656623,0.028502621606014078,0.04733293053291117,0.028502195236407613,0.0823200467338422,0.0526975447897896,1.7390160925515867,1.8488665891235203,1.9897640937464998,2.1780995381646613,40.0,20.0,2.118035062038583,42.69144500487575,0.0,8.217157097729666,8.030695387305572,0.0,42.41467874724098,43.36804858222615,41.50568156932962,1.8623670128965344,0.007700178056860913,0.7793314697433769,0.8384501692311153,0.7384872887883001,0.021286076966041144,0.0999628804428152,0,0
em2x3125u_misalignment_timeseries.csv,EMB_COMP_001,EM2X3125U,misalignment,shutdown,2026-01-01 00:02:19.000,2026-01-01 00:02:20.990,139.0,140.99,200,0.03525149243281757,0.021694504322515518,0.03525141023170743,0.021687734253081382,0.0799372751230379,0.0513768214742997,2.2676281089483705,2.368195221726203,3.181760102397243,3.3113223767757773,40.0,40.0,1.243220783510129,23.612970016871003,0.0,4.416969788874891,4.990222518566699,0.0,42.83255413932628,43.38773884875893,42.098601712915496,1.2891371358434327,0.00028968073521325356,0.5993090276116941,0.8384501692311153,0.2837970001315809,0.18849715135984338,0.5546531690995344,0,0
em2x3125u_misalignment_timeseries.csv,EMB_COMP_001,EM2X3125U,misalignment,shutdown,2026-01-01 00:02:20.000,2026-01-01 00:02:21.990,140.0,141.99,200,0.014151610613940513,0.009332884218171217,0.014140560321460431,0.009329109711208452,0.031499137309635,0.0249120550366642,2.225834088354984,2.669277198163477,2.272224890841533,2.4254022976730543,40.0,40.0,0.3107994927757107,3.688767031462503,0.0,0.20011712814650512,1.5419268684686824,0.0,42.371968991892885,43.38773884875893,41.37938852458631,2.0083503241726177,-0.010011488173265928,0.2802939554232388,0.563289376354779,0.0,0.16329401285465703,0.563289376354779,0,0
em2x3125u_misalignment_timeseries.csv,EMB_COMP_001,EM2X3125U,misalignment,idle,2026-01-01 00:02:21.000,2026-01-01 00:02:22.990,141.0,142.99,200,0.007436236174624568,0.005092805406521343,0.007428929296185883,0.005088335171979165,0.0285630441983743,0.0203549133466785,3.8410620006721823,3.996797780770106,5.173973324021147,6.020087291184242,40.0,40.0,0.18170103805984184,0.9220787886226035,0.0,0.11857750386466873,0.399255198088264,0.0,41.52954006947644,42.43789796328031,40.92761572362262,1.510282239657684,-0.0068476135225991296,0.07025074460495595,0.2964956548028944,0.0,0.09129797980184041,0.2964956548028944,0,0
em2x3125u_misalignment_timeseries.csv,EMB_COMP_001,EM2X3125U,misalignment,idle,2026-01-01 00:02:22.000,2026-01-01 00:02:23.990,142.0,143.99,200,0.0013837370579332636,0.0012068706533162232,0.0013735500016494773,0.0012061590905534433,0.0041080132674157,0.0037323362660361,2.9687817088250776,3.0925735544073722,3.0279365003217342,2.8588017981930696,36.5,13.5,0.02259275261465377,0.01519855999471181,0.0,0.017379467759054912,0.01229762621045464,0.0,41.0039855222024,41.43970733150734,40.585474429461954,0.8542329020453892,-0.0036696810506349382,0.0007734312923621704,0.0058269662176551,0.0,0.0011360312871601175,0.0058269662176551,0,0
em2x3125u_misalignment_timeseries.csv,EMB_COMP_001,EM2X3125U,misalignment,idle,2026-01-01 00:02:23.000,2026-01-01 00:02:24.990,143.0,144.99,200,0.0014155509197361347,0.0011333322621713269,0.00140497884176596,0.0011245252998435403,0.0048727847503158,0.0037323362660361,3.4423238912692096,3.293240994380057,3.3899875343126236,3.464895492509435,37.0,41.0,0.024015811859596323,0.015914253992268465,0.0,0.015831460899973927,0.009462125758438522,0.0,40.63301162134606,41.09519660703136,40.11883850610586,0.976358100925502,-0.0038368844640465994,0.0007478333073368085,0.0053120674516852,0.0,0.0010790230076953079,0.0053120674516852,0,0
em2x3125u_misalignment_timeseries.csv,EMB_COMP_001,EM2X3125U,misalignment,idle,2026-01-01 00:02:24.000,2026-01-01 00:02:25.990,144.0,145.99,200,0.0013153967595510433,0.0012675953328437817,0.0013122214953475268,0.0012669971220200362,0.0048727847503158,0.0049073293388138,3.70442204219731,3.871369049461922,3.8731417541814714,4.096558873919651,28.5,26.5,0.023238432659562467,0.011229513087629019,0.0,0.021604043375620448,0.010503018514700122,0.0,40.25525063267377,40.702378577126815,39.81044286938373,0.8919357077430874,-0.0038224587853156163,0.0006790501778351004,0.0050414672539592,0.0,0.0010313093112777,0.0050414672539592,0,0
em2x3125u_misalignment_timeseries.csv,EMB_COMP_001,EM2X3125U,misalignment,idle,2026-01-01 00:02:25.000,2026-01-01 00:02:26.990,145.0,146.99,200,0.001418798007770956,0.0013232970151411036,0.0014086170622473382,0.001320537378433886,0.0043196950628624,0.0049073293388138,3.044615963091873,3.708411099446582,3.367351967924417,3.569251282630621,25.5,7.5,0.025528873179443697,0.01469458582082794,0.0,0.021488056850373444,0.013542354389273887,0.0,39.87783185620628,40.29529846978617,39.42466513246488,0.8706333373212871,-0.003773247591372554,0.0008202001822719418,0.0050414672539592,0.0,0.0011669415094434394,0.0050414672539592,0,0
em2x3125u_misalignment_timeseries.csv,EMB_COMP_001,EM2X3125U,misalignment,idle,2026-01-01 00:02:26.000,2026-01-01 00:02:27.990,146.0,147.99,200,0.0015022126913928748,0.0011545038644100558,0.0014929349027992896,0.0011516814031452536,0.0043196950628624,0.0036334032683935,2.875554898192953,3.1471555708045607,2.900180617801459,3.0708765676440812,49.0,45.5,0.026130041505347125,0.0187102182650239,0.0,0.01340977137270873,0.01359232881484665,0.0,39.49820333860843,39.91772061197064,39.00894974324399,0.9087708687266485,-0.0038213332893353136,0.0008215249725571929,0.0048472268400403,0.0,0.0011811092294777075,0.0048472268400403,0,0
em2x3125u_misalignment_timeseries.csv,EMB_COMP_001,EM2X3125U,misalignment,idle,2026-01-01 00:02:27.000,2026-01-01 00:02:28.990,147.0,148.99,200,0.0015105954633333437,0.0011406094572844812,0.0015091099415759051,0.001129186577674753,0.0050365707244131,0.0036334032683935,3.334162485367982,3.1854928478707913,3.0917875147457496,3.4232784106050116,13.5,48.0,0.026644266271845206,0.018959075994685715,0.0,0.014288759512761595,0.011218880247328665,0.0,39.12408504347481,39.55977455419322,38.69962692958789,0.8601476246053252,-0.0037010164476906833,0.000802651030410799,0.0057993889299496,0.0,0.001177476145350445,0.0057993889299496,0,0
em2x3125u_misalignment_timeseries.csv,EMB_COMP_001,EM2X3125U,misalignment,idle,2026-01-01 00:02:28.000,2026-01-01 00:02:29.990,148.0,149.99,200,0.0015531796114508028,0.001217555331904806,0.001552856268065962,0.001212902394508156,0.0050365707244131,0.0033008228915284,3.2427484157537396,2.711024957169234,3.114437054108854,2.9852727869481166,5.0,48.0,0.030926969884208844,0.017766842132819295,0.0,0.017074678625188057,0.012347967397370424,0.0,38.75574373636312,39.22802456572513,38.26465519978053,0.963369365944601,-0.0037133297351069463,0.0008993618787062709,0.0057993889299496,0.0,0.0012582721898656785,0.0057993889299496,0,0
em2x3125u_misalignment_timeseries.csv,EMB_COMP_001,EM2X3125U,misalignment,idle,2026-01-01 00:02:29.000,2026-01-01 00:02:30.990,149.0,150.99,200,0.05798948942171788,0.04166796288106207,0.05798585626113046,0.041664825996602955,0.1687888844529832,0.1239181188081983,2.9106806446509146,2.973942334591994,4.933319106164886,4.707212892167205,40.0,40.0,16.30479013756588,51.04578914850826,0.0,8.78000949710733,25.982289999361306,0.0,32.533427623481714,38.809743495072304,25.45836752705743,13.351375968014874,-0.08849235633293129,2.5037158267828867,6.281637463095796,0.0,2.5662278002609766,6.281637463095796,1,0
em2x3125u_misalignment_timeseries.csv,EMB_COMP_001,EM2X3125U,misalignment,startup,2026-01-01 00:02:30.000,2026-01-01 00:02:31.990,150.0,151.99,200,0.08032363288732891,0.058979431167626085,0.08030220451902288,0.058966206488777546,0.1687888844529832,0.1239181188081983,2.101360189842829,2.1010395718468233,2.505094868829827,2.2473959389036104,40.0,40.0,30.986046617514624,98.1860267755766,0.0,17.214195405404144,52.38071601179027,0.0,27.501418920340758,29.549458191717545,25.45836752705743,4.091090664660115,0.020116472794784134,3.623991904659115,6.281637463095796,0.8385482901528275,1.5958528045809008,5.443089172942969,1,0
em2x3125u_misalignment_timeseries.csv,EMB_COMP_001,EM2X3125U,misalignment,startup,2026-01-01 00:02:31.000,2026-01-01 00:02:32.990,151.0,152.99,200,0.06505116735427909,0.04626305665542298,0.06504554841402181,0.046252849284268746,0.1627254008485425,0.1143353101885892,2.5014985505535035,2.4714171188510683,3.037472630673701,3.0600647536124046,40.0,40.0,16.128258056009503,68.51973617077336,0.0,12.521287570063938,30.26600756201234,0.0,29.175246528147873,30.4490949425919,27.46242469075125,2.98667025184065,0.013606768342528889,1.510707629446972,3.621235005908852,0.7330044856010173,0.9209229575546555,2.8882305203078347,1,0
em2x3125u_misalignment_timeseries.csv,EMB_COMP_001,EM2X3125U,misalignment,steady_state,2026-01-01 00:02:32.000,2026-01-01 00:02:33.990,152.0,153.99,200,0.04778751176323536,0.028147145762294996,0.04778651541251902,0.028146438336232975,0.084456709876411,0.0536087925572964,1.7673385108405364,1.9045907180083956,1.983709264784654,2.1638238454773377,40.0,20.0,1.9927224703883257,43.67890118912641,0.0,7.990434186154394,7.854124982567682,0.0,30.24959791771213,31.22876706629904,29.250031121579056,1.9787359447199826,0.008082958172963199,0.7796499729403328,0.8420192402483455,0.730643550745819,0.020450345162998373,0.11137568950252652,0,0
em2x3125u_misalignment_timeseries.csv,EMB_COMP_001,EM2X3125U,misalignment,steady_state,2026-01-01 00:02:33.000,2026-01-01 00:02:34.990,153.0,154.99,200,0.04729807796405255,0.028563956054324314,0.04729796212750214,0.02856372293815969,0.0807721495421542,0.0536087925572964,1.7077258319786819,1.8767985938411542,1.9581816049722747,2.1707313836806406,40.0,20.0,1.7447916130041132,42.997945608157636,0.0,8.17850424058813,8.140119369087273,0.0,31.04705528046579,32.032841343036765,30.18625905721884,1.8465822858179237,0.007834509689987305,0.7792646097477538,0.8376274699179178,0.7288762867656043,0.019443859335904812,0.10875118315231347,0,0
em2x3125u_misalignment_timeseries.csv,EMB_COMP_001,EM2X3125U,misalignment,steady_state,2026-01-01 00:02:34.000,2026-01-01 00:02:35.990,154.0,155.99,200,0.047177722569809066,0.028587723542884698,0.0471773070668988,0.028587694099785493,0.0823735171233791,0.0528045951971911,1.7460257222355462,1.8471073822292445,1.9676642259761208,2.15844683880085,40.0,20.0,1.8269365191946942,42.68713843545279,0.0,8.306147272372849,8.04066324801819,0.0,31.831532823400266,32.74507045642755,30.86098122283692,1.884089233590629,0.007860726255334833,0.7804096992517813,0.8376274699179178,0.7288762867656043,0.018615454087155273,0.10875118315231347,0,0
em2x3125u_misalignment_timeseries.csv,EMB_COMP_001,EM2X3125U,misalignment,steady_state,2026-01-01 00:02:35.000,2026-01-01 00:02:36.990,155.0,156.99,200,0.04750982660946588,0.02805409053125359,0.0475097388715291,0.02805385771478471,0.0823735171233791,0.0528045951971911,1.7338206220051111,1.8822422754487182,1.968432947986872,2.163217004106837,40.0,20.0,1.872940748772857,43.27108497882598,0.0,8.04053757068787,7.699968424864056,0.0,32.63385306413112,33.53860117274047,31.664119853177517,1.8744813195629533,0.00816408349351143,0.7803844010994253,0.8268608860424905,0.7312896564775533,0.01905153886702988,0.09557122956493724,0,0
em2x3125u_misalignment_timeseries.csv,EMB_COMP_001,EM2X3125U,misalignment,steady_state,2026-01-01 00:02:36.000,2026-01-01 00:02:37.990,156.0,157.99,200,0.04748788554195973,0.02811682788555166,0.047487551837874585,0.02811681325363793,0.0867520282440773,0.0526449977320494,1.8268244048774132,1.8723661839215504,1.9657041241935993,2.182193250095402,40.0,40.0,1.808367152166135,43.293195176467904,0.0,7.930612978263154,7.886124394020011,0.0,33.435947866548254,34.39939886214226,32.52479798015845,1.8746008819838096,0.007911089080695497,0.7807675887901786,0.8335997958918014,0.7312896564775533,0.01974930905401258,0.10231013941424816,0,0
em2x3125u_misalignment_timeseries.csv,EMB_COMP_001,EM2X3125U,misalignment,steady_state,2026-01-01 00:02:37.000,2026-01-01 00:02:38.990,157.0,158.99,200,0.046940215713817915,0.028166910689234208,0.04693943198822398,0.0281668601749924,0.0867520282440773,0.0526449977320494,1.8481386786328695,1.869036981473835,1.9887909591861959,2.183443703439552,40.0,40.0,1.9081362047028154,42.16348878282891,0.0,7.9554353438869185,7.916719955978903,0.0,34.233216530707224,35.16062124553623,33.28024135621199,1.8803798893242387,0.008088921389191107,0.7817417890043543,0.847706178795822,0.7228253360295933,0.021206507073152137,0.12488084276622868,0,0
em2x3125u_misalignment_timeseries.csv,EMB_COMP_001,EM2X3125U,misalignment,steady_state,2026-01-01 00:02:38.000,2026-01-01 00:02:39.990,158.0,159.99,200,0.04702927535939513,0.02795658746871071,0.047028383854128414,0.027956542241059493,0.0858811237411947,0.0517545939259485,1.8261204980280028,1.8512486183756425,1.9920464422350717,2.1662194721213117,40.0,20.0,1.9332980438939928,42.30049824901729,0.0,7.907750836625231,7.726065730039281,0.0,35.03246666561806,35.94888283279155,34.179040231776014,1.769842601015533,0.007962461072496069,0.781227800649038,0.8611129085328243,0.7228253360295933,0.021536985676816868,0.13828757250323098,0,0
em2x3125u_misalignment_timeseries.csv,EMB_COMP_001,EM2X3125U,misalignment,steady_state,2026-01-01 00:02:39.000,2026-01-01 00:02:40.990,159.0,160.99,200,0.04706524955814399,0.027913968253714706,0.04706327049850211,0.027911193231752635,0.0858811237411947,0.0517545939259485,1.8247247076656403,1.8540751159255602,1.9997077687569935,2.175031685912801,40.0,40.0,1.9269349836203367,42.37375974978334,0.0,7.74757005752424,7.837686208207606,0.0,35.825231853621105,36.75486427221465,34.9739188900831,1.7809453821315486,0.007920938828109778,0.7805299674513064,0.8611129085328243,0.7305014512747764,0.019549993924387818,0.1306114572580479,0,0
em2x3125u_misalignment_timeseries.csv,EMB_COMP_001,EM2X3125U,misalignment,steady_state,2026-01-01 00:02:40.000,2026-01-01 00:02:41.990,160.0,161.99,200,0.04699545963732067,0.027815816760084978,0.04698986021010579,0.027810257908064018,0.0837958660164223,0.048980715807593,1.7830630163658874,1.760894394367709,2.0114960931433528,2.18654338104802,40.0,40.0,2.182918666398605,41.97805018355612,0.0,7.551481111291901,7.918130754931541,0.0,36.62193030145471,37.62936234502008,35.80736855678104,1.821993788239034,0.007951242622956597,0.779929259920652,0.828804233061376,0.7305014512747764,0.019504791486173883,0.09830278178659957,0,0
em2x3125u_misalignment_timeseries.csv,EMB_COMP_001,EM2X3125U,misalignment,steady_state,2026-01-01 00:02:41.000,2026-01-01 00:02:42.990,161.0,162.99,200,0.04744673361105135,0.02830829152109663,0.047443629847184456,0.02829650983133878,0.0818423579641295,0.0501330950509023,1.7249313437472686,1.7709685875440708,1.9794478798886024,2.172335128980404,40.0,20.0,2.1584633292350612,42.86020816214431,0.0,8.083068542232226,7.932507938810433,0.0,37.42419558648885,38.41055038644822,36.52689577223738,1.8836546142108404,0.008148830770959608,0.7776889182645351,0.828804233061376,0.7242955205110548,0.02037796085182914,0.10450871255032113,0,0
em2x3125u_misalignment_timeseries.csv,EMB_COMP_001,EM2X3125U,misalignment,steady_state,2026-01-01 00:02:42.000,2026-01-01 00:02:43.990,162.0,163.99,200,0.04693252959123206,0.02874297338489514,0.04693181276366644,0.0287379245306174,0.0822826738490944,0.0514819433828182,1.7532119952994494,1.791114047020366,1.9534264341022105,2.192261486852589,40.0,20.0,1.8327411025992681,42.22326153919277,0.0,8.299000732101122,8.21866170900736,0.0,38.220582677766146,39.16724164044772,37.35230365014775,1.814937990299967,0.007950757881809545,0.7784769254081594,0.8388146230829462,0.69596363035787,0.022558026599393273,0.14285099272507618,0,0
em2x3125u_misalignment_timeseries.csv,EMB_COMP_001,EM2X3125U,misalignment,steady_state,2026-01-01 00:02:43.000,2026-01-01 00:02:44.990,163.0,164.99,200,0.04719902715823122,0.028550982307594647,0.04719697147636143,0.02855009591670222,0.0844828806870979,0.0519390694104717,1.7899284322932196,1.8191692618805537,1.971256792001389,2.1622746505950823,40.0,20.0,1.8185965225162513,42.733151537321234,0.0,8.324097040606828,7.97878676771486,0.0,39.0091660023752,39.98008277157939,38.08834490350207,1.8917378680773211,0.008057896082694296,0.780738765414874,0.8407612615586949,0.69596363035787,0.023274542385292765,0.1447976312008249,0,0
em2x3125u_misalignment_timeseries.csv,EMB_COMP_001,EM2X3125U,misalignment,steady_state,2026-01-01 00:02:44.000,2026-01-01 00:02:45.990,164.0,165.99,200,0.04726647665750846,0.02829606845485234,0.04724553463758422,0.028294733559518306,0.0844828806870979,0.0519390694104717,1.7873741954421194,1.8355578087939264,1.9712575949879856,2.1449842195566475,40.0,20.0,1.8422896437641718,42.80148267489752,0.0,8.396973563142689,7.618261659237323,0.0,39.81151399409072,40.72477705835109,38.89424056111515,1.83053649723594,0.008077001516521421,0.7781190807940813,0.8407612615586949,0.7165087196253517,0.021463648736299103,0.12425254193334323,0,0
em2x3125u_misalignment_timeseries.csv,EMB_COMP_001,EM2X3125U,misalignment,steady_state,2026-01-01 00:02:45.000,2026-01-01 00:02:46.990,165.0,166.99,200,0.0468533724508627,0.027944787522016262,0.046852021424190635,0.02794432285135977,0.0879801430053947,0.0517957237834134,1.8777761002724733,1.853502151075803,1.976837952942206,2.1702537048317065,40.0,20.0,2.0004113678658073,41.90182824286372,0.0,8.031817648601086,7.586199345820115,0.0,40.616606068843055,41.50845532776962,39.70817391038254,1.800281417387076,0.007905033606078443,0.7766870111088139,0.828159943490602,0.708308252393576,0.020660188433447586,0.11985169109702598,0,0
em2x3125u_misalignment_timeseries.csv,EMB_COMP_001,EM2X3125U,misalignment,steady_state,2026-01-01 00:02:46.000,2026-01-01 00:02:47.990,166.0,167.99,200,0.04740012904109672,0.028211333025976806,0.04739501709096979,0.02821016115208425,0.0879801430053947,0.0549395739576395,1.856116107386847,1.9474292089300251,1.9439646053998894,2.1553729577752767,40.0,20.0,1.8668228422444004,43.059519177386385,0.0,8.061900329541054,7.856472252705059,0.0,41.41038267064914,42.37170352219135,40.47919327650401,1.8925102456873404,0.007877661487310884,0.7783422187133365,0.8280188265870871,0.708308252393576,0.019691137976242272,0.11971057419351117,0,0
em2x3125u_misalignment_timeseries.csv,EMB_COMP_001,EM2X3125U,misalignment,steady_state,2026-01-01 00:02:47.000,2026-01-01 00:02:48.990,167.0,168.99,200,0.04677529360695337,0.028743846628747103,0.04677271840827127,0.028743843525466113,0.0845503503937685,0.0549395739576395,1.8075856691405072,1.9113507898658806,1.944710932125642,2.1609727828593943,40.0,40.0,1.721031032549784,42.03475964991874,0.0,8.290443439699766,8.233732520959519,0.0,42.21780698968292,43.248478161476406,41.317782377871616,1.93069578360479,0.008212885267252362,0.7803089271890586,0.8290756464361023,0.7082430129543396,0.019535074210957643,0.12083263348176276,0,0
em2x3125u_misalignment_timeseries.csv,EMB_COMP_001,EM2X3125U,misalignment,steady_state,2026-01-01 00:02:48.000,2026-01-01 00:02:49.990,168.0,169.99,200,0.04647597678887137,0.02894089595344485,0.04647360386036359,0.028940031401455155,0.0872131278806859,0.0524999747098446,1.876520600672324,1.8140410992906908,1.9642186571987073,2.1478466186866054,40.0,40.0,1.8922659673563915,41.30379885827971,0.0,8.393264717226817,8.358807169491222,0.0,43.01459842531076,43.92312254230736,42.16386893551413,1.75925360679323,0.0077188615196708095,0.7800748738072957,0.8403490082482107,0.7082430129543396,0.021505403523834087,0.13210599529387113,0,0
em2x3125u_misalignment_timeseries.csv,EMB_COMP_001,EM2X3125U,misalignment,shutdown,2026-01-01 00:02:49.000,2026-01-01 00:02:50.990,169.0,170.99,200,0.03564603285523871,0.021883898807570936,0.0356420810064609,0.021882560065303806,0.0872131278806859,0.0522108317919848,2.446643311890138,2.3858103279988656,3.0590519311149045,3.356093325112942,40.0,40.0,1.1072089195625876,24.302203252227578,0.0,4.242141435209599,5.335024705657398,0.0,43.3306390578901,43.92312254230736,42.68445681023891,1.2386657320684478,-0.001356965799504161,0.5999782191924288,0.8403490082482107,0.2813550466611886,0.18874005877571756,0.5589939615870221,0,0
em2x3125u_misalignment_timeseries.csv,EMB_COMP_001,EM2X3125U,misalignment,shutdown,2026-01-01 00:02:50.000,2026-01-01 00:02:51.990,170.0,171.99,200,0.014339680125843291,0.009126536494934914,0.014334616419188378,0.009125755035415246,0.0358174742553518,0.0215646860739593,2.497787533684294,2.3628554036821487,2.6459190852433094,2.3662341494463988,40.0,40.0,0.27656904858178794,3.8410235372872514,0.0,0.20898326259501168,1.4568676103794302,0.0,42.76457443516074,43.84627054323689,41.69854978193127,2.147720761305621,-0.009964805151777306,0.279714462887422,0.5550983499387708,0.0,0.1620393587416208,0.5550983499387708,0,0
em2x3125u_misalignment_timeseries.csv,EMB_COMP_001,EM2X3125U,misalignment,idle,2026-01-01 00:02:51.000,2026-01-01 00:02:52.990,171.0,172.99,200,0.006938821864701714,0.00495247919984376,0.0069378616566646645,0.00495246784853244,0.022455004921051,0.0215646860739593,3.2361408548735375,4.354321382034199,4.56171968834804,5.276331914806808,40.0,40.0,0.11898550830071407,0.8466181204494146,0.0,0.11397147860229787,0.37807927955654036,0.0,41.966186241876834,42.80938636864053,41.401483542777456,1.4079028258630757,-0.00623367298650916,0.06972769822823358,0.288587541183821,0.0,0.08932141943206955,0.288587541183821,0,0
em2x3125u_misalignment_timeseries.csv,EMB_COMP_001,EM2X3125U,misalignment,idle,2026-01-01 00:02:52.000,2026-01-01 00:02:53.990,172.0,173.99,200,0.0015015329598961592,0.0011939566316710836,0.0014850548788829685,0.0011921653960042496,0.0046540231063174,0.0037796311389547,3.099514449978678,3.1656351987129203,3.235347316947014,2.748529773396652,10.0,17.0,0.023396601796961257,0.020791227286548423,0.0,0.018008660713706857,0.01041701288816296,0.0,41.480804898299965,41.93745477647961,41.06455672189167,0.8728980545879423,-0.003722051855232168,0.0006815264693697354,0.0058909128785143,0.0,0.0010827747768565417,0.0058909128785143,0,0
em2x3125u_misalignment_timeseries.csv,EMB_COMP_001,EM2X3125U,misalignment,idle,2026-01-01 00:02:53.000,2026-01-01 00:02:54.990,173.0,174.99,200,0.0015956255605242612,0.001221445335728276,0.0015894731441641451,0.0012204923917320954,0.0043882016887642,0.0033953265429018,2.750145019814301,2.779761356145641,2.9996391797615662,2.868202747796666,2.5,20.0,0.030119540171237903,0.020409108032953843,0.0,0.02084822585690409,0.009157166975789681,0.0,41.104866439423425,41.52568297886394,40.63166104022951,0.894021938634431,-0.0038265686805460286,0.0007274611507798165,0.0046617449534258,0.0,0.0011216457098926131,0.0046617449534258,0,0
em2x3125u_misalignment_timeseries.csv,EMB_COMP_001,EM2X3125U,misalignment,idle,2026-01-01 00:02:54.000,2026-01-01 00:02:55.990,174.0,175.99,200,0.0015848488263774953,0.001225906400641295,0.0015713795842389367,0.0012257376164907425,0.004369850518636,0.0033953265429018,2.757266463467188,2.7696458237966946,2.9906288194566857,2.8464529683589976,2.5,19.5,0.03125055555610924,0.018593690426728766,0.0,0.018809227635761077,0.011239592538411773,0.0,40.72545238488098,41.20067739651283,40.29975210224281,0.9009252942700172,-0.003827536733955113,0.0007955687470280346,0.0062223232194924,0.0,0.001219876176459127,0.0062223232194924,0,0
em2x3125u_misalignment_timeseries.csv,EMB_COMP_001,EM2X3125U,misalignment,idle,2026-01-01 00:02:55.000,2026-01-01 00:02:56.990,175.0,176.99,200,0.0015859928362769267,0.0012062337851977674,0.0015803445724407261,0.0011968172718083583,0.0050716482521764,0.0031215919834769,3.1977750064003763,2.5878830636178054,3.186296498922632,2.7430191923188088,21.5,24.0,0.030219907518454325,0.019781954598739757,0.0,0.01851508479175349,0.010499278627114686,0.0,40.34792406749496,40.82641722302211,39.90266565492741,0.9237515680947013,-0.0038421402084928818,0.0008609313465104671,0.0062223232194924,0.0,0.0011845094566937022,0.0062223232194924,0,0
em2x3125u_misalignment_timeseries.csv,EMB_COMP_001,EM2X3125U,misalignment,idle,2026-01-01 00:02:56.000,2026-01-01 00:02:57.990,176.0,177.99,200,0.001586454026450516,0.0012501361253906172,0.0015850849006818462,0.0012466978359886437,0.0050716482521764,0.0036245891134699,3.1968453971046054,2.899355550050489,3.092701377362287,3.173552542681207,41.5,23.5,0.029954091244355933,0.02037990292636628,0.0,0.01997461472873195,0.011876212393602825,0.0,39.97112743492802,40.43538177587074,39.49845287241566,0.9369289034550761,-0.003776302856265306,0.0007974900798959359,0.0037680313931708,0.0,0.0010343646729174738,0.0037680313931708,0,0
em2x3125u_misalignment_timeseries.csv,EMB_COMP_001,EM2X3125U,misalignment,idle,2026-01-01 00:02:57.000,2026-01-01 00:02:58.990,177.0,178.99,200,0.0013588286357235281,0.0011668608496874678,0.0013583137389162796,0.0011668447406949474,0.0037895478513274,0.0036245891134699,2.788834258934792,3.106273652458826,2.7314574653766384,3.3005309088520267,41.5,5.0,0.02210565577381906,0.015065761174940346,0.0,0.01609074235260987,0.011207375733949665,0.0,39.59416851861454,40.03804658546351,39.19447895016866,0.8435676352948533,-0.003763608907167693,0.0007328849097971663,0.0051212088055541,0.0,0.001135934489265705,0.0051212088055541,0,0
em2x3125u_misalignment_timeseries.csv,EMB_COMP_001,EM2X3125U,misalignment,idle,2026-01-01 00:02:58.000,2026-01-01 00:02:59.990,178.0,179.99,200,0.001312873297413346,0.0011027818100265636,0.0013106882781465945,0.001092766531844706,0.0035523725603402,0.0034342231621854,2.705799994058199,3.1141456369349045,2.62488098540038,3.3699415745352557,12.0,50.0,0.020525150039188096,0.014038134239457323,0.0,0.015833238466879458,0.008621032650880737,0.0,39.21995925615593,39.6979873176275,38.78777449453936,0.9102128230881377,-0.003702901774359288,0.0007637838713431222,0.0051212088055541,0.0,0.0012302841535355592,0.0051212088055541,0,0
em2x3125u_misalignment_timeseries.csv,EMB_COMP_001,EM2X3125U,misalignment,idle,2026-01-01 00:02:59.000,2026-01-01 00:03:00.990,179.0,180.99,200,0.059238288778629064,0.038525051332560296,0.059228024896435034,0.03852496067256918,0.1777987213718204,0.1272335361427668,3.001415554663413,3.3026182118343494,5.17726458152843,4.539281466808586,40.0,40.0,15.604206833512286,54.57430827062544,0.0,7.6295428643890135,22.057595660857437,0.0,32.91970695761839,39.30477585364142,25.741714237708525,13.563061615932892,-0.0896889405145309,2.5024644445301774,6.473788121505641,0.0,2.5631216122768956,6.473788121505641,1,0
em2x3125u_misalignment_timeseries.csv,EMB_COMP_001,EM2X3125U,misalignment,startup,2026-01-01 00:03:00.000,2026-01-01 00:03:01.990,180.0,181.99,200,0.08397883920647546,0.05621650159583495,0.08397659860625409,0.05621642448040415,0.1777987213718204,0.1282007737149786,2.1171847938344763,2.280482955639433,2.582072884129116,2.2533626712350294,40.0,40.0,31.9866624751202,109.16317976956736,0.0,15.446551629563624,47.76502094091894,0.0,27.79566628408894,29.866944660703645,25.741714237708525,4.12523042299512,0.019933760502643783,3.614444925518994,6.473788121505641,0.8665889071562477,1.6000874678857921,5.607199214349393,1,0
em2x3125u_misalignment_timeseries.csv,EMB_COMP_001,EM2X3125U,misalignment,startup,2026-01-01 00:03:01.000,2026-01-01 00:03:02.990,181.0,182.99,200,0.0681154707623457,0.04565543455704943,0.06811460813888476,0.04565523148392214,0.1718441296471792,0.1282007737149786,2.5228355280218486,2.8080068661877133,3.2559649521517375,3.0845404768799556,40.0,40.0,17.171741161875936,75.64694097683177,0.0,12.004426712248705,29.690248305604044,0.0,29.51913253999609,30.735266297355825,27.67344627104812,3.0618200263077036,0.01450555623241772,1.5028329180359787,3.775460735353036,0.7311568964160425,0.9160442775561203,3.0443038389369934,1,0
em2x3125u_misalignment_timeseries.csv,EMB_COMP_001,EM2X3125U,misalignment,steady_state,2026-01-01 00:03:02.000,2026-01-01 00:03:03.990,182.0,183.99,200,0.046526309272343525,0.02845486775567779,0.04652559320484379,0.028454134830149788,0.0842119928907181,0.0536546246791466,1.8099865260702281,1.8856044294368768,1.9847188956991433,2.194181665257227,40.0,40.0,1.9235180367147922,41.37115918598156,0.0,8.028570759989234,8.165932518999783,0.0,30.663001488293165,31.538821755531263,29.76386672240663,1.774955033124634,0.008104631887046779,0.7804462499922726,0.8347559412432146,0.7122375137542867,0.01967512532207727,0.12251842748892794,0,0
em2x3125u_misalignment_timeseries.csv,EMB_COMP_001,EM2X3125U,misalignment,steady_state,2026-01-01 00:03:03.000,2026-01-01 00:03:04.990,183.0,184.99,200,0.047083959600788955,0.027816001079971363,0.04708033447845632,0.027813210156509695,0.0824798947658551,0.0536546246791466,1.7517620749227096,1.928912230226367,1.9805866211582264,2.190726136092264,40.0,40.0,1.9343900723442973,42.39678395259214,0.0,7.56579248502259,7.905726424380091,0.0,31.491467113143628,32.3604938444726,30.52508011619131,1.8354137282812886,0.00821472944867605,0.7810762960085472,0.8304871333576657,0.7122375137542867,0.02164007463566738,0.11824961960337899,0,0
em2x3125u_misalignment_timeseries.csv,EMB_COMP_001,EM2X3125U,misalignment,steady_state,2026-01-01 00:03:04.000,2026-01-01 00:03:05.990,184.0,185.99,200,0.047166915192256284,0.02746153421395721,0.04716679272149438,0.02746022827075607,0.0824798947658551,0.0523964653454653,1.7486811344278115,1.9079948315063553,1.9614819653708906,2.184868593508185,40.0,40.0,1.7664282855950273,42.72810062506022,0.0,7.527012261751516,7.555459218063857,0.0,32.29683369207081,33.24313371540267,31.406014586936983,1.8371191284656874,0.0077464700299870945,0.7820438722678733,0.8535131537317762,0.7259280857154314,0.023006385229858546,0.12758506801634473,0,0
em2x3125u_misalignment_timeseries.csv,EMB_COMP_001,EM2X3125U,misalignment,steady_state,2026-01-01 00:03:05.000,2026-01-01 00:03:06.990,185.0,186.99,200,0.04703711733129039,0.028007593712551997,0.04703707415474597,0.028007553417153223,0.0805956432836582,0.0528427909449773,1.7134477590539707,1.8867308447599715,1.9414353513272393,2.1764595457600473,40.0,20.0,1.6551868273874006,42.59797854181951,0.0,8.011927409060215,7.6785901218798935,0.0,33.08987091726908,34.0485801180946,32.12727424045568,1.9213058776389218,0.008025499536193297,0.7808457691602547,0.8535131537317762,0.7251192660854338,0.022207436987479044,0.1283938876463424,0,0
em2x3125u_misalignment_timeseries.csv,EMB_COMP_001,EM2X3125U,misalignment,steady_state,2026-01-01 00:03:06.000,2026-01-01 00:03:07.990,186.0,187.99,200,0.047728055557005995,0.028559592642749883,0.04772805494042461,0.028558690942902767,0.0797486097180999,0.0528427909449773,1.6708958449574551,1.8502641688900956,1.953888445405254,2.158715116933406,40.0,20.0,1.8013984006079828,43.75870657308206,0.0,8.393852878422866,7.9182998971651,0.0,33.89985614576863,34.732771426668194,32.877512222383416,1.8552592042847778,0.008108611364116941,0.7783384352628531,0.8268619082452457,0.7139778516362153,0.020932755130930958,0.11288405660903045,0,0
em2x3125u_misalignment_timeseries.csv,EMB_COMP_001,EM2X3125U,misalignment,steady_state,2026-01-01 00:03:07.000,2026-01-01 00:03:08.990,187.0,188.99,200,0.04747792415727153,0.0288322058402943,0.04747521782844831,0.028827689651795406,0.0797486097180999,0.0523711380970651,1.679698747020428,1.8164110781934724,1.9519239851113335,2.176831706886481,40.0,40.0,1.7883260071812939,43.29241088523531,0.0,8.229980786651334,8.391715984706096,0.0,34.70885248551521,35.612768883711084,33.72444067291777,1.8883282107933113,0.008064508819044648,0.7786470168132317,0.8311698440933493,0.7139778516362153,0.02070684082106942,0.11719199245713396,0,0
em2x3125u_misalignment_timeseries.csv,EMB_COMP_001,EM2X3125U,misalignment,steady_state,2026-01-01 00:03:08.000,2026-01-01 00:03:09.990,188.0,189.99,200,0.0469156750203429,0.028490022792036707,0.046915385276256376,0.028489818537013753,0.0821834053382442,0.0538344108193351,1.7517259487923602,1.8895881976753786,1.9701630701720207,2.190442802701827,40.0,40.0,1.824230057936615,42.21235854985979,0.0,7.9440110936593324,8.291052358784768,0.0,35.523489590355915,36.44687155254879,34.53846799710095,1.9084035554478405,0.008264569548919774,0.7800633905564436,0.8311698440933493,0.7242388478588204,0.02019251338636846,0.10693099623452884,0,0
em2x3125u_misalignment_timeseries.csv,EMB_COMP_001,EM2X3125U,misalignment,steady_state,2026-01-01 00:03:09.000,2026-01-01 00:03:10.990,189.0,190.99,200,0.046908565660601066,0.028087614868402822,0.046908562497196014,0.02808700761619867,0.0821834053382442,0.054893318418759,1.7519914365505913,1.9543602643352702,2.0101906073857543,2.1902944761387086,40.0,40.0,2.0417729296178857,41.9696262248925,0.0,7.894017780455476,7.883659691705777,0.0,36.33038627027818,37.23081276587658,35.39121637571598,1.839596390160601,0.00808620546851108,0.7819494859149415,0.8320494360195749,0.7242388478588204,0.02009923786517134,0.1078105881607545,0,0
em2x3125u_misalignment_timeseries.csv,EMB_COMP_001,EM2X3125U,misalignment,steady_state,2026-01-01 00:03:10.000,2026-01-01 00:03:11.990,190.0,191.99,200,0.04666359053618984,0.027877560811032303,0.046663027748200095,0.02787406271661704,0.0833136157715554,0.054893318418759,1.785409455514181,1.9690861331395768,1.9512191074130725,2.2268993258332785,40.0,40.0,1.7526831678268928,41.79743934979877,0.0,7.655409468075933,7.8843083370979805,0.0,37.135395516987394,38.22434563180565,36.25826518992387,1.966080441881779,0.008218909238756943,0.7813876949171034,0.8320494360195749,0.7312708764761007,0.019868775771603675,0.10077855954347426,0,0
em2x3125u_misalignment_timeseries.csv,EMB_COMP_001,EM2X3125U,misalignment,steady_state,2026-01-01 00:03:11.000,2026-01-01 00:03:12.990,191.0,192.99,200,0.04678440231810166,0.027879398436801626,0.046783899584558516,0.027874339410270187,0.0833136157715554,0.0523618164699578,1.7807989766563712,1.8781544583414922,1.9401894446280443,2.2303408584216076,40.0,40.0,1.6990328340609586,42.075644465307974,0.0,7.628301752189999,7.911294029585129,0.0,37.94170789580471,38.77286394110426,36.96308062058058,1.8097833205236853,0.007970275149633516,0.7777439272974389,0.8229725133741734,0.7312708764761007,0.019181235383868667,0.09170163689807276,0,0
em2x3125u_misalignment_timeseries.csv,EMB_COMP_001,EM2X3125U,misalignment,steady_state,2026-01-01 00:03:12.000,2026-01-01 00:03:13.990,192.0,193.99,200,0.047185556966080996,0.02838825363332732,0.047184639798168775,0.02838787437725116,0.0823708822312825,0.0520530573117452,1.7456799819168018,1.8336125210124166,1.9666480335445478,2.200245582395468,40.0,40.0,1.9576992664880803,42.570516369674806,0.0,7.912829525632154,8.205348227601963,0.0,38.76048994160912,39.66753678285071,37.77040932662758,1.8971274562231315,0.008331521588231656,0.7784263315457355,0.8212476724118478,0.733225388643584,0.0181992389372014,0.08802228376826382,0,0
em2x3125u_misalignment_timeseries.csv,EMB_COMP_001,EM2X3125U,misalignment,steady_state,2026-01-01 00:03:13.000,2026-01-01 00:03:14.990,193.0,194.99,200,0.047195435100099804,0.02847879583443353,0.04719543491871658,0.028478790376414816,0.0823708822312825,0.0520530573117452,1.745314606308361,1.8277829446990936,1.9260856633608099,2.1995708423470433,40.0,40.0,1.7644638050819104,42.7837521618071,0.0,7.932944519402758,8.289465097504745,0.0,39.57098709848766,40.50805513642605,38.70302973806917,1.8050253983568822,0.007840722802553619,0.7783428448176984,0.8285513622571022,0.733225388643584,0.01835007335305366,0.09532597361351824,0,0
em2x3125u_misalignment_timeseries.csv,EMB_COMP_001,EM2X3125U,misalignment,steady_state,2026-01-01 00:03:14.000,2026-01-01 00:03:15.990,194.0,195.99,200,0.047507358336586085,0.028345563241231317,0.04750723090869969,0.028345522641275045,0.0837879941448617,0.0537990489630914,1.763684554953151,1.8979707160955464,1.9104053844231905,2.2109740346132183,40.0,40.0,1.6384102751071508,43.50035520284825,0.0,8.022137719495737,8.047452019441648,0.0,40.36545406551968,41.2196611993552,39.393369376822726,1.8262918225324754,0.008018129242222774,0.7794225447507347,0.8285513622571022,0.7344537441451221,0.018876801190340138,0.09409761811198014,0,0
em2x3125u_misalignment_timeseries.csv,EMB_COMP_001,EM2X3125U,misalignment,steady_state,2026-01-01 00:03:15.000,2026-01-01 00:03:16.990,195.0,196.99,200,0.04762189495919816,0.028671584268915664,0.04761672898968991,0.0286715341827165,0.085986703895046,0.0537990489630914,1.8056128167247085,1.8763891265477683,1.9689996002022414,2.191759868378166,40.0,20.0,2.0306450367311504,43.31657058107592,0.0,8.254497680613134,8.186659976634004,0.0,41.165251861802105,42.11014771456917,40.26809468316732,1.8420530314018535,0.007847913803557609,0.7816809958841293,0.8386055119787656,0.7315211200659991,0.01979113123733219,0.10708439191276653,0,0
em2x3125u_misalignment_timeseries.csv,EMB_COMP_001,EM2X3125U,misalignment,steady_state,2026-01-01 00:03:16.000,2026-01-01 00:03:17.990,196.0,197.99,200,0.04743840536098727,0.02837149230024315,0.047432107209461484,0.028371477212531297,0.085986703895046,0.052652365320921,1.8125968451241479,1.85581938248873,1.9913487404624126,2.1593744122257625,40.0,40.0,2.212582541572031,42.78608413448649,0.0,8.033569084602489,8.065263465204719,0.0,41.977239924061635,42.87804386576257,41.04211818423012,1.8359256815324514,0.00825430593460561,0.7795935897018942,0.8386055119787656,0.7315211200659991,0.020013760062346914,0.10708439191276653,0,0
em2x3125u_misalignment_timeseries.csv,EMB_COMP_001,EM2X3125U,misalignment,steady_state,2026-01-01 00:03:17.000,2026-01-01 00:03:18.990,197.0,198.99,200,0.046933280995385955,0.028196861939064788,0.04693070236875982,0.02819671578486366,0.0811060061900749,0.0522181557709485,1.7281128544592586,1.8519137301092319,1.9741559077029645,2.1615899639403735,40.0,20.0,1.9891662964261263,42.068930507417654,0.0,8.069158285535906,7.834202889269966,0.0,42.78660615211661,43.71406600361294,41.839134849907154,1.8749311537057878,0.007872750781706529,0.7800569512760508,0.8297923273905319,0.7329897514035556,0.019131502196168004,0.09680257598697628,0,0
em2x3125u_misalignment_timeseries.csv,EMB_COMP_001,EM2X3125U,misalignment,steady_state,2026-01-01 00:03:18.000,2026-01-01 00:03:19.990,198.0,199.99,200,0.04678633511565924,0.028397632998048553,0.046786324952154276,0.02839627263144736,0.0837855355113013,0.0541773384813154,1.7908121100782384,1.9078117702640356,1.9762911465514148,2.2033673397007467,40.0,20.0,1.9781544491519445,41.807136005651486,0.0,8.169746815478662,7.9741614327102335,0.0,43.58510290209806,44.455036958476896,42.66573976627552,1.7892971922013743,0.008065728824437308,0.7800096775738845,0.8297923273905319,0.7193944038596053,0.021156271812217096,0.11039792353092659,0,0
em2x3125u_misalignment_timeseries.csv,EMB_COMP_001,EM2X3125U,misalignment,shutdown,2026-01-01 00:03:19.000,2026-01-01 00:03:20.990,199.0,200.99,200,0.035565271775640096,0.021420599831234562,0.03556381111034485,0.021420597933276463,0.0837855355113013,0.0541773384813154,2.355824413204371,2.52921668432069,3.102612772717355,3.4264280107797127,40.0,40.0,1.1519756135673975,24.14380224407449,0.0,4.06994931682477,5.116234279800557,0.0,43.945919045408225,44.47743356745539,43.374461901664326,1.1029716657910669,-0.000994762076421523,0.5979612034800719,0.8261870303953136,0.2780849280627785,0.18990223718514065,0.5481021023325351,0,0
em2x3125u_misalignment_timeseries.csv,EMB_COMP_001,EM2X3125U,misalignment,shutdown,2026-01-01 00:03:20.000,2026-01-01 00:03:21.990,200.0,201.99,200,0.014652790808188525,0.009261036395082831,0.01465111884456768,0.009254992759664574,0.0351021402766999,0.0232028179331987,2.3955941728918644,2.5054234691830266,2.4042603098042323,2.403132384412455,40.0,40.0,0.2957924346695014,4.008371451574535,0.0,0.20693525131944585,1.50812571055308,0.0,43.391704198441964,44.47743356745539,42.34474057023476,2.13269299722063,-0.010086526070317915,0.2785591452127674,0.5665564172505012,0.0,0.16164814881576384,0.5665564172505012,0,0
em2x3125u_misalignment_timeseries.csv,EMB_COMP_001,EM2X3125U,misalignment,idle,2026-01-01 00:03:21.000,2026-01-01 00:03:22.990,201.0,202.99,200,0.007303680715862179,0.005015494592606607,0.0073030261102129575,0.005008601627428055,0.0300048423218673,0.0154017209567238,4.108180996562814,3.0708279457478906,5.48263013036959,4.3702090833424085,40.0,40.0,0.19096562116882754,0.8795047830920032,0.0,0.11429582241761403,0.38865713568326127,0.0,42.5798915941759,43.40071268678604,41.988394335116006,1.412318351670038,-0.006238088024975266,0.06994566016396474,0.2834533758203857,0.0,0.08954458675522928,0.2834533758203857,0,0
em2x3125u_misalignment_timeseries.csv,EMB_COMP_001,EM2X3125U,misalignment,idle,2026-01-01 00:03:22.000,2026-01-01 00:03:23.990,202.0,203.99,200,0.001431535694148905,0.0011891934384615993,0.0014302705911377527,0.001189155917189467,0.0037755927972701,0.0037103606079564,2.6374423024881777,3.1200648170042964,2.453093278113467,3.019720357954867,16.5,49.0,0.024229469849899772,0.01678472982213904,0.0,0.01439101293903464,0.013891166750953721,0.0,42.090919775621614,42.52217305357637,41.58596364588704,0.9362094076893257,-0.003735023882647514,0.0008051884131730592,0.006807904378765,0.0,0.0011917445399808886,0.006807904378765,0,0
em2x3125u_misalignment_timeseries.csv,EMB_COMP_001,EM2X3125U,misalignment,idle,2026-01-01 00:03:23.000,2026-01-01 00:03:24.990,203.0,204.99,200,0.0015403390989106047,0.0012160822721950888,0.001529937626797502,0.0012138724667478886,0.0050086666365798,0.0032541913275192,3.2516649354172396,2.6759631333538176,2.933638918259501,2.4127303527672024,32.0,6.5,0.028133996129084918,0.018937426295971803,0.0,0.016606873262452092,0.01290914238062705,0.0,41.71166947170654,42.16639221253649,41.208926803643344,0.9574654088931496,-0.003934287366079175,0.0008057758331938126,0.00640494838627,0.0,0.0012092100085937417,0.00640494838627,0,0
em2x3125u_misalignment_timeseries.csv,EMB_COMP_001,EM2X3125U,misalignment,idle,2026-01-01 00:03:24.000,2026-01-01 00:03:25.990,204.0,205.99,200,0.001518336597434565,0.0012674790589595382,0.0015134068839981775,0.0012610335566081382,0.0050086666365798,0.0041371155006659,3.298785424156027,3.2640503773387937,3.1450308698151117,2.8493914240374694,8.5,49.0,0.027268396804153203,0.019244693740330734,0.0,0.018723633563492943,0.013457440197175465,0.0,41.33211486938947,41.75360688620046,40.90351870712492,0.8500881790755415,-0.0037928478978094013,0.0007786323628037869,0.00640494838627,0.0,0.001200507701104327,0.00640494838627,0,0
em2x3125u_misalignment_timeseries.csv,EMB_COMP_001,EM2X3125U,misalignment,idle,2026-01-01 00:03:25.000,2026-01-01 00:03:26.990,205.0,206.99,200,0.001398960455372331,0.0012527716858114976,0.0013987365064319734,0.0012525782793413954,0.0050683851256151,0.0041371155006659,3.6229652569172566,3.3023698951066525,3.6371042795612665,3.02973262194795,22.0,5.0,0.022393381087327677,0.016946582628444274,0.0,0.01840890653369377,0.013522746564990695,0.0,40.95561389243063,41.43933071007266,40.46963530100353,0.9696954090691321,-0.003852156038682534,0.0007131218654928889,0.0048444084660456,0.0,0.0010523072878562962,0.0048444084660456,0,0
em2x3125u_misalignment_timeseries.csv,EMB_COMP_001,EM2X3125U,misalignment,idle,2026-01-01 00:03:26.000,2026-01-01 00:03:27.990,206.0,207.99,200,0.0013880286203006174,0.0012113011518238765,0.0013878835866806222,0.0012103806094069627,0.0050683851256151,0.0031729962872883,3.6514990047664835,2.619494155116311,3.7631058082100246,2.8652231693781354,16.5,12.0,0.022451026982386865,0.01610441308553263,0.0,0.019064073180639213,0.010748888981786818,0.0,40.580292561055664,41.03245769284689,40.14347532821996,0.8889823646269335,-0.003709973218464598,0.0007087302685325108,0.0046439200745347,0.0,0.001023775976671799,0.0046439200745347,0,0
em2x3125u_misalignment_timeseries.csv,EMB_COMP_001,EM2X3125U,misalignment,idle,2026-01-01 00:03:27.000,2026-01-01 00:03:28.990,207.0,208.99,200,0.0015208779728362251,0.0012846897861876745,0.0015147935350305968,0.0012846152089343607,0.0042632025929656,0.0037863763199429,2.8031194277969074,2.947307872026442,2.926675761048291,3.191063361150119,39.5,21.5,0.023529553170428485,0.02238255617297382,0.0,0.02069205500591811,0.012788357029969125,0.0,40.20606129256348,40.67889520496082,39.797110651987694,0.881784552973123,-0.0037508815696569134,0.0008163680404739082,0.0053531330440385,0.0,0.00112347871001511,0.0053531330440385,0,0
em2x3125u_misalignment_timeseries.csv,EMB_COMP_001,EM2X3125U,misalignment,idle,2026-01-01 00:03:28.000,2026-01-01 00:03:29.990,208.0,209.99,200,0.001545546107848078,0.0013120075727674043,0.0015455369890038054,0.0013113932714866978,0.0043888678397202,0.0037863763199429,2.839687420151435,2.8859409034936703,2.960104483176603,3.2104481795381754,2.0,36.0,0.024607114100965385,0.023276469157445624,0.0,0.020828713189206163,0.014064652709514432,0.0,39.8342751945095,40.28428766113946,39.37673573723419,0.9075519239052667,-0.0036519030168555007,0.0009597809569743237,0.0053864908873538,0.0,0.0012717013520532915,0.0053864908873538,0,0
em2x3125u_misalignment_timeseries.csv,EMB_COMP_001,EM2X3125U,misalignment,idle,2026-01-01 00:03:29.000,2026-01-01 00:03:30.990,209.0,210.99,200,0.058245544552263946,0.04087226803052388,0.05819183592800915,0.04086988757325391,0.1767339593300363,0.1338463352875428,3.0342914756587476,3.274746955260345,5.010796670623317,4.769221134929402,40.0,40.0,17.62618721315208,50.12393181538366,0.0,7.625945254969977,25.785180625522518,0.0,33.37463586934563,39.88133645750205,26.01069356453621,13.87064289296584,-0.09206290737422772,2.496732085319945,6.373929525712752,0.0,2.5591325323433844,6.373929525712752,1,0
em2x3125u_misalignment_timeseries.csv,EMB_COMP_001,EM2X3125U,misalignment,startup,2026-01-01 00:03:30.000,2026-01-01 00:03:31.990,210.0,211.99,200,0.08330456762285886,0.05807661744984159,0.08328653629263236,0.05807650286184584,0.1767339593300363,0.1338463352875428,2.1215398431711003,2.3046510138635474,2.550163972206128,2.31370585298101,40.0,40.0,32.736353272329914,106.00231572666077,0.0,14.529361710449683,52.9518224963259,0.0,28.102480684559325,30.202595013713,26.01069356453621,4.19190144917679,0.020161775408010885,3.621972139559148,6.373929525712752,0.8556061011742857,1.5876395626816011,5.518323424538466,1,0
em2x3125u_misalignment_timeseries.csv,EMB_COMP_001,EM2X3125U,misalignment,startup,2026-01-01 00:03:31.000,2026-01-01 00:03:32.990,211.0,212.99,200,0.06825991666883438,0.045773753848942264,0.06825778949968707,0.04577065034452273,0.1684789865125446,0.1193790887699453,2.4681979518071624,2.6080248773982495,3.2569814470347174,3.179694730297941,40.0,40.0,15.444820362940025,77.73892329884698,0.0,10.749538816083097,31.19589618416583,0.0,29.805254693064864,31.01474819802965,28.067930848249457,2.9468173497801935,0.013901665245380201,1.5152926003660923,3.7462846419173097,0.7189094220574069,0.9295425996722854,3.027375219859903,1,0
em2x3125u_misalignment_timeseries.csv,EMB_COMP_001,EM2X3125U,misalignment,steady_state,2026-01-01 00:03:32.000,2026-01-01 00:03:33.990,212.0,213.99,200,0.04710919105908437,0.028058963461360206,0.047108880178028514,0.028055692955097477,0.0821849777295908,0.0530270007075371,1.7445635529278003,1.8898417534404006,1.948735760258664,2.1966491331190627,40.0,40.0,1.68410404069321,42.70117733445829,0.0,7.837744564908876,7.904713755977295,0.0,30.92494522710105,32.05301737187252,29.948952295048617,2.104065076823904,0.008274799296064707,0.7793534530839268,0.8457036942324383,0.7189094220574069,0.020659987327379312,0.12679427217503136,0,0
em2x3125u_misalignment_timeseries.csv,EMB_COMP_001,EM2X3125U,misalignment,steady_state,2026-01-01 00:03:33.000,2026-01-01 00:03:34.990,213.0,214.99,200,0.04721586763233426,0.027862258330373063,0.047215407918272646,0.027861447499240972,0.082980808161608,0.0530270007075371,1.7574771432301557,1.903183872562533,1.9601365562348587,2.160438417479993,40.0,20.0,1.7198451147315181,42.86605869571482,0.0,7.915388186918335,7.610198005801618,0.0,31.743270126851215,32.722147196840574,30.707843741617456,2.014303455223118,0.00792902102155189,0.7798181575247135,0.8457036942324383,0.7217933220351306,0.021065665432542253,0.12391037219730772,0,0
em2x3125u_misalignment_timeseries.csv,EMB_COMP_001,EM2X3125U,misalignment,steady_state,2026-01-01 00:03:34.000,2026-01-01 00:03:35.990,214.0,215.99,200,0.046980455875329126,0.028210580707683463,0.04698040199954171,0.028209869770402355,0.082980808161608,0.0528162003669714,1.7662835878351653,1.8722124480261522,1.9726211600270473,2.1665476100441445,40.0,20.0,1.8340940325302129,42.309076455748254,0.0,8.005537434269113,7.913124266769731,0.0,32.56724415746718,33.491034717465894,31.60890438819698,1.8821303292689144,0.008439062289872607,0.7785206360128184,0.834323326600107,0.7273891075326071,0.02112492925028991,0.10693421906749989,0,0
em2x3125u_misalignment_timeseries.csv,EMB_COMP_001,EM2X3125U,misalignment,steady_state,2026-01-01 00:03:35.000,2026-01-01 00:03:36.990,215.0,216.99,200,0.047439497147828,0.028874057117483344,0.04743943622560318,0.02886835560877095,0.08322869261481,0.0528162003669714,1.754417681862393,1.8291922105740728,1.980646833648468,2.1565802829023575,40.0,40.0,1.9239753083756914,43.0864032128218,0.0,8.281281426446542,8.386361336177192,0.0,33.40612341508674,34.36284035761455,32.5802403857899,1.7825999718246521,0.008203495147688434,0.7790638450193174,0.8258028150356314,0.7273891075326071,0.020632307576613957,0.09841370750302425,0,0
em2x3125u_misalignment_timeseries.csv,EMB_COMP_001,EM2X3125U,misalignment,steady_state,2026-01-01 00:03:36.000,2026-01-01 00:03:37.990,216.0,217.99,200,0.04761745498848711,0.02860882415579668,0.04761723756921278,0.028602969089111523,0.08322869261481,0.0516400209688954,1.7478610025448218,1.8050382178476279,1.989847922079797,2.142883553979595,40.0,20.0,2.037304967724949,43.311283540212806,0.0,8.365511288967635,7.997913203445985,0.0,34.223608800161685,35.21086672566846,33.33349735319046,1.8773693724780003,0.008181532306377245,0.7828552116092357,0.8334061753703043,0.726440566265455,0.02001523085287046,0.10696560910484931,0,0
em2x3125u_misalignment_timeseries.csv,EMB_COMP_001,EM2X3125U,misalignment,steady_state,2026-01-01 00:03:37.000,2026-01-01 00:03:38.990,217.0,218.99,200,0.04738953639900143,0.028489642961929906,0.04738756745803346,0.02848603235421152,0.0844552513661435,0.0561008992504588,1.7821497694145643,1.9691682105467316,1.9809913498780203,2.192276306077083,40.0,20.0,2.0424711553969113,42.875617145456346,0.0,8.169479809242592,8.06159304536502,0.0,35.047454523433,35.91570283437918,34.042978549195816,1.8727242851833665,0.008365329567694788,0.7820744859685459,0.8334061753703043,0.726440566265455,0.019362643200085156,0.10696560910484931,0,0
em2x3125u_misalignment_timeseries.csv,EMB_COMP_001,EM2X3125U,misalignment,steady_state,2026-01-01 00:03:38.000,2026-01-01 00:03:39.990,218.0,219.99,200,0.04823010368449737,0.02870736013771633,0.048230070047609985,0.028705249634674832,0.085996939534987,0.0561008992504588,1.783055249010983,1.9542340006649468,1.9520271394584476,2.2133003375821314,40.0,40.0,1.8091008357835994,44.736658501897,0.0,8.130651763442453,8.349266523717091,0.0,35.88623241267139,36.83965265434978,34.91688928469657,1.9227633696532038,0.00844204592154652,0.7801774937332755,0.8316886671267134,0.7221683282183632,0.021134352009526198,0.10952033890835022,0,0
em2x3125u_misalignment_timeseries.csv,EMB_COMP_001,EM2X3125U,misalignment,steady_state,2026-01-01 00:03:39.000,2026-01-01 00:03:40.990,219.0,220.99,200,0.04787223007678892,0.02846736801672232,0.047870648678148164,0.0284659838445707,0.085996939534987,0.0525657192986198,1.7963846555099807,1.8465254416123615,1.9454990428505143,2.174085980848287,40.0,20.0,1.7274982012923437,44.124809423492785,0.0,8.102015568799454,8.105807500344763,0.0,36.71641067065396,37.65898683320251,35.78660773936307,1.8723790938394416,0.008246096665636115,0.7800732489381822,0.8417389497041978,0.7218639368779508,0.022087806180746454,0.11987501282624702,0,0
em2x3125u_misalignment_timeseries.csv,EMB_COMP_001,EM2X3125U,misalignment,steady_state,2026-01-01 00:03:40.000,2026-01-01 00:03:41.990,220.0,221.99,200,0.04690244090243925,0.027818760101607744,0.046900011607526236,0.027809403190947872,0.0848864420442157,0.0519577797863539,1.8098512659668642,1.8677244994593083,1.9640781056280503,2.1321530425951236,40.0,20.0,1.7986460767081234,42.193968526938406,0.0,7.92925330237835,7.538189528112267,0.0,37.545641512248885,38.48595068926488,36.62523071413031,1.8607199751345718,0.0083932217120718,0.7801049855182188,0.8417389497041978,0.7218639368779508,0.019380235291132836,0.11987501282624702,0,0
em2x3125u_misalignment_timeseries.csv,EMB_COMP_001,EM2X3125U,misalignment,steady_state,2026-01-01 00:03:41.000,2026-01-01 00:03:42.990,221.0,222.99,200,0.04750366469028695,0.027898048697377758,0.04750295767490937,0.02789127548553066,0.0848864420442157,0.0526559248955609,1.786945125132049,1.887441142093577,1.9644982284736805,2.172958575426841,40.0,40.0,1.8095556913447814,43.32281934280632,0.0,7.812533923602928,7.747050851378336,0.0,38.37997396968278,39.34109858720159,37.44253675404107,1.898561833160521,0.00835701502227091,0.780525133307082,0.8545740692182776,0.7230279292997724,0.01878057436710719,0.13154613991850517,0,0
em2x3125u_misalignment_timeseries.csv,EMB_COMP_001,EM2X3125U,misalignment,steady_state,2026-01-01 00:03:42.000,2026-01-01 00:03:43.990,222.0,223.99,200,0.04775271592260957,0.028408581346878035,0.04775085929630593,0.028406986728946017,0.082786788294245,0.0539427168260247,1.733656121851025,1.8988176905902674,1.9237553598829624,2.1891566509822287,40.0,20.0,1.6682789260311606,43.93513369155908,0.0,8.10524606400912,8.03723051870885,0.0,39.20134485540712,40.150099656740544,38.19823455276039,1.951865103980154,0.008230727223599297,0.7775429914047572,0.8545740692182776,0.7230279292997724,0.019879997881521692,0.13154613991850517,0,0
em2x3125u_misalignment_timeseries.csv,EMB_COMP_001,EM2X3125U,misalignment,steady_state,2026-01-01 00:03:43.000,2026-01-01 00:03:44.990,223.0,224.99,200,0.04763690842038016,0.028276538457452365,0.047636675295977135,0.028275350837492795,0.0837042612924113,0.0539427168260247,1.7571304282332627,1.9076845953825703,1.9154517184574782,2.182253106563259,40.0,20.0,1.595427836443026,43.793394189546184,0.0,8.065451850120736,7.924853899180477,0.0,40.02794523404064,40.99524662400058,39.105993135058725,1.8892534889418542,0.008300572345712704,0.7768392332997638,0.8209700689352908,0.7273943136757282,0.018630893796557173,0.09357575525956263,0,0
em2x3125u_misalignment_timeseries.csv,EMB_COMP_001,EM2X3125U,misalignment,steady_state,2026-01-01 00:03:44.000,2026-01-01 00:03:45.990,224.0,225.99,200,0.04720381077753944,0.0282112835009567,0.04720325100723716,0.028210698938486534,0.0837042612924113,0.0521018896470598,1.773252199634686,1.8468457716676705,1.9728653963474867,2.1811943091369304,40.0,40.0,1.8744428986660502,42.68911892430044,0.0,7.894725965112694,8.022354168228723,0.0,40.85352848730323,41.79757014476192,39.95466892090277,1.8429012238591511,0.008178922886870025,0.7785717988268346,0.8568914901252969,0.7333600534712885,0.01797561364675783,0.12353143665400834,0,0
em2x3125u_misalignment_timeseries.csv,EMB_COMP_001,EM2X3125U,misalignment,steady_state,2026-01-01 00:03:45.000,2026-01-01 00:03:46.990,225.0,226.99,200,0.04679804648060929,0.028550340771940092,0.04679712855094578,0.028550221125150738,0.086270536306005,0.0528762338124138,1.843464477555726,1.8520351205188321,1.9825070261045634,2.1623669283418883,40.0,20.0,1.920166253596703,41.879344940995004,0.0,8.32345104237676,7.978895322398343,0.0,41.68652435404669,42.66223133885153,40.71541274516533,1.9468185936861957,0.00854499260061712,0.7785563756356224,0.8568914901252969,0.7335394786859694,0.017956605038718754,0.1233520114393275,0,0
em2x3125u_misalignment_timeseries.csv,EMB_COMP_001,EM2X3125U,misalignment,steady_state,2026-01-01 00:03:46.000,2026-01-01 00:03:47.990,226.0,227.99,200,0.04714351895786388,0.028489302927447713,0.04714346080513781,0.028489293830792926,0.086270536306005,0.0528762338124138,1.8299553833287714,1.8560030741036755,1.9510060327383822,2.1396873351301386,40.0,20.0,1.7586927990251418,42.69213954447636,0.0,8.297733515553237,7.936363620921016,0.0,42.5263666342415,43.4336590055307,41.58878199483204,1.84487701069866,0.008303885593867433,0.7809740885742157,0.8398878494427442,0.7335394786859694,0.018296430108813076,0.10634837075677483,0,0
em2x3125u_misalignment_timeseries.csv,EMB_COMP_001,EM2X3125U,misalignment,steady_state,2026-01-01 00:03:47.000,2026-01-01 00:03:48.990,227.0,228.99,200,0.046889320384305454,0.02825919118286129,0.04688701806149672,0.02825901885762614,0.0821361459870252,0.0541020910391351,1.7517026332187442,1.914495382725146,1.9419510255998538,2.1508787882578813,40.0,40.0,1.7745807436995749,42.193518279684056,0.0,7.929815132066988,8.0436372311769,0.0,43.348873587765674,44.34408069646111,42.43615165775927,1.9079290387018446,0.008243044222300135,0.7819677801938636,0.8398878494427442,0.7402833043432357,0.018957353952707506,0.09960454509950845,0,0
em2x3125u_misalignment_timeseries.csv,EMB_COMP_001,EM2X3125U,misalignment,steady_state,2026-01-01 00:03:48.000,2026-01-01 00:03:49.990,228.0,229.99,200,0.04703727870078907,0.028331738239545004,0.04703581490577513,0.028324177832739255,0.0821361459870252,0.0541020910391351,1.7461925573863468,1.909593071265223,1.9036087372893926,2.1752587235016994,40.0,40.0,1.5860563685425957,42.66217640457032,0.0,8.014896439491807,8.031224005550413,0.0,44.1786100266269,45.08957279812762,43.205936737083775,1.8836360610438447,0.008404095202146597,0.7784073140811273,0.8386859370173708,0.7223992516147215,0.021355310393614366,0.1162866854026493,0,0
em2x3125u_misalignment_timeseries.csv,EMB_COMP_001,EM2X3125U,misalignment,shutdown,2026-01-01 00:03:49.000,2026-01-01 00:03:50.990,229.0,230.99,200,0.03579531464883315,0.021331559353299112,0.03579529992980496,0.021329097542977116,0.0819912997259948,0.0518099253662534,2.2905595475375304,2.428792218522953,2.979969517225349,3.4339273889191513,40.0,40.0,0.9280593013772463,24.699597438334678,0.0,4.152827432964427,4.946381300858364,0.0,44.4953631273903,45.08957279812762,43.773037514180416,1.3165352839472035,-0.0018327835342986205,0.5986193475866949,0.8386859370173708,0.2690051702446842,0.18696039978116633,0.5696807667726866,0,0
em2x3125u_misalignment_timeseries.csv,EMB_COMP_001,EM2X3125U,misalignment,shutdown,2026-01-01 00:03:50.000,2026-01-01 00:03:51.990,230.0,231.99,200,0.014733624503625177,0.008899827824744192,0.014732255480260754,0.008899647443724545,0.0411225444705935,0.0228693001235552,2.791067768862671,2.569633994488262,2.5826458393735856,2.265684448219318,40.0,40.0,0.2928774238536641,4.050677036667921,0.0,0.1922015254460627,1.3924841438605204,0.0,43.88627370015569,44.97140270440948,42.81792808466802,2.153474619741459,-0.010151143238142797,0.2806540380861409,0.5660458035304967,0.0013141273409187,0.16173181243528698,0.564731676189578,0,0
em2x3125u_misalignment_timeseries.csv,EMB_COMP_001,EM2X3125U,misalignment,idle,2026-01-01 00:03:51.000,2026-01-01 00:03:52.990,231.0,232.99,200,0.007559952750245734,0.005103709811725056,0.007559933079206569,0.005100182948549187,0.0271089983637612,0.0155742183775473,3.5858687559760254,3.0515485699770237,4.924546135052337,4.447536661497623,40.0,40.0,0.14205500205417143,1.006044819637439,0.0,0.11838663273288115,0.40197468412402226,0.0,43.042794615233305,43.95833990572365,42.48011901802015,1.4782208877035004,-0.0068683341648187735,0.0705106219966745,0.282700054210636,0.0,0.08987354499398793,0.282700054210636,0,0
em2x3125u_misalignment_timeseries.csv,EMB_COMP_001,EM2X3125U,misalignment,idle,2026-01-01 00:03:52.000,2026-01-01 00:03:53.990,232.0,233.99,200,0.0015448137843182982,0.0012195089154104755,0.0015447886063336249,0.0012192213187048114,0.0050357102764801,0.0041365809641561,3.259752293511725,3.392005512943516,3.1351258052878532,2.905001966151794,27.5,8.0,0.030533917870496585,0.01731809794910864,0.0,0.0162933305836384,0.013436841244581908,0.0,42.5134602652586,42.959243274378565,42.07307019862815,0.8861730757504134,-0.00382603703270107,0.0008857605683123598,0.0058436207752006,0.0,0.0011775594131452395,0.0058436207752006,0,0
em2x3125u_misalignment_timeseries.csv,EMB_COMP_001,EM2X3125U,misalignment,idle,2026-01-01 00:03:53.000,2026-01-01 00:03:54.990,233.0,234.99,200,0.0014955458279511987,0.0011648929385229532,0.0014927183556863424,0.001164875826629562,0.0050357102764801,0.0041365809641561,3.3671387277905738,3.5510396083275704,3.1823792945680967,3.0703371000360296,27.5,39.5,0.026887162877769728,0.01767996663700546,0.0,0.014558127390722379,0.0127406270645594,0.0,42.13994032440775,42.63206243932166,41.73962034075741,0.8924420985642456,-0.003680813823020902,0.0009048341162467227,0.0058436207752006,0.0,0.0012646022137955825,0.0058436207752006,0,0
em2x3125u_misalignment_timeseries.csv,EMB_COMP_001,EM2X3125U,misalignment,idle,2026-01-01 00:03:54.000,2026-01-01 00:03:55.990,234.0,235.99,200,0.0014632205990577278,0.0010382526683297955,0.0014627261786947646,0.0010291287288638341,0.0049936357554705,0.0035606461767966,3.412770267645397,3.429460174202586,2.758378590616702,3.1747949445353876,39.5,36.0,0.024898927207430612,0.017925229213518964,0.0,0.01140836292431983,0.009790474649315145,0.0,41.774234383867935,42.28938175790449,41.320706664690455,0.9686750932140384,-0.0036811073624719278,0.000977763288406279,0.0053076659207127,0.0,0.0012659322380158397,0.0053076659207127,0,0
em2x3125u_misalignment_timeseries.csv,EMB_COMP_001,EM2X3125U,misalignment,idle,2026-01-01 00:03:55.000,2026-01-01 00:03:56.990,235.0,236.99,200,0.001561312047093995,0.001081924275234168,0.0015601791622762847,0.0010819230595781192,0.0052652638122912,0.0035606461767966,3.3723327902908427,3.291030858907335,3.1521249324644143,3.3645575361217785,3.5,35.0,0.028178010024162932,0.02052035539535975,0.0,0.013152599491721399,0.010261746862120065,0.0,41.397934475725506,41.87088296028061,40.91307759301149,0.957805367269124,-0.00382581567407856,0.0010280410454404664,0.0055677006235019,0.0,0.001339382872426706,0.0055677006235019,0,0
em2x3125u_misalignment_timeseries.csv,EMB_COMP_001,EM2X3125U,misalignment,idle,2026-01-01 00:03:56.000,2026-01-01 00:03:57.990,236.0,237.99,200,0.0015582261776577791,0.0011819331729021917,0.0015576441031872016,0.0011819170931101153,0.0052652638122912,0.003290851370471,3.3790112679313284,2.784295631867612,3.4821712497189146,2.9623736659585473,30.0,31.0,0.029698978034282494,0.018836052721940225,0.0,0.014324543359822093,0.013702009555149148,0.0,41.016203894143054,41.48824638334485,40.56028925251491,0.9279571308299381,-0.0037619691984773335,0.0009107367946732348,0.0055677006235019,0.0,0.001308023304460987,0.0055677006235019,0,0
em2x3125u_misalignment_timeseries.csv,EMB_COMP_001,EM2X3125U,misalignment,idle,2026-01-01 00:03:57.000,2026-01-01 00:03:58.990,237.0,238.99,200,0.001441560696543144,0.0012187774866928291,0.0014384490486829909,0.0012186211444269388,0.0042730694120323,0.003290851370471,2.9641966670422555,2.7001248434616016,3.1451227504600467,3.0129591768626565,37.0,14.0,0.027059283385221882,0.014398292431463148,0.0,0.01575589261909854,0.014010538267384121,0.0,40.63813325275472,41.08815480047036,40.19714239773754,0.8910124027328266,-0.0038079953393223634,0.0009374073458957033,0.0052425830824691,0.0,0.0012577557894107977,0.0052425830824691,0,0
em2x3125u_misalignment_timeseries.csv,EMB_COMP_001,EM2X3125U,misalignment,idle,2026-01-01 00:03:58.000,2026-01-01 00:03:59.990,238.0,239.99,200,0.001483779810119343,0.0011730113740179625,0.00148377904677508,0.0011728553349666547,0.0043978145337875,0.0037909896271656,2.9639266579815344,3.2318438773361358,2.5389230336094415,3.408814210687916,6.0,48.0,0.027351279780624266,0.01682403538488935,0.0,0.015360022871113946,0.012151776168137146,0.0,40.26139508865843,40.72517248397222,39.8662633374682,0.8589091465040255,-0.0037648258875013245,0.0009682610513061754,0.0044867880970132,0.0,0.0012439378733756085,0.0044867880970132,0,0
em2x3125u_misalignment_timeseries.csv,EMB_COMP_001,EM2X3125U,misalignment,idle,2026-01-01 00:03:59.000,2026-01-01 00:04:00.990,239.0,240.99,200,0.05822587086208644,0.04358540128001457,0.05822285959551796,0.04358433718363739,0.1610346308214473,0.1296065603852638,2.7656886610227485,2.9736231990295554,5.004727706238779,4.5729049018616195,40.0,40.0,15.141484200048554,52.74790115222993,0.0,7.556238751248945,30.435905830643286,0.0,33.72934668114956,40.3428361927778,26.324644695374264,14.018191497403539,-0.09313333903050362,2.5026607071865574,6.37523723760462,0.0,2.565648060621648,6.37523723760462,1,0
em2x3125u_misalignment_timeseries.csv,EMB_COMP_001,EM2X3125U,misalignment,startup,2026-01-01 00:04:00.000,2026-01-01 00:04:01.990,240.0,241.99,200,0.08413011534728788,0.0602142245980252,0.08412859385193917,0.06021411719456238,0.1996446664030219,0.1296065603852638,2.3730463886670266,2.1524243025710974,2.5357898944947728,2.250787342994499,40.0,40.0,31.049050845116174,110.96862767627371,0.0,14.421550104113097,58.25894528189566,0.0,28.39576853146027,30.407695979402213,26.324644695374264,4.083051284027949,0.020216943926827782,3.6286860166550365,6.37523723760462,0.8420551147004436,1.5939385723277828,5.533182122904176,1,0
em2x3125u_misalignment_timeseries.csv,EMB_COMP_001,EM2X3125U,misalignment,startup,2026-01-01 00:04:01.000,2026-01-01 00:04:02.990,241.0,242.99,200,0.06915404520616898,0.04611338150978491,0.06915404276386178,0.04611218064149935,0.1996446664030219,0.1109972873731584,2.886955720490698,2.407051570260698,3.272894733168768,3.092488605855862,40.0,40.0,16.758060971735674,79.02069631559161,0.0,10.646968928417696,32.03961107240894,0.0,30.04800721661297,31.273518741069186,28.395729708728425,2.877789032340761,0.013233096376456475,1.5175996623754102,3.6562261440144166,0.7395338648138683,0.9301395608089645,2.9166922792005483,1,0
em2x3125u_misalignment_timeseries.csv,EMB_COMP_001,EM2X3125U,misalignment,steady_state,2026-01-01 00:04:02.000,2026-01-01 00:04:03.990,242.0,243.99,200,0.04674584716006579,0.028314906967714906,0.046743615089800065,0.0283149004157338,0.0825501059203887,0.0559514508090047,1.7659345361251662,1.9760421912316863,1.9316693024411773,2.2417055377343287,40.0,40.0,1.5294024203967906,42.17021627961684,0.0,7.472254518229816,8.562887665594552,0.0,31.1154912372939,32.264835297693885,30.07912674251224,2.1857085551816446,0.00863392229791834,0.7810117302509567,0.8355870973659933,0.7391097768281552,0.017576548823524173,0.0964773205378382,0,0
em2x3125u_misalignment_timeseries.csv,EMB_COMP_001,EM2X3125U,misalignment,steady_state,2026-01-01 00:04:03.000,2026-01-01 00:04:04.990,243.0,244.99,200,0.04684896416553777,0.027980701943709413,0.04684630283274164,0.027980596615895068,0.0804062700945907,0.0535263442085166,1.7162870412775908,1.9129736028852675,1.9672107280740743,2.177595643131816,40.0,40.0,1.8065234517853883,42.08521773342298,0.0,7.739281856689937,7.91998245513311,0.0,31.97273405258407,33.00598226805979,30.999324866472467,2.006657401587322,0.008655145685194928,0.7796443637068626,0.831410785552599,0.7391097768281552,0.018385952404048656,0.0923010087244438,0,0
em2x3125u_misalignment_timeseries.csv,EMB_COMP_001,EM2X3125U,misalignment,steady_state,2026-01-01 00:04:04.000,2026-01-01 00:04:05.990,244.0,245.99,200,0.04791985449084103,0.027641831605434538,0.04791948868567323,0.027639472056079934,0.0825562061649044,0.050202881597499,1.7227975135167293,1.816192295579604,2.0022376739599377,2.1509867531541453,40.0,20.0,2.1395464164909415,43.78650761058648,0.0,7.7779781933415055,7.502379207489728,0.0,32.82849344614746,33.78507642092044,31.83203611268384,1.9530403082365986,0.00855504319682612,0.7794564032109108,0.831410785552599,0.7251661353678941,0.020600919028668466,0.10624465018470486,0,0
em2x3125u_misalignment_timeseries.csv,EMB_COMP_001,EM2X3125U,misalignment,steady_state,2026-01-01 00:04:05.000,2026-01-01 00:04:06.990,245.0,246.99,200,0.047907504693374264,0.02803165849439789,0.04790314805903019,0.02803162785496997,0.083509966429338,0.0508056613638583,1.7431499921323945,1.8124386530326693,1.986300168758451,2.189031760654244,40.0,40.0,2.071247638315002,43.83124389315409,0.0,7.873087607125446,7.84235605383889,0.0,33.684393389986184,34.66042808407928,32.65802979984198,2.0023982842373016,0.008658885203410184,0.7784509683154593,0.8472342105726831,0.7251661353678941,0.021777500903164028,0.12206807520478902,0,0
em2x3125u_misalignment_timeseries.csv,EMB_COMP_001,EM2X3125U,misalignment,steady_state,2026-01-01 00:04:06.000,2026-01-01 00:04:07.990,246.0,247.99,200,0.047280921550959476,0.02863783470437573,0.047269606043237294,0.028637130989717742,0.0848791781927291,0.0510398442878563,1.7952098945712414,1.7822522133650576,1.9680294457082417,2.18126960811156,40.0,40.0,1.9204564397459043,42.77371608010533,0.0,8.181298987239149,8.221034109251613,0.0,34.53275131625187,35.46707767214281,33.491404772345454,1.9756728997973525,0.008459388011357791,0.7774158374414145,0.8472342105726831,0.727153333346365,0.020935566580141566,0.1200808772263181,0,0
em2x3125u_misalignment_timeseries.csv,EMB_COMP_001,EM2X3125U,misalignment,steady_state,2026-01-01 00:04:07.000,2026-01-01 00:04:08.990,247.0,248.99,200,0.04754068672748466,0.028862935248729273,0.04754003043646682,0.028862275845898695,0.0848791781927291,0.0524583537863035,1.7854007595489352,1.8174989249789848,1.9721050231170971,2.165892697492818,40.0,20.0,1.8528564133079777,43.350456024032255,0.0,8.565224799554846,8.095501695771917,0.0,35.379971907137296,36.51491111502512,34.38251895884928,2.1323921561758397,0.008702032532648937,0.7794338838916821,0.8385610120311079,0.727153333346365,0.019249171604598662,0.11140767868474288,0,0
em2x3125u_misalignment_timeseries.csv,EMB_COMP_001,EM2X3125U,misalignment,steady_state,2026-01-01 00:04:08.000,2026-01-01 00:04:09.990,248.0,249.99,200,0.04747135622036806,0.02865275785147986,0.0474704146671147,0.02865262113800086,0.0854178607828386,0.0524583537863035,1.7993558133523306,1.830830877021289,1.9613925496763658,2.1662136789715176,40.0,20.0,1.7879374523715603,43.28089397812001,0.0,8.286896318771586,8.133639735717248,0.0,36.230405311190836,37.27349548421866,35.24979832541517,2.023697158803486,0.008475321426203239,0.780263668583049,0.8385610120311079,0.7261704518031736,0.019314460327232576,0.11239056022793426,0,0
em2x3125u_misalignment_timeseries.csv,EMB_COMP_001,EM2X3125U,misalignment,steady_state,2026-01-01 00:04:09.000,2026-01-01 00:04:10.990,249.0,250.99,200,0.047515252420016765,0.028733428136280527,0.04751491504357343,0.028733408473178238,0.0854178607828386,0.0546761529513581,1.7976935075031737,1.902876074933807,1.9764773140694087,2.1682255084454556,40.0,40.0,1.9541201214271768,43.20253287605902,0.0,8.259865547296348,8.253653481070721,0.0,37.08837216563002,37.94467809011232,36.09346490038685,1.8512131897254704,0.008570346532232575,0.7795403566983375,0.8286753807524162,0.7261704518031736,0.01959984468202454,0.10250492894924257,0,0
em2x3125u_misalignment_timeseries.csv,EMB_COMP_001,EM2X3125U,misalignment,steady_state,2026-01-01 00:04:10.000,2026-01-01 00:04:11.990,250.0,251.99,200,0.04749334622372566,0.028603291734776288,0.04749266294357709,0.028603284479176195,0.0791955562094681,0.0546761529513581,1.6675084513187104,1.9115335905511204,1.9750767769980835,2.1577152153685146,40.0,20.0,2.0086633883261915,43.109865259591636,0.0,8.419075852428943,7.944627715411526,0.0,37.950504267497635,38.86011757459148,36.95965907766518,1.9004584969262979,0.008393928138414915,0.780337426804103,0.8346313538855032,0.7302767750148242,0.018593134771028995,0.104354578870679,0,0
em2x3125u_misalignment_timeseries.csv,EMB_COMP_001,EM2X3125U,misalignment,steady_state,2026-01-01 00:04:11.000,2026-01-01 00:04:12.990,251.0,252.99,200,0.047788957380993334,0.028018665261747715,0.047788749955584194,0.028016246715904615,0.0862520859409954,0.0557151650454212,1.804853896546813,1.9885017549885196,1.9795418443527195,2.176243594274103,40.0,40.0,2.0457810036384685,43.64885562200735,0.0,7.881503369794973,7.818935715927872,0.0,38.790346557960056,39.73409274993111,37.875358649049424,1.8587341008816836,0.00827178253420943,0.7809432680948379,0.8346313538855032,0.7244203702952707,0.019772309771180524,0.11021098359023251,0,0
em2x3125u_misalignment_timeseries.csv,EMB_COMP_001,EM2X3125U,misalignment,steady_state,2026-01-01 00:04:12.000,2026-01-01 00:04:13.990,252.0,253.99,200,0.047662788793019245,0.02807904411668152,0.04766047272656968,0.02807308562973597,0.0862520859409954,0.0557151650454212,1.8096315411914796,1.984225845221038,2.0126134712311665,2.160523544283085,40.0,20.0,2.363204202613827,43.07550798680393,0.0,7.948546546546299,7.817569180278512,0.0,39.636380159786746,40.54799809977919,38.73379234129509,1.8142057584840998,0.008476361646721827,0.7801875088312592,0.85021275203244,0.7244203702952707,0.02070989211073043,0.12579238173716922,0,0
em2x3125u_misalignment_timeseries.csv,EMB_COMP_001,EM2X3125U,misalignment,steady_state,2026-01-01 00:04:13.000,2026-01-01 00:04:14.990,253.0,254.99,200,0.0471281696316178,0.02831563380377437,0.04712758408331483,0.028313444868368762,0.0842016355568036,0.0516505282040321,1.7866519369407803,1.8240993142504645,1.9756508121836966,2.18330611558768,40.0,20.0,2.033141886785287,42.38766817209654,0.0,8.094623300520336,7.93845203652441,0.0,40.48355527043182,41.4997497469786,39.521268585330574,1.978481161648027,0.008361046314718436,0.7797748607784627,0.85021275203244,0.7265501130852291,0.022131243316534162,0.12366263894721086,0,0
em2x3125u_misalignment_timeseries.csv,EMB_COMP_001,EM2X3125U,misalignment,steady_state,2026-01-01 00:04:14.000,2026-01-01 00:04:15.990,254.0,255.99,200,0.04750050293354691,0.0282080818229185,0.047500286791189436,0.028206661979806823,0.0815322041502417,0.0514495178263905,1.716449281901395,1.8239282681245201,1.9500481907616334,2.2256304286544313,40.0,40.0,1.7480803949552783,43.38848178151507,0.0,7.80015660878731,8.112203691340852,0.0,41.33381251561868,42.41115003376271,40.35205495709333,2.0590950766693794,0.008650323291644479,0.7807825162705347,0.842177270831367,0.7265501130852291,0.022091321076535823,0.11562715774613785,0,0
em2x3125u_misalignment_timeseries.csv,EMB_COMP_001,EM2X3125U,misalignment,steady_state,2026-01-01 00:04:15.000,2026-01-01 00:04:16.990,255.0,256.99,200,0.04701431161887602,0.028254669385453388,0.04701309063906079,0.028250765966467088,0.0820012605447451,0.0534720613200505,1.7441765649892444,1.8925035218277946,1.9479848880905464,2.1918917412470393,40.0,40.0,1.7185846266950107,42.493841268035005,0.0,7.947864676520689,8.014921188934482,0.0,42.204617877889376,43.18792899533213,41.23879445952725,1.9491345358048804,0.008655331309493017,0.7814746740743836,0.8307170659622428,0.7281438646260657,0.020309666971804002,0.10257320133617709,0,0
em2x3125u_misalignment_timeseries.csv,EMB_COMP_001,EM2X3125U,misalignment,steady_state,2026-01-01 00:04:16.000,2026-01-01 00:04:17.990,256.0,257.99,200,0.04655776392441099,0.028143196445134494,0.04655646711025272,0.028136448804519796,0.0820683155685704,0.0534720613200505,1.7627202994931777,1.8999995762490924,1.951416442022923,2.2000456706422886,40.0,20.0,1.7027674566146094,41.64879268681431,0.0,8.001473572632307,7.83439952259106,0.0,43.0514054579121,43.955695630284886,42.13019031171358,1.8255053185713095,0.008322525299511899,0.7815588546767173,0.8266091037944493,0.7272337031361562,0.01929021115718208,0.09937540065829309,0,0
em2x3125u_misalignment_timeseries.csv,EMB_COMP_001,EM2X3125U,misalignment,steady_state,2026-01-01 00:04:17.000,2026-01-01 00:04:18.990,257.0,258.99,200,0.04696205004895526,0.028252834541406795,0.0469607936807476,0.02825131424951079,0.0848976213152548,0.0529236493226378,1.8077920624579606,1.8732155616129047,1.9868704871660976,2.209905690985166,40.0,20.0,1.9096513773996853,42.20841418750953,0.0,8.028657670220259,7.935916338325295,0.0,43.892002122842825,44.81358414527289,42.84497404030821,1.9686101049646823,0.008570451184659645,0.7807235973543126,0.8318280362159243,0.7249084268605661,0.019673274659518385,0.10691960935535816,0,0
em2x3125u_misalignment_timeseries.csv,EMB_COMP_001,EM2X3125U,misalignment,steady_state,2026-01-01 00:04:18.000,2026-01-01 00:04:19.990,258.0,259.99,200,0.04722941545048192,0.027898616462283917,0.04722746700597179,0.027896189773546225,0.0848976213152548,0.0529236493226378,1.7975581638156506,1.8969990642433892,1.9874120713750238,2.202830438285662,40.0,20.0,1.9762074816321562,42.63336867670277,0.0,7.8723895595612134,7.692935454529407,0.0,44.7468568459197,45.664036206606845,43.791661112659824,1.8723750939470207,0.008432254167624486,0.7803775647402805,0.8318280362159243,0.7249084268605661,0.02004019171576643,0.10691960935535816,0,0
em2x3125u_misalignment_timeseries.csv,EMB_COMP_001,EM2X3125U,misalignment,shutdown,2026-01-01 00:04:19.000,2026-01-01 00:04:20.990,259.0,260.99,200,0.03575639292190616,0.02062893731693622,0.03575429085386442,0.020628936717507092,0.0847689823991368,0.0501334740817808,2.3707364046557133,2.4302499596342053,3.1695936332309174,3.387769381678751,40.0,40.0,1.175572648232361,24.39311986214624,0.0,3.8640015763774946,4.647680176106059,0.0,45.156960577128636,45.664036206606845,44.57722967484766,1.086806531759187,-0.0004523139297582157,0.6007127167056558,0.83172353968535,0.2797709712436051,0.18963203382048113,0.5519525684417448,0,0
em2x3125u_misalignment_timeseries.csv,EMB_COMP_001,EM2X3125U,misalignment,shutdown,2026-01-01 00:04:20.000,2026-01-01 00:04:21.990,260.0,261.99,200,0.014251558146385707,0.008816363601653486,0.014248203153026287,0.008814793765030051,0.0315479703644129,0.0254697905246428,2.2136506086117804,2.8889224260063417,2.2676666155202754,2.5262606960816965,40.0,40.0,0.3290267607297942,3.731933276865292,0.0,0.2450213631183188,1.3091187593847153,0.0,44.64426695869584,45.64651324303996,43.55071994638568,2.0957932966542856,-0.010032434667058058,0.2801460538327506,0.5634923420226623,0.0,0.163193630681253,0.5634923420226623,0,0
em2x3125u_misalignment_timeseries.csv,EMB_COMP_001,EM2X3125U,misalignment,idle,2026-01-01 00:04:21.000,2026-01-01 00:04:22.990,261.0,262.99,200,0.007498049894998405,0.004694596970218734,0.00749072997966105,0.004690368068757379,0.0238357852383961,0.0186007796510061,3.1789312650874497,3.962167523432675,4.257841010991527,5.524357618247581,40.0,40.0,0.18215103054738166,0.9400936121143189,0.0,0.13219460736132,0.3082235198452478,0.0,43.84257707842473,44.73048168162298,43.307540049647024,1.4229416319759594,-0.006292341104504802,0.07004626302150993,0.2887659864193536,0.0,0.09054208714030289,0.2887659864193536,0,0
em2x3125u_misalignment_timeseries.csv,EMB_COMP_001,EM2X3125U,misalignment,idle,2026-01-01 00:04:22.000,2026-01-01 00:04:23.990,262.0,263.99,200,0.0014621832554506018,0.001209412254325973,0.0014620947658796801,0.0012087655021827853,0.0039797755700156,0.0030315052229251,2.7218035462929375,2.506593770719325,3.011445204837229,2.3945842184034705,8.5,27.0,0.029491999116013867,0.013423187903765479,0.0,0.01657949699000031,0.012647079418351637,0.0,43.35407774960085,43.76757406317553,42.90877557033588,0.8587984928396537,-0.003742258941762186,0.0007459288576358447,0.0047765429505668,0.0,0.0011045087186581596,0.0047765429505668,0,0
em2x3125u_misalignment_timeseries.csv,EMB_COMP_001,EM2X3125U,misalignment,idle,2026-01-01 00:04:23.000,2026-01-01 00:04:24.990,263.0,264.99,200,0.001515646897249546,0.0011648089397282807,0.0015155803359593167,0.0011648044213032828,0.0045821950485818,0.0037676079061261,3.023260270513626,3.2345286661390014,2.96249603416125,2.630814430526969,50.0,35.5,0.026512581427838904,0.02062328062587728,0.0,0.013857760178989422,0.01368515163976001,0.0,42.97897008203443,43.43301756168479,42.540559169603526,0.8924583920812665,-0.0038150416411748267,0.0007851538174699071,0.0053335689937933,0.0,0.001151731392600048,0.0053335689937933,0,0
em2x3125u_misalignment_timeseries.csv,EMB_COMP_001,EM2X3125U,misalignment,idle,2026-01-01 00:04:24.000,2026-01-01 00:04:25.990,264.0,265.99,200,0.001569337598482786,0.0012312627712594319,0.0015666149764550165,0.001229942289583281,0.0045821950485818,0.0039022629325555,2.9198274819973746,3.169317731067236,2.7452797551826102,3.1787205985069753,33.0,39.0,0.025693954700578562,0.023856766559136263,0.0,0.015829814889148256,0.014587068311089274,0.0,42.598160799404795,43.040532481166736,42.151327959924224,0.8892045212425117,-0.003753464353095969,0.0006756972482382503,0.0053335689937933,0.0,0.0010682406726282864,0.0053335689937933,0,0
em2x3125u_misalignment_timeseries.csv,EMB_COMP_001,EM2X3125U,misalignment,idle,2026-01-01 00:04:25.000,2026-01-01 00:04:26.990,265.0,266.99,200,0.0015837328841839208,0.0012033242918132584,0.0015826758851520788,0.0012033189178578159,0.0041385620634018,0.0039022629325555,2.6131692438364396,3.242902149573728,2.5554694107689335,3.0167105497909765,10.0,38.5,0.031570447304987356,0.018767647035261934,0.0,0.01678811911900822,0.012302517221098024,0.0,42.22494383917627,42.63509684439765,41.74871081582212,0.8863860285755294,-0.0036584206321752296,0.0005856468812842299,0.004416731346515,0.0,0.0009185465801933997,0.004416731346515,0,0
em2x3125u_misalignment_timeseries.csv,EMB_COMP_001,EM2X3125U,misalignment,idle,2026-01-01 00:04:26.000,2026-01-01 00:04:27.990,266.0,267.99,200,0.0014481711315685246,0.0012526390213162318,0.0014476094055275587,0.0012522789905844954,0.0039698218765154,0.0047559423921268,2.74126571782691,3.7967381753199834,2.510024226265693,3.3462550237789492,3.0,23.5,0.027874245225323262,0.01404154417957156,0.0,0.018266549704161927,0.013099361883731446,0.0,41.85175376237537,42.311711920380986,41.4156638632555,0.8960480571254834,-0.0038560702607911223,0.0006869405842612346,0.0044379272875594,0.0,0.001044641115968327,0.0044379272875594,0,0
em2x3125u_misalignment_timeseries.csv,EMB_COMP_001,EM2X3125U,misalignment,idle,2026-01-01 00:04:27.000,2026-01-01 00:04:28.990,267.0,268.99,200,0.0014570940838704702,0.0012608159053643477,0.0014558889612492209,0.001260798935900125,0.0044612304574916,0.0047559423921268,3.061731227156767,3.7721148439608543,2.8671855584551875,3.429164457371949,31.0,23.5,0.02824629616758336,0.014239562349146579,0.0,0.019690154702714298,0.012115464699692066,0.0,41.475667326094914,41.91368914656167,41.07093053404578,0.8427586125158939,-0.0037396655842370603,0.000701998803175157,0.0045764207208194,0.0,0.0011354206207543314,0.0045764207208194,0,0
em2x3125u_misalignment_timeseries.csv,EMB_COMP_001,EM2X3125U,misalignment,idle,2026-01-01 00:04:28.000,2026-01-01 00:04:29.990,268.0,269.99,200,0.0016115091461719913,0.0011767739540484068,0.0016085943737489503,0.001173707791839608,0.0050892772524934,0.0043256225649723,3.158081519166406,3.6758313269010072,3.346552769015908,3.6035345907260248,16.0,19.0,0.03358364260887207,0.018188825481983424,0.0,0.017932705035196984,0.010004939576039385,0.0,41.09837791334972,41.55594098029562,40.69566513844804,0.8602758418475744,-0.003819256336976744,0.000686481026545445,0.0045764207208194,0.0,0.0011174470692592736,0.0045764207208194,0,0
em2x3125u_misalignment_timeseries.csv,EMB_COMP_001,EM2X3125U,misalignment,idle,2026-01-01 00:04:29.000,2026-01-01 00:04:30.990,269.0,270.99,200,0.05856506062018022,0.04064135390218692,0.058561571519014116,0.0406406322766391,0.1839538315295066,0.1246358210637213,3.141016667301462,3.0667241392520297,5.090724107157978,4.753255781611754,40.0,40.0,14.955303730404717,53.76184647456557,0.0,6.192506880462585,26.84088095132722,0.0,34.30081933957153,41.18726746871204,26.61074279567288,14.576524673039156,-0.09703666732337703,2.4983518002285554,6.359347633845733,0.0,2.561089522710293,6.359347633845733,1,0
em2x3125u_misalignment_timeseries.csv,EMB_COMP_001,EM2X3125U,misalignment,startup,2026-01-01 00:04:30.000,2026-01-01 00:04:31.990,270.0,271.99,200,0.08379370721302382,0.05754087188705437,0.08379254293220235,0.05754084098390977,0.207108217918301,0.1246358210637213,2.4716440506896533,2.16603984222495,2.5993895468566617,2.283440207887144,40.0,40.0,30.96509522338056,109.8007519751992,0.0,13.010697241155414,53.23613000413672,0.0,28.701763596401108,30.809691172944664,26.61074279567288,4.198948377271783,0.020184382624805226,3.617995945404482,6.359347633845733,0.8586476689280765,1.5919047397139474,5.500699964917656,1,0
em2x3125u_misalignment_timeseries.csv,EMB_COMP_001,EM2X3125U,misalignment,startup,2026-01-01 00:04:31.000,2026-01-01 00:04:32.990,271.0,272.99,200,0.06883240197920085,0.04519215779440084,0.06882976103212067,0.04518517204533582,0.207108217918301,0.1232818836703364,3.0088768074791736,2.727948601861419,3.298285447543429,3.1024044179923775,40.0,40.0,17.306346980783104,77.50280255395795,0.0,10.693991200464488,30.192752236471755,0.0,30.376058522161046,31.69298673083122,28.57860029051522,3.114386440316,0.013587009697282102,1.5118262640617723,3.6255585216007087,0.7447013784375079,0.9190755821551702,2.8808571431632006,1,0
em2x3125u_misalignment_timeseries.csv,EMB_COMP_001,EM2X3125U,misalignment,steady_state,2026-01-01 00:04:32.000,2026-01-01 00:04:33.990,272.0,273.99,200,0.047652983716441194,0.02797244290052497,0.047651690951153285,0.027970524144106803,0.0876156400720232,0.0519796907178866,1.8386181355060485,1.8582463785067223,1.9521148850455716,2.1705465061018026,40.0,40.0,1.776778847328171,43.63788136631453,0.0,7.801676489309709,7.846833460283646,0.0,31.473249311266862,32.520049292647464,30.560602067377623,1.959447225269841,0.00846658717519366,0.7818849204214202,0.8459207308683787,0.7296409203499664,0.01930962724088784,0.1162798105184123,0,0
em2x3125u_misalignment_timeseries.csv,EMB_COMP_001,EM2X3125U,misalignment,steady_state,2026-01-01 00:04:33.000,2026-01-01 00:04:34.990,273.0,274.99,200,0.04757439668326277,0.02806679117269863,0.047573896779369136,0.02806493822523561,0.0876156400720232,0.0524915850156934,1.8416553058012275,1.870238200466374,1.9688366441785297,2.151598069570702,40.0,20.0,1.9533752486052316,43.31217141932503,0.0,8.006057385657533,7.747672474607009,0.0,32.33523761806159,33.31679190409061,31.417766192435145,1.8990257116554616,0.008574230659285233,0.7795523705951737,0.8290094620283978,0.7219220348617955,0.018214662170552207,0.10708742716660224,0,0
em2x3125u_misalignment_timeseries.csv,EMB_COMP_001,EM2X3125U,misalignment,steady_state,2026-01-01 00:04:34.000,2026-01-01 00:04:35.990,274.0,275.99,200,0.04697216036145295,0.028101743954504457,0.046971649030392755,0.028101538415954818,0.0826386282869628,0.0524915850156934,1.7593107843253266,1.8679120093284982,1.9801486492161515,2.1326671898267593,40.0,20.0,1.9568385099480639,42.169878140774955,0.0,8.237510649177118,7.5566024173942,0.0,33.20577978165216,34.17002259740295,32.21724083109769,1.9527817663052573,0.008682911303487414,0.779894576126147,0.8227909826643424,0.7219220348617955,0.018268197893682347,0.10086894780254685,0,0
em2x3125u_misalignment_timeseries.csv,EMB_COMP_001,EM2X3125U,misalignment,steady_state,2026-01-01 00:04:35.000,2026-01-01 00:04:36.990,275.0,276.99,200,0.046329505860777616,0.028288205768514207,0.04632857227588509,0.028286742197669183,0.0837128934208527,0.052480484262832,1.80690235877788,1.8552072440467282,1.989745335152613,2.158981616330242,40.0,40.0,1.9567630207713076,40.969989096340086,0.0,8.023256426489384,7.980129882637491,0.0,34.07614064510927,35.15710520969624,33.09028242141486,2.066822788281378,0.00871997642762618,0.7816273004699588,0.8389168047758899,0.7206930268726992,0.01958486396793949,0.11822377790319072,0,0
em2x3125u_misalignment_timeseries.csv,EMB_COMP_001,EM2X3125U,misalignment,steady_state,2026-01-01 00:04:36.000,2026-01-01 00:04:37.990,276.0,277.99,200,0.046814963041992876,0.028418865984435136,0.04681205694129781,0.028418747314206315,0.0837128934208527,0.052480484262832,1.7881653211124506,1.846677636312979,1.9779638123325762,2.1882573616792826,40.0,40.0,1.9520293647289992,41.87661907884694,0.0,7.841477123829417,8.31308496602241,0.0,34.93840686564959,35.92106063186461,33.920155450223184,2.0009051816414285,0.008647619468287873,0.7800743822971995,0.8409537632389178,0.7206930268726992,0.020521714041978948,0.12026073636621859,0,0
em2x3125u_misalignment_timeseries.csv,EMB_COMP_001,EM2X3125U,misalignment,steady_state,2026-01-01 00:04:37.000,2026-01-01 00:04:38.990,277.0,278.99,200,0.04686634592900887,0.028328316878950505,0.04686558115170922,0.028326932366845574,0.0832513440575668,0.0576378179606126,1.7763566245098854,2.0346361630627148,1.976243642660474,2.2392237251801657,40.0,40.0,1.9634692002962708,41.96602960465674,0.0,7.881028693218051,8.167721321100936,0.0,35.81213095326156,36.810199737056095,34.91710190447907,1.893097832577027,0.0087530838892271,0.7782817428765901,0.8409537632389178,0.7279755969327082,0.02079573377661395,0.1129781663062096,0,0
em2x3125u_misalignment_timeseries.csv,EMB_COMP_001,EM2X3125U,misalignment,steady_state,2026-01-01 00:04:38.000,2026-01-01 00:04:39.990,278.0,279.99,200,0.04700017268437298,0.028252426966952106,0.04700013620577755,0.028252230327408798,0.0829397466783768,0.0576378179606126,1.7646689776089548,2.040101476168177,1.989637639711081,2.215138310405632,40.0,40.0,2.05444013266285,42.13063134903153,0.0,7.899837156625144,8.07051366560558,0.0,36.678332105456384,37.62528819119456,35.803206053446424,1.8220821377481329,0.008479826023070472,0.7783986427277579,0.8361360236263033,0.7340811998896862,0.01981381466482216,0.10205482373661712,0,0
em2x3125u_misalignment_timeseries.csv,EMB_COMP_001,EM2X3125U,misalignment,steady_state,2026-01-01 00:04:39.000,2026-01-01 00:04:40.990,279.0,280.99,200,0.04741056291794992,0.028230390287928713,0.04741048144872877,0.028230096832942805,0.0821134492778575,0.05231512282994,1.7319652884097874,1.853149116833496,2.0093520378324694,2.1655450432617576,40.0,40.0,2.2508926778253646,42.70762091756571,0.0,7.853964428859249,8.088790778108427,0.0,37.529154419673404,38.48449238877564,36.60097814765051,1.883514241125134,0.008591640706630406,0.7801740085168141,0.8240424865003794,0.7161466249328816,0.019140437162064202,0.10789586156749775,0,0
em2x3125u_misalignment_timeseries.csv,EMB_COMP_001,EM2X3125U,misalignment,steady_state,2026-01-01 00:04:40.000,2026-01-01 00:04:41.990,280.0,281.99,200,0.04702335669294007,0.028012964408860155,0.047017226087465544,0.028008641545930014,0.0831010848190287,0.05231512282994,1.7672299610951683,1.867532549086214,1.9844879175936043,2.188043043830658,40.0,40.0,1.9885843670541428,42.22380673918868,0.0,7.731284557174221,7.95922633197835,0.0,38.39427616441405,39.32656338259475,37.34264729703274,1.983916085562008,0.00868028583037139,0.7797768026990244,0.8278147089256572,0.7161466249328816,0.019250134811620467,0.11166808399277561,0,0
em2x3125u_misalignment_timeseries.csv,EMB_COMP_001,EM2X3125U,misalignment,steady_state,2026-01-01 00:04:41.000,2026-01-01 00:04:42.990,281.0,282.99,200,0.04687004709792291,0.02817081151143879,0.04686853446601264,0.028169755230103996,0.0831010848190287,0.0522386614582332,1.7730104824817083,1.8543541579205707,1.9421580102202338,2.156494182517451,40.0,20.0,1.6949013281605552,42.238300283736216,0.0,8.21557916778374,7.656732572403878,0.0,39.25898191865078,40.22457240012437,38.29965014747709,1.924922252647285,0.008540989220894534,0.777465128534129,0.8278147089256572,0.7357398667042264,0.018099797095708768,0.09207484222143081,0,0
em2x3125u_misalignment_timeseries.csv,EMB_COMP_001,EM2X3125U,misalignment,steady_state,2026-01-01 00:04:42.000,2026-01-01 00:04:43.990,282.0,283.99,200,0.047750362812782,0.02778499794670951,0.04774992543304076,0.027784584978961566,0.0832837992713197,0.0522386614582332,1.7441500831701737,1.880103124658307,1.9282684460287618,2.1361584415482517,40.0,20.0,1.7030973215742224,43.90258998767585,0.0,8.248670156044474,7.191665514685202,0.0,40.12382343051644,41.08852400517824,39.04585066554141,2.042673339636835,0.008716582995344224,0.7792881971788423,0.8249364042306623,0.7325616415605136,0.018592075670293327,0.09237476267014866,0,0
em2x3125u_misalignment_timeseries.csv,EMB_COMP_001,EM2X3125U,misalignment,steady_state,2026-01-01 00:04:43.000,2026-01-01 00:04:44.990,283.0,284.99,200,0.04750148547694103,0.027645811994660218,0.04749887953938653,0.027645781381073008,0.0832837992713197,0.0506050028022326,1.7532883116202485,1.830476269317282,1.9349048174411814,2.1359259087363967,40.0,20.0,1.6019532848050477,43.52383262251918,0.0,8.058598287830264,7.229021445610639,0.0,40.99724638199963,41.99381488933012,40.038398265721696,1.9554166236084214,0.008722987058726909,0.781541711702276,0.8426460302238064,0.7325616415605136,0.020384462199172247,0.11008438866329273,0,0
em2x3125u_misalignment_timeseries.csv,EMB_COMP_001,EM2X3125U,misalignment,steady_state,2026-01-01 00:04:44.000,2026-01-01 00:04:45.990,284.0,285.99,200,0.046838216745731805,0.027857771994978162,0.046837864845237304,0.027856416749266432,0.0826811317062814,0.0514882717802539,1.7652493508693587,1.848255193901922,1.9760636784256687,2.1371353524735532,40.0,20.0,1.8170436821878937,42.058747923546086,0.0,8.065588714830135,7.4569203441085286,0.0,41.872362697024926,42.922391847677474,40.8534625080763,2.0689293396011763,0.00878469482813426,0.7818648915636692,0.8426460302238064,0.7295854507389403,0.020195630821699537,0.11306057948486603,0,0
em2x3125u_misalignment_timeseries.csv,EMB_COMP_001,EM2X3125U,misalignment,steady_state,2026-01-01 00:04:45.000,2026-01-01 00:04:46.990,285.0,286.99,200,0.04650727870009282,0.027878830771117753,0.04650715456076801,0.027878182328484814,0.0826811317062814,0.0514882717802539,1.7778105711034944,1.8468590811059171,1.9555873235273196,2.161796728378629,40.0,20.0,1.7875634945822314,41.484740794263864,0.0,7.905740072956808,7.641829256355083,0.0,42.73442562428318,43.70558181959223,41.75960146897194,1.945980350620296,0.008589632623678052,0.7811550879814767,0.8328944087292652,0.7295854507389403,0.019266480902839864,0.10330895799032491,0,0
em2x3125u_misalignment_timeseries.csv,EMB_COMP_001,EM2X3125U,misalignment,steady_state,2026-01-01 00:04:46.000,2026-01-01 00:04:47.990,286.0,287.99,200,0.04674916907249378,0.028402591573235773,0.046749167350561574,0.02840231050225408,0.0810469977014012,0.0537403576885608,1.7336564330313955,1.8920934573872203,1.9514969974115717,2.180331379531589,40.0,40.0,1.7785725305798707,41.943372096044804,0.0,8.100505654992782,8.037249072188104,0.0,43.59350843182303,44.58781889946173,42.59635646945035,1.9914624300113815,0.008797912218330275,0.7814614485328584,0.8321819889608784,0.7322423391769552,0.018992698423766708,0.09993964978392311,0,0
em2x3125u_misalignment_timeseries.csv,EMB_COMP_001,EM2X3125U,misalignment,steady_state,2026-01-01 00:04:47.000,2026-01-01 00:04:48.990,287.0,288.99,200,0.04689774469451453,0.02866167595259351,0.04689643476526079,0.028661675215302822,0.0802045308820235,0.0537403576885608,1.7102001685681223,1.8749900660885115,1.9449019403056749,2.174703996133199,40.0,40.0,1.8005457453377722,42.18931447251753,0.0,8.167562887736375,8.265407484003909,0.0,44.46369927260583,45.3875246732103,43.564600784137134,1.8229238890731665,0.008710562779473154,0.7800839169003428,0.8321819889608784,0.7356832354231665,0.018365482990824744,0.09649875353771187,0,0
em2x3125u_misalignment_timeseries.csv,EMB_COMP_001,EM2X3125U,misalignment,steady_state,2026-01-01 00:04:48.000,2026-01-01 00:04:49.990,288.0,289.99,200,0.046754978491324095,0.028378622545161065,0.04675465669702831,0.028378618785177178,0.0833067149533402,0.0521561050254263,1.7817720730809166,1.8378659831859816,1.9382036190189575,2.1716546530869336,40.0,40.0,1.816724516359155,41.908732198734995,0.0,7.979835242473069,8.127729755197551,0.0,45.335827582231595,46.37884236936531,44.34605511670072,2.0327872526645905,0.008627507498875378,0.7774976833445046,0.8134927014185381,0.7118982449260796,0.01853580420871615,0.10159445649245857,0,0
em2x3125u_misalignment_timeseries.csv,EMB_COMP_001,EM2X3125U,misalignment,shutdown,2026-01-01 00:04:49.000,2026-01-01 00:04:50.990,289.0,290.99,200,0.03595229003848465,0.021103996131667784,0.035950450211436405,0.021103857297431666,0.0833067149533402,0.0521561050254263,2.317146275360085,2.4713852627731963,3.0411289855373664,3.5376416564255218,40.0,40.0,1.1989242283339976,24.65045778339526,0.0,4.024241218701864,4.888885557163555,0.0,45.6777684069202,46.37884236936531,45.05752968304112,1.321312686324191,-0.0016118215546697759,0.5994038018728002,0.813301574354257,0.2854634640396561,0.1874289552949195,0.5278381103146008,0,0
em2x3125u_misalignment_timeseries.csv,EMB_COMP_001,EM2X3125U,misalignment,shutdown,2026-01-01 00:04:50.000,2026-01-01 00:04:51.990,290.0,291.99,200,0.01486367037371512,0.008601204528797429,0.014861439346803566,0.008593672155759974,0.0420725146266825,0.0192281105927707,2.8305602565758883,2.235513703736919,2.6032219093643314,2.233867542516784,40.0,40.0,0.3780707499321812,4.040193461009648,0.0,0.24195258379464482,1.246195343845788,0.0,45.079917552911965,46.13999154909008,44.08987371767952,2.05011783141056,-0.009945168003893376,0.2810617525563488,0.5748971235359356,0.0,0.163206725900539,0.5748971235359356,0,0
em2x3125u_misalignment_timeseries.csv,EMB_COMP_001,EM2X3125U,misalignment,idle,2026-01-01 00:04:51.000,2026-01-01 00:04:52.990,291.0,292.99,200,0.007037853123158542,0.005090181370316909,0.007028549387451006,0.0050835267011353335,0.0264449949884416,0.0158322184268349,3.7575372099515003,3.1103446567070363,5.316593560329844,4.623000647309994,40.0,40.0,0.19198504192547897,0.8023354147778163,0.0,0.15566668865716815,0.3627568677749433,0.0,44.24743133044005,45.13291075220648,43.69164791502075,1.4412628371857252,-0.006613903549609113,0.07048621817088915,0.2857116305527661,0.0,0.0907644093872615,0.2857116305527661,0,0
em2x3125u_misalignment_timeseries.csv,EMB_COMP_001,EM2X3125U,misalignment,idle,2026-01-01 00:04:52.000,2026-01-01 00:04:53.990,292.0,293.99,200,0.001566710344782289,0.0012839245318194625,0.0015533450804369898,0.0012835457564752185,0.0046256826762969,0.0036645035029996,2.9524810962677903,2.854142445433763,3.2130499910916335,2.753257016564109,46.0,21.0,0.0275821235318986,0.020762302506504123,0.0,0.020741876495701517,0.012241564995132143,0.0,43.720638467259285,44.18113900607528,43.26061443927381,0.9205245668014683,-0.0038892656175678964,0.0007440626503654682,0.0064989594507051,0.0,0.0011272416862853558,0.0064989594507051,0,0
em2x3125u_misalignment_timeseries.csv,EMB_COMP_001,EM2X3125U,misalignment,idle,2026-01-01 00:04:53.000,2026-01-01 00:04:54.990,293.0,294.99,200,0.0014361553115639935,0.0011905330250071321,0.0014215886606685493,0.0011886016108631195,0.0043724961101383,0.0036432630277471,3.0445844366070616,3.0601948465270623,3.0985203314535674,2.87472629220865,33.0,42.5,0.021719970706923053,0.019046642469917874,0.0,0.016319531777371513,0.011940865179955247,0.0,43.34119264368061,43.73748342348821,42.89436520775755,0.8431182157306552,-0.0036809733629771563,0.0007607408429784412,0.0064989594507051,0.0,0.0011516226967866101,0.0064989594507051,0,0
em2x3125u_misalignment_timeseries.csv,EMB_COMP_001,EM2X3125U,misalignment,idle,2026-01-01 00:04:54.000,2026-01-01 00:04:55.990,294.0,295.99,200,0.0013767145726635412,0.0011165000442952841,0.0013741321632751323,0.0011129317774974984,0.0042054928179659,0.0036432630277471,3.0547310978407802,3.2631105089177725,3.2480147757582705,3.0619648790908403,37.5,16.5,0.01906589368482385,0.01872648220700054,0.0,0.01610679457127351,0.00867765137952907,0.0,42.97311963817244,43.37603313058601,42.51751098894845,0.8585221416375575,-0.003717096184044879,0.0007939680710090921,0.0055384539313907,0.0,0.0011296593501931684,0.0055384539313907,0,0
em2x3125u_misalignment_timeseries.csv,EMB_COMP_001,EM2X3125U,misalignment,idle,2026-01-01 00:04:55.000,2026-01-01 00:04:56.990,295.0,296.99,200,0.001512604050285572,0.0011281337707794168,0.0015113244314379716,0.0011270988432907653,0.0042151930098542,0.0032165557993636,2.786712761385501,2.851218430542428,2.982300490690345,2.703200769273372,37.5,20.0,0.02417924063269952,0.02180356716472999,0.0,0.016362352725134213,0.00906944592735546,0.0,42.59792331673238,43.03672245451567,42.13270073304441,0.9040217214712598,-0.003814223193678681,0.0007802465197588571,0.0057306108307342,0.0,0.0012024587343983009,0.0057306108307342,0,0
em2x3125u_misalignment_timeseries.csv,EMB_COMP_001,EM2X3125U,misalignment,idle,2026-01-01 00:04:56.000,2026-01-01 00:04:57.990,296.0,297.99,200,0.0015185752362210016,0.0012025312261251162,0.001517392519076041,0.0012024996874745193,0.0044650276453298,0.003346883748352,2.9402742378712112,2.783199035202248,3.1307931068732526,2.6156620944397915,2.5,33.5,0.02593001856528191,0.020577521049892113,0.0,0.014081476111841233,0.01488117192186832,0.0,42.21961404803178,42.65286802505535,41.75499068481419,0.8978773402411591,-0.0038226165765334165,0.0007717591976278684,0.0057306108307342,0.0,0.0011657641249755032,0.0057306108307342,0,0
em2x3125u_misalignment_timeseries.csv,EMB_COMP_001,EM2X3125U,misalignment,idle,2026-01-01 00:04:57.000,2026-01-01 00:04:58.990,297.0,298.99,200,0.001523983860125182,0.00122276322961241,0.0015239528662244262,0.0012227596397187425,0.0044650276453298,0.003346883748352,2.929839194598187,2.737147852747331,2.8475892124531925,2.7144578337320926,27.5,36.5,0.030103959769896015,0.016748999395334918,0.0,0.014485681517450265,0.015440554891769605,0.0,41.84473202209614,42.28888869731967,41.40563228061232,0.8832564167073471,-0.003742869078687213,0.000884453657694926,0.0043995558882618,0.0,0.0011229666507583738,0.0043995558882618,0,0
em2x3125u_misalignment_timeseries.csv,EMB_COMP_001,EM2X3125U,misalignment,idle,2026-01-01 00:04:58.000,2026-01-01 00:04:59.990,298.0,299.99,200,0.0016180424159413813,0.0011909957322414424,0.0016120404719163323,0.0011909073968284195,0.0043506131230242,0.0030157712442905,2.6888127778115147,2.532142779903038,2.565115993429577,2.564382704875238,50.0,8.0,0.032960006595546563,0.020478253865211894,0.0,0.017276081721565622,0.011120939749964262,0.0,41.470408007559655,41.90181347184514,41.034980965839104,0.866832506006034,-0.0037611789723814336,0.0009600693458539951,0.0044170933624356,0.0,0.0011478762992231616,0.0044170933624356,0,0
em2x3125u_misalignment_timeseries.csv,EMB_COMP_001,EM2X3125U,misalignment,idle,2026-01-01 00:04:59.000,2026-01-01 00:05:00.990,299.0,300.99,200,0.06213669918847563,0.04023527333036854,0.06213402721369625,0.04023080097092854,0.1710850267020472,0.1214402715975758,2.753365224359681,3.018253923626656,5.273071933667236,4.275689154299729,40.0,40.0,15.758369878741975,61.48518113793838,0.0,6.948592946093975,25.4219158362129,0.0,34.64171847927788,41.54696743974585,26.98076514536486,14.56620229438099,-0.09755584363624809,2.5085119992442917,6.457571002670863,0.0,2.5712155752245125,6.457571002670863,1,0
em2x3125u_misalignment_timeseries.csv,EMB_COMP_001,EM2X3125U,misalignment,startup,2026-01-01 00:05:00.000,2026-01-01 00:05:01.990,300.0,301.99,200,0.08723587078756345,0.056256386926654404,0.08723562072890263,0.056253531807012744,0.1710850267020472,0.1214402715975758,1.9611774967968507,2.1586930521490197,2.54369122058939,2.263332930779053,40.0,40.0,32.05862712309075,120.26603917097833,0.0,13.573552660409165,49.71581579602699,0.0,29.004502934739367,31.12113200005808,26.98076514536486,4.1403668546932195,0.02015324953928607,3.6258230741695177,6.457571002670863,0.7856055748998035,1.6076382903108262,5.67196542777106,1,0
em2x3125u_misalignment_timeseries.csv,EMB_COMP_001,EM2X3125U,misalignment,startup,2026-01-01 00:05:01.000,2026-01-01 00:05:02.990,301.0,302.99,200,0.06962729682382311,0.0441142520555078,0.06961977185487704,0.04411391224364632,0.1704216814320459,0.1146694201659124,2.4476274278356844,2.599373554415632,3.161182569295521,3.2504442609143056,40.0,40.0,17.022390628075016,79.95205045285701,0.0,10.611207012997692,28.309998820503644,0.0,30.737833965889422,32.19163369578296,28.96261264054513,3.22902105523783,0.014661624910227255,1.5080920789054673,3.5827477614279304,0.7357369592864336,0.9262044037368462,2.847010802141497,1,0
em2x3125u_misalignment_timeseries.csv,EMB_COMP_001,EM2X3125U,misalignment,steady_state,2026-01-01 00:05:02.000,2026-01-01 00:05:03.990,302.0,303.99,200,0.04712970121852624,0.028106859156939924,0.047124167008832686,0.02810634371799645,0.0844818388992238,0.0549269067351509,1.7925392420271653,1.954217169142102,1.9654876934934005,2.165515031302149,40.0,20.0,1.861480247944034,42.55286699821186,0.0,7.992190790402935,7.807298912888734,0.0,31.888978141412146,32.87754666430764,30.924740482505584,1.9528061818020532,0.008620072578662765,0.7805188246877536,0.8254321588472583,0.7112498491456936,0.020454351109412475,0.11418230970156473,0,0
em2x3125u_misalignment_timeseries.csv,EMB_COMP_001,EM2X3125U,misalignment,steady_state,2026-01-01 00:05:03.000,2026-01-01 00:05:04.990,303.0,304.99,200,0.04740136250049172,0.028179147184725167,0.04739623792490801,0.028174750638476825,0.0876404932706164,0.0536504652693696,1.8489024080205978,1.903906634138717,1.9605414651662223,2.1494116490559723,40.0,20.0,1.7398558614142072,43.18958956829587,0.0,8.144317593155602,7.735823262505219,0.0,32.75987879588435,33.72500259528211,31.68972930493517,2.035273290346943,0.008967780654105343,0.7812540460766542,0.8328275688170583,0.7112498491456936,0.01987072507823255,0.12157771967136477,0,0
em2x3125u_misalignment_timeseries.csv,EMB_COMP_001,EM2X3125U,misalignment,steady_state,2026-01-01 00:05:04.000,2026-01-01 00:05:05.990,304.0,305.99,200,0.04708385221391824,0.028278411720940175,0.04707985960909444,0.02827821631843461,0.0876404932706164,0.052949163151119,1.8613704943349856,1.8724235177575452,1.9845752465987108,2.167725256582176,40.0,20.0,1.8487371678002849,42.481964453392294,0.0,8.051929795101728,7.9418660136095856,0.0,33.6553788186822,34.70272449478057,32.69310607346157,2.009618421318997,0.00883511168592305,0.7795625267804686,0.8328275688170583,0.7273333446178268,0.020499149525742503,0.10549422419923149,0,0
em2x3125u_misalignment_timeseries.csv,EMB_COMP_001,EM2X3125U,misalignment,steady_state,2026-01-01 00:05:05.000,2026-01-01 00:05:06.990,305.0,306.99,200,0.046811123876150364,0.028237273334145434,0.0468107908222879,0.028233222141633072,0.0859819833157701,0.0525971767415173,1.8367852808502374,1.862686107086518,1.9735315939662794,2.1547346215321275,40.0,20.0,1.8661818992809682,41.95916785214047,0.0,8.016509339590446,7.925952736995722,0.0,34.53342822744989,35.52693305678034,33.552944700770595,1.973988356009741,0.008632090249201143,0.7781534934094714,0.8264650665754363,0.7214409653998208,0.02038332041691958,0.10502410117561545,0,0
em2x3125u_misalignment_timeseries.csv,EMB_COMP_001,EM2X3125U,misalignment,steady_state,2026-01-01 00:05:06.000,2026-01-01 00:05:07.990,306.0,307.99,200,0.0465573838641171,0.028239630800526265,0.0465568233963923,0.02823917785012848,0.0839118732946631,0.0516092030526123,1.8023322259594574,1.8275452472151488,1.9278332421135453,2.1602039549818706,40.0,20.0,1.6428374239371368,41.708199290421575,0.0,8.076940893828978,7.877198704316649,0.0,35.39788910080334,36.38758072611708,34.49165671341252,1.8959240127045618,0.00862174409619709,0.7792688495476816,0.8284828584808969,0.7214409653998208,0.020214316023569687,0.10704189308107603,0,0
em2x3125u_misalignment_timeseries.csv,EMB_COMP_001,EM2X3125U,misalignment,steady_state,2026-01-01 00:05:07.000,2026-01-01 00:05:08.990,307.0,308.99,200,0.04639125791772281,0.028313354806221713,0.04639101119931843,0.028310937239710045,0.0837752338494725,0.0528853093875566,1.8058409624945289,1.867857403317509,1.972492835051629,2.167868461472418,40.0,20.0,1.845552597474978,41.197032256825175,0.0,8.077412522362572,7.9565002014573825,0.0,36.274524433809304,37.23087343863612,35.31861284876629,1.912260589869824,0.008751712681895433,0.7799852295394919,0.846802746158403,0.7277867346590917,0.021572138482758567,0.11901601149931129,0,0
em2x3125u_misalignment_timeseries.csv,EMB_COMP_001,EM2X3125U,misalignment,steady_state,2026-01-01 00:05:08.000,2026-01-01 00:05:09.990,308.0,309.99,200,0.046771828757773797,0.028069901132443696,0.04677171988518229,0.028069139777491373,0.0837752338494725,0.0528853093875566,1.7911472797725165,1.8840575582373824,1.9471336061644124,2.164625550212613,40.0,40.0,1.6388150286467955,42.11313362647279,0.0,7.781339351393339,7.976212643558459,0.0,37.154393040719995,38.09859849156831,36.27520159971142,1.8233968918568877,0.008572035622271474,0.7806655093420446,0.846802746158403,0.7364066378548613,0.021033723128393036,0.11039610830354174,0,0
em2x3125u_misalignment_timeseries.csv,EMB_COMP_001,EM2X3125U,misalignment,steady_state,2026-01-01 00:05:09.000,2026-01-01 00:05:10.990,309.0,310.99,200,0.04725725894776086,0.027646565412308702,0.047256254736967734,0.027646454229836685,0.0832010595865549,0.0532775735297159,1.7605985078086532,1.927095562691337,1.9421316223479206,2.1624614351139333,40.0,20.0,1.6424459634453794,43.030842775223974,0.0,7.689878397949441,7.597711487871654,0.0,38.02940597259424,38.92475305292935,37.01906702773123,1.905686025198115,0.00863994717786641,0.7796027311903901,0.8383377996980106,0.7316344824330933,0.01954143490505673,0.10670331726491733,0,0
em2x3125u_misalignment_timeseries.csv,EMB_COMP_001,EM2X3125U,misalignment,steady_state,2026-01-01 00:05:10.000,2026-01-01 00:05:11.990,310.0,311.99,200,0.04754892549766655,0.028119235328276388,0.04754403695500216,0.028119232998855503,0.0835035315767739,0.0532775735297159,1.7561602223981234,1.8947020752068804,1.9769580450348756,2.1874371876106675,40.0,20.0,1.8977729009329898,43.31882255512622,0.0,8.091377461108669,7.723478837362278,0.0,38.91759861813941,39.92830687585902,37.921547391650265,2.0067594842087573,0.008864094108310648,0.7796177911895695,0.8383377996980106,0.7198451184999736,0.020790299993814005,0.11849268119803702,0,0
em2x3125u_misalignment_timeseries.csv,EMB_COMP_001,EM2X3125U,misalignment,steady_state,2026-01-01 00:05:11.000,2026-01-01 00:05:12.990,311.0,312.99,200,0.04747584807386885,0.028575968070972815,0.04747571593395603,0.02857502954743434,0.0835035315767739,0.0544547551690959,1.7588634003303887,1.9056136622860556,1.9768048433233816,2.191986958791224,40.0,20.0,2.0125850781787094,43.067160923831146,0.0,8.214726367730977,8.11667799090579,0.0,39.80093649578274,40.752917032996,38.84543399426217,1.9074830387338295,0.008688216499004009,0.7803717855934262,0.8382640533774025,0.7198451184999736,0.021428163139199524,0.11841893487742894,0,0
em2x3125u_misalignment_timeseries.csv,EMB_COMP_001,EM2X3125U,misalignment,steady_state,2026-01-01 00:05:12.000,2026-01-01 00:05:13.990,312.0,313.99,200,0.047207659544761554,0.028212234866336044,0.04720420076125391,0.028211705465120564,0.083764598415409,0.0544547551690959,1.7743857506001697,1.9301822569921063,1.9737052846565535,2.171041545980415,40.0,20.0,1.9565276993034042,42.620274152532446,0.0,8.042063495057837,7.875988086594267,0.0,40.67783186311326,41.72303372726488,39.72623209486201,1.996801632402864,0.008917321363163628,0.7815032159459662,0.8400649456212398,0.725352573548123,0.019537512178606196,0.1147123720731168,0,0
em2x3125u_misalignment_timeseries.csv,EMB_COMP_001,EM2X3125U,misalignment,steady_state,2026-01-01 00:05:13.000,2026-01-01 00:05:14.990,313.0,314.99,200,0.046865380313817886,0.027980685755051683,0.04686523921377178,0.02798055255689124,0.0841642435893016,0.0534290265411191,1.7958724121243594,1.9094966795612909,1.9902968155445802,2.206909627822551,40.0,20.0,1.8979183661979013,42.03793477857891,0.0,8.029079586695074,7.6301447504433755,0.0,41.5482802550419,42.50004358848901,40.573295695876496,1.9267478926125108,0.008699161843153119,0.7814854307046679,0.8400649456212398,0.7249241977411093,0.018364665312379427,0.11514074788013051,0,0
em2x3125u_misalignment_timeseries.csv,EMB_COMP_001,EM2X3125U,misalignment,steady_state,2026-01-01 00:05:14.000,2026-01-01 00:05:15.990,314.0,315.99,200,0.04661134752700056,0.02823824655037263,0.04660709580489666,0.028238217882107435,0.0841642435893016,0.0534290265411191,1.8056599530950648,1.8920801773513112,1.9841421072913494,2.1867451475323936,40.0,20.0,1.8612387267802124,41.58350558526149,0.0,8.168770229432079,7.779172005728714,0.0,42.414789157428004,43.39403648092559,41.35338339096021,2.0406530899653816,0.008744674003807332,0.7813356497633981,0.8237612575520434,0.7249241977411093,0.01818733694733281,0.09883705981093416,0,0
em2x3125u_misalignment_timeseries.csv,EMB_COMP_001,EM2X3125U,misalignment,steady_state,2026-01-01 00:05:15.000,2026-01-01 00:05:16.990,315.0,316.99,200,0.04670824133528222,0.028552176611435554,0.046702161322898034,0.028551094544191916,0.0852744383025042,0.0522866383038453,1.825682917290445,1.831266281916446,1.9709298713106076,2.119997609711845,40.0,20.0,1.8887452486726561,41.739672358578,0.0,8.468990632259658,7.834501326859741,0.0,43.28911190124185,44.232413400618746,42.29495797355671,1.9374554270620337,0.008753869696968803,0.781160978130315,0.8237612575520434,0.7231211068585557,0.01910606650052424,0.10064015069348775,0,0
em2x3125u_misalignment_timeseries.csv,EMB_COMP_001,EM2X3125U,misalignment,steady_state,2026-01-01 00:05:16.000,2026-01-01 00:05:17.990,316.0,317.99,200,0.04662708646270003,0.028383276675899016,0.0466270532522334,0.028382615102487612,0.0852744383025042,0.0541744878835449,1.8288605351895757,1.9086763132441955,1.9616566054341193,2.1521456956108507,40.0,20.0,1.9107354420942355,41.579217111256796,0.0,8.312152832525015,7.800088721749439,0.0,44.17019309705275,45.15389693418662,43.129382606726125,2.024514327460494,0.008884760961705124,0.7805693034739911,0.8373014991738638,0.7130364843310305,0.021028433682264605,0.12426501484283325,0,0
em2x3125u_misalignment_timeseries.csv,EMB_COMP_001,EM2X3125U,misalignment,steady_state,2026-01-01 00:05:17.000,2026-01-01 00:05:18.990,317.0,318.99,200,0.04643272968489077,0.02824885332741353,0.046432295728989534,0.02824879516930919,0.0815780089194837,0.0555100735780843,1.7569074545714083,1.9650381179973655,1.9690379449070634,2.2305310884169307,40.0,40.0,1.9236217560213194,41.19957585354471,0.0,7.82355906086212,8.136489055831888,0.0,45.053945165036694,46.02004435311165,44.03900772817174,1.981036624939911,0.008638355213437093,0.780728169565083,0.8373014991738638,0.7130364843310305,0.021064345963334962,0.12426501484283325,0,0
em2x3125u_misalignment_timeseries.csv,EMB_COMP_001,EM2X3125U,misalignment,steady_state,2026-01-01 00:05:18.000,2026-01-01 00:05:19.990,318.0,319.99,200,0.046688198106262895,0.02824797955219483,0.04668687288383383,0.02824777702837882,0.0815780089194837,0.0555100735780843,1.7472940106579222,1.9650989011626936,1.9653148830942793,2.2055804346563495,40.0,40.0,1.8089412716356987,41.79063311410561,0.0,7.817043343383626,8.141963983269118,0.0,45.92116760310625,46.87349776089768,44.93088420943231,1.9426135514653708,0.008524800214721559,0.7809043267480179,0.8283489756012824,0.7224924382882264,0.018333340425512566,0.105856537313056,0,0
em2x3125u_misalignment_timeseries.csv,EMB_COMP_001,EM2X3125U,misalignment,shutdown,2026-01-01 00:05:19.000,2026-01-01 00:05:20.990,319.0,320.99,200,0.03559449637083527,0.02144734097169671,0.03558937009129725,0.021447096475566335,0.0811487816985795,0.0516652143103915,2.279812610723427,2.408933320851859,3.022852258986899,3.239584212430153,40.0,40.0,1.0197338216662772,24.312607696999073,0.0,4.018934193415836,5.1853487213252,0.0,46.35292831221884,46.91053359606469,45.77977819449335,1.130755401571335,-0.00014118005007573295,0.601281565176877,0.8283489756012824,0.2730765980176807,0.18985034461907715,0.5552723775836017,0,0
em2x3125u_misalignment_timeseries.csv,EMB_COMP_001,EM2X3125U,misalignment,shutdown,2026-01-01 00:05:20.000,2026-01-01 00:05:21.990,320.0,321.99,200,0.014886187619776824,0.009351034995842944,0.014878453101208264,0.009350253250352946,0.0360736953784233,0.0228457120832081,2.423299793057702,2.443121225978118,2.377164747948624,2.500017124780397,40.0,40.0,0.31805605204079246,4.109644121260996,0.0,0.1956432161828048,1.5570067169709503,0.0,45.85126681397638,46.91053359606469,44.772945961800936,2.1375876342637525,-0.010140239655809723,0.27932878041772635,0.5682394272028436,0.0,0.1631741729233496,0.5682394272028436,0,0
em2x3125u_misalignment_timeseries.csv,EMB_COMP_001,EM2X3125U,misalignment,idle,2026-01-01 00:05:21.000,2026-01-01 00:05:22.990,321.0,322.99,200,0.00746809993197352,0.004611079996309811,0.007461890834760559,0.0046109672246852865,0.0249996241703592,0.016649698905202,3.347521377335507,3.610802440757164,4.749440109346496,6.065936357930328,40.0,40.0,0.15214125663858616,0.9615856588949078,0.0,0.12150612965473682,0.3041734233087408,0.0,44.97022124480531,45.86144094782322,44.29700381746026,1.5644371303629612,-0.0074130125386300824,0.06936803114329006,0.2766236382653884,0.0,0.08943905455861752,0.2766236382653884,0,0
em2x3125u_misalignment_timeseries.csv,EMB_COMP_001,EM2X3125U,misalignment,idle,2026-01-01 00:05:22.000,2026-01-01 00:05:23.990,322.0,323.99,200,0.0014203945913208577,0.001256152389940763,0.0014180705725467555,0.001256021068983622,0.0044981062019603,0.00381254365573,3.1668004295745784,3.035096447103675,3.1092670151335664,2.9968706503038653,20.0,39.0,0.024496381943416502,0.015801034430793334,0.0,0.01732853740216043,0.014604674344197406,0.0,44.409190961722544,44.90982733875907,43.94312785756625,0.9666994811928191,-0.003729730650636657,0.0008572874151821191,0.0070664645198519,0.0,0.0012880190289037633,0.0070664645198519,0,0
em2x3125u_misalignment_timeseries.csv,EMB_COMP_001,EM2X3125U,misalignment,idle,2026-01-01 00:05:23.000,2026-01-01 00:05:24.990,323.0,324.99,200,0.001510609515227986,0.0013096703318784433,0.0015010938840352241,0.0013044511288703119,0.0044981062019603,0.0034367331470526,2.977676333040595,2.6241207908583664,2.961601053301767,2.6955780434753995,49.0,25.5,0.02870980692202263,0.016490299794770246,0.0,0.020951498782229735,0.013312134782246342,0.0,44.03575385094775,44.470283543839706,43.62253407997985,0.8477494638598557,-0.0037696476059063716,0.000727753696376135,0.0070664645198519,0.0,0.001192230276949847,0.0070664645198519,0,0
em2x3125u_misalignment_timeseries.csv,EMB_COMP_001,EM2X3125U,misalignment,idle,2026-01-01 00:05:24.000,2026-01-01 00:05:25.990,324.0,325.99,200,0.0014999958026416513,0.001255969573379752,0.001499007414880454,0.0012341343976988075,0.0041392572649784,0.0033906282693308,2.7595125650943353,2.699610198523191,2.9063958203189744,3.002408192699769,16.0,48.0,0.026993123504593118,0.018040346626562048,0.0,0.017742707330315955,0.012778833594483816,0.0,43.66277902225751,44.06257289796804,43.2471476690101,0.8154252289579418,-0.00368911696838506,0.0006529310161623211,0.0057905014411806,0.0,0.001112720607106909,0.0057905014411806,0,0
em2x3125u_misalignment_timeseries.csv,EMB_COMP_001,EM2X3125U,misalignment,idle,2026-01-01 00:05:25.000,2026-01-01 00:05:26.990,325.0,326.99,200,0.0015524545520803025,0.0012025860204553935,0.0015520577681088531,0.0012009244784787292,0.0041489711902563,0.0033906282693308,2.672523446626275,2.819447600136614,2.9879135469653844,2.7311463664806976,43.5,26.0,0.02642085166608128,0.021841649476788478,0.0,0.017309998584463922,0.011748037142396552,0.0,43.289744492890925,43.72362301082647,42.82968688576457,0.8939361250618987,-0.0037469824412539737,0.0006975438706392667,0.0057905014411806,0.0,0.0011093647589978531,0.0057905014411806,0,0
em2x3125u_misalignment_timeseries.csv,EMB_COMP_001,EM2X3125U,misalignment,idle,2026-01-01 00:05:26.000,2026-01-01 00:05:27.990,326.0,327.99,200,0.0015857479502028647,0.0011989384911135637,0.0015791843902597212,0.0011980106815555173,0.0041489711902563,0.0042452503135409,2.6164127721089105,3.5408407895870853,2.677813786421401,3.3395590017107812,24.0,32.0,0.02479318129932151,0.026543832033376773,0.0,0.015194614324485227,0.013594772856734393,0.0,42.911131108159005,43.37733138929442,42.46630718943016,0.9110241998642579,-0.00376748799386234,0.0007085381552144973,0.0049721830930593,0.0,0.0011107523019815112,0.0049721830930593,0,0
em2x3125u_misalignment_timeseries.csv,EMB_COMP_001,EM2X3125U,misalignment,idle,2026-01-01 00:05:27.000,2026-01-01 00:05:28.990,327.0,328.99,200,0.00157064920157,0.001206808296007952,0.0015706444378276259,0.001199776191316228,0.0041417525861844,0.0042452503135409,2.6369685745514397,3.517750356526325,2.7165958187660832,3.542859883277227,33.5,36.0,0.027561240928269337,0.021971301654684423,0.0,0.013587357082910827,0.015301169921493142,0.0,42.5303659985944,42.974187239460136,42.06981826649753,0.9043689729626081,-0.003828017857792945,0.0007671252159208577,0.0050348124349157,0.0,0.0011709339288654983,0.0050348124349157,0,0
em2x3125u_misalignment_timeseries.csv,EMB_COMP_001,EM2X3125U,misalignment,idle,2026-01-01 00:05:28.000,2026-01-01 00:05:29.990,328.0,329.99,200,0.0015699105092967962,0.0011722534215799158,0.0015607371387342775,0.0011585064884138436,0.0047469542575062,0.0031076470769759,3.0237100964643417,2.651002777869941,3.1480518737398824,2.8120155723318834,12.5,36.5,0.03006413485523325,0.018836063642299887,0.0,0.01647583312519731,0.010416525906619846,0.0,42.15207656146477,42.67152950118325,41.69790545987694,0.9736240413063086,-0.0038037892714632565,0.0006877569198701743,0.0054501088037718,0.0,0.0011194794914880172,0.0054501088037718,0,0
em2x3125u_misalignment_timeseries.csv,EMB_COMP_001,EM2X3125U,misalignment,idle,2026-01-01 00:05:29.000,2026-01-01 00:05:30.990,329.0,330.99,200,0.0591427777464173,0.04180861250397286,0.05913248206991249,0.041794708260216876,0.1807883595453935,0.1206147822026908,3.0568121152602634,2.8849266928250583,5.269858184931654,4.241964135459905,40.0,40.0,12.931108956825499,57.14002550424381,0.0,7.048848882257894,27.903738494072382,0.0,35.128396592310075,42.18094195544128,27.178938749665168,15.00200320577611,-0.10044311503672529,2.505485550003279,6.368986372876334,0.0,2.569271135832135,6.368986372876334,1,0
em2x3125u_misalignment_timeseries.csv,EMB_COMP_001,EM2X3125U,misalignment,startup,2026-01-01 00:05:30.000,2026-01-01 00:05:31.990,330.0,331.99,200,0.08391377614839118,0.05780418065137556,0.08389094881167075,0.057671136458772754,0.1807883595453935,0.1426588951922998,2.154453867332719,2.4679684684520296,2.5849783070552843,2.2209134554224805,40.0,40.0,29.3197002310406,111.55242067946061,0.0,12.823603716284143,53.71958075357111,0.0,29.296226511623264,31.26727396343387,27.178938749665168,4.088335213768701,0.0201436727193824,3.6329174750201,6.368986372876334,0.84801446573411,1.5915814191273878,5.520971907142224,1,0
em2x3125u_misalignment_timeseries.csv,EMB_COMP_001,EM2X3125U,misalignment,startup,2026-01-01 00:05:31.000,2026-01-01 00:05:32.990,331.0,332.99,200,0.06806393643032713,0.044696720890667736,0.06806034867303262,0.04459536883475325,0.1768613165493869,0.1426588951922998,2.598458535092647,3.191708303194243,3.2371309180734507,3.3083350441699406,40.0,40.0,17.49185183992503,75.16338867686615,0.0,9.799882621102986,29.975258376733553,0.0,30.97845037371674,32.25322166480946,29.30197643256643,2.9512452322430285,0.013810621483787155,1.5176595626595901,3.561515566848364,0.7159025787113236,0.9239141220604805,2.8456129881370402,1,0
em2x3125u_misalignment_timeseries.csv,EMB_COMP_001,EM2X3125U,misalignment,steady_state,2026-01-01 00:05:32.000,2026-01-01 00:05:33.990,332.0,333.99,200,0.04736829533175058,0.028357892538503276,0.04736019413847036,0.028357658990595485,0.0885500995024683,0.0514924070900824,1.869395951074344,1.8158051420840935,1.992911585728233,2.1785833089924846,40.0,40.0,2.1323683858308997,42.73309994101949,0.0,8.056755381132522,8.02846262582232,0.0,32.10003472721957,33.141813615314575,31.105754537933752,2.0360590773808234,0.008983795536791775,0.7802277574166513,0.8224643868066868,0.7159025787113236,0.020109146477423633,0.1065618080953632,0,0
em2x3125u_misalignment_timeseries.csv,EMB_COMP_001,EM2X3125U,misalignment,steady_state,2026-01-01 00:05:33.000,2026-01-01 00:05:34.990,333.0,334.99,200,0.04741343819619824,0.02804859078929908,0.04741339142683968,0.028048586062628663,0.0885500995024683,0.0509124623215002,1.867616078295046,1.815152237199881,1.963891049296878,2.163709087536095,40.0,20.0,1.867137964752418,43.09613225186542,0.0,7.9152213932322955,7.8199129397901785,0.0,32.99874037863281,33.988657919652525,32.01254265720121,1.9761152624513159,0.00917493425776404,0.7806317391778899,0.8334397716351593,0.6948944046729771,0.02049658649674359,0.13854536696218211,0,0
em2x3125u_misalignment_timeseries.csv,EMB_COMP_001,EM2X3125U,misalignment,steady_state,2026-01-01 00:05:34.000,2026-01-01 00:05:35.990,334.0,335.99,200,0.047151873815114605,0.027981372928039105,0.04714548657605625,0.027980099085000047,0.0906491309734775,0.051836504165217,1.922492652761125,1.8525361246042915,1.9328392033898545,2.2095484083960395,40.0,40.0,1.5724809538768778,42.88145860035323,0.0,7.560037247686193,8.100077793367088,0.0,33.910161880706276,34.88619795291416,32.94958833647088,1.9366096164432776,0.009159282025128378,0.7802346716710379,0.8391602095877593,0.6948944046729771,0.021852094733151445,0.14426580491478214,0,0
em2x3125u_misalignment_timeseries.csv,EMB_COMP_001,EM2X3125U,misalignment,steady_state,2026-01-01 00:05:35.000,2026-01-01 00:05:36.990,335.0,336.99,200,0.047032001819195667,0.028208662564439616,0.04703189971960237,0.02820855247887639,0.0906491309734775,0.051836504165217,1.9273925724437253,1.8376094239421012,1.9669957397465787,2.206568126871397,40.0,40.0,1.7839261581105859,42.45607737922122,0.0,7.6389151458743205,8.275691330848185,0.0,34.80324440147566,35.770749136234514,33.76166196845751,2.009087167777004,0.008783933756345761,0.781515890968961,0.8391602095877593,0.7276799701958038,0.02225028153523281,0.1114802393919555,0,0
em2x3125u_misalignment_timeseries.csv,EMB_COMP_001,EM2X3125U,misalignment,steady_state,2026-01-01 00:05:36.000,2026-01-01 00:05:37.990,336.0,337.99,200,0.04699511541476034,0.028657384358034128,0.046992581865795385,0.02865738363719727,0.0839979908217203,0.0556942640556717,1.7873770514315623,1.943452457483537,1.9686778236502311,2.2017458011770668,40.0,40.0,1.8259251018579323,42.34013648281421,0.0,8.06241630484535,8.3625932889722,0.0,35.7019390580552,36.69404150089268,34.70234214059393,1.9916993602987532,0.009194474454965327,0.7833149517372116,0.8447291188888888,0.7276799701958038,0.020335732599877743,0.11704914869308503,0,0
em2x3125u_misalignment_timeseries.csv,EMB_COMP_001,EM2X3125U,misalignment,steady_state,2026-01-01 00:05:37.000,2026-01-01 00:05:38.990,337.0,338.99,200,0.04757692737540073,0.028887648157804018,0.04757528243567801,0.028886341818850282,0.0839979908217203,0.0556942640556717,1.7655194535566159,1.9279611739741387,1.9556310285575758,2.1953756378914573,40.0,40.0,1.730930313440168,43.53850199715084,0.0,8.345522080599881,8.34722044834763,0.0,36.59252828203299,37.50038140976133,35.58595008861417,1.9144313211471626,0.008707876824879822,0.7822523321426109,0.8497122144368747,0.732104999599263,0.020637205019079567,0.11760721483761172,0,0
em2x3125u_misalignment_timeseries.csv,EMB_COMP_001,EM2X3125U,misalignment,steady_state,2026-01-01 00:05:38.000,2026-01-01 00:05:39.990,338.0,339.99,200,0.04725275542827648,0.028460915304926754,0.047249158129558586,0.028459900143613562,0.0827499915924165,0.0533616442727292,1.7512204493136956,1.8749096331238504,1.972105127623453,2.156651704504231,40.0,20.0,1.915361672770586,42.73542598987481,0.0,8.295051866295923,7.90640600420624,0.0,37.48731669263313,38.51299648485554,36.438913947639705,2.074082537215837,0.00919828163817362,0.7829975688010413,0.8497122144368747,0.7296482590706974,0.02103006422630531,0.12006395536617731,0,0
em2x3125u_misalignment_timeseries.csv,EMB_COMP_001,EM2X3125U,misalignment,steady_state,2026-01-01 00:05:39.000,2026-01-01 00:05:40.990,339.0,340.99,200,0.04647761965312387,0.02830965447893555,0.04647761964795283,0.028306291663682395,0.0810688663758658,0.0519625462701258,1.744255987740047,1.8355061983815355,1.9271994569605855,2.1589022001665286,40.0,20.0,1.7245672304822803,41.48531807021137,0.0,8.087721304715105,7.938726431400776,0.0,38.401854771008296,39.46157352962564,37.362991004041376,2.0985825255842627,0.008968821135220193,0.783153808644839,0.8366051181537312,0.7296482590706974,0.019867971884855583,0.10695685908303376,0,0
em2x3125u_misalignment_timeseries.csv,EMB_COMP_001,EM2X3125U,misalignment,steady_state,2026-01-01 00:05:40.000,2026-01-01 00:05:41.990,340.0,341.99,200,0.04650643292022229,0.02825346711883222,0.04650562173414625,0.028250594975995726,0.0810688663758658,0.0517659053402433,1.7431753261948157,1.83219656272695,1.923149380800277,2.1593905307367303,40.0,40.0,1.7050800293016346,41.5504813183382,0.0,7.925514215870629,8.038096418883699,0.0,39.30357121050878,40.25996271830069,38.342478067931005,1.917484650369687,0.009095158734167724,0.7814279880048217,0.8373293314318095,0.7337565873428394,0.018736573219433325,0.1035727440889701,0,0
em2x3125u_misalignment_timeseries.csv,EMB_COMP_001,EM2X3125U,misalignment,steady_state,2026-01-01 00:05:41.000,2026-01-01 00:05:42.990,341.0,342.99,200,0.047020469072874535,0.027888388141641584,0.04702046907037875,0.027885653105200317,0.0805312701987817,0.0509586841442989,1.7126853854641593,1.8272366221197947,1.9293303364099508,2.1706072324574217,40.0,20.0,1.7307373248547653,42.488390262054764,0.0,7.848288162044143,7.704584184335924,0.0,40.20747422524217,41.1537339415559,39.09978583100633,2.0539481105495696,0.009100463576004579,0.7818520213606339,0.8373293314318095,0.7354278809853874,0.019835070231171724,0.10190145044642218,0,0
em2x3125u_misalignment_timeseries.csv,EMB_COMP_001,EM2X3125U,misalignment,steady_state,2026-01-01 00:05:42.000,2026-01-01 00:05:43.990,342.0,343.99,200,0.046742511170266114,0.027670494411670788,0.04673961495254125,0.02766838434676046,0.0845308747896429,0.0509586841442989,1.8084367457650574,1.8416253568207182,1.950583151640801,2.1815324618624503,40.0,20.0,1.6842967890404155,42.00753718832141,0.0,7.816567486336033,7.4947918449158655,0.0,41.10224768614788,42.166445911215774,39.92888548208432,2.237560429131456,0.008945104066642595,0.7796573184836848,0.8345365422494667,0.7242126352763472,0.02131499816037496,0.11032390697311956,0,0
em2x3125u_misalignment_timeseries.csv,EMB_COMP_001,EM2X3125U,misalignment,steady_state,2026-01-01 00:05:43.000,2026-01-01 00:05:44.990,343.0,344.99,200,0.046768133054697764,0.027999681824663225,0.046762573531237694,0.027997772410431606,0.0845308747896429,0.0520510113705232,1.8074459951347566,1.8589858162129047,2.0075929777597645,2.183656191168967,40.0,20.0,1.9237467922843172,41.81108221481201,0.0,7.957157553944211,7.7204520965301215,0.0,42.00272325029652,42.96810705521517,41.02687183414896,1.9412352210662078,0.009099057427319035,0.7765841121711028,0.825910556370609,0.7184961926924321,0.020928984079107232,0.1074143636781768,0,0
em2x3125u_misalignment_timeseries.csv,EMB_COMP_001,EM2X3125U,misalignment,steady_state,2026-01-01 00:05:44.000,2026-01-01 00:05:45.990,344.0,345.99,200,0.04719926627242432,0.02805473906668582,0.04719828678555349,0.028052279537353248,0.0822355707087989,0.0520938872658559,1.7423061247213534,1.8568658629128318,1.9930768283610758,2.219148894889643,40.0,40.0,1.9507903752023734,42.60359328572865,0.0,7.713300401704647,8.030269455265493,0.0,42.90284571355438,44.08191818392443,41.91186163502357,2.1700565489008596,0.008915105891006901,0.7783811410907953,0.83124344858464,0.7184961926924321,0.02061353191281601,0.11274725589220791,0,0
em2x3125u_misalignment_timeseries.csv,EMB_COMP_001,EM2X3125U,misalignment,steady_state,2026-01-01 00:05:45.000,2026-01-01 00:05:46.990,345.0,346.99,200,0.04712452530573209,0.027916035754632203,0.04712436719574492,0.02791578813190178,0.0821032734465542,0.0524295144187488,1.7422620793289432,1.8781146033619402,1.9536429431190225,2.1948531985035897,40.0,40.0,1.7606373684599341,42.65348246886154,0.0,7.667058033396785,7.921390568713605,0.0,43.79325670657965,44.94954858708213,42.68556912490798,2.2639794621741487,0.009026278795332809,0.7797407189069204,0.83124344858464,0.7313194034726206,0.019337990884646456,0.09992404511201947,0,0
em2x3125u_misalignment_timeseries.csv,EMB_COMP_001,EM2X3125U,misalignment,steady_state,2026-01-01 00:05:46.000,2026-01-01 00:05:47.990,346.0,347.99,200,0.04709179728554822,0.02787081020212569,0.04709179723531667,0.027869992241018073,0.0821032734465542,0.0524295144187488,1.7434729226559056,1.8811621922189414,1.9460892107521086,2.161825488956901,40.0,40.0,1.667343666645892,42.68974713008881,0.0,7.5879657905571,7.946784205814447,0.0,44.69563720393678,45.693656473874285,43.68104798513196,2.0126084887423232,0.009216937499408856,0.777910084342404,0.8323302109025597,0.7206318285959875,0.020802051118432065,0.11169838230657214,0,0
em2x3125u_misalignment_timeseries.csv,EMB_COMP_001,EM2X3125U,misalignment,steady_state,2026-01-01 00:05:47.000,2026-01-01 00:05:48.990,347.0,348.99,200,0.046607301278579004,0.02823663407856654,0.04660685273239975,0.02823603256637012,0.0818292346933624,0.0538820885266182,1.7557170754053422,1.9082334097150144,1.9520393339979738,2.1790819105072656,40.0,40.0,1.703664322099925,41.74738064052443,0.0,7.6885149251752205,8.2587402720816,0.0,45.588499261485666,46.545456607299705,44.55501449471355,1.9904421125861589,0.008931295284039876,0.7786795144254747,0.8323302109025597,0.7145307751208179,0.022200380510631154,0.11779943578174179,0,0
em2x3125u_misalignment_timeseries.csv,EMB_COMP_001,EM2X3125U,misalignment,steady_state,2026-01-01 00:05:48.000,2026-01-01 00:05:49.990,348.0,349.99,200,0.04623988038724956,0.028689082924681194,0.046239362995843906,0.028686627841800712,0.0811995420604395,0.0540383707849731,1.7560500023012582,1.883586551959245,1.9494865573051967,2.1874497989575046,40.0,20.0,1.839820990796246,40.92462351933704,0.0,8.291296178079854,8.167272666636505,0.0,46.49595653681794,47.537113524014096,45.51412472181892,2.0229888021951723,0.00940558826588355,0.778663150139345,0.8275562993312062,0.7145307751208179,0.020758922453371704,0.11302552421038836,0,0
em2x3125u_misalignment_timeseries.csv,EMB_COMP_001,EM2X3125U,misalignment,shutdown,2026-01-01 00:05:49.000,2026-01-01 00:05:50.990,349.0,350.99,200,0.03516473252913625,0.021627319161720542,0.035164140877372775,0.0216265700535002,0.0811995420604395,0.0540383707849731,2.309118716974754,2.498616235368588,3.0474718574104123,3.4117306049819636,40.0,40.0,1.1542445386695372,23.57689028972507,0.0,4.270741786903879,5.084142395871872,0.0,46.95409272378158,47.537113524014096,46.31789687775543,1.2192166462586655,-0.00023459452072494515,0.5987868739606728,0.8180817951071527,0.2674549766886562,0.1877423032750893,0.5506268184184966,0,0
em2x3125u_misalignment_timeseries.csv,EMB_COMP_001,EM2X3125U,misalignment,shutdown,2026-01-01 00:05:50.000,2026-01-01 00:05:51.990,350.0,351.99,200,0.01467890875786756,0.009132842048305608,0.014678883148581744,0.009132618723162155,0.0328042975432953,0.0249561335562794,2.2347912971196138,2.732570367940333,2.14187689730508,2.2916277532863574,40.0,40.0,0.3116125787171198,4.001428621880286,0.0,0.18545216225541267,1.4826423470188703,0.0,46.44783716936799,47.43773941819831,45.36994506806128,2.067794350137035,-0.009913990188454042,0.27995955523606003,0.5651067400447206,0.0,0.16269200845475226,0.5651067400447206,0,0
em2x3125u_misalignment_timeseries.csv,EMB_COMP_001,EM2X3125U,misalignment,idle,2026-01-01 00:05:51.000,2026-01-01 00:05:52.990,351.0,352.99,200,0.007552994886942772,0.0050109156093461355,0.007550207216334364,0.00500992769286104,0.0219941650246774,0.0161488631439403,2.911979334541822,3.2227370011620557,3.9461475397266583,4.52180413798076,40.0,40.0,0.16964526189486379,0.9727979732145222,0.0,0.12710281033492765,0.37518257547974965,0.0,45.60681938233833,46.47889363048576,44.98889924546003,1.4899943850257245,-0.006952183971201186,0.07007220891887528,0.291069192198022,0.0,0.09028133234501313,0.291069192198022,0,0
em2x3125u_misalignment_timeseries.csv,EMB_COMP_001,EM2X3125U,misalignment,idle,2026-01-01 00:05:52.000,2026-01-01 00:05:53.990,352.0,353.99,200,0.0015870727421319502,0.0012821667397259421,0.0015862609821586063,0.0012821577442025168,0.0047792166460992,0.0034067670931328,3.011340639420958,2.657039047714638,3.0818806213752303,3.019483431976708,17.5,40.5,0.030899490023726692,0.01969493284391842,0.0,0.018929562257388257,0.01420033068694885,0.0,45.073987876648765,45.52171360580192,44.59581672981159,0.9258968759903325,-0.0037560870412539386,0.0007985704040525246,0.0051035535612781,0.0,0.0011210526287787266,0.0051035535612781,0,0
em2x3125u_misalignment_timeseries.csv,EMB_COMP_001,EM2X3125U,misalignment,idle,2026-01-01 00:05:53.000,2026-01-01 00:05:54.990,353.0,354.99,200,0.00152915803607144,0.0012660950312207585,0.0015287475646253974,0.0012657368306738357,0.0044097069473364,0.0034168814273738,2.8837483394884273,2.698755893607189,2.989179417441428,3.13793404999606,25.5,40.0,0.028663020269968604,0.018938322847389565,0.0,0.01991310275731632,0.012522068291786304,0.0,44.70173132870121,45.13265861384384,44.21519877829798,0.9174598355458556,-0.003797015237932433,0.0008708503554818072,0.0061284808006249,0.0,0.0012370058333722276,0.0061284808006249,0,0
em2x3125u_misalignment_timeseries.csv,EMB_COMP_001,EM2X3125U,misalignment,idle,2026-01-01 00:05:54.000,2026-01-01 00:05:55.990,354.0,355.99,200,0.0015132879236502673,0.00122949746553944,0.001503804253065669,0.0012280063859707075,0.0044395017803508,0.0037936543297967,2.9336795139698766,3.0855324521813796,3.2346379394518423,3.512583848532569,29.5,1.5,0.028488151660352942,0.016740822775123815,0.0,0.018125362406978547,0.012133991608678294,0.0,44.33029232671029,44.79557257041032,43.896064078113824,0.8995084922964978,-0.003757887005007619,0.0007513173768908851,0.0061284808006249,0.0,0.0011378004995267965,0.0061284808006249,0,0
em2x3125u_misalignment_timeseries.csv,EMB_COMP_001,EM2X3125U,misalignment,idle,2026-01-01 00:05:55.000,2026-01-01 00:05:56.990,355.0,356.99,200,0.001458927665855042,0.001348459840792107,0.0014567454587999513,0.0013483087138953845,0.0044395017803508,0.0037936543297967,3.0429896452398246,2.813323923364486,3.5871369070661454,2.902692799007623,32.0,43.5,0.023240064468596416,0.019268650512609762,0.0,0.02138391695967101,0.015070685240204698,0.0,43.954980891125366,44.38251792229028,43.46813032431171,0.9143875979785747,-0.0038075508812490705,0.0006394042615278898,0.0047461120906404,0.0,0.0010530641702841178,0.0047461120906404,0,0
em2x3125u_misalignment_timeseries.csv,EMB_COMP_001,EM2X3125U,misalignment,idle,2026-01-01 00:05:56.000,2026-01-01 00:05:57.990,356.0,357.99,200,0.0013715336134624116,0.0013293294445433242,0.001371533475850829,0.0013252697085987459,0.0043870112978493,0.0039201978346001,3.198617412499552,2.9490039889598916,3.184679694868161,2.6959538414766873,31.5,25.5,0.019689018664244905,0.01796386160872011,0.0,0.019813939699898076,0.015314494223229743,0.0,43.57913846923115,44.01226634575589,43.17989681764015,0.8323695281157413,-0.003733392593537487,0.0008835323418303594,0.0056418301684466,0.0,0.0012588442229958007,0.0056418301684466,0,0
em2x3125u_misalignment_timeseries.csv,EMB_COMP_001,EM2X3125U,misalignment,idle,2026-01-01 00:05:57.000,2026-01-01 00:05:58.990,357.0,358.99,200,0.0014398614283222047,0.001175121182823636,0.0014350685093001282,0.0011749284916819241,0.0049839663883729,0.0039201978346001,3.4614208633815933,3.335994527118017,3.210530364139749,3.270730009247665,6.5,35.0,0.02486319880901051,0.016342209778946196,0.0,0.015332362843446913,0.012282272917060575,0.0,43.20360362297079,43.664201769359536,42.75340864922029,0.9107931201392461,-0.0037949171188357187,0.0008415455920815777,0.0056418301684466,0.0,0.001171980845918754,0.0056418301684466,0,0
em2x3125u_misalignment_timeseries.csv,EMB_COMP_001,EM2X3125U,misalignment,idle,2026-01-01 00:05:58.000,2026-01-01 00:05:59.990,358.0,359.99,200,0.0013892227586349596,0.0012222784185144547,0.0013849586470763631,0.0012144669459382648,0.0049839663883729,0.0038380693600183,3.587593391624328,3.1400941895734786,3.2860530272054924,3.0045295670444117,10.5,21.0,0.02223571212392944,0.01615066126256023,0.0,0.016450636233689052,0.013660701768296299,0.0,42.82065489314571,43.22582081473058,42.38394764927304,0.8418731654575424,-0.0038414604662261294,0.0007384912883207831,0.0044481853614301,0.0,0.0010253834434944605,0.0044481853614301,0,0
em2x3125u_misalignment_timeseries.csv,EMB_COMP_001,EM2X3125U,misalignment,idle,2026-01-01 00:05:59.000,2026-01-01 00:06:00.990,359.0,360.99,200,0.060775132069163705,0.03906092552974017,0.06076571045169728,0.03902620672712324,0.1895162187869502,0.1165917429136849,3.1183185019042945,2.984868928026664,5.02435976612417,4.595175733529173,40.0,40.0,17.07601874301369,56.77433036900407,0.0,6.101199338682133,24.364561255320144,0.0,35.60974003131437,42.97831256319829,27.464626029276875,15.513686533921412,-0.10333095021567575,2.5103308415005308,6.371966653752235,0.0,2.5716007731767747,6.371966653752235,1,0
em2x3125u_misalignment_timeseries.csv,EMB_COMP_001,EM2X3125U,misalignment,startup,2026-01-01 00:06:00.000,2026-01-01 00:06:01.990,360.0,361.99,200,0.08611950065420669,0.05597702406953265,0.0861054607483685,0.05595752774501137,0.1895162187869502,0.1381214974705738,2.200619108881153,2.4674676756485705,2.494661966601461,2.3975575740092827,40.0,40.0,31.761868214022762,116.56612645033252,0.0,14.805655786265016,47.81930838001235,0.0,29.603680693152018,31.73013367459032,27.464626029276875,4.265507645313445,0.020106618314746347,3.6297142184930715,6.371966653752235,0.8243029236843475,1.5994786947170259,5.547663730067887,1,0
em2x3125u_misalignment_timeseries.csv,EMB_COMP_001,EM2X3125U,misalignment,startup,2026-01-01 00:06:01.000,2026-01-01 00:06:02.990,361.0,362.99,200,0.06962698641114363,0.0449133569870923,0.06962443366411798,0.04491330835101915,0.1743301813684897,0.1381214974705738,2.503773182700732,3.075287770412457,3.1676916952069796,3.3356043246775324,40.0,40.0,15.631774842621454,81.35211976583555,0.0,12.825087562864878,27.52820404238602,0.0,31.311036802813348,32.57338288043216,29.540578579661904,3.032804300770259,0.014112038930234494,1.5089462946158545,3.604447903705043,0.7255071062696435,0.918946199417723,2.8789407974353995,1,0
em2x3125u_misalignment_timeseries.csv,EMB_COMP_001,EM2X3125U,misalignment,steady_state,2026-01-01 00:06:02.000,2026-01-01 00:06:03.990,362.0,363.99,200,0.0472360019017701,0.028745091715049628,0.04723280819085441,0.028744996232901093,0.080081786729247,0.0551138877017929,1.695354888328219,1.9173321222328112,1.9462037581482412,2.178597054047285,40.0,20.0,1.7092638196745586,42.915116420359695,0.0,8.358104388463497,8.167408497812978,0.0,32.45317052288938,33.440082090306134,31.479800891525784,1.9602811987803506,0.009093255901298745,0.7804740632134579,0.8368376808425062,0.7255071062696435,0.01988462753686077,0.11133057457286266,0,0
em2x3125u_misalignment_timeseries.csv,EMB_COMP_001,EM2X3125U,misalignment,steady_state,2026-01-01 00:06:03.000,2026-01-01 00:06:04.990,363.0,364.99,200,0.04708672777725274,0.028531590028588547,0.04708566710488765,0.028528430584068322,0.0831186233389165,0.0551138877017929,1.7652240294147281,1.9316795049476385,1.9518603144660023,2.188290605884874,40.0,20.0,1.8195200309286932,42.5241409395755,0.0,8.252186581258176,8.025528707978577,0.0,33.36527155759774,34.41046586403067,32.322061621981945,2.0884042420487248,0.00939376607474157,0.780832362040831,0.8368376808425062,0.7353195749072031,0.019477819548073837,0.10151810593530308,0,0
em2x3125u_misalignment_timeseries.csv,EMB_COMP_001,EM2X3125U,misalignment,steady_state,2026-01-01 00:06:04.000,2026-01-01 00:06:05.990,364.0,365.99,200,0.04701705450830325,0.027948937980911706,0.04701645643850361,0.027946845088257018,0.0831186233389165,0.0518321526398653,1.7678398659413614,1.854530310785516,1.970544176961358,2.1976848841500245,40.0,20.0,1.9192312680977819,42.29177506582105,0.0,7.8863168695859205,7.734880869443123,0.0,34.279440315886085,35.22601008910708,33.29237592425872,1.9336341648483568,0.009043251213738219,0.7803383823493735,0.836601352145084,0.7353195749072031,0.018347726459602916,0.1012817772378809,0,0
em2x3125u_misalignment_timeseries.csv,EMB_COMP_001,EM2X3125U,misalignment,steady_state,2026-01-01 00:06:05.000,2026-01-01 00:06:06.990,365.0,366.99,200,0.04673374883290527,0.028010965000849014,0.04673373841657782,0.02801073677774065,0.0840540506459646,0.055024169767866,1.7985728246731638,1.9643796551171375,1.9951156217971229,2.1936776512298026,40.0,20.0,1.903133886610131,41.77864557911938,0.0,7.961963997066388,7.730613996379672,0.0,35.19804551964333,36.17914873475907,34.05734973801831,2.1217989967407576,0.00926157965326811,0.780083068007695,0.836601352145084,0.7286813138295508,0.018687294288771302,0.1079200383155332,0,0
em2x3125u_misalignment_timeseries.csv,EMB_COMP_001,EM2X3125U,misalignment,steady_state,2026-01-01 00:06:06.000,2026-01-01 00:06:07.990,366.0,367.99,200,0.046772727704455445,0.028648378254265524,0.046772618823398684,0.028648288177951724,0.0840540506459646,0.055024169767866,1.7970739525195116,1.920673110341711,1.9977031367664146,2.18496497961579,40.0,20.0,1.9845703936327808,41.770940438451646,0.0,8.361461420261442,8.05355526131463,0.0,36.127671964993006,37.20595882618026,35.08310512873363,2.1228536974466294,0.009118432345469558,0.7793144671871215,0.830287504901172,0.7286813138295508,0.020411233000968882,0.10160619107162117,0,0
em2x3125u_misalignment_timeseries.csv,EMB_COMP_001,EM2X3125U,misalignment,steady_state,2026-01-01 00:06:07.000,2026-01-01 00:06:08.990,367.0,368.99,200,0.04716374183107343,0.028715052034297292,0.04716373981796553,0.028714510658328793,0.0832699641642225,0.0538229950203735,1.76555041927061,1.8743826393240468,1.9518748226085156,2.1626477406908187,40.0,20.0,1.8980433060897544,42.59032927777535,0.0,8.48692388648704,8.004401932785761,0.0,37.03642197871647,37.9898443744595,35.991534369973735,1.9983100044857665,0.00901348466788066,0.7782998389146737,0.8383906877439594,0.7265459288089444,0.020870336797149423,0.111844758935015,0,0
em2x3125u_misalignment_timeseries.csv,EMB_COMP_001,EM2X3125U,misalignment,steady_state,2026-01-01 00:06:08.000,2026-01-01 00:06:09.990,368.0,369.99,200,0.04737814761884458,0.02863858177077736,0.047368793593404304,0.028638403339138495,0.0832333255935182,0.0531004270475182,1.756787248482722,1.8541570065352038,1.9318246681633406,2.1558324551253487,40.0,20.0,1.7314504856405275,43.14501232764663,0.0,8.381486154918617,8.025350157490152,0.0,37.949373419412225,39.00128031993491,36.90329074258264,2.0979895773522657,0.009242321882727169,0.7770939640116075,0.8383906877439594,0.7265459288089444,0.019781054152344168,0.111844758935015,0,0
em2x3125u_misalignment_timeseries.csv,EMB_COMP_001,EM2X3125U,misalignment,steady_state,2026-01-01 00:06:09.000,2026-01-01 00:06:10.990,369.0,370.99,200,0.04697990585469249,0.028538992659420146,0.04696367729231447,0.02853856285309352,0.0832333255935182,0.0589046675012735,1.7716792760495625,2.0640065402529286,1.9415023097750144,2.181359128206304,40.0,20.0,1.7085745457419588,42.4037382883982,0.0,8.199360238035013,8.090736738773533,0.0,38.86138712457649,39.87110579567258,37.80145426201417,2.0696515336584085,0.009010764389744498,0.7785351495444275,0.8242173546030961,0.7248695304727225,0.01977177290149981,0.09934782413037357,0,0
em2x3125u_misalignment_timeseries.csv,EMB_COMP_001,EM2X3125U,misalignment,steady_state,2026-01-01 00:06:10.000,2026-01-01 00:06:11.990,370.0,371.99,200,0.04672598191979221,0.028420043877684972,0.046714131375519406,0.02842003174591407,0.0854987065309365,0.0589046675012735,1.829789402343644,2.07264519909924,1.9611078671424171,2.2011449978181896,40.0,20.0,1.8081472333663042,41.836284834576745,0.0,8.127003500983013,8.02724971260981,0.0,39.77157281430759,40.8102064455444,38.735693413615216,2.074513031929186,0.009266484057444348,0.7810967247168698,0.8431472145265393,0.7248695304727225,0.020898560799833692,0.11827768405381678,0,0
em2x3125u_misalignment_timeseries.csv,EMB_COMP_001,EM2X3125U,misalignment,steady_state,2026-01-01 00:06:11.000,2026-01-01 00:06:12.990,371.0,372.99,200,0.046893376327430784,0.028718913897024325,0.04689050154677426,0.02871700120533079,0.0854987065309365,0.0553954196606395,1.8232576373674998,1.9288828212399505,2.0044541665100764,2.1923588418878808,40.0,20.0,2.073816613369917,41.90062584703689,0.0,8.286942016900305,8.208604683087065,0.0,40.68670663029732,41.67173470964459,39.68213678089561,1.989597928748978,0.00924434438451721,0.7805498801614092,0.8431472145265393,0.7397057321657587,0.02082896050580015,0.10344148236078055,0,0
em2x3125u_misalignment_timeseries.csv,EMB_COMP_001,EM2X3125U,misalignment,steady_state,2026-01-01 00:06:12.000,2026-01-01 00:06:13.990,372.0,373.99,200,0.04693612682019968,0.02855214657325492,0.04693592446240763,0.02855069199144692,0.0892640974834189,0.052402089379209,1.9018206982729289,1.8353117249788344,2.002923146505681,2.1705788345191612,40.0,20.0,2.0553764357366218,42.00626097145252,0.0,8.282434932524483,8.022210908222979,0.0,41.59614799629525,42.57724330931676,40.45759179128627,2.1196515180304942,0.009199937030771488,0.7798620770184305,0.8306939361958167,0.7261698881065026,0.02026462212532644,0.10452404808931404,0,0
em2x3125u_misalignment_timeseries.csv,EMB_COMP_001,EM2X3125U,misalignment,steady_state,2026-01-01 00:06:13.000,2026-01-01 00:06:14.990,373.0,374.99,200,0.04681261747661302,0.02835571269275528,0.04681207391949025,0.028355500378859384,0.0892640974834189,0.0561413060343432,1.9068384186809058,1.9798940214501108,1.986786914541869,2.164563150426666,40.0,20.0,1.8811906138932735,41.94656194828879,0.0,8.14053473170069,7.940564942671411,0.0,42.503997719006335,43.471260863249086,41.5008109416002,1.9704499216488855,0.009002689876496882,0.7815794434906143,0.8276308135425408,0.7261698881065026,0.018999404824272356,0.10146092543603813,0,0
em2x3125u_misalignment_timeseries.csv,EMB_COMP_001,EM2X3125U,misalignment,steady_state,2026-01-01 00:06:14.000,2026-01-01 00:06:15.990,374.0,375.99,200,0.04666600970878792,0.028664574974617846,0.046657023924823314,0.028664566160631087,0.083015878580302,0.0561413060343432,1.7789367271457293,1.9585605606940162,2.0072042902605935,2.1819486777833315,40.0,40.0,2.018645046061137,41.51905775586798,0.0,8.16285284722935,8.270685228100982,0.0,43.42729186867592,44.435240311477074,42.40112466552573,2.0341156459513456,0.009316587147986811,0.7818226164469071,0.8350492594158533,0.7201919900934097,0.018637448922087952,0.11485726932244356,0,0
em2x3125u_misalignment_timeseries.csv,EMB_COMP_001,EM2X3125U,misalignment,steady_state,2026-01-01 00:06:15.000,2026-01-01 00:06:16.990,375.0,376.99,200,0.04724235930444354,0.02849213464178553,0.0472420593287501,0.028491168949817954,0.083015878580302,0.0556014335720783,1.757233969737275,1.9514660544435045,1.9975284160549536,2.17335782076694,40.0,20.0,2.043534067019578,42.592710391329966,0.0,8.248993155448145,7.985995570556209,0.0,44.33954462795629,45.24195031460135,43.368811137460646,1.8731391771407004,0.00882454323143942,0.7799106319387346,0.8395233630959069,0.7163737908414025,0.020254733229941,0.1231495722545044,0,0
em2x3125u_misalignment_timeseries.csv,EMB_COMP_001,EM2X3125U,misalignment,steady_state,2026-01-01 00:06:16.000,2026-01-01 00:06:17.990,376.0,377.99,200,0.047874081802667806,0.028455115167938715,0.047873821203453154,0.028453347230451457,0.0808905785714224,0.051849067352007,1.6896528460816294,1.8221352135108206,1.9624662044983174,2.1474630214447497,40.0,20.0,1.9306658593344124,43.908042702185185,0.0,8.343112418364335,7.857603431617306,0.0,45.250784485625054,46.40119347897028,44.16707529944386,2.234118179526419,0.009312129719857986,0.7797541298681085,0.8395233630959069,0.7163737908414025,0.019345665838924154,0.1231495722545044,0,0
em2x3125u_misalignment_timeseries.csv,EMB_COMP_001,EM2X3125U,misalignment,steady_state,2026-01-01 00:06:17.000,2026-01-01 00:06:18.990,377.0,378.99,200,0.047747175085756426,0.0287712614928589,0.047744835879096614,0.028771260602144737,0.0847496726823066,0.0532080785038705,1.7749672630913085,1.8493481252838664,1.971503471049697,2.144484789124319,40.0,20.0,1.9199382262102116,43.674072164525704,0.0,8.553120523333401,8.005177442678194,0.0,46.16963940950655,47.10132104852205,45.11188085000315,1.9894401985188992,0.00901238258046836,0.779136270486267,0.8232645951847846,0.7340138682035772,0.017829509825131033,0.0892507269812074,0,0
em2x3125u_misalignment_timeseries.csv,EMB_COMP_001,EM2X3125U,misalignment,steady_state,2026-01-01 00:06:18.000,2026-01-01 00:06:19.990,378.0,379.99,200,0.04683140236125664,0.028474298046331184,0.04683130635873243,0.02847383802267736,0.0847496726823066,0.0542796169579649,1.8096761661875738,1.9062670788106975,1.9645527680736388,2.17265408101641,40.0,20.0,1.7364921000692093,42.1269386079448,0.0,8.356865811074815,7.858513867176131,0.0,47.08314238778699,48.17932167166162,45.97780150061298,2.201520171048635,0.009215436091655479,0.7781874523532984,0.8286309210487139,0.7236461134579244,0.019870447222040094,0.10498480759078954,0,0
em2x3125u_misalignment_timeseries.csv,EMB_COMP_001,EM2X3125U,misalignment,shutdown,2026-01-01 00:06:19.000,2026-01-01 00:06:20.990,379.0,380.99,200,0.03486573643329504,0.02163874380226154,0.034864471455575925,0.021638495571899355,0.0806036679097563,0.0542796169579649,2.3118303571177066,2.508445843898385,3.0589575735321315,3.3155379231737174,40.0,40.0,0.9355905376266234,23.387115563908484,0.0,4.137689053629315,5.22764111055455,0.0,47.6109463818451,48.26202308373789,47.00953864499212,1.2524844387457676,0.0007693064985375404,0.6005973611304466,0.8286309210487139,0.278309615091357,0.18866652081909088,0.550321305957357,0,0
em2x3125u_misalignment_timeseries.csv,EMB_COMP_001,EM2X3125U,misalignment,shutdown,2026-01-01 00:06:20.000,2026-01-01 00:06:21.990,380.0,381.99,200,0.014103449195101696,0.009768721627600627,0.01410314142545069,0.009767418088955282,0.0325978016204116,0.0298450202521092,2.311335416568397,3.0551612984635406,2.3920117180887592,2.649541991232575,40.0,40.0,0.28327173303286896,3.6965167943861577,0.0,0.23234686281787778,1.678377345730457,0.0,47.1718951868013,48.26202308373789,46.11866270806319,2.143360375674696,-0.010136989548287016,0.28048750342759854,0.5733078181339254,0.0,0.16279851333675022,0.5733078181339254,0,0
em2x3125u_misalignment_timeseries.csv,EMB_COMP_001,EM2X3125U,misalignment,idle,2026-01-01 00:06:21.000,2026-01-01 00:06:22.990,381.0,382.99,200,0.006989409219966328,0.005159244354448144,0.006988220677612243,0.005159058721151406,0.024150975273639,0.0203026647866775,3.455367186778534,3.9352012410835235,4.670348044414438,5.033233430200317,40.0,40.0,0.14515873333834586,0.8316750440048633,0.0,0.12183890300616129,0.4146039627381943,0.0,46.329430333393375,47.23020935459503,45.72046661759222,1.50974273700281,-0.006942033063802092,0.07019447817963902,0.2820061773833605,0.0,0.0901364552123298,0.2820061773833605,0,0
em2x3125u_misalignment_timeseries.csv,EMB_COMP_001,EM2X3125U,misalignment,idle,2026-01-01 00:06:22.000,2026-01-01 00:06:23.990,382.0,383.99,200,0.0014620461898066147,0.0012665675975509648,0.0014617185582700809,0.001266330977756155,0.0043510340146154,0.0038539289220124,2.9759894351839273,3.0428134506712134,2.720482307375761,3.4741762568787515,23.5,31.5,0.029028148707335118,0.013837601245460933,0.0,0.02129112305322951,0.010861789537927742,0.0,45.804943033364616,46.210459351771945,45.372193299647655,0.8382660521242897,-0.0037236439158406884,0.0007532496030352322,0.006015293852343,0.0,0.0011713930677618542,0.006015293852343,0,0
em2x3125u_misalignment_timeseries.csv,EMB_COMP_001,EM2X3125U,misalignment,idle,2026-01-01 00:06:23.000,2026-01-01 00:06:24.990,383.0,384.99,200,0.0014691184965396576,0.0011660333276150984,0.001467768621688222,0.0011656323345461694,0.0037946691599918,0.0032935622525748,2.58295649325069,2.824586720270819,2.7113609524026043,2.9328473583688,21.5,2.5,0.025916660976410166,0.017771941235523177,0.0,0.01986669057449716,0.007371100159550209,0.0,45.43038391078099,45.860707388728514,44.9873553871905,0.8733520015380165,-0.0038287669160454595,0.0007334556786355991,0.005650805894277,0.0,0.0011752990431412652,0.005650805894277,0,0
em2x3125u_misalignment_timeseries.csv,EMB_COMP_001,EM2X3125U,misalignment,idle,2026-01-01 00:06:24.000,2026-01-01 00:06:25.990,384.0,385.99,200,0.0014285983232368482,0.0011783470181237704,0.0014278407311801677,0.0011774804075505765,0.0045429088139082,0.0031435884038331,3.1799763026566485,2.667795102361693,3.118347157285476,2.7700741331347354,34.0,39.5,0.026847576461412333,0.01421992728608615,0.0,0.017741689475245445,0.009995972807553698,0.0,45.04897243319835,45.46569712192941,44.63384434717308,0.831852774756328,-0.00379745460632867,0.0008179354182724738,0.005650805894277,0.0,0.0012769145403972823,0.005650805894277,0,0
em2x3125u_misalignment_timeseries.csv,EMB_COMP_001,EM2X3125U,misalignment,idle,2026-01-01 00:06:25.000,2026-01-01 00:06:26.990,385.0,386.99,200,0.0013853993876054166,0.001209032275532929,0.0013815154250117964,0.001199361183417275,0.0045674261691988,0.0032535892035532,3.2968299322647563,2.69106893951119,3.495424541169103,2.753600605139014,11.5,18.0,0.02140691035070108,0.016764977959179153,0.0,0.016110816984815212,0.012853950715762529,0.0,44.67626397347363,45.09964563086832,44.27645484630668,0.8231907845616391,-0.0036631044742413696,0.0008181158742787038,0.0055501327120189,0.0,0.0012252807271574452,0.0055501327120189,0,0
em2x3125u_misalignment_timeseries.csv,EMB_COMP_001,EM2X3125U,misalignment,idle,2026-01-01 00:06:26.000,2026-01-01 00:06:27.990,386.0,387.99,200,0.0014532821213543829,0.0011507576317584126,0.0014531526981672158,0.0011455182602088773,0.0052049735619324,0.0032535892035532,3.581530031541045,2.82734531908475,3.73273354120472,2.75596987668096,47.0,30.0,0.01905359476163619,0.02467252282528737,0.0,0.015112735098120358,0.01118296168264314,0.0,44.30407833856429,44.77783087682788,43.85672650820033,0.921104368627546,-0.0037863967839934366,0.0007814157805346493,0.0055501327120189,0.0,0.0011251809985377045,0.0055501327120189,0,0
em2x3125u_misalignment_timeseries.csv,EMB_COMP_001,EM2X3125U,misalignment,idle,2026-01-01 00:06:27.000,2026-01-01 00:06:28.990,387.0,388.99,200,0.0015260946899935464,0.0011514780890287196,0.0015217550667244784,0.001151470714053763,0.0052049735619324,0.0033295658138948,3.410649153070843,2.891558116145583,3.618279150185195,2.844130165224047,48.0,19.5,0.02332147915665187,0.023436420166859498,0.0,0.015673094969021858,0.011111760693856406,0.0,43.92344526619972,44.37284913565853,43.46843401043212,0.9044151252264072,-0.003809728987976664,0.0007351502562366863,0.0055577460550574,0.0,0.001125246842741123,0.0055577460550574,0,0
em2x3125u_misalignment_timeseries.csv,EMB_COMP_001,EM2X3125U,misalignment,idle,2026-01-01 00:06:28.000,2026-01-01 00:06:29.990,388.0,389.99,200,0.0014670573594045531,0.0011484629691481567,0.0014670541103789093,0.001148462102282338,0.0046134186555745,0.0033295658138948,3.1446750367327065,2.8991494748537003,3.211053192592449,2.9166087393379394,29.0,39.5,0.025760487691045785,0.017401909306655423,0.0,0.014381591107311353,0.012280800862407746,0.0,43.54787907929488,44.00637970487227,43.11547515097468,0.8909045538975917,-0.0036791485374908857,0.0008947234783929245,0.0055577460550574,0.0,0.001241670036951443,0.0055577460550574,0,0
em2x3125u_misalignment_timeseries.csv,EMB_COMP_001,EM2X3125U,misalignment,idle,2026-01-01 00:06:29.000,2026-01-01 00:06:30.990,389.0,390.99,200,0.05831868100527664,0.03946704103815863,0.058311286653740586,0.039445142212404416,0.1834416154678221,0.1149467961945758,3.1455035042926367,2.912475654899989,5.136360051318926,4.353971538235078,40.0,40.0,16.90787589706468,51.13107836628721,0.0,6.760621966778807,24.364782479447964,0.0,36.12677392290737,43.59216703414163,27.84023905602212,15.751927978119511,-0.10640483012940093,2.4987417863460464,6.439970991683251,0.0,2.560457142805017,6.439970991683251,1,0
em2x3125u_misalignment_timeseries.csv,EMB_COMP_001,EM2X3125U,misalignment,startup,2026-01-01 00:06:30.000,2026-01-01 00:06:31.990,390.0,391.99,200,0.08118470936089085,0.056208261127146435,0.081178747869306,0.05620826106457181,0.1834416154678221,0.116466977799135,2.2595586892153303,2.0720615700186804,2.5376222876736128,2.189956165411372,40.0,40.0,31.936801904765023,99.93891686348067,0.0,13.414620660006706,49.79963314154019,0.0,29.89813605592378,32.00797666327978,27.84023905602212,4.167737607257656,0.020220063985573803,3.6183983853585118,6.439970991683251,0.7401306921441928,1.5907883107089713,5.6998402995390585,1,0
em2x3125u_misalignment_timeseries.csv,EMB_COMP_001,EM2X3125U,misalignment,startup,2026-01-01 00:06:31.000,2026-01-01 00:06:32.990,391.0,392.99,200,0.06569614631640416,0.04484151510237663,0.06569604520243583,0.04481601084451994,0.1722046036200923,0.116466977799135,2.621228386680776,2.597302466993631,3.036119702941344,2.9952450894843454,40.0,40.0,15.970426187763273,70.35065130401716,0.0,10.641682876242035,29.531355281563584,0.0,31.68466743896592,33.02229097467078,29.875279577640416,3.147011397030365,0.015429335737992662,1.5099681622797305,3.5816913149441825,0.7074806497501945,0.9208112648175003,2.874210665193988,1,0
em2x3125u_misalignment_timeseries.csv,EMB_COMP_001,EM2X3125U,misalignment,steady_state,2026-01-01 00:06:32.000,2026-01-01 00:06:33.990,392.0,393.99,200,0.047589545489122954,0.02860204555098272,0.047589118923126186,0.02860135216584802,0.0857991073729195,0.0566561658526723,1.8028982309261539,1.9808431446514385,1.9505170716898044,2.275256070438103,40.0,40.0,1.8791259255191375,43.41564443537842,0.0,8.057938013990633,8.30318856259256,0.0,32.925169164182414,33.8595206650731,31.913193234422845,1.9463274306502534,0.00928552617391255,0.7805907918764295,0.8384384247851361,0.7074806497501945,0.020929827516832818,0.13095777503494155,0,0
em2x3125u_misalignment_timeseries.csv,EMB_COMP_001,EM2X3125U,misalignment,steady_state,2026-01-01 00:06:33.000,2026-01-01 00:06:34.990,393.0,394.99,200,0.04712545458768847,0.028278499943423303,0.047125439223252054,0.028278476853058645,0.0857991073729195,0.0566561658526723,1.8206531506930974,2.003506761887091,1.9490164779401846,2.2314290300492856,40.0,40.0,1.6483897673961179,42.772325188372236,0.0,7.921252733524107,8.073628882565133,0.0,33.85239439386475,34.98992068328185,32.820566660482406,2.169354022799446,0.009346826383841995,0.7809244380723657,0.8384384247851361,0.7329705636139645,0.021055894173368877,0.10546786117117157,0,0
em2x3125u_misalignment_timeseries.csv,EMB_COMP_001,EM2X3125U,misalignment,steady_state,2026-01-01 00:06:34.000,2026-01-01 00:06:35.990,394.0,395.99,200,0.04644709617502289,0.028282629528239837,0.04644701754131985,0.028282612600611594,0.0817245663187495,0.0537510491413648,1.7595193897761299,1.9004968787536207,1.9779280093779594,2.161760716184867,40.0,40.0,1.8359596460728254,41.31191570429943,0.0,7.945779050231325,8.053849749769377,0.0,34.77867095750166,35.704713961768746,33.737225636338835,1.9674883254299118,0.009229749806877244,0.7796142856252277,0.8337746776321282,0.7326081255393603,0.02055384648371384,0.10116655209276793,0,0
em2x3125u_misalignment_timeseries.csv,EMB_COMP_001,EM2X3125U,misalignment,steady_state,2026-01-01 00:06:35.000,2026-01-01 00:06:36.990,395.0,396.99,200,0.04648269734862479,0.028510426313530537,0.046479716938579316,0.028510139488493513,0.0813235553752217,0.0538050096318356,1.7495446696065649,1.8872046682199455,1.9828265648117978,2.1784700237350627,40.0,40.0,1.9817729282661847,41.23031618388659,0.0,7.9294279087073765,8.328296293987295,0.0,35.69187390456054,36.77337348998056,34.65133083980224,2.122042650178315,0.00900588146332982,0.7796538339571558,0.8510441118195813,0.7326081255393603,0.01898280905117624,0.118435986280221,0,0
em2x3125u_misalignment_timeseries.csv,EMB_COMP_001,EM2X3125U,misalignment,steady_state,2026-01-01 00:06:36.000,2026-01-01 00:06:37.990,396.0,397.99,200,0.046505562158777033,0.02833735762725349,0.04650047720598974,0.028336910046709775,0.08512001393475,0.0538050096318356,1.8303189980617238,1.8987306558212247,1.976289860140978,2.1697603796886282,40.0,40.0,1.8635400769628747,41.385137198139034,0.0,8.01073820531427,8.051092755416699,0.0,36.613298409972046,37.70257957593788,35.562014647010415,2.1405649289274677,0.009336718756327736,0.7788960974619218,0.8510441118195813,0.7306909176284258,0.018207675937830087,0.12035319419115553,0,0
em2x3125u_misalignment_timeseries.csv,EMB_COMP_001,EM2X3125U,misalignment,steady_state,2026-01-01 00:06:37.000,2026-01-01 00:06:38.990,397.0,398.99,200,0.046669216828266885,0.027708112598408104,0.046666573060714554,0.0277076194441317,0.085917693183996,0.0507836465705013,1.8409928218884717,1.8328078605187617,1.985131361891686,2.1339803158578152,40.0,20.0,1.8387354798980304,41.71664572802952,0.0,7.7788274384756,7.578200943144501,0.0,37.54746864548903,38.550553591439936,36.42081141024755,2.129742181192384,0.009340669313636363,0.7774332568765775,0.8169756046558297,0.7243210311810765,0.019445021975772553,0.09265457347475325,0,0
em2x3125u_misalignment_timeseries.csv,EMB_COMP_001,EM2X3125U,misalignment,steady_state,2026-01-01 00:06:38.000,2026-01-01 00:06:39.990,398.0,399.99,200,0.047564636436163404,0.027843285188554317,0.047562759431453695,0.027842949126322583,0.085917693183996,0.0527954526573872,1.806335538784288,1.8961646335860576,1.9913111215800479,2.11456904536644,40.0,20.0,2.0130743594658695,43.23131511099244,0.0,8.008964809739503,7.496118754464526,0.0,38.4640375281698,39.55376390114976,37.47851335074794,2.075250550401819,0.00913079343549245,0.7792413690512661,0.8301574764751952,0.7243210311810765,0.018938603117630737,0.10583644529411873,0,0
em2x3125u_misalignment_timeseries.csv,EMB_COMP_001,EM2X3125U,misalignment,steady_state,2026-01-01 00:06:39.000,2026-01-01 00:06:40.990,399.0,400.99,200,0.047278469101134944,0.02878339558305999,0.047278037904483344,0.028782625477663363,0.0857611437796544,0.0553044807210008,1.8139577150055322,1.9214022390585972,1.9637259689557833,2.146777898920381,40.0,20.0,1.8376333492392272,42.866679227970366,0.0,8.685920823165803,7.883949867969044,0.0,39.383523134438846,40.46393251312531,38.311353590137934,2.1525789229873737,0.009373656914695746,0.7810477943154146,0.831352468951027,0.7447455844557437,0.018310069073504427,0.08660688449528331,0,0
em2x3125u_misalignment_timeseries.csv,EMB_COMP_001,EM2X3125U,misalignment,steady_state,2026-01-01 00:06:40.000,2026-01-01 00:06:41.990,400.0,401.99,200,0.04631377593434293,0.02875550352327337,0.046307621616806606,0.028755497952135944,0.0857611437796544,0.0553044807210008,1.8517415617598167,1.9232659472034601,1.944082217739022,2.183157798389857,40.0,20.0,1.646257509275509,41.24181191056751,0.0,8.371947011160158,8.16563975516109,0.0,40.30944786299213,41.40064995624594,39.304418218440105,2.0962317378058373,0.009168302356864657,0.7822428821671165,0.831352468951027,0.7418394319303435,0.018395356463102197,0.08951303702068347,0,0
em2x3125u_misalignment_timeseries.csv,EMB_COMP_001,EM2X3125U,misalignment,steady_state,2026-01-01 00:06:41.000,2026-01-01 00:06:42.990,401.0,402.99,200,0.04665070534354283,0.02822165837900479,0.0466484475795094,0.02822014280305221,0.0831874570357623,0.0531182314230031,1.7831982694185935,1.8821796617919468,1.960899109171121,2.145143087622397,40.0,40.0,1.8347311973447815,41.686944466428685,0.0,7.993893059415189,7.9358635220619655,0.0,41.234055251978106,42.2842897960906,40.23564744939767,2.0486423466929296,0.00936839503870731,0.7808342454941563,0.8272526767438823,0.731214691952609,0.017527555052827853,0.09603798479127323,0,0
em2x3125u_misalignment_timeseries.csv,EMB_COMP_001,EM2X3125U,misalignment,steady_state,2026-01-01 00:06:42.000,2026-01-01 00:06:43.990,402.0,403.99,200,0.04661690442794104,0.02785278767817119,0.04661621134979689,0.027852572119856374,0.0831874570357623,0.0531182314230031,1.7844912281627556,1.907106464055408,1.9541661895640907,2.145551415956119,40.0,20.0,1.803545625957006,41.65800044052979,0.0,7.91089677509997,7.610020924457704,0.0,42.152739670505504,43.21471064905546,41.0875830345546,2.127127614500864,0.009168888223657714,0.7756955933746174,0.8233871303337243,0.7202140554577344,0.01865903042538976,0.10317307487598992,0,0
em2x3125u_misalignment_timeseries.csv,EMB_COMP_001,EM2X3125U,misalignment,steady_state,2026-01-01 00:06:43.000,2026-01-01 00:06:44.990,403.0,404.99,200,0.046347632105296355,0.02794100147958711,0.04634758523711891,0.027940901023852178,0.0830765566116177,0.0549201636203037,1.7924660406140611,1.9655760607015746,1.9625290449523218,2.18126918375142,40.0,20.0,1.7707133176851826,41.194786503311185,0.0,7.846953853349842,7.771169300019458,0.0,43.07291017243191,44.12675397870543,42.09758601211921,2.029167966586222,0.00927832359987849,0.776705747819299,0.8374599270283428,0.7202140554577344,0.020429832007228747,0.1172458715706084,0,0
em2x3125u_misalignment_timeseries.csv,EMB_COMP_001,EM2X3125U,misalignment,steady_state,2026-01-01 00:06:44.000,2026-01-01 00:06:45.990,404.0,405.99,200,0.04645123691488837,0.028076522601386107,0.04645072339748553,0.028076232853739194,0.0830765566116177,0.0549201636203037,1.788468125484734,1.9560885227856655,1.9581060386946447,2.1777595319108567,40.0,20.0,1.722127661753723,41.43146364775602,0.0,7.950535697098196,7.815675728287073,0.0,43.99978881437862,45.02808322436542,43.0514811650136,1.9766020593518192,0.009215030353452572,0.7783368622079954,0.8374599270283428,0.7249165898077644,0.019872443196797443,0.11254333722057841,0,0
em2x3125u_misalignment_timeseries.csv,EMB_COMP_001,EM2X3125U,misalignment,steady_state,2026-01-01 00:06:45.000,2026-01-01 00:06:46.990,405.0,406.99,200,0.04710592003134162,0.028212228211227017,0.047104703752784034,0.028211542109696012,0.0838815454983498,0.0535021173897189,1.7807007153780194,1.8964158729025098,1.9504201664425604,2.1623719130878793,40.0,20.0,1.7094730598912038,42.668503107259106,0.0,8.01626227829084,7.910198538780152,0.0,44.925335034599335,46.085642173071385,43.912549439916354,2.1730927331550305,0.00941513268243261,0.7780148698747454,0.8277057575572689,0.7023022920320195,0.020240242857838653,0.1254034655252494,0,0
em2x3125u_misalignment_timeseries.csv,EMB_COMP_001,EM2X3125U,misalignment,steady_state,2026-01-01 00:06:46.000,2026-01-01 00:06:47.990,406.0,407.99,200,0.047484513659609734,0.02840110728465259,0.04748207822806864,0.02840106562536783,0.0838815454983498,0.0516587268528862,1.7665032035423232,1.8188983385447643,1.9471933542562772,2.1582581139752803,40.0,20.0,1.713222577986332,43.379936588311175,0.0,8.203753516004964,7.929958630271234,0.0,45.84228383699683,46.86355471398683,44.88546471952664,1.9780899944601913,0.009167074888646397,0.7782170199372499,0.8356427790185913,0.7023022920320195,0.020722978584465226,0.13334048698657175,0,0
em2x3125u_misalignment_timeseries.csv,EMB_COMP_001,EM2X3125U,misalignment,steady_state,2026-01-01 00:06:47.000,2026-01-01 00:06:48.990,407.0,408.99,200,0.04734608150300264,0.028375297830283593,0.04734381976216525,0.028374588713383518,0.0854614567025495,0.0516587268528862,1.8050375868408375,1.8205527625424014,1.9759272296864459,2.163985132994441,40.0,20.0,1.8889910264705405,42.94062846103912,0.0,8.431939926093284,7.670412590425086,0.0,46.75241103068549,47.71333363131155,45.67565883922436,2.037674792087188,0.009248483263907483,0.777897552802365,0.8356427790185913,0.7198869030725993,0.01898714858308214,0.11575587594599202,0,0
em2x3125u_misalignment_timeseries.csv,EMB_COMP_001,EM2X3125U,misalignment,steady_state,2026-01-01 00:06:48.000,2026-01-01 00:06:49.990,408.0,409.99,200,0.04709534785404656,0.028245852316401667,0.04709325689944692,0.028245609140299863,0.0854614567025495,0.0516783216063588,1.8146475309494168,1.8295897403793506,1.9642951479690345,2.1901428916721026,40.0,20.0,1.8941743909968538,42.470684513818036,0.0,8.270884045866467,7.685461187273699,0.0,47.67492237533954,48.66463819554074,46.69011619444708,1.9745220010936606,0.009195125331628987,0.7804100961811465,0.8374102860522005,0.7148557157422628,0.02007479280837173,0.12255457030993766,0,0
em2x3125u_misalignment_timeseries.csv,EMB_COMP_001,EM2X3125U,misalignment,shutdown,2026-01-01 00:06:49.000,2026-01-01 00:06:50.990,409.0,410.99,200,0.03531732578615303,0.02128095305354322,0.03531718210630546,0.02127106625525431,0.0823864606082769,0.0516783216063588,2.3327491188638754,2.428383798241334,3.016030807915189,3.506440094023019,40.0,40.0,1.0091714182070923,23.937151277761778,0.0,4.132385989102351,4.917818620413607,0.0,48.13123734058959,48.68329790393255,47.57230179734079,1.110996106591756,-0.00018740095606102828,0.6013906002456245,0.8374102860522005,0.2803797644818484,0.19043120494642474,0.557030521570352,0,0
em2x3125u_misalignment_timeseries.csv,EMB_COMP_001,EM2X3125U,misalignment,shutdown,2026-01-01 00:06:50.000,2026-01-01 00:06:51.990,410.0,411.99,200,0.014276275774614938,0.009010633376741397,0.014264136669286675,0.009008892183411232,0.0366083629113766,0.0259498992082638,2.5642796125072755,2.8799195487463405,2.4114263982756703,2.7247403864768494,40.0,40.0,0.29594194718840505,3.7892383135721572,0.0,0.23855356055857574,1.3873048847897007,0.0,47.615217314686305,48.68329790393255,46.55579172880177,2.127506175130776,-0.010104002229057375,0.27942383548141736,0.5692317649424767,0.0,0.16416822750370386,0.5692317649424767,0,0
em2x3125u_misalignment_timeseries.csv,EMB_COMP_001,EM2X3125U,misalignment,idle,2026-01-01 00:06:51.000,2026-01-01 00:06:52.990,411.0,412.99,200,0.00697430105373457,0.005009209311115187,0.00697264772499487,0.0050089245355235444,0.0273290838711764,0.0157701029436304,3.918540891856444,3.1482219975590406,5.314987735239042,4.7180933196590065,40.0,40.0,0.1380553288474571,0.8364284832727981,0.0,0.13211448631058523,0.37000229114952693,0.0,46.73604280590472,47.62389263312701,46.12978007683936,1.4941125562876465,-0.007206722525313947,0.06933249323762301,0.2926453178166212,0.0,0.09030630100725681,0.2926453178166212,0,0
em2x3125u_misalignment_timeseries.csv,EMB_COMP_001,EM2X3125U,misalignment,idle,2026-01-01 00:06:52.000,2026-01-01 00:06:53.990,412.0,413.99,200,0.0015062774263335875,0.0010982592934196719,0.0015041653716372453,0.0010982264287647057,0.0037596386420462,0.0026360939468206,2.495980206778703,2.4002473392349284,2.976594891878532,2.6143902412628237,27.5,26.5,0.02658779125406506,0.018667368551577863,0.0,0.013833667791577188,0.010810343794888724,0.0,46.177267378238724,46.57755842147159,45.76515668776333,0.8124017337082634,-0.0037465351819495124,0.0008342735060697422,0.0066477517755269,0.0,0.0012337345969832565,0.0066477517755269,0,0
em2x3125u_misalignment_timeseries.csv,EMB_COMP_001,EM2X3125U,misalignment,idle,2026-01-01 00:06:53.000,2026-01-01 00:06:54.990,413.0,414.99,200,0.0015027505048904573,0.0012098334391668077,0.0015026170912495458,0.0012098287782473381,0.0047187276663746,0.0032473017718224,3.14006060954115,2.6840899471738546,2.9199022736143907,2.868148397861004,3.5,24.0,0.027249814956678317,0.018326526148608847,0.0,0.01644642267802604,0.012851887000963767,0.0,45.80311868528327,46.25882342932167,45.36414491335738,0.8946785159642943,-0.003716139240590694,0.0007965894490204168,0.0066477517755269,0.0,0.0011906958574072364,0.0066477517755269,0,0
em2x3125u_misalignment_timeseries.csv,EMB_COMP_001,EM2X3125U,misalignment,idle,2026-01-01 00:06:54.000,2026-01-01 00:06:55.990,414.0,415.99,200,0.0015290513924771283,0.0011787002464466684,0.001523414242291438,0.0011786989977432332,0.0047187276663746,0.0032473017718224,3.0860490952694932,2.7549852319211574,2.66041354224653,2.925522567090194,3.5,25.5,0.02607222643684655,0.020412100144662233,0.0,0.016869319808031625,0.010919952903162545,0.0,45.429477722478005,45.86321673789658,44.93374601260501,0.9294707252915657,-0.0038188350141293596,0.0007448092597402942,0.0049575469688375,0.0,0.0010397965152615298,0.0049575469688375,0,0
em2x3125u_misalignment_timeseries.csv,EMB_COMP_001,EM2X3125U,misalignment,idle,2026-01-01 00:06:55.000,2026-01-01 00:06:56.990,415.0,416.99,200,0.0015137507350316789,0.0011350115070848114,0.0015136611716435131,0.00112532307730297,0.0047022178476737,0.0037581456907516,3.1063356329767826,3.311108008414914,2.8589403972443312,3.4192172716542375,46.0,38.5,0.02179333195861421,0.024308816199831877,0.0,0.01507943438326571,0.010332893953078926,0.0,45.05482422044065,45.46077271054184,44.59156675654844,0.8692059539934007,-0.0037295592387124638,0.0007195271216646045,0.0049575469688375,0.0,0.0009807477325005577,0.0049575469688375,0,0
em2x3125u_misalignment_timeseries.csv,EMB_COMP_001,EM2X3125U,misalignment,idle,2026-01-01 00:06:56.000,2026-01-01 00:06:57.990,416.0,417.99,200,0.0015103920311506608,0.001186633964548888,0.0015044213265670014,0.0011866325643442386,0.0047022178476737,0.0038581857084205,3.1132432843222917,3.251369692495893,3.2160905870917285,3.7687331701165396,37.0,0.5,0.02341182996878485,0.021956670140684895,0.0,0.01685651778028689,0.01145626357764429,0.0,44.6809596947092,45.09856031279269,44.23314758409356,0.865412728699134,-0.0037454335559716,0.0007488070913406833,0.0047217510027418,0.0,0.0010619978519509738,0.0047217510027418,0,0
em2x3125u_misalignment_timeseries.csv,EMB_COMP_001,EM2X3125U,misalignment,idle,2026-01-01 00:06:57.000,2026-01-01 00:06:58.990,417.0,418.99,200,0.001479886877462414,0.001210126908203111,0.001479731928059331,0.0011972359432012533,0.0045161374780791,0.0038581857084205,3.051677494311588,3.1882488375945868,2.8726702030316873,2.956654391609945,16.0,18.0,0.026693515728833904,0.017284550092987166,0.0,0.018740240067249787,0.00995460477701353,0.0,44.30178779455862,44.77555184701618,43.845493641843234,0.9300582051729478,-0.0037961088518585246,0.000732781454826789,0.004451913374699,0.0,0.001075003660766297,0.004451913374699,0,0
em2x3125u_misalignment_timeseries.csv,EMB_COMP_001,EM2X3125U,misalignment,idle,2026-01-01 00:06:58.000,2026-01-01 00:06:59.990,418.0,419.99,200,0.0014190653629485785,0.0012068154739745965,0.0014102413889454687,0.0012067749959836598,0.0042784933165332,0.0038515410991144,3.0150079258105578,3.1914913109537033,3.168365780821973,2.9756408138013173,23.0,7.0,0.023895808872871113,0.015882177150647204,0.0,0.01667324105137333,0.01265081814306821,0.0,43.93083185340904,44.35669592799189,43.49710118373197,0.8595947442599225,-0.003682473804225102,0.0006675836693798427,0.0041913831145731,0.0,0.0009686982499138296,0.0041913831145731,0,0
em2x3125u_misalignment_timeseries.csv,EMB_COMP_001,EM2X3125U,misalignment,idle,2026-01-01 00:06:59.000,2026-01-01 00:07:00.990,419.0,420.99,200,0.059611454980968655,0.04240702079065259,0.05961132018735529,0.04240689944068734,0.1813069262183807,0.1396021938517792,3.0414779554745666,3.2919594739027387,5.042578927112745,4.690433925390195,40.0,40.0,14.959096046376695,56.206215435050694,0.0,6.934128576460049,29.033751574332392,0.0,36.46641609444745,44.05059344482588,28.089547835593567,15.961045609232311,-0.10721682985202657,2.500620646878348,6.39273724768594,0.0,2.5636937790648955,6.39273724768594,1,0
em2x3125u_misalignment_timeseries.csv,EMB_COMP_001,EM2X3125U,misalignment,startup,2026-01-01 00:07:00.000,2026-01-01 00:07:01.990,420.0,421.99,200,0.08645935674312769,0.0582918909882285,0.08643192392328443,0.05828235278230464,0.1844286958545379,0.1396021938517792,2.1331259310947557,2.3948818864011554,2.4937057584923856,2.246414476768265,40.0,40.0,32.29351237549209,117.38279874619283,0.0,12.135877341833515,55.81618324121253,0.0,30.197548092482183,32.309782470437966,28.089547835593567,4.220234634844399,0.020312575005928722,3.621133965959497,6.39273724768594,0.9072697623636756,1.593050216459589,5.485467485322264,1,0
em2x3125u_misalignment_timeseries.csv,EMB_COMP_001,EM2X3125U,misalignment,startup,2026-01-01 00:07:01.000,2026-01-01 00:07:02.990,421.0,422.99,200,0.07102615611239041,0.044735285085036124,0.07099599811610793,0.044722451924787986,0.1844286958545379,0.1157262346266514,2.5966306773338754,2.5869117500127796,3.2039747705234567,2.9605616719055736,40.0,40.0,18.34576272936602,82.50534986345147,0.0,9.089415820857146,30.93347793595492,0.0,31.98692780223826,33.459947114567065,30.13389984344884,3.326047271118224,0.015342811502938942,1.5121404865848402,3.6284103837496073,0.728316971187783,0.9190136415789214,2.9000934125618243,1,0
em2x3125u_misalignment_timeseries.csv,EMB_COMP_001,EM2X3125U,misalignment,steady_state,2026-01-01 00:07:02.000,2026-01-01 00:07:03.990,422.0,423.99,200,0.04773246671411851,0.028511578996372813,0.04773205004341094,0.028510645855290083,0.0842690681802884,0.0551038644893695,1.7654454919540736,1.9326837176004774,1.983799825071732,2.199471478397651,40.0,40.0,1.8943417197546584,43.67263456751033,0.0,7.770578671943248,8.489310372399263,0.0,33.230665091908214,34.33217795512587,32.23996402082306,2.092213934302812,0.009422037361599512,0.7814683330142939,0.8389834188080079,0.7212262842572662,0.01955991334944596,0.11775713455074166,0,0
em2x3125u_misalignment_timeseries.csv,EMB_COMP_001,EM2X3125U,misalignment,steady_state,2026-01-01 00:07:03.000,2026-01-01 00:07:04.990,423.0,424.99,200,0.04782507553586156,0.028688540768051975,0.04781796559460547,0.02868829288785568,0.0870213185777315,0.0551038644893695,1.8195751413393733,1.920762193340069,1.9776736083221063,2.169951680215078,40.0,40.0,1.9584329013130441,43.77287836512729,0.0,7.979350136324732,8.483891256956301,0.0,34.185150516245834,35.251204334334794,33.04849084390652,2.2027134904282732,0.009607091855348315,0.7809641033141227,0.8515061723625288,0.7212262842572662,0.020326285805839138,0.1302798881052626,0,0
em2x3125u_misalignment_timeseries.csv,EMB_COMP_001,EM2X3125U,misalignment,steady_state,2026-01-01 00:07:04.000,2026-01-01 00:07:05.990,424.0,425.99,200,0.047909210497035316,0.028530419905268157,0.04790853260107609,0.02853010516782862,0.0870213185777315,0.0510772225727479,1.8163797247945985,1.7902723739203175,1.9578271485954775,2.1705995656497556,40.0,40.0,1.8631471341805292,44.047606164030505,0.0,8.079593199747361,8.200099623216094,0.0,35.13293471731911,36.154117359901,34.07972874509036,2.074388614810644,0.009342370427631183,0.7820977100101838,0.8515061723625288,0.7265657080072204,0.019292652861605846,0.12494046435530837,0,0
em2x3125u_misalignment_timeseries.csv,EMB_COMP_001,EM2X3125U,misalignment,steady_state,2026-01-01 00:07:05.000,2026-01-01 00:07:06.990,425.0,426.99,200,0.04766898728216339,0.02828826543500371,0.04766890791911803,0.0282869170018413,0.0851623637168006,0.0523505085466363,1.786536038886363,1.850608644312922,1.950123657872428,2.1821114243725432,40.0,40.0,1.6909585719010116,43.755614467400555,0.0,8.024365474026705,7.979229196168471,0.0,36.072454186935595,37.10034135695986,34.99434101854936,2.106000338410496,0.009523488219231232,0.7819488041619459,0.8262754918303667,0.7409181793613445,0.01702628337446486,0.08535731246902223,0,0
em2x3125u_misalignment_timeseries.csv,EMB_COMP_001,EM2X3125U,misalignment,steady_state,2026-01-01 00:07:06.000,2026-01-01 00:07:07.990,426.0,427.99,200,0.04652374448649865,0.02786313440454308,0.04652294916850011,0.02786306320222211,0.0851623637168006,0.0523505085466363,1.8305139592002315,1.8788449205521027,1.9757144988730877,2.160528197118595,40.0,20.0,1.7817657890266625,41.50617279236257,0.0,7.870768540391817,7.656322332665232,0.0,37.001738350497874,38.06383863213874,35.99762738643088,2.066211245707862,0.00907712546695705,0.7810482364002873,0.8275338350793261,0.731192469660994,0.018095176373896772,0.09634136541833205,0,0
em2x3125u_misalignment_timeseries.csv,EMB_COMP_001,EM2X3125U,misalignment,steady_state,2026-01-01 00:07:07.000,2026-01-01 00:07:08.990,427.0,428.99,200,0.04708121331866569,0.027722488073404963,0.0470780971097336,0.027722359391019667,0.0822879422304054,0.0519767304515107,1.7477872049185648,1.8748941405938806,1.958068523621222,2.1474868641421665,40.0,20.0,1.9145180112744906,42.412597895183424,0.0,7.743378603012461,7.62721098789494,0.0,37.93311509975883,38.92487865322585,36.891443899824914,2.0334347534009396,0.009416860292728837,0.7781733407279252,0.8277297467278095,0.731192469660994,0.019566317427190554,0.09653727706681547,0,0
em2x3125u_misalignment_timeseries.csv,EMB_COMP_001,EM2X3125U,misalignment,steady_state,2026-01-01 00:07:08.000,2026-01-01 00:07:09.990,428.0,429.99,200,0.047594985512791406,0.027820137477148767,0.04759485853061468,0.027819904717394883,0.0822879422304054,0.0509212642468506,1.7289204176412678,1.8303742851262657,1.9371221474686524,2.1648935568634866,40.0,40.0,1.817366766691304,43.48995331498572,0.0,7.717528647076537,7.763708652746109,0.0,38.876955505604634,39.864038143230985,37.844898529771534,2.0191396134594513,0.009255784167642084,0.7777170798031935,0.8277297467278095,0.7107610813497283,0.019276383813258906,0.11696866537808126,0,0
em2x3125u_misalignment_timeseries.csv,EMB_COMP_001,EM2X3125U,misalignment,steady_state,2026-01-01 00:07:09.000,2026-01-01 00:07:10.990,429.0,430.99,200,0.047120058060370174,0.028011644400853283,0.04711687848517718,0.02801164170733722,0.0891243112448828,0.0508710345929828,1.8914304207922839,1.816067413430151,1.9736754254132063,2.1787598897587093,40.0,20.0,1.7977929551900933,42.60318010899253,0.0,7.99086574886312,7.702177991234291,0.0,39.81654531416345,40.8868833374108,38.74501498491668,2.1418683524941216,0.009484767935453562,0.780891833269501,0.8377413475430845,0.7107610813497283,0.018455281104787977,0.12698026619335623,0,0
em2x3125u_misalignment_timeseries.csv,EMB_COMP_001,EM2X3125U,misalignment,steady_state,2026-01-01 00:07:10.000,2026-01-01 00:07:11.990,430.0,431.99,200,0.04713030485516413,0.028476936863990335,0.04712750532882163,0.02847671846458207,0.0891243112448828,0.0528980493789511,1.8910191970701276,1.8575751188268341,1.9537118475565496,2.195085270881015,40.0,20.0,1.678036607694396,42.74202472836059,0.0,8.174254388013118,8.04423067905908,0.0,40.754080940373235,41.86491785058436,39.729500523601565,2.1354173269827967,0.00932848655958715,0.7813666070374862,0.8377413475430845,0.7237273771369561,0.019837017892289584,0.11401397040612837,0,0
em2x3125u_misalignment_timeseries.csv,EMB_COMP_001,EM2X3125U,misalignment,steady_state,2026-01-01 00:07:11.000,2026-01-01 00:07:12.990,431.0,432.99,200,0.04728498603947455,0.028271347479836804,0.04728189129192469,0.02827011331506077,0.0830248705678213,0.0528980493789511,1.7558400143866029,1.8710834146366078,1.937260462553259,2.204468859961369,40.0,40.0,1.6851299964010313,43.03034562759019,0.0,7.835124476802033,8.148869640290899,0.0,41.69219260586471,42.774033875852986,40.65528734943913,2.118746526413858,0.009491811889443683,0.7804436114836198,0.8343382322272591,0.7237273771369561,0.02037811564327595,0.110610855090303,0,0
em2x3125u_misalignment_timeseries.csv,EMB_COMP_001,EM2X3125U,misalignment,steady_state,2026-01-01 00:07:12.000,2026-01-01 00:07:13.990,432.0,433.99,200,0.04747642295039985,0.02815023898223842,0.047476239294149396,0.028142787395043476,0.0830248705678213,0.0523992158390541,1.7487600246244344,1.861412823959176,1.9697632574807886,2.2026231601044004,40.0,40.0,1.910266958667895,43.173128032274796,0.0,7.738933919847651,8.101671393420396,0.0,42.635437716781915,43.78734907960372,41.56887096043796,2.218478119165759,0.009430882138035796,0.7811397783226475,0.8343382322272591,0.7307552034855266,0.019756298162857993,0.10358302874173253,0,0
em2x3125u_misalignment_timeseries.csv,EMB_COMP_001,EM2X3125U,misalignment,steady_state,2026-01-01 00:07:13.000,2026-01-01 00:07:14.990,433.0,434.99,200,0.04722296882125182,0.02844034838527554,0.047222950314808006,0.028440159517896108,0.0828838866296588,0.0518775484647647,1.7551604377816765,1.824082734922591,1.9626740570793437,2.152843984718484,40.0,20.0,1.8052812483792249,42.7976922713228,0.0,8.145196521130721,8.032042839687339,0.0,43.571712851713244,44.68866020273794,42.50287533542097,2.1857848673169755,0.009385365869872037,0.7826202579114826,0.8296975444979343,0.7271486009330307,0.02083811527349668,0.10254894356490363,0,0
em2x3125u_misalignment_timeseries.csv,EMB_COMP_001,EM2X3125U,misalignment,steady_state,2026-01-01 00:07:14.000,2026-01-01 00:07:15.990,434.0,435.99,200,0.04712543534802073,0.028499479522249953,0.04711520094104571,0.02849655103942955,0.084166305811409,0.0518253016777188,1.7860059050880257,1.8184648473056515,1.9548458677233231,2.1439426692538808,40.0,40.0,1.6682291852774256,42.728880822332215,0.0,8.146889473899293,8.095005961948102,0.0,44.51087901025272,45.53269664714869,43.42487032238016,2.1078263247685314,0.00941183927981153,0.7820502374460442,0.8364197366477363,0.7271486009330307,0.020099741844538214,0.10927113571470559,0,0
em2x3125u_misalignment_timeseries.csv,EMB_COMP_001,EM2X3125U,misalignment,steady_state,2026-01-01 00:07:15.000,2026-01-01 00:07:16.990,435.0,436.99,200,0.04689467755534924,0.02862037810599508,0.04689367268459682,0.028619565437425113,0.084166305811409,0.055099204259008,1.7947944244220146,1.925173876283152,1.9682239288290477,2.1991453713084854,40.0,40.0,1.7251729388029533,42.25725976040205,0.0,8.070500190603916,8.311871344873023,0.0,45.45117659617703,46.50470449692146,44.36471261411104,2.1399918828104205,0.009391905399335914,0.7809748921255354,0.8364197366477363,0.7284661678418287,0.019416849062899207,0.10795356880590756,0,0
em2x3125u_misalignment_timeseries.csv,EMB_COMP_001,EM2X3125U,misalignment,steady_state,2026-01-01 00:07:16.000,2026-01-01 00:07:17.990,436.0,437.99,200,0.04696643434527434,0.02851196381956829,0.04696542167854395,0.028511963595727344,0.080949401868071,0.055099204259008,1.7235586008716446,1.932494184114824,1.955754418102564,2.2124835667468243,40.0,40.0,1.8147666272281768,42.30025758242128,0.0,8.116055251392645,8.142597977187355,0.0,46.38619842685563,47.38415497475344,45.2980585650624,2.086096409691045,0.009309447307963035,0.7794190749380416,0.8302240087329027,0.7284661678418287,0.020370224406110755,0.10175784089107398,0,0
em2x3125u_misalignment_timeseries.csv,EMB_COMP_001,EM2X3125U,misalignment,steady_state,2026-01-01 00:07:17.000,2026-01-01 00:07:18.990,437.0,438.99,200,0.04663764000167618,0.028182588108610015,0.04663758422458024,0.028181137941425915,0.0781609896733809,0.0548397878731524,1.6759207728043648,1.9458747955230693,1.9231166924530505,2.194542761949542,40.0,40.0,1.6679980876112808,41.834408619301314,0.0,7.908204408549859,7.985423404034739,0.0,47.32894227334016,48.388271473593576,46.24312719726878,2.1451442763247996,0.009390023952519295,0.7793762078270532,0.8418217930560328,0.7306501823208512,0.02123128251827715,0.11117161073518156,0,0
em2x3125u_misalignment_timeseries.csv,EMB_COMP_001,EM2X3125U,misalignment,steady_state,2026-01-01 00:07:18.000,2026-01-01 00:07:19.990,438.0,439.99,200,0.047007125301611316,0.027816885982333842,0.04700711761217752,0.027814178838481255,0.0814028558279027,0.0519100741521346,1.7317131244592905,1.866135346174336,1.9623687656879483,2.1491182375923388,40.0,20.0,1.8067984320686683,42.38664694755191,0.0,7.931962234553102,7.543042420917387,0.0,48.265070345665045,49.291572282803166,47.23245175617348,2.059120526629684,0.009057809807527026,0.7792054100507538,0.8418217930560328,0.7306501823208512,0.02174618172229196,0.11117161073518156,0,0
em2x3125u_misalignment_timeseries.csv,EMB_COMP_001,EM2X3125U,misalignment,shutdown,2026-01-01 00:07:19.000,2026-01-01 00:07:20.990,439.0,440.99,200,0.03643436508622046,0.02118098636693167,0.03643188123387611,0.02118095874477848,0.0814028558279027,0.0519100741521346,2.2342328632670316,2.450786438972361,3.1125484672439967,3.159590408451625,40.0,40.0,1.1894297155938025,25.35628412923553,0.0,4.048051306464666,4.93152951815196,0.0,48.66579305526719,49.291572282803166,48.09147234469627,1.200099938106895,-0.0010951716369382112,0.5996627993120547,0.8330715597506496,0.2702476913912194,0.18786145813971983,0.5628238683594302,0,0
em2x3125u_misalignment_timeseries.csv,EMB_COMP_001,EM2X3125U,misalignment,shutdown,2026-01-01 00:07:20.000,2026-01-01 00:07:21.990,440.0,441.99,200,0.014761567358696494,0.009748300844292198,0.014760987288558814,0.009747074625473326,0.0337938521513134,0.0209130952130779,2.2893132775229588,2.145306710073775,2.4112756067157957,2.0529800507373066,40.0,40.0,0.27748191523487775,4.0898835960695505,0.0,0.1653541003229867,1.7351215740893464,0.0,48.10323556425413,49.22561367941412,47.0615629776516,2.1640507017625197,-0.010103701711913039,0.2806498645492729,0.57888662176562,0.0,0.16317246838866875,0.57888662176562,0,0
em2x3125u_misalignment_timeseries.csv,EMB_COMP_001,EM2X3125U,misalignment,idle,2026-01-01 00:07:21.000,2026-01-01 00:07:22.990,441.0,442.99,200,0.006914609986803192,0.005284511124943037,0.006914380966383468,0.005276173071603306,0.0249416493921791,0.0172502638212149,3.607094173030906,3.264306463429168,4.583577563179768,4.372822624131129,40.0,40.0,0.1726564368728812,0.7884598942770256,0.0,0.11352453808907391,0.4439272949507811,0.0,47.25833298970848,48.10917911792752,46.6684125279054,1.4407665900221147,-0.006859403267697059,0.07017270269119709,0.2815531686471163,0.0,0.09072711369046277,0.2815531686471163,0,0
em2x3125u_misalignment_timeseries.csv,EMB_COMP_001,EM2X3125U,misalignment,idle,2026-01-01 00:07:22.000,2026-01-01 00:07:23.990,442.0,443.99,200,0.0015434264763908687,0.0013543036781626034,0.0015365573484709127,0.0013535431214591542,0.0054254172670638,0.0038824707194264,3.515177010407736,2.866765247727736,3.5599433743139457,3.076747295723546,46.0,18.5,0.02603157038162873,0.021315826322095204,0.0,0.024738705173314262,0.012219811682458172,0.0,46.729744341223814,47.16446762907986,46.30866158757652,0.8558060415033353,-0.0037469192202759204,0.0007320202651718563,0.0066052553395478,0.0,0.001191660702208819,0.0066052553395478,0,0
em2x3125u_misalignment_timeseries.csv,EMB_COMP_001,EM2X3125U,misalignment,idle,2026-01-01 00:07:23.000,2026-01-01 00:07:24.990,443.0,444.99,200,0.0015708723710575602,0.0012617724094494175,0.0015651602690696447,0.001259720090120212,0.0054254172670638,0.003774185692859,3.4537607045766805,2.99117785790378,3.459132431661979,3.0942622982430885,34.0,19.0,0.024325716325660742,0.024698631334083333,0.0,0.01866429750700975,0.013872749745199127,0.0,46.35304537157028,46.76564280738525,45.89001138519695,0.8756314221882988,-0.0038008419909438475,0.0007987727081934887,0.0051138925432915,0.0,0.00120960262136554,0.0051138925432915,0,0
em2x3125u_misalignment_timeseries.csv,EMB_COMP_001,EM2X3125U,misalignment,idle,2026-01-01 00:07:24.000,2026-01-01 00:07:25.990,444.0,445.99,200,0.001472480615859061,0.0011340669484077256,0.0014724437441810839,0.0011300932451048951,0.0039702980930575,0.0031940152642699,2.6963330113117894,2.8164256693614274,2.965316248148674,2.7821562885091446,23.5,19.0,0.028594798737393075,0.014868135505159981,0.0,0.014030136778506423,0.011516693411649051,0.0,45.97606899797694,46.47698966922629,45.5052984434468,0.9716912257794945,-0.003758920239676689,0.0007900981319689088,0.006221437164617,0.0,0.0012346784137014556,0.006221437164617,0,0
em2x3125u_misalignment_timeseries.csv,EMB_COMP_001,EM2X3125U,misalignment,idle,2026-01-01 00:07:25.000,2026-01-01 00:07:26.990,445.0,446.99,200,0.0015244940849890828,0.0011754708000792696,0.0015237498130021298,0.0011739368955795124,0.0047850662457069,0.0033546754693618,3.1387896436089924,2.8538994495954917,3.0359205023143203,2.8999504959799265,23.5,31.5,0.03043784791077285,0.016017633198372027,0.0,0.01528774085302081,0.012428668269049828,0.0,45.59623075908732,45.986178612437605,45.11471036211089,0.8714682503267142,-0.003805966520484403,0.0007507875901451279,0.006221437164617,0.0,0.0011659471036047334,0.006221437164617,0,0
em2x3125u_misalignment_timeseries.csv,EMB_COMP_001,EM2X3125U,misalignment,idle,2026-01-01 00:07:26.000,2026-01-01 00:07:27.990,446.0,447.99,200,0.0016383009070796383,0.0011818824039850138,0.0016382932308400691,0.0011810035593613467,0.0048340909852258,0.0033546754693618,2.9506734473112357,2.838417306197865,3.1446912057483694,2.8764138377405146,40.5,31.5,0.0291729291858776,0.025225029735819526,0.0,0.014215729208478335,0.013832576376562841,0.0,45.220257348908945,45.708773047281056,44.77629958686717,0.9324734604138882,-0.0037292279330099856,0.0007104646600296743,0.0046402561032206,0.0,0.0010915337697536543,0.0046402561032206,0,0
em2x3125u_misalignment_timeseries.csv,EMB_COMP_001,EM2X3125U,misalignment,idle,2026-01-01 00:07:27.000,2026-01-01 00:07:28.990,447.0,448.99,200,0.0015937525685319322,0.0011686371303220127,0.0015934950101384098,0.0011680975002588204,0.0048340909852258,0.0033748101679244,3.0331502396753285,2.8878169967049447,2.8855385415106225,3.16422004696042,40.5,48.0,0.025609952493676504,0.025578092317531973,0.0,0.015200299120347135,0.012368611513574214,0.0,44.849124175259064,45.33852420752199,44.43067536439562,0.9078488431263736,-0.0037907386703472665,0.0006797287804101889,0.0044925186040627,0.0,0.0010743442249982259,0.0044925186040627,0,0
em2x3125u_misalignment_timeseries.csv,EMB_COMP_001,EM2X3125U,misalignment,idle,2026-01-01 00:07:28.000,2026-01-01 00:07:29.990,448.0,449.99,200,0.001482145778181389,0.0011605477853889234,0.0014815842650367668,0.0011575659328109053,0.0049313506588471,0.0033748101679244,3.3271697908811158,2.9079458945272396,2.8522255585409066,3.3843120327968506,48.0,16.0,0.02527838916320854,0.018887715716821418,0.0,0.016459809906939758,0.010339369543694141,0.0,44.47216381183184,44.95150845108376,44.02357405518216,0.9279343959016018,-0.0038055535603747637,0.000694891929932848,0.0044925186040627,0.0,0.001007460925845995,0.0044925186040627,0,0
