source_file,asset_id,compressor_model,fault_mode,operating_state,start_timestamp,end_timestamp,start_time_s,end_time_s,window_size_samples,radial_rms,axial_rms,radial_std,axial_std,radial_peak,axial_peak,radial_crest_factor,axial_crest_factor,radial_kurtosis,axial_kurtosis,radial_dominant_freq_hz,axial_dominant_freq_hz,radial_energy_0_30hz,radial_energy_30_80hz,radial_energy_80_200hz,axial_energy_0_30hz,axial_energy_30_80hz,axial_energy_80_200hz,temp_mean,temp_max,temp_min,temp_delta,temp_slope,current_mean,current_max,current_min,current_std,current_delta,current_inrush_flag,is_healthy
em2x3125u_unbalance_timeseries.csv,EMB_COMP_001,EM2X3125U,unbalance,startup,2026-01-01 00:00:00.000,2026-01-01 00:00:01.990,0.0,1.99,200,0.08156043122387463,0.05761499330609803,0.08154342096802447,0.05755739599392595,0.1694947216416873,0.124791135974891,2.078148914838894,2.1659489798410334,2.5814147229787943,2.3166719701985112,40.0,40.0,32.637249411043484,100.56757471332283,0.0,13.064181314595618,53.27359378909591,0.0,26.003451373019292,28.031643034149745,23.945675691936327,4.085967342213419,0.02015954447533633,3.6265403054415435,6.49216345423935,0.8582709493355234,1.5934133345601547,5.633892504903827,1,0
em2x3125u_unbalance_timeseries.csv,EMB_COMP_001,EM2X3125U,unbalance,startup,2026-01-01 00:00:01.000,2026-01-01 00:00:02.990,1.0,2.99,200,0.08479298796757175,0.04430121227859547,0.08478423302301757,0.04430121172271039,0.1629259755557866,0.124791135974891,1.9214557649282988,2.816878580886712,2.0887252806283625,3.7118070160256207,40.0,40.0,17.5476574962639,126.28793883093634,0.0,6.873249491936324,32.417642455693716,0.0,27.646904999427843,28.689552345672407,25.913959121426693,2.775593224245714,0.012898639204739559,1.5245088570191883,3.59579940796387,0.7595101990704439,0.9174302318457552,2.8362892088934264,1,0
em2x3125u_unbalance_timeseries.csv,EMB_COMP_001,EM2X3125U,unbalance,steady_state,2026-01-01 00:00:02.000,2026-01-01 00:00:03.990,2.0,3.99,200,0.08849288289628335,0.02140926627567794,0.08849285905985946,0.021409186154776296,0.1451299780393991,0.0417232448627929,1.6400186465785767,1.9488404845612444,1.7336321816945575,2.051668659716752,40.0,40.0,1.8488345770640344,154.77313918996936,0.0,0.7609726553273923,8.406503011640002,0.0,28.63757136927827,29.51947442455804,27.7734975692151,1.745976855342942,0.0071309664133651345,0.8013414409105067,0.8532942874617249,0.7579407129668754,0.019371791275294273,0.09535357449484949,0,0
em2x3125u_unbalance_timeseries.csv,EMB_COMP_001,EM2X3125U,unbalance,steady_state,2026-01-01 00:00:03.000,2026-01-01 00:00:04.990,3.0,4.99,200,0.08934236105712573,0.020978720387126778,0.08934222830284647,0.02097640372091949,0.1451299780393991,0.0417232448627929,1.6244251475132006,1.9888365016007188,1.74009765854983,2.072780795953154,40.0,40.0,1.9816991391277163,157.6657488874252,0.0,0.7694184388479102,8.030838941369742,0.0,29.335687144903133,30.128215462172243,28.44750974960625,1.6807057125659917,0.006844784256466761,0.8018707479657536,0.8607600591251483,0.7532999593979932,0.019239264209451337,0.10746009972715509,0,0
em2x3125u_unbalance_timeseries.csv,EMB_COMP_001,EM2X3125U,unbalance,steady_state,2026-01-01 00:00:04.000,2026-01-01 00:00:05.990,4.0,5.99,200,0.08951791250268198,0.020698391387546058,0.08951757931052345,0.02069809519397785,0.1376301390241168,0.0378211849024815,1.5374592098535962,1.8272523789089232,1.7265960246393306,2.021442895644547,40.0,40.0,1.9209119263271806,158.34757836350408,0.0,0.6623908959169146,7.908494661393106,0.0,30.029682371205794,30.87531915779613,29.22096135846193,1.6543577993341998,0.006927303705863043,0.8011441593612213,0.8647006913343445,0.7339631458373309,0.021798272531122945,0.13073754549701355,0,0
em2x3125u_unbalance_timeseries.csv,EMB_COMP_001,EM2X3125U,unbalance,steady_state,2026-01-01 00:00:05.000,2026-01-01 00:00:06.990,5.0,6.99,200,0.08898863919895368,0.021174058426748507,0.08898851751884003,0.021174048601450418,0.1372110463467392,0.0405557516586994,1.541893971880767,1.9153508902887801,1.723112608266098,2.0421133363354746,40.0,40.0,1.8683946102628106,156.5122025734641,0.0,0.7966149622740054,8.170191728299969,0.0,30.730538821515303,31.66407884319346,29.935637897605,1.72844094558846,0.006978445467890929,0.8000763490523414,0.8647006913343445,0.7339631458373309,0.021349996361450248,0.13073754549701355,0,0
em2x3125u_unbalance_timeseries.csv,EMB_COMP_001,EM2X3125U,unbalance,steady_state,2026-01-01 00:00:06.000,2026-01-01 00:00:07.990,6.0,7.99,200,0.08904719202414091,0.02090805288806695,0.08904700983008645,0.020905839972215203,0.1382232346467686,0.0405557516586994,1.5522469771904313,1.9397192017744593,1.736092056149121,2.12680091802358,40.0,40.0,1.9416838296365877,156.6458359026644,0.0,0.8806811192362649,7.8655479758338505,0.0,31.42377407065072,32.24249187202029,30.580152304844805,1.6623395671754828,0.006944247778899379,0.7985631307525503,0.8434675807235046,0.7498798531448513,0.0188151036069188,0.0935877275786533,0,0
em2x3125u_unbalance_timeseries.csv,EMB_COMP_001,EM2X3125U,unbalance,steady_state,2026-01-01 00:00:07.000,2026-01-01 00:00:08.990,7.0,8.99,200,0.08885257320915746,0.020626308993919932,0.08885105687201435,0.020624875483827184,0.1433262042906163,0.0426156494316235,1.6130788238763645,2.0660821790357846,1.7316186991158036,2.1307773154474083,40.0,40.0,1.9096468578446,155.98173733932913,0.0,0.8098844652122937,7.698208987404909,0.0,32.12766965428118,32.98043852853994,31.263008331010557,1.717430197529385,0.007120494427561852,0.7986559635346253,0.8434675807235046,0.7343505434995128,0.020428501783053936,0.1091170372239918,0,0
em2x3125u_unbalance_timeseries.csv,EMB_COMP_001,EM2X3125U,unbalance,steady_state,2026-01-01 00:00:08.000,2026-01-01 00:00:09.990,8.0,9.99,200,0.08927098418247705,0.02091146416643018,0.08927096267261057,0.02090778315866163,0.1433262042906163,0.0429177967010226,1.6055183619085687,2.0523573270359456,1.7198660163548891,2.102043949862934,40.0,40.0,1.8232141335610215,157.5716098668591,0.0,0.902879490083649,7.840074877490866,0.0,32.82876362002996,33.64351806868251,31.996625879468095,1.646892189214416,0.006767879915313136,0.8009015255572265,0.8425718255486059,0.7343505434995128,0.019749638072551333,0.10822128204909309,0,0
em2x3125u_unbalance_timeseries.csv,EMB_COMP_001,EM2X3125U,unbalance,steady_state,2026-01-01 00:00:09.000,2026-01-01 00:00:10.990,9.0,10.99,200,0.0891604960226531,0.020766048140898326,0.0891604657760491,0.020765777275765108,0.1376597819013473,0.0434735034584043,1.54395486837996,2.0934894864653657,1.7137941889308903,2.1284165635539245,40.0,40.0,1.719594084411814,157.2727974870614,0.0,0.8927835207755636,7.732783905496234,0.0,33.52330033345843,34.34085507359306,32.75449443427682,1.58636063931624,0.006924051986192458,0.8023838120271575,0.8514993975072583,0.7525147137787238,0.018443258281500678,0.09898468372853453,0,0
em2x3125u_unbalance_timeseries.csv,EMB_COMP_001,EM2X3125U,unbalance,steady_state,2026-01-01 00:00:10.000,2026-01-01 00:00:11.990,10.0,11.99,200,0.08908460043373154,0.020683607118994807,0.0890841795323355,0.02068260755589272,0.1402478085295365,0.0434735034584043,1.5743215757460165,2.101833747290644,1.7156135241575823,2.139709695156359,40.0,40.0,1.803125865574511,156.92040691003362,0.0,0.8417654881311092,7.714618421936646,0.0,34.22382592969819,35.12120639499112,33.337793713837115,1.7834126811540045,0.007021103080611849,0.7998616236868178,0.8568302486823501,0.7428067339441491,0.020785025557327315,0.11402351473820105,0,0
em2x3125u_unbalance_timeseries.csv,EMB_COMP_001,EM2X3125U,unbalance,steady_state,2026-01-01 00:00:11.000,2026-01-01 00:00:12.990,11.0,12.99,200,0.08920706003741102,0.0206758709166805,0.08920704074778128,0.020675630817515615,0.1402478085295365,0.0425533557958494,1.572160415002135,2.05811672781914,1.7206517386498803,2.1292239067143353,40.0,40.0,1.8894495642282754,157.26847342729835,0.0,0.7950095259117432,7.754644187620963,0.0,34.91199999618164,35.7969841437127,34.09803395688419,1.6989501868285117,0.00695775557198802,0.7988611295399168,0.8572611973229738,0.7428067339441491,0.021669747763270422,0.1144544633788247,0,0
em2x3125u_unbalance_timeseries.csv,EMB_COMP_001,EM2X3125U,unbalance,steady_state,2026-01-01 00:00:12.000,2026-01-01 00:00:13.990,12.0,13.99,200,0.08893357465955203,0.02048538466371564,0.08893294073050068,0.02048498704174731,0.1446784988452956,0.0425533557958494,1.626815287692433,2.0772544179373527,1.7152484320991843,2.082280873373935,40.0,40.0,1.7132004394729838,156.47006003074546,0.0,0.6708793303216408,7.72486153663871,0.0,35.60682944121693,36.44099092369226,34.76549207938584,1.675498844306425,0.007107273711034339,0.8000245225432073,0.8572611973229738,0.752171754168753,0.020654156940906446,0.10508944315422075,0,0
em2x3125u_unbalance_timeseries.csv,EMB_COMP_001,EM2X3125U,unbalance,steady_state,2026-01-01 00:00:13.000,2026-01-01 00:00:14.990,13.0,14.99,200,0.08894542027326062,0.02079310200925791,0.08894540053972216,0.020791268752107583,0.1446784988452956,0.0411341168761733,1.6265986309448002,1.9782578307872853,1.7336055449378367,2.108429363779032,40.0,40.0,1.950346180739038,156.28120108509412,0.0,0.7799317521863528,7.872281250574166,0.0,36.307903020754246,37.126946681573095,35.5222947059493,1.6046519756237956,0.006971283394370275,0.8018078124885295,0.8535978669231608,0.7539084865924363,0.020428203915114098,0.0996893803307245,0,0
em2x3125u_unbalance_timeseries.csv,EMB_COMP_001,EM2X3125U,unbalance,steady_state,2026-01-01 00:00:14.000,2026-01-01 00:00:15.990,14.0,15.99,200,0.08841181033802002,0.021133975997790412,0.08841150763205417,0.02112909860163056,0.1416714538885812,0.0482284667182094,1.6024041736837704,2.282034706732503,1.7327617460710332,2.145604054531402,40.0,40.0,1.8778259725014974,154.45886522212496,0.0,0.9087757587958668,8.025254821136055,0.0,37.00615742003935,37.76199062871034,36.15109714326171,1.610893485448635,0.007058374704160303,0.8000531735561066,0.8508615497921026,0.740209075559458,0.020382088289189935,0.11065247423264457,0,0
em2x3125u_unbalance_timeseries.csv,EMB_COMP_001,EM2X3125U,unbalance,steady_state,2026-01-01 00:00:15.000,2026-01-01 00:00:16.990,15.0,16.990000000000002,200,0.08854026195227616,0.02074807041924334,0.08853940286009027,0.02074572495124029,0.1378074436080211,0.0482284667182094,1.5564381736559614,2.3244796139441792,1.7275849641762988,2.071797475498946,40.0,40.0,1.8371130639942883,154.94975458611083,0.0,0.8271089959476312,7.784078027351845,0.0,37.71088102884646,38.48457514501946,36.874688085861386,1.6098870591580763,0.0071125516745229374,0.7987321714550656,0.8551426736670941,0.740209075559458,0.020057866529537244,0.11493359810763604,0,0
em2x3125u_unbalance_timeseries.csv,EMB_COMP_001,EM2X3125U,unbalance,steady_state,2026-01-01 00:00:16.000,2026-01-01 00:00:17.990,16.0,17.990000000000002,200,0.0889930120255616,0.020517261139068523,0.08899284234959534,0.020513608861867684,0.1404028614096584,0.0407289555804984,1.5776841148980356,1.9851068475676417,1.7222862217692212,2.047994927557591,40.0,40.0,1.927063572593819,156.47071644579893,0.0,0.7328229969663789,7.684800250739258,0.0,38.41283856169418,39.21034343385564,37.5718830849111,1.638460348944541,0.007022584468067373,0.7976574865907021,0.8551426736670941,0.7495812871220858,0.020421392055189082,0.10556138654500824,0,0
em2x3125u_unbalance_timeseries.csv,EMB_COMP_001,EM2X3125U,unbalance,steady_state,2026-01-01 00:00:17.000,2026-01-01 00:00:18.990,17.0,18.99,200,0.08925217181459458,0.02105063546491939,0.08925049818446719,0.021050559405149865,0.1407725608055506,0.0431283987105917,1.5772452136848882,2.04879319593295,1.7217235052968356,2.138193942940332,40.0,40.0,1.9306810721426046,157.39490206023763,0.0,0.8347368124970381,8.02782372253429,0.0,39.098317812900476,40.027521958642055,38.331932011924174,1.695589946717881,0.006802708069144101,0.7973120092011615,0.8547076105609845,0.7489248412803572,0.0208125826038663,0.10578276928062735,0,0
em2x3125u_unbalance_timeseries.csv,EMB_COMP_001,EM2X3125U,unbalance,steady_state,2026-01-01 00:00:18.000,2026-01-01 00:00:19.990,18.0,19.99,200,0.08887961199834447,0.021173495305031678,0.08887936539179994,0.021172785361142588,0.1407725608055506,0.0431283987105917,1.5838566082868668,2.0369050121045746,1.7310210899054188,2.08278114490583,40.0,40.0,1.9820130470448867,156.01380131049842,0.0,0.8442853319448487,8.129189436244108,0.0,39.79626110774127,40.58427611825584,38.99721096622573,1.5870651520301138,0.007181487939684911,0.797622308187548,0.8998655223828692,0.7480927652249977,0.022180916759904853,0.15177275715787153,0,0
em2x3125u_unbalance_timeseries.csv,EMB_COMP_001,EM2X3125U,unbalance,shutdown,2026-01-01 00:00:19.000,2026-01-01 00:00:20.990,19.0,20.99,200,0.0636592920301007,0.01655651736532802,0.06365802686702585,0.016555676329431793,0.1345086773878998,0.0381145385013753,2.112946485868844,2.302086704610548,3.227950318611539,2.6555111137117837,40.0,40.0,1.136600629673739,79.92325189131252,0.0,0.49182855828829586,5.000430015836,0.0,40.07619488265827,40.58427611825584,39.42460003458523,1.159676083670611,-0.0015655405790308736,0.6072737000945542,0.8998655223828692,0.2715948851458539,0.19760474056956343,0.6282706372370153,0,0
em2x3125u_unbalance_timeseries.csv,EMB_COMP_001,EM2X3125U,unbalance,shutdown,2026-01-01 00:00:20.000,2026-01-01 00:00:21.990,20.000000000000004,21.99,200,0.014052383261184593,0.008927539979595178,0.014051629475211637,0.008926055741084203,0.0342873174725127,0.0220132170991225,2.4399645836034747,2.4657651659288002,2.43236470080993,2.268176296535254,40.0,40.0,0.2214744941011805,3.7275126993480763,0.0,0.21175105811537462,1.3831906935323544,0.0,39.49165786958586,40.51006529554304,38.43207876476786,2.077986530775185,-0.010036063679087173,0.27904032025770464,0.5699695848436322,0.0,0.162857374426147,0.5699695848436322,0,0
em2x3125u_unbalance_timeseries.csv,EMB_COMP_001,EM2X3125U,unbalance,idle,2026-01-01 00:00:21.000,2026-01-01 00:00:22.990,21.000000000000004,22.99,200,0.006565611297333743,0.004802524134028577,0.006565472800461312,0.004802211178491305,0.0201641047523585,0.0145206661703395,3.071169437116545,3.023548818308363,4.700855663945765,4.261552342324747,40.0,40.0,0.1116488698288539,0.7504914375448384,0.0,0.10982828801660408,0.35141673200604767,0.0,38.668033354333495,39.53120470884683,38.10549630498723,1.425708403859602,-0.006512285602118057,0.06968416389624688,0.287092407863156,0.0,0.08956739445226233,0.287092407863156,0,0
em2x3125u_unbalance_timeseries.csv,EMB_COMP_001,EM2X3125U,unbalance,idle,2026-01-01 00:00:22.000,2026-01-01 00:00:23.990,22.000000000000004,23.99,200,0.0016119947487499532,0.0011894945920985747,0.001608546877657172,0.0011893709723845571,0.0044009068286693,0.0036722412496139,2.730099978354181,3.0872282009581236,3.021717560465632,3.08980222082466,48.0,17.5,0.030829663930839492,0.02101892879470077,0.0,0.014565419397313657,0.013774877426693628,0.0,38.15987150111317,38.64408232111182,37.70609018926222,0.9379921318495974,-0.003763489959091877,0.0008614549356637088,0.0064225819415855,0.0,0.001264025857414179,0.0064225819415855,0,0
em2x3125u_unbalance_timeseries.csv,EMB_COMP_001,EM2X3125U,unbalance,idle,2026-01-01 00:00:23.000,2026-01-01 00:00:24.990,23.000000000000004,24.99,200,0.0016982563619853959,0.0011691316891549346,0.001695023843260855,0.0011691315830029106,0.0042463093889445,0.0035198765657234,2.5003936296050315,3.010675870284226,2.6453155216194,3.1717454487698995,48.0,47.0,0.034340291532878424,0.02328075971437003,0.0,0.016109237222170437,0.011270501076174522,0.0,37.78462038252078,38.227581712344445,37.31288984194391,0.9146918704005387,-0.003770118671694342,0.0008887809631827902,0.0051361106347457,0.0,0.0012425908793677997,0.0051361106347457,0,0
em2x3125u_unbalance_timeseries.csv,EMB_COMP_001,EM2X3125U,unbalance,idle,2026-01-01 00:00:24.000,2026-01-01 00:00:25.990,24.000000000000004,25.99,200,0.0014923402106209122,0.0012456422174945791,0.0014919797584383168,0.0012444114907687956,0.0038006163021795,0.0037146009393101,2.546749243323138,2.982076945642913,2.506126834943425,3.2135116213470827,24.5,47.0,0.02790076110034784,0.016906111502479625,0.0,0.021388440085167673,0.009682063609961314,0.0,37.406024409909485,37.887482637863336,36.93484913976365,0.9526334980996864,-0.0038051411610838947,0.0007905949415672442,0.0052609268284218,0.0,0.0011411385513522344,0.0052609268284218,0,0
em2x3125u_unbalance_timeseries.csv,EMB_COMP_001,EM2X3125U,unbalance,idle,2026-01-01 00:00:25.000,2026-01-01 00:00:26.990,25.000000000000004,26.99,200,0.0014198712763997452,0.0012411026354262583,0.001399729251370602,0.0012410349776213487,0.0039301939987529,0.0037146009393101,2.767993172394036,2.9929844907905747,2.8429705367330333,3.242624495878751,25.0,30.0,0.024076668012183344,0.015108387697023449,0.0,0.01897738781773055,0.011904364642227844,0.0,37.03219306529887,37.4176241453919,36.55169001496516,0.8659341304267372,-0.0036903879558099913,0.0007685689596726833,0.0056112589194481,0.0,0.0011734186526542068,0.0056112589194481,0,0
em2x3125u_unbalance_timeseries.csv,EMB_COMP_001,EM2X3125U,unbalance,idle,2026-01-01 00:00:26.000,2026-01-01 00:00:27.990,26.000000000000004,27.99,200,0.0014579293626391329,0.0012069996125495912,0.0014521923146869843,0.0012069741756401105,0.0039301939987529,0.0035383693536807,2.6957369125473214,2.9315414163277715,2.5043005331055053,2.9481678758451197,25.0,30.0,0.024425652068005285,0.018608025191264185,0.0,0.017935152569197522,0.011352579113852006,0.0,36.660222267560705,37.17682138294932,36.22353970565588,0.9532816772934396,-0.0038176761362217586,0.000934483838052246,0.0060978336665914,0.0,0.001298849270662399,0.0060978336665914,0,0
em2x3125u_unbalance_timeseries.csv,EMB_COMP_001,EM2X3125U,unbalance,idle,2026-01-01 00:00:27.000,2026-01-01 00:00:28.990,27.000000000000004,28.99,200,0.0015186092951499012,0.0011335202754055396,0.001514223934760071,0.0011258496508692345,0.0037658900247331,0.0031296476806407,2.4798281142888507,2.760998412243668,2.305908713064533,2.7360144845407577,36.5,6.5,0.023995089768753336,0.022506729826907903,0.0,0.01725800890659599,0.00811560603694044,0.0,36.282899679018875,36.71906017836747,35.82162455226863,0.8974356260988401,-0.0037838315671111446,0.0009225387297893721,0.0060978336665914,0.0,0.001280748956687718,0.0060978336665914,0,0
em2x3125u_unbalance_timeseries.csv,EMB_COMP_001,EM2X3125U,unbalance,idle,2026-01-01 00:00:28.000,2026-01-01 00:00:29.990,28.000000000000004,29.99,200,0.0015249233106608543,0.0011755065748110995,0.0015227454379744293,0.0011707278497639602,0.0046224233126826,0.0030934087720728,3.0312496899790884,2.631553781457923,2.8548022003194884,2.669180755348088,38.5,6.5,0.024002593023211217,0.022377194099678574,0.0,0.01790846508192833,0.009535105967839144,0.0,35.90956213415827,36.32980523776776,35.50071013080661,0.8290951069611481,-0.0037585997085454303,0.0007509950030080073,0.006083984060822,0.0,0.001207700531219406,0.006083984060822,0,0
em2x3125u_unbalance_timeseries.csv,EMB_COMP_001,EM2X3125U,unbalance,idle,2026-01-01 00:00:29.000,2026-01-01 00:00:30.990,29.000000000000004,30.99,200,0.06167395859088433,0.04102824629765732,0.06165373664078952,0.04101073418573137,0.1752898952924872,0.142042485996081,2.8422027594381754,3.462065742843888,5.028169383820369,4.563711729555178,40.0,40.0,18.818427836813452,57.20538251746629,0.0,6.655909933248234,26.993800574175125,0.0,30.506692053240023,36.011985240212645,24.23988299548324,11.772102244729407,-0.07619582388613906,2.505191186499311,6.545962254349787,0.0,2.569412910314974,6.545962254349787,1,0
em2x3125u_unbalance_timeseries.csv,EMB_COMP_001,EM2X3125U,unbalance,startup,2026-01-01 00:00:30.000,2026-01-01 00:00:31.990,30.000000000000004,31.99,200,0.08516288174796575,0.057657866972461336,0.08515894812155271,0.05764545673596578,0.1752898952924872,0.142042485996081,2.0582898522768023,2.4635404230947984,2.494564128547291,2.293956370851519,40.0,40.0,34.60090326382319,110.45499513753502,0.0,13.692211278757483,52.782571065564085,0.0,26.299522226216936,28.32117339223226,24.23988299548324,4.081290396749022,0.020251885209238304,3.6211481174604283,6.545962254349787,0.8042642600217471,1.6076915728528496,5.74169799432804,1,0
em2x3125u_unbalance_timeseries.csv,EMB_COMP_001,EM2X3125U,unbalance,startup,2026-01-01 00:00:31.000,2026-01-01 00:00:32.990,31.000000000000004,32.99,200,0.08613745179304874,0.04302775398165619,0.0860831405353433,0.04302744182890038,0.1693666984452509,0.136835695671393,1.9662376227725689,3.1801728653958907,2.0671870053748584,3.7426951594637208,40.0,40.0,16.28752720393359,131.93339480119832,0.0,7.387295245482138,29.64001076067527,0.0,27.977123249302693,29.133835068521968,26.28807978512266,2.8457552833993063,0.01344503087096486,1.5155163083529042,3.588002939784813,0.7337706272994093,0.9174197008340212,2.8542323124854034,1,0
em2x3125u_unbalance_timeseries.csv,EMB_COMP_001,EM2X3125U,unbalance,steady_state,2026-01-01 00:00:32.000,2026-01-01 00:00:33.990,32.0,33.99,200,0.08921846363795703,0.020766656237072734,0.08921431608263754,0.02076659643115187,0.1401903520247022,0.0402023530715619,1.571315468887538,1.9359088248300882,1.7366373915779327,2.1181190152431224,40.0,40.0,1.9639917787498058,157.22077111340238,0.0,0.8100000879907764,7.815145508298483,0.0,29.005638160745047,29.883905272123897,28.14676746730111,1.7371378048227868,0.007136882703527607,0.7999877876237838,0.8607572131230496,0.7337706272994093,0.02113875049474523,0.1269865858236403,0,0
em2x3125u_unbalance_timeseries.csv,EMB_COMP_001,EM2X3125U,unbalance,steady_state,2026-01-01 00:00:33.000,2026-01-01 00:00:34.990,33.0,34.99,200,0.08905535567118704,0.02093701079952243,0.08905508646494827,0.02093647981542567,0.1401903520247022,0.0402023530715619,1.574193387563544,1.9201572495954824,1.7439600110740194,2.1200420170151713,40.0,40.0,2.1062362791865317,156.51034849966473,0.0,0.8562914975679149,7.911137122913748,0.0,29.718562197405944,30.518585109953925,28.95350005977445,1.5650850501794764,0.006934874097979647,0.8022837087935616,0.8540946187189168,0.7524418017898207,0.020487813464200703,0.10165281692909611,0,0
em2x3125u_unbalance_timeseries.csv,EMB_COMP_001,EM2X3125U,unbalance,steady_state,2026-01-01 00:00:34.000,2026-01-01 00:00:35.990,34.0,35.99,200,0.08894382721827666,0.020801157980068433,0.0889438264075113,0.020799044227923384,0.144648065664875,0.0429346764209817,1.6262856028209223,2.0640522254636733,1.725419794632028,2.049735318115818,40.0,40.0,1.9128370600268885,156.30746885112606,0.0,0.7341943185897839,7.922040424451772,0.0,30.421455521300977,31.23653356638291,29.614749590605708,1.621783975777202,0.007001305473686038,0.8002141139754804,0.8504829636022293,0.7487656954953744,0.01927104251169502,0.10171726810685489,0,0
em2x3125u_unbalance_timeseries.csv,EMB_COMP_001,EM2X3125U,unbalance,steady_state,2026-01-01 00:00:35.000,2026-01-01 00:00:36.990,35.0,36.99,200,0.08901555718269373,0.02085088841168627,0.089015106630173,0.020847110167702698,0.144648065664875,0.0429346764209817,1.624975119438979,2.0591293557025683,1.7110148404282277,2.0506793838600674,40.0,40.0,1.6900728681891104,156.78401059487706,0.0,0.7948853517998005,7.897330126368657,0.0,31.127417814625602,31.970438326833527,30.32702948929344,1.6434088375400862,0.007092352757495176,0.8000119261052382,0.8488145278012411,0.7487656954953744,0.01846010955784896,0.1000488323058667,0,0
em2x3125u_unbalance_timeseries.csv,EMB_COMP_001,EM2X3125U,unbalance,steady_state,2026-01-01 00:00:36.000,2026-01-01 00:00:37.990,36.0,37.99,200,0.08873606252071238,0.02096506746227819,0.08873605204168415,0.020963425050958946,0.13781601923938,0.0401637891362676,1.553100456843142,1.9157481466984587,1.7261734056564333,2.0553925219925344,40.0,40.0,1.8581451064586454,155.62411242891656,0.0,0.8451020369870684,7.944225889549646,0.0,31.842177345530317,32.66583826605036,31.000137046276294,1.6657012197740642,0.007179907682539087,0.8005974063242535,0.8496950856418904,0.7377193685381032,0.018671780442997287,0.11197571710378729,0,0
em2x3125u_unbalance_timeseries.csv,EMB_COMP_001,EM2X3125U,unbalance,steady_state,2026-01-01 00:00:37.000,2026-01-01 00:00:38.990,37.0,38.99,200,0.0884559889164094,0.020989757023826876,0.08845598108128104,0.020989453230069458,0.1362137404619779,0.0401637891362676,1.5399041052008293,1.9134947150972257,1.7234120619163995,2.091211131982643,40.0,40.0,1.7349080205766785,154.75480747128609,0.0,0.867598896319122,7.943544994594943,0.0,32.55867552809318,33.40154407665842,31.729761722837782,1.6717823538206353,0.007101021502808164,0.7993510785009457,0.8650501289700177,0.7377193685381032,0.020098248053931466,0.1273307604319145,0,0
em2x3125u_unbalance_timeseries.csv,EMB_COMP_001,EM2X3125U,unbalance,steady_state,2026-01-01 00:00:38.000,2026-01-01 00:00:39.990,38.0,39.99,200,0.08936091870093471,0.021032335539341574,0.08936087613192827,0.021032332907385334,0.1461907157540803,0.0399760991314581,1.6359580662251088,1.9006970983646436,1.739183472819819,2.10600391503559,40.0,40.0,2.0176185924736854,157.6900707476447,0.0,0.8828419142102083,7.964408068763888,0.0,33.27851495025529,34.09712134659155,32.26036906610214,1.8367522804894065,0.007147644551311614,0.8007162584320824,0.8650501289700177,0.7535147202228851,0.021652048949369333,0.11153540874713253,0,0
em2x3125u_unbalance_timeseries.csv,EMB_COMP_001,EM2X3125U,unbalance,steady_state,2026-01-01 00:00:39.000,2026-01-01 00:00:40.990,39.0,40.99,200,0.08906350948671284,0.02108812830164175,0.08906344521910944,0.021088127616294652,0.1461907157540803,0.0413569721105886,1.6414210106540899,1.961149492217803,1.752498850583606,2.09420631308603,40.0,40.0,2.250369164953822,156.3974399152406,0.0,0.8387033094203385,8.055485636293094,0.0,33.99846388530852,34.85422952891157,33.15271003365095,1.7015194952606194,0.007103222317033654,0.8017477423705445,0.8570221915402291,0.7403111041583006,0.021479799102829156,0.11671108738192848,0,0
em2x3125u_unbalance_timeseries.csv,EMB_COMP_001,EM2X3125U,unbalance,steady_state,2026-01-01 00:00:40.000,2026-01-01 00:00:41.990,40.0,41.99,200,0.08838143250377903,0.020918116958581322,0.08838122447872601,0.020918114983605195,0.1430814772419662,0.0427541058629677,1.618908781953136,2.04387928165917,1.734039640970075,2.12063905918193,40.0,40.0,1.9125986034468947,154.31924023909318,0.0,0.8382261467771701,7.913304892476745,0.0,34.70228503226098,35.460006314836484,33.86229667559587,1.5977096392406125,0.007015860909711106,0.8024604457956744,0.8496439568140901,0.7403111041583006,0.018930643606821708,0.10933285265578951,0,0
em2x3125u_unbalance_timeseries.csv,EMB_COMP_001,EM2X3125U,unbalance,steady_state,2026-01-01 00:00:41.000,2026-01-01 00:00:42.990,41.0,42.99,200,0.08927213784034002,0.02149781401914464,0.08926932616840141,0.0214976487443879,0.1363024989376967,0.0427541058629677,1.5268201505543506,1.9887652681753363,1.7074106528256756,2.110533894674006,40.0,40.0,1.5800625432144348,157.80261919917342,0.0,0.8296699305345254,8.417520756630607,0.0,35.40344085075604,36.30586318855806,34.62408395814921,1.68177923040885,0.007076825627347086,0.7993512150482832,0.8454513962719186,0.7379796629015648,0.018422364411337336,0.10747173337035376,0,0
em2x3125u_unbalance_timeseries.csv,EMB_COMP_001,EM2X3125U,unbalance,steady_state,2026-01-01 00:00:42.000,2026-01-01 00:00:43.990,42.0,43.99,200,0.08906495323825248,0.02155159240950302,0.0890649460293614,0.021551544104344702,0.1377556206536087,0.0398614190273124,1.5466871720586508,1.8495811478754485,1.7211891821620997,2.1100361445113847,40.0,40.0,1.8323693611326237,156.81964080612948,0.0,0.8511950838362828,8.441167072513341,0.0,36.11580455940807,36.99071470144664,35.35248411695853,1.638230584488113,0.007270110001820707,0.7964104045625041,0.8350349314304942,0.7379796629015648,0.01947884783525244,0.09705526852892943,0,0
em2x3125u_unbalance_timeseries.csv,EMB_COMP_001,EM2X3125U,unbalance,steady_state,2026-01-01 00:00:43.000,2026-01-01 00:00:44.990,43.0,44.99,200,0.08871829887508127,0.02123243582071464,0.08871740362303439,0.021232274083571992,0.1377556206536087,0.041338898023211,1.5527306361855948,1.946969173592426,1.7288778003973424,2.1632240413379167,40.0,40.0,1.9160154992616552,155.50190459066667,0.0,0.9030798070026409,8.113172151570232,0.0,36.82886428389143,37.65760174514768,36.0058387323409,1.6517630128067822,0.007171253339034812,0.7973354168178065,0.8372702209518968,0.7457640702059724,0.01857055229640509,0.0915061507459245,0,0
em2x3125u_unbalance_timeseries.csv,EMB_COMP_001,EM2X3125U,unbalance,steady_state,2026-01-01 00:00:44.000,2026-01-01 00:00:45.990,44.0,45.99,200,0.08821918348004323,0.021466164662470553,0.08821889106254688,0.021466147612617403,0.1375526973421442,0.041338898023211,1.5592152626674571,1.92577009788265,1.710873053714549,2.0804617569611823,40.0,40.0,1.6357517623614222,154.01570727461637,0.0,0.7699518240930433,8.446343220316198,0.0,37.53967234496115,38.3039875506628,36.758496337450666,1.5454912132121308,0.0071322760677809734,0.7990358169846534,0.8565604800578852,0.7562490372541817,0.019239296207154474,0.10031144280370352,0,0
em2x3125u_unbalance_timeseries.csv,EMB_COMP_001,EM2X3125U,unbalance,steady_state,2026-01-01 00:00:45.000,2026-01-01 00:00:46.990,45.0,46.99,200,0.08839631950338576,0.0211559428467587,0.08839625504997772,0.021155869137379473,0.1381464000570607,0.0410234656726368,1.5628071489081556,1.9390989080367083,1.7237881573202312,2.0279784869601074,40.0,40.0,1.8305977467568737,154.44758448756374,0.0,0.7012942758981167,8.25398761178238,0.0,38.25771520696324,39.09119366146583,37.38353837614821,1.707655285317621,0.007266617883187169,0.7999832918183688,0.8565604800578852,0.7593006812458387,0.019503778645526968,0.0972597988120465,0,0
em2x3125u_unbalance_timeseries.csv,EMB_COMP_001,EM2X3125U,unbalance,steady_state,2026-01-01 00:00:46.000,2026-01-01 00:00:47.990,46.0,47.99,200,0.08920604505494772,0.021129215141395926,0.08920602556676752,0.021129198781468878,0.1381464000570607,0.0410234656726368,1.5486215084635515,1.9415517991609859,1.7276988736127281,2.081592541329196,40.0,40.0,1.9628217921781832,157.1925698403112,0.0,0.8361557441208596,8.095650077028957,0.0,38.969121140006266,39.796392938205415,38.1267976374744,1.669595300731018,0.007041157174602296,0.7987410152486675,0.8434710277741829,0.7540869610865131,0.01907210734145199,0.08938406668766985,0,0
em2x3125u_unbalance_timeseries.csv,EMB_COMP_001,EM2X3125U,unbalance,steady_state,2026-01-01 00:00:47.000,2026-01-01 00:00:48.990,47.0,48.99,200,0.08901624909025335,0.02128641137756555,0.08901388813781967,0.021286259907322195,0.1376299103902826,0.0419903194504333,1.546121205924325,1.9726349691187628,1.7216376409122711,2.053283588321648,40.0,40.0,1.9123278990548804,156.5571909163222,0.0,0.8489702021689998,8.213607908772845,0.0,39.679689743579345,40.6396282136163,38.85954934783173,1.7800788657845672,0.00724482567299494,0.7986101127335727,0.8434710277741829,0.7521596357579566,0.0193714293993268,0.09131139201622629,0,0
em2x3125u_unbalance_timeseries.csv,EMB_COMP_001,EM2X3125U,unbalance,steady_state,2026-01-01 00:00:48.000,2026-01-01 00:00:49.990,48.0,49.99,200,0.08799536812656035,0.021115784161280463,0.08799490520335575,0.021115285467092595,0.1376299103902826,0.0427544454815114,1.5640585785417114,2.0247623841462286,1.7125034560685906,2.084572684290283,40.0,40.0,1.6948237194202336,153.16727745572246,0.0,0.8399358258885576,8.077182654448828,0.0,40.385380560949336,41.178219356141256,39.56057165431002,1.6176477018312383,0.007038085786781102,0.8013692851093185,0.845236940299474,0.7521596357579566,0.018968898281085035,0.09307730454151741,0,0
em2x3125u_unbalance_timeseries.csv,EMB_COMP_001,EM2X3125U,unbalance,shutdown,2026-01-01 00:00:49.000,2026-01-01 00:00:50.990,49.0,50.99,200,0.06282518961026022,0.016630014407841117,0.0628240013353768,0.01662997222712692,0.1323013539636183,0.0427544454815114,2.1058647778758424,2.5709205315752772,3.2076078223116986,2.8876018916687087,40.0,40.0,0.9735688562040198,77.9637528409678,0.0,0.5225300134791828,5.011647336636694,0.0,40.6102842799298,41.178219356141256,40.005297199007885,1.172922157133371,-0.002092376948285786,0.611915439943957,0.845236940299474,0.2741996946801971,0.20042651478531806,0.5710372456192769,0,0
em2x3125u_unbalance_timeseries.csv,EMB_COMP_001,EM2X3125U,unbalance,shutdown,2026-01-01 00:00:50.000,2026-01-01 00:00:51.990,50.0,51.99,200,0.014428419091129904,0.00860496660004013,0.014427721772050367,0.008601604670612465,0.0402140512469739,0.0184006318507749,2.78714188941851,2.138373419216884,2.4840069391346624,2.275287384505729,40.0,40.0,0.2964115547566959,3.866850169876485,0.0,0.1650564121853998,1.3173293708868103,0.0,39.97978555956463,41.06060129928768,38.88320594094208,2.1773953583456063,-0.010142373725399034,0.28019620918896687,0.5861735295641695,0.0038957299762013,0.16221318093608553,0.5822777995879682,0,0
em2x3125u_unbalance_timeseries.csv,EMB_COMP_001,EM2X3125U,unbalance,idle,2026-01-01 00:00:51.000,2026-01-01 00:00:52.990,51.0,52.99,200,0.007803575646772188,0.004201205611855799,0.007795741512629954,0.004187293971887748,0.0290022869271472,0.0141203618561511,3.7165381922251868,3.3610261340943297,4.798048645365412,4.745707199209246,40.0,40.0,0.2138048947127585,1.0017305031040873,0.0,0.08682401973478385,0.2639009390758246,0.0,39.17347721067945,39.99980651532236,38.638337292807,1.3614692225153604,-0.0061495650191380116,0.07026997442784153,0.2838210770085553,0.0,0.09015389288288125,0.2838210770085553,0,0
em2x3125u_unbalance_timeseries.csv,EMB_COMP_001,EM2X3125U,unbalance,idle,2026-01-01 00:00:52.000,2026-01-01 00:00:53.990,52.0,53.99,200,0.0014406633859692835,0.0011432080741572116,0.001431276996836883,0.0011366880477508244,0.0039554638977794,0.0032908090909911,2.7455850799721335,2.8785740456015665,2.5735137623506863,2.909517369377592,3.5,3.5,0.025301500948471927,0.015701822476319058,0.0,0.014675057520995783,0.011173008327683673,0.0,38.691568594333866,39.144906959454005,38.20336934481385,0.9415376146401542,-0.0037109702357759553,0.0006919685789603296,0.0055503495751536,0.0,0.0010869861551136774,0.0055503495751536,0,0
em2x3125u_unbalance_timeseries.csv,EMB_COMP_001,EM2X3125U,unbalance,idle,2026-01-01 00:00:53.000,2026-01-01 00:00:54.990,53.0,54.99,200,0.0015269507376134293,0.0011567671793267385,0.001521518006390085,0.00115131321759853,0.0042904459524247,0.0033336760250308,2.809812947292928,2.8818902235548087,3.1821250385199535,3.137369933312239,11.5,42.5,0.028170810150802156,0.018249626536532535,0.0,0.013042235672320284,0.013558375951954091,0.0,38.31755497810273,38.73578215284436,37.90234547451549,0.8334366783288658,-0.0037105755556297595,0.0007758496019383721,0.0057183938754396,0.0,0.0011445977945880813,0.0057183938754396,0,0
em2x3125u_unbalance_timeseries.csv,EMB_COMP_001,EM2X3125U,unbalance,idle,2026-01-01 00:00:54.000,2026-01-01 00:00:55.990,54.0,55.99,200,0.0016199246306823807,0.0011967497498572204,0.0016198061179267915,0.0011952869879593491,0.0044880868760479,0.0037714753956386,2.770552895511767,3.1514319481483577,2.9681958852048997,3.24624878007962,6.0,39.0,0.031508774439283564,0.021339013671021277,0.0,0.01660335226196836,0.012083388791365345,0.0,37.9416852021199,38.45203420459184,37.52398000719389,0.9280541973979481,-0.0037710930053986534,0.0008307384631925557,0.0057183938754396,0.0,0.0011753704613676305,0.0057183938754396,0,0
em2x3125u_unbalance_timeseries.csv,EMB_COMP_001,EM2X3125U,unbalance,idle,2026-01-01 00:00:55.000,2026-01-01 00:00:56.990,55.0,56.99,200,0.001545529793543053,0.0011781358114725392,0.0015455295258833116,0.0011771753656267957,0.0044880868760479,0.0037714753956386,2.9039148224759717,3.201222948078179,2.523042850454954,3.2128132260861975,6.0,13.0,0.03066141825115987,0.017329975194009323,0.0,0.017638424745511635,0.010078356941105803,0.0,37.566724913060995,38.00888109793201,37.07234640188167,0.9365346960503445,-0.0037578230631442615,0.0007597568100292455,0.0047825814276602,0.0,0.0011078735545823422,0.0047825814276602,0,0
em2x3125u_unbalance_timeseries.csv,EMB_COMP_001,EM2X3125U,unbalance,idle,2026-01-01 00:00:56.000,2026-01-01 00:00:57.990,56.0,57.99,200,0.0014499276851089968,0.0012270217458550112,0.0014473851752894022,0.001225691653604799,0.0036337909622307,0.0039532103547534,2.5061877220156217,3.2217932307293626,2.5534535886368053,3.2277518853772147,14.0,7.5,0.024505250611284377,0.017394418397093814,0.0,0.0188235806212114,0.011252796675664032,0.0,37.193297448710716,37.62850701946143,36.79027067355106,0.8382363459103672,-0.003703758558358123,0.0007287652675895098,0.0047825814276602,0.0,0.0010713074441729947,0.0047825814276602,0,0
em2x3125u_unbalance_timeseries.csv,EMB_COMP_001,EM2X3125U,unbalance,idle,2026-01-01 00:00:57.000,2026-01-01 00:00:58.990,57.0,58.99,200,0.0014148391588974423,0.0012504773430713643,0.0013950763379366256,0.0012494201666679464,0.0038942270684293,0.0039532103547534,2.7524167987151262,3.161361040771605,3.1044052932252835,2.905481667735627,33.5,8.0,0.01938696155398639,0.019554070846405747,0.0,0.017678983610557922,0.01363708785872511,0.0,36.82097370543159,37.24851792867533,36.38083977175416,0.8676781569211656,-0.0037042313936064887,0.0008601652678477134,0.0052627949335596,0.0,0.0011946245662427133,0.0052627949335596,0,0
em2x3125u_unbalance_timeseries.csv,EMB_COMP_001,EM2X3125U,unbalance,idle,2026-01-01 00:00:58.000,2026-01-01 00:00:59.990,58.0,59.99,200,0.0014340776677887466,0.0012002565658863083,0.0014213132920810377,0.001197202816452336,0.0042085973911976,0.0039604558695097,2.9347067357146566,3.299674404684611,3.136034706574798,2.872730107560589,36.0,30.5,0.022503587407737603,0.01830308561107296,0.0,0.013170598675097985,0.015501230718237047,0.0,36.44133149675272,36.88893100004827,35.99978853013116,0.889142469917104,-0.003832316984414725,0.0008828161649113167,0.0062073626220154,0.0,0.001298718880295634,0.0062073626220154,0,0
em2x3125u_unbalance_timeseries.csv,EMB_COMP_001,EM2X3125U,unbalance,idle,2026-01-01 00:00:59.000,2026-01-01 00:01:00.990,59.0,60.99,200,0.05721122028153882,0.037401129323385504,0.057206502025498276,0.03739971292679591,0.1786450232304274,0.1080974391013975,3.1225522257925586,2.890218585827789,5.259905461856037,4.594291118989705,40.0,40.0,16.118472247361023,49.33335198844382,0.0,5.389486608317117,22.585762698621547,0.0,30.918938220743048,36.51727489331287,24.49968986534273,12.017585027970142,-0.07787910187197178,2.5083791906937813,6.538225740128136,0.0,2.5724141878598323,6.538225740128136,1,0
em2x3125u_unbalance_timeseries.csv,EMB_COMP_001,EM2X3125U,unbalance,startup,2026-01-01 00:01:00.000,2026-01-01 00:01:01.990,60.0,61.99,200,0.08158607532648084,0.05463655704599931,0.08156885681929396,0.05462299433136364,0.1786450232304274,0.1334995964719785,2.1896508995628037,2.4434115853893075,2.5381406328730214,2.3804215293004676,40.0,40.0,30.674938606322325,102.39513640975903,0.0,12.48853058821075,47.21231862116118,0.0,26.59909143425059,28.696901031013173,24.49968986534273,4.197211165670442,0.020193210607081645,3.62976951985091,6.538225740128136,0.8722984388083967,1.6045904421553685,5.66592730131974,1,0
em2x3125u_unbalance_timeseries.csv,EMB_COMP_001,EM2X3125U,unbalance,startup,2026-01-01 00:01:01.000,2026-01-01 00:01:02.990,61.0,62.99,200,0.08590511271951792,0.042339795276847954,0.08589869557679664,0.042311687016404795,0.1651900689144735,0.1334995964719785,1.9229364083814509,3.153052479329727,2.0463796082563213,3.9349964051191253,40.0,40.0,15.410004381838572,132.1644955660725,0.0,7.534843271150684,28.301491208138497,0.0,28.335944716583175,29.56375014976305,26.484034317773386,3.079715831989663,0.014406623139620135,1.5218111001804504,3.6938532052212394,0.7454339674108696,0.9192007087845157,2.94841923781037,1,0
em2x3125u_unbalance_timeseries.csv,EMB_COMP_001,EM2X3125U,unbalance,steady_state,2026-01-01 00:01:02.000,2026-01-01 00:01:03.990,62.0,63.99,200,0.08926474077971112,0.020685935234051205,0.08926387997318436,0.020685202761729384,0.1470913436242186,0.0384636316203333,1.6478101245732943,1.8594098446667353,1.71643863841031,2.1009387373413255,40.0,40.0,1.8128044107862356,157.54903850032937,0.0,0.8316164038147975,7.726366762484741,0.0,29.418160227435855,30.207014322364017,28.592010859990456,1.6150034623735614,0.007197657410571955,0.7984470331716578,0.8494215964153968,0.7441257747100181,0.019230993719948845,0.10529582170537877,0,0
em2x3125u_unbalance_timeseries.csv,EMB_COMP_001,EM2X3125U,unbalance,steady_state,2026-01-01 00:01:03.000,2026-01-01 00:01:04.990,63.0,64.99,200,0.08893791389171488,0.02098467747630249,0.0889363764188425,0.020984610795123006,0.1470913436242186,0.0429845115003337,1.6538654572369174,2.0483760853067725,1.7235609582322027,2.1379087276159576,40.0,40.0,1.8097542797643569,156.3851138751385,0.0,0.8490059948885835,7.959240847457825,0.0,30.140160420913553,30.96410659563437,29.167351822593808,1.7967547730405613,0.007393180800614725,0.7989755020531368,0.8514033824852751,0.7441257747100181,0.020412437607681393,0.10727760777525708,0,0
em2x3125u_unbalance_timeseries.csv,EMB_COMP_001,EM2X3125U,unbalance,steady_state,2026-01-01 00:01:04.000,2026-01-01 00:01:05.990,64.0,65.99,200,0.08914196507826319,0.020456407251998734,0.08914071243690773,0.020452723529907194,0.1450742500047517,0.0429845115003337,1.6274517829776596,2.101273746206525,1.735160490604805,2.143383850643419,40.0,40.0,2.012753857602692,156.92077842417547,0.0,0.8045403562622473,7.568761534055817,0.0,30.8704562255374,31.74273696160905,30.098645326943263,1.644091634665788,0.007232411664122256,0.7999277107493202,0.8514033824852751,0.7539057345702107,0.02006797856132464,0.09749764791506443,0,0
em2x3125u_unbalance_timeseries.csv,EMB_COMP_001,EM2X3125U,unbalance,steady_state,2026-01-01 00:01:05.000,2026-01-01 00:01:06.990,65.0,66.99,200,0.08909464559096326,0.02052635423429915,0.08909228068985346,0.02052428232621106,0.135344838851018,0.0394478440160079,1.5191130505461692,1.9218144423373196,1.7354025922547953,2.1074764058389976,40.0,40.0,2.0641515661863226,156.68456811845235,0.0,0.8511206880243475,7.577138076545573,0.0,31.58105352370267,32.388852647323084,30.71950043253376,1.669352214789324,0.006955576620803046,0.8001318119384464,0.8503741117899566,0.7523157056768046,0.02006075881039606,0.09805840611315197,0,0
em2x3125u_unbalance_timeseries.csv,EMB_COMP_001,EM2X3125U,unbalance,steady_state,2026-01-01 00:01:06.000,2026-01-01 00:01:07.990,66.0,67.99,200,0.08855860449372982,0.02098921661211153,0.08855844306461369,0.020988697383804777,0.1370975223634121,0.0403690585575792,1.5480993986656482,1.9233237382611414,1.7295730193921823,2.120069950765185,40.0,40.0,1.966472011694498,154.89074748841597,0.0,0.9162407321822742,7.895092646469605,0.0,32.296593291680445,33.21031329234755,31.444738053329164,1.7655752390183856,0.007231919153359507,0.801588275567889,0.8524655404513901,0.7464964754146548,0.020169876416653663,0.10596906503673531,0,0
em2x3125u_unbalance_timeseries.csv,EMB_COMP_001,EM2X3125U,unbalance,steady_state,2026-01-01 00:01:07.000,2026-01-01 00:01:08.990,67.0,68.99,200,0.08890082428592722,0.021054165112862663,0.08889868722336157,0.021053736804178845,0.13753390866874,0.0416833801840623,1.5470487453119293,1.9798163432563083,1.7143390068175364,2.1188102857440656,40.0,40.0,1.7624943218159912,156.30198162104716,0.0,0.9191109555958575,7.951214112562621,0.0,33.023037359296815,33.88911303058766,32.17732443591552,1.7117885946721358,0.007205719008073714,0.801294933307251,0.8524655404513901,0.7444287538522889,0.018216414288388376,0.10803678659910121,0,0
em2x3125u_unbalance_timeseries.csv,EMB_COMP_001,EM2X3125U,unbalance,steady_state,2026-01-01 00:01:08.000,2026-01-01 00:01:09.990,68.0,69.99,200,0.08960497432343463,0.02120220253023096,0.08960099376715497,0.02120198994448856,0.1392631673880141,0.0416833801840623,1.5541901377632805,1.9659929257174318,1.7152200750005842,2.1304390070766734,40.0,40.0,1.7899795083318395,158.77727677166456,0.0,0.9840514835511623,8.006921930971846,0.0,33.75234307859361,34.566931634156894,32.92482734481181,1.6421042893450846,0.007326012002971851,0.8011613927431918,0.8702419223563442,0.7444287538522889,0.02002701789169881,0.12581316850405533,0,0
em2x3125u_unbalance_timeseries.csv,EMB_COMP_001,EM2X3125U,unbalance,steady_state,2026-01-01 00:01:09.000,2026-01-01 00:01:10.990,69.0,70.99,200,0.0897111911765093,0.0208738844618317,0.08971014961804213,0.020872675995021246,0.1392631673880141,0.0403786353314519,1.552349997382265,1.9344092569490365,1.7143095683593321,2.1152291439589934,40.0,40.0,1.8261477613660273,159.13372638263232,0.0,0.9046692323220824,7.81100112459372,0.0,34.472663691393926,35.321066760588074,33.62255630420177,1.6985104563863018,0.006996955792558524,0.802127585317238,0.8702419223563442,0.7435670567029539,0.021704235908638465,0.12667486565339037,0,0
em2x3125u_unbalance_timeseries.csv,EMB_COMP_001,EM2X3125U,unbalance,steady_state,2026-01-01 00:01:10.000,2026-01-01 00:01:11.990,70.0,71.99,200,0.08991266723690598,0.021197388283980958,0.08991257684724219,0.021193265130481052,0.1394491708983606,0.0408841706114969,1.5509402088020987,1.9287362227729445,1.717759949487465,2.101290443092333,40.0,40.0,1.86692403858922,159.81884865711294,0.0,0.9101251557685215,8.073788729354602,0.0,35.198013698922324,36.05927594080456,34.34949244112423,1.7097834996803343,0.007402282028306004,0.8029669508771684,0.8817922723660943,0.7435670567029539,0.020529069923658844,0.1382252156631404,0,0
em2x3125u_unbalance_timeseries.csv,EMB_COMP_001,EM2X3125U,unbalance,steady_state,2026-01-01 00:01:11.000,2026-01-01 00:01:12.990,71.0,72.99,200,0.09015820814550399,0.02147095113335904,0.09015736795560811,0.02146864670989039,0.142741633638648,0.0412063224936127,1.5832350328910818,1.9191661439530343,1.7225634108600814,2.1080317840052682,40.0,40.0,1.9206515141411968,160.6464802397627,0.0,0.9279783741609948,8.29007846214992,0.0,35.927031582924975,36.83999906734742,35.148874121255965,1.6911249460914561,0.0071155948067580495,0.8024547789079783,0.8817922723660943,0.7327469749557819,0.02104495119001361,0.14904529741031236,0,0
em2x3125u_unbalance_timeseries.csv,EMB_COMP_001,EM2X3125U,unbalance,steady_state,2026-01-01 00:01:12.000,2026-01-01 00:01:13.990,72.0,73.99,200,0.0898690260478006,0.021091159717034395,0.08986879124634957,0.02109067102521117,0.142741633638648,0.0412063224936127,1.5883295938104958,1.9537248328896861,1.724970249555137,2.0590505756258954,40.0,40.0,1.9778411357113113,159.55326503360376,0.0,0.7997571433346778,8.097234683183128,0.0,36.635253363534645,37.43931567641113,35.81411138553674,1.625204290874386,0.007124777764240825,0.8021780430825793,0.8508682860859532,0.7327469749557819,0.01946044978618449,0.11812131113017132,0,0
em2x3125u_unbalance_timeseries.csv,EMB_COMP_001,EM2X3125U,unbalance,steady_state,2026-01-01 00:01:13.000,2026-01-01 00:01:14.990,73.0,74.99,200,0.08980238885642126,0.020822876495225646,0.08979863694692393,0.020821804799459935,0.1413016930543577,0.0411069342715604,1.5734736553642805,1.9741237134545537,1.72721851468858,2.089350850594669,40.0,40.0,1.949884842583952,159.32927876369,0.0,0.7086862689955442,7.962863750451141,0.0,37.360684741062386,38.298692745027935,36.61280226107259,1.6858904839553475,0.007387775123545985,0.8017696489773586,0.8485758501993232,0.741799557367698,0.018208715523744486,0.10677629283162526,0,0
em2x3125u_unbalance_timeseries.csv,EMB_COMP_001,EM2X3125U,unbalance,steady_state,2026-01-01 00:01:14.000,2026-01-01 00:01:15.990,74.0,75.99,200,0.08908860844606946,0.021019909578100737,0.08908398710524534,0.02101894511443205,0.1391257308457296,0.0445800959707127,1.5616556737436362,2.1208509867786383,1.7202294064200752,2.1708073100819476,40.0,40.0,1.816267861709419,156.90306829174742,0.0,0.8060870155951495,8.029854406944793,0.0,38.09105759252342,38.910418747439856,37.11683207103934,1.7935866764005155,0.007239043177928875,0.799315809017386,0.8387247080494984,0.741799557367698,0.018974813215181224,0.09692515068180041,0,0
em2x3125u_unbalance_timeseries.csv,EMB_COMP_001,EM2X3125U,unbalance,steady_state,2026-01-01 00:01:15.000,2026-01-01 00:01:16.990,75.0,76.99,200,0.08904786849719176,0.021421426430654904,0.08904631445179383,0.021420777737454447,0.1382876286748834,0.0445800959707127,1.5529583246481018,2.081098386002756,1.7129999473960025,2.144643352601169,40.0,40.0,1.7609907385715766,156.82513265008362,0.0,0.9370938005049215,8.24015869143667,0.0,38.804863621083456,39.5971746313981,37.969983724022505,1.6271909073755921,0.007094462555701109,0.8003200688546076,0.8449772190940718,0.7463979768086565,0.01906741432662196,0.09857924228541526,0,0
em2x3125u_unbalance_timeseries.csv,EMB_COMP_001,EM2X3125U,unbalance,steady_state,2026-01-01 00:01:16.000,2026-01-01 00:01:17.990,76.0,77.99,200,0.0896862423872115,0.020800121574799713,0.08968314938765193,0.020792888443682565,0.1399393529379711,0.0409583704708011,1.5603212846603247,1.9691409169657939,1.7288907554310333,2.1184982560860366,40.0,40.0,1.9138558698531138,158.94769491460897,0.0,0.8216626105412558,7.825579977460054,0.0,39.529362058308955,40.33168619660336,38.71258348825106,1.619102708352294,0.0072979683419432525,0.8000795309884603,0.8478095949736189,0.7479078206703639,0.018923788157117653,0.09990177430325498,0,0
em2x3125u_unbalance_timeseries.csv,EMB_COMP_001,EM2X3125U,unbalance,steady_state,2026-01-01 00:01:17.000,2026-01-01 00:01:18.990,77.0,78.99000000000001,200,0.08935652931526109,0.020925854477806448,0.08935596250781994,0.020915039639548442,0.1399393529379711,0.0424211022525769,1.56607865155827,2.0272100380688345,1.7345428603979065,2.0523250606793164,40.0,40.0,1.9689215515143053,157.72958066074995,0.0,0.7228578727494863,8.029167147003362,0.0,40.26269463971824,41.10966225375393,39.49244046707301,1.617221786680922,0.007186038115612555,0.7963251067708783,0.8478095949736189,0.7405772568606127,0.019122260345473336,0.10723233811300614,0,0
em2x3125u_unbalance_timeseries.csv,EMB_COMP_001,EM2X3125U,unbalance,steady_state,2026-01-01 00:01:18.000,2026-01-01 00:01:19.990,78.0,79.99000000000001,200,0.08946676557633193,0.02142158217560769,0.08946673432110774,0.021417630490185843,0.142595863146891,0.0424211022525769,1.593841715728842,1.9802973424101664,1.7296406674583606,2.02227552079248,40.0,40.0,1.9430933156087624,158.16096706232233,0.0,0.7690797247562664,8.405409653540444,0.0,40.97925392860452,41.87614256891613,40.08850985300326,1.7876327159128707,0.007107606863335296,0.7964583081868527,0.8566842547198881,0.7382078959360867,0.020022735876477273,0.11847635878380136,0,0
em2x3125u_unbalance_timeseries.csv,EMB_COMP_001,EM2X3125U,unbalance,shutdown,2026-01-01 00:01:19.000,2026-01-01 00:01:20.990,79.0,80.99000000000001,200,0.06453396735271474,0.017082154803179664,0.06453311060666395,0.017080423223002208,0.142595863146891,0.0392300689250268,2.2096249308139337,2.2965527111207615,3.3017714906061197,2.6618037029942734,40.0,40.0,1.3429705651217816,81.97617852349217,0.0,0.48682677408065883,5.3480122361688975,0.0,41.26046484919983,41.87614256891613,40.69260856822099,1.1835340006951398,-0.001359573651328473,0.6095424401433798,0.8566842547198881,0.2737454001381579,0.19735751474085605,0.5829388545817302,0,0
em2x3125u_unbalance_timeseries.csv,EMB_COMP_001,EM2X3125U,unbalance,shutdown,2026-01-01 00:01:20.000,2026-01-01 00:01:21.990,80.00000000000001,81.99000000000001,200,0.013363798371049165,0.009264507761270318,0.013356171618586385,0.009259862431905675,0.0352171987297809,0.0231779546539738,2.635268637850308,2.501800986218367,2.511655041251533,2.5702944329488795,40.0,40.0,0.19851605822136797,3.372816856910344,0.0,0.16783824129919434,1.548345253637527,0.0,40.6814402025342,41.73364983692878,39.61731528885132,2.116334548077454,-0.010072906649673091,0.28047376960554493,0.5671792686331933,0.0080347145672087,0.16309422576728913,0.5591445540659846,0,0
em2x3125u_unbalance_timeseries.csv,EMB_COMP_001,EM2X3125U,unbalance,idle,2026-01-01 00:01:21.000,2026-01-01 00:01:22.990,81.00000000000001,82.99000000000001,200,0.006720427783009194,0.004581426615998349,0.006718088802575939,0.0045813990227257665,0.0270264199302184,0.0162192939914284,4.0215326766173245,3.5402278265880325,5.679651379304162,4.789688047184533,40.0,40.0,0.11192182791625332,0.7907519751716178,0.0,0.09011511355859639,0.33053979658595417,0.0,39.80598567928956,40.746442248550046,39.17424762265088,1.572194625899165,-0.007254320157878326,0.06996824569802569,0.280534211678454,0.0,0.08961968420442253,0.280534211678454,0,0
em2x3125u_unbalance_timeseries.csv,EMB_COMP_001,EM2X3125U,unbalance,idle,2026-01-01 00:01:22.000,2026-01-01 00:01:23.990,82.00000000000001,83.99000000000001,200,0.0015861519374693533,0.0012655510425613463,0.0015836493062104623,0.001265537485642879,0.0042296692285513,0.0036461869685509,2.666622994074314,2.8811062105969185,3.029622751323827,2.9907460087135256,17.5,21.0,0.03590014768842377,0.01426270584664772,0.0,0.020051028950467294,0.012240911901397119,0.0,39.24572054880766,39.68756904824413,38.76421135030748,0.9233576979366518,-0.003862526112218179,0.0007765939610331428,0.0058074278754653,0.0,0.0011742352466016198,0.0058074278754653,0,0
em2x3125u_unbalance_timeseries.csv,EMB_COMP_001,EM2X3125U,unbalance,idle,2026-01-01 00:01:23.000,2026-01-01 00:01:24.990,83.00000000000001,84.99000000000001,200,0.001442113469807292,0.0013203393153158815,0.0014378126289355856,0.0013202030932125887,0.0042188457094373,0.0037276150144263,2.9254603037589404,2.823225038583734,2.762638280897537,2.933283188016846,2.5,14.0,0.02705716591445868,0.014289816426926581,0.0,0.020276238732812788,0.01503813450802075,0.0,38.86923705221082,39.28696886725576,38.454712294714,0.832256572541759,-0.0037333044136954275,0.0007636113301540434,0.0058074278754653,0.0,0.0011264917723114406,0.0058074278754653,0,0
em2x3125u_unbalance_timeseries.csv,EMB_COMP_001,EM2X3125U,unbalance,idle,2026-01-01 00:01:24.000,2026-01-01 00:01:25.990,84.00000000000001,85.99000000000001,200,0.0014510672835870615,0.0012566095507010725,0.0014489442617278817,0.001255736190031293,0.0046436820364031,0.0037276150144263,3.2001838156834768,2.9664067190533716,2.699100472379911,3.02233420235146,2.0,6.5,0.02489962694883614,0.01714625098501151,0.0,0.01839112871825814,0.013148841518976394,0.0,38.493468441122516,38.95233908837535,38.0216968335557,0.9306422548196522,-0.0037988499106937665,0.0007057496063401932,0.0063983676475796,0.0,0.0011336206581274834,0.0063983676475796,0,0
em2x3125u_unbalance_timeseries.csv,EMB_COMP_001,EM2X3125U,unbalance,idle,2026-01-01 00:01:25.000,2026-01-01 00:01:26.990,85.00000000000001,86.99000000000001,200,0.0015519593901932285,0.0012342654468302378,0.0015483971308456633,0.001233514423038611,0.0046436820364031,0.0033097418528139,2.9921414604959042,2.6815478480044703,2.879525140940147,2.9547411726200687,2.0,5.0,0.030388452347726896,0.01797884169558728,0.0,0.015539864160078956,0.014909909492732543,0.0,38.115529245742074,38.5766147797961,37.701245458447374,0.8753693213487281,-0.003728562509282072,0.0007392285613120272,0.0063983676475796,0.0,0.0011656684523345634,0.0063983676475796,0,0
em2x3125u_unbalance_timeseries.csv,EMB_COMP_001,EM2X3125U,unbalance,idle,2026-01-01 00:01:26.000,2026-01-01 00:01:27.990,86.00000000000001,87.99000000000001,200,0.0015326995567684408,0.0012434445826687898,0.0015315886744327813,0.0012423742639626877,0.0038264326759073,0.0033097418528139,2.4965314689429343,2.6617526015596464,2.8187813186747337,3.0779016291366834,7.5,37.0,0.03086225694909371,0.016205174771100866,0.0,0.014825559100620975,0.016048942589195016,0.0,37.73870380563799,38.17079445950039,37.288624804467936,0.882169655032456,-0.0037770860739281932,0.0006918015760008497,0.0044841342912862,0.0,0.001013564700052315,0.0044841342912862,0,0
em2x3125u_unbalance_timeseries.csv,EMB_COMP_001,EM2X3125U,unbalance,idle,2026-01-01 00:01:27.000,2026-01-01 00:01:28.990,87.00000000000001,88.99000000000001,200,0.0014343123090815406,0.0011653556480780967,0.0014325332523600514,0.0011653312915141738,0.0036224256347976,0.0032826283622592,2.525548732909651,2.8168468292687363,2.902516236579764,2.965512072161585,19.0,19.0,0.02733093853930306,0.013725531031434339,0.0,0.0162075792929394,0.011009418240966344,0.0,37.36760804174245,37.8241046066166,36.94331069125969,0.8807939153569109,-0.003671038453659083,0.0007298946017777869,0.004281133308255,0.0,0.0010241810848425016,0.004281133308255,0,0
em2x3125u_unbalance_timeseries.csv,EMB_COMP_001,EM2X3125U,unbalance,idle,2026-01-01 00:01:28.000,2026-01-01 00:01:29.990,88.00000000000001,89.99000000000001,200,0.001474650683945053,0.0011238035294054234,0.0014740709206552524,0.0011237561663234928,0.0040757203692533,0.0032826283622592,2.7638547987173117,2.920998445338535,2.914293326081618,2.9984670514565854,17.0,47.0,0.02827843270064553,0.01540012654040509,0.0,0.015186922160016256,0.010199372094587971,0.0,36.99088584664091,37.434428987151215,36.58093378489806,0.853495202253157,-0.0038809046293703845,0.000814464689718254,0.006022886350983,0.0,0.0012004045186126766,0.006022886350983,0,0
em2x3125u_unbalance_timeseries.csv,EMB_COMP_001,EM2X3125U,unbalance,idle,2026-01-01 00:01:29.000,2026-01-01 00:01:30.990,89.00000000000001,90.99,200,0.05902935150457334,0.04088472645549948,0.05902933425263438,0.04088001077228069,0.1796837184627622,0.1393517002920432,3.0439724286796728,3.4084048585654347,5.3314377263836885,4.472724818486814,40.0,40.0,16.953486732046184,52.75233347321696,0.0,5.6616861145458754,27.769000822635988,0.0,31.343780147643105,37.03815359276143,24.806418621633245,12.231734971128187,-0.07975527088197076,2.50107973200525,6.413189180631797,0.0,2.5641539571316976,6.413189180631797,1,0
em2x3125u_unbalance_timeseries.csv,EMB_COMP_001,EM2X3125U,unbalance,startup,2026-01-01 00:01:30.000,2026-01-01 00:01:31.990,90.00000000000001,91.99,200,0.08409631536063689,0.05788163376093188,0.0840733499163435,0.05788134323307404,0.1876248262041852,0.1393517002920432,2.2310707121896933,2.407528800372266,2.581743807955277,2.170315682322891,40.0,40.0,35.144687586801055,106.30768730760805,0.0,11.690326883436354,55.342216054121465,0.0,26.898770054862343,28.99908738244484,24.806418621633245,4.192668760811596,0.020047819664775937,3.613512358888416,6.413189180631797,0.8504137542460439,1.6032710559856975,5.562775426385753,1,0
em2x3125u_unbalance_timeseries.csv,EMB_COMP_001,EM2X3125U,unbalance,startup,2026-01-01 00:01:31.000,2026-01-01 00:01:32.990,91.0,92.99,200,0.08700652779185294,0.043497803365729545,0.08699090666436438,0.043488902854845045,0.1876248262041852,0.1244977839352327,2.156445395143718,2.8621625530938952,2.074160448919251,3.4312698351010207,40.0,40.0,19.17677293359428,132.20304459125788,0.0,6.378836907676394,31.452933274855337,0.0,28.6209577206396,29.8090068303605,26.87850859984432,2.9304982305161786,0.01413878658919179,1.5120354930818092,3.710508910775397,0.7517589759367307,0.9112156329143947,2.958749934838666,1,0
em2x3125u_unbalance_timeseries.csv,EMB_COMP_001,EM2X3125U,unbalance,steady_state,2026-01-01 00:01:32.000,2026-01-01 00:01:33.990,92.0,93.99,200,0.08934411078149398,0.02070859140742929,0.08934333138151068,0.020708267121350835,0.1419076520553867,0.0410112269333446,1.5883268725170445,1.9803967409696277,1.6957415922195371,2.1019480709344958,40.0,40.0,1.6026796423201917,158.04328328191596,0.0,0.827698820175008,7.74899489932768,0.0,29.725041166036426,30.56799010169772,28.79893440590064,1.769055695797082,0.007627517693022685,0.7996558318208057,0.8594185454036963,0.7517589759367307,0.020013902499744024,0.10765956946696564,0,0
em2x3125u_unbalance_timeseries.csv,EMB_COMP_001,EM2X3125U,unbalance,steady_state,2026-01-01 00:01:33.000,2026-01-01 00:01:34.990,93.0,94.99,200,0.08917913840404132,0.020882011544967136,0.08917709724998177,0.020881934793394254,0.1419076520553867,0.0407003064513459,1.591265116427228,1.9490606239586747,1.7120888505333216,2.1147405038531577,40.0,40.0,1.848948067467584,157.20394220806674,0.0,0.935323819583215,7.786002169834611,0.0,30.478923792171532,31.394403361465056,29.663281144610195,1.7311222168548603,0.007295178748140338,0.8001679365568519,0.844876366047025,0.7471980814832078,0.019205079727766715,0.09767828456381722,0,0
em2x3125u_unbalance_timeseries.csv,EMB_COMP_001,EM2X3125U,unbalance,steady_state,2026-01-01 00:01:34.000,2026-01-01 00:01:35.990,94.0,95.99,200,0.0888327699628772,0.021036958637907922,0.08882777639702419,0.021036177133438846,0.1374856708174699,0.0422127944867523,1.547690912654469,2.0066015821643632,1.7388777619408637,2.1738404596257346,40.0,40.0,2.080511626163785,155.72711981796144,0.0,1.0400084795386357,7.810486897148103,0.0,31.215054751748593,32.08712968963259,30.32582220163436,1.7613074879982307,0.00737236973113005,0.7974331971215257,0.844876366047025,0.7471980814832078,0.019593804948366725,0.09767828456381722,0,0
em2x3125u_unbalance_timeseries.csv,EMB_COMP_001,EM2X3125U,unbalance,steady_state,2026-01-01 00:01:35.000,2026-01-01 00:01:36.990,95.0,96.99,200,0.08894536343634916,0.02101679589688962,0.08894351881347468,0.021003083601723368,0.1398066284946397,0.0422127944867523,1.5718259287870326,2.0085266419225962,1.7312969671129903,2.1049781510510877,40.0,40.0,1.9153905816367998,156.3036335025057,0.0,0.9046402211516734,7.918602553112198,0.0,31.958946276681118,32.82314814153773,31.10039335137375,1.7227547901639788,0.007365952057547097,0.798369890323905,0.84729651041369,0.7474947321475662,0.01921238391240998,0.0998017782661238,0,0
em2x3125u_unbalance_timeseries.csv,EMB_COMP_001,EM2X3125U,unbalance,steady_state,2026-01-01 00:01:36.000,2026-01-01 00:01:37.990,96.0,97.99,200,0.08866767573613248,0.02101370432491295,0.08866751589335564,0.021001889238064966,0.1398066284946397,0.0402032225199892,1.576748542622144,1.9131906444655729,1.7316302215696524,2.0631871513571793,40.0,40.0,1.9554539313245938,155.28319875676644,0.0,0.8301816493648297,7.995809299323811,0.0,32.701241217374516,33.648472475101066,31.8848222675336,1.7636502075674656,0.007361530984334616,0.8009321766218437,0.8558263305418797,0.7474947321475662,0.020331291123667404,0.1083315983943135,0,0
em2x3125u_unbalance_timeseries.csv,EMB_COMP_001,EM2X3125U,unbalance,steady_state,2026-01-01 00:01:37.000,2026-01-01 00:01:38.990,97.0,98.99,200,0.08856959445734681,0.02119571231519458,0.088568052381398,0.021194859200804876,0.1412178976617319,0.0420346677323108,1.5944286357745419,1.9831684402593721,1.7386663556737134,2.076020258277289,40.0,40.0,2.0223622093020976,154.8678048859545,0.0,0.8177964153352242,8.166970352780705,0.0,33.4420984444728,34.29293314252383,32.50685937241962,1.7860737701042098,0.007494066225851398,0.7994240390159595,0.8566321567228433,0.7514083802001983,0.021657899079691564,0.10522377652264503,0,0
em2x3125u_unbalance_timeseries.csv,EMB_COMP_001,EM2X3125U,unbalance,steady_state,2026-01-01 00:01:38.000,2026-01-01 00:01:39.990,98.0,99.99,200,0.0896819517351203,0.021313967991603535,0.08968005100525783,0.021313777651033598,0.1412178976617319,0.0420346677323108,1.5746523679460651,1.9721652837646193,1.7103271529411144,2.1247105173835283,40.0,40.0,1.7312102367094275,159.11979625073795,0.0,0.820632369046878,8.264935774317419,0.0,34.1879377489434,35.0897052998814,33.31620493355966,1.7735003663217412,0.007440774537974561,0.7977118114611664,0.8566321567228433,0.7407389942312763,0.020600910097940215,0.115893162491567,0,0
em2x3125u_unbalance_timeseries.csv,EMB_COMP_001,EM2X3125U,unbalance,steady_state,2026-01-01 00:01:39.000,2026-01-01 00:01:40.990,99.0,100.99,200,0.08984974918232923,0.020939943421710894,0.08984974905496106,0.020938731061023556,0.139901890397473,0.0411510341793018,1.5570648963479525,1.9651931884703995,1.7073073499558515,2.1334434282545853,40.0,40.0,1.7887767291304888,159.67137563083887,0.0,0.8189373132816621,7.949738244792682,0.0,34.92746432429695,35.8342786172942,34.10202478898944,1.7322538283047635,0.007274975013443281,0.7971699866288895,0.8459945410598547,0.7407389942312763,0.019634709912854167,0.1052555468285784,0,0
em2x3125u_unbalance_timeseries.csv,EMB_COMP_001,EM2X3125U,unbalance,steady_state,2026-01-01 00:01:40.000,2026-01-01 00:01:41.990,100.0,101.99,200,0.08944262485121147,0.020667609896674627,0.08944138808904101,0.020666724074547067,0.1399133952066575,0.0401047560706544,1.5642809615594864,1.940464149998649,1.7185232165320479,2.038088079774693,40.0,40.0,1.8812601483905285,158.12785486316645,0.0,0.7494924234340158,7.792779849520944,0.0,35.65797350045109,36.44984182873708,34.65280498170529,1.7970368470317908,0.0072976147394025965,0.799610949919715,0.8503721714628991,0.7443898534791018,0.02047292797945039,0.10598231798379731,0,0
em2x3125u_unbalance_timeseries.csv,EMB_COMP_001,EM2X3125U,unbalance,steady_state,2026-01-01 00:01:41.000,2026-01-01 00:01:42.990,101.0,102.99,200,0.08928479499166747,0.021058463915293153,0.08928280714868171,0.02105810136518886,0.1399133952066575,0.040219490630707,1.5670461607680788,1.9098966948628506,1.7069893769668871,2.056079876993095,40.0,40.0,1.6649226845332008,157.79299234658004,0.0,0.7970859499101558,8.072154263677763,0.0,36.387118971806245,37.27900244477722,35.5981493169595,1.68085312781772,0.007243532491965299,0.8004215508493344,0.8503721714628991,0.7375336090810466,0.020126231515241948,0.11283856238185253,0,0
em2x3125u_unbalance_timeseries.csv,EMB_COMP_001,EM2X3125U,unbalance,steady_state,2026-01-01 00:01:42.000,2026-01-01 00:01:43.990,102.0,103.99,200,0.08900375475226356,0.021057871874291055,0.08899305573362218,0.02105440551288902,0.1376623307331702,0.040445527796635,1.5467025084092774,1.9206844850268927,1.7041222909007554,2.083944090738621,40.0,40.0,1.5058428285932264,156.88971162339413,0.0,0.846742401580401,8.020316759589232,0.0,37.133248601520414,38.02271067446333,36.2447746378563,1.7779360366070307,0.007535925716325041,0.7988473310806116,0.851974450041723,0.7375336090810466,0.01914056166839625,0.11444084096067642,0,0
em2x3125u_unbalance_timeseries.csv,EMB_COMP_001,EM2X3125U,unbalance,steady_state,2026-01-01 00:01:43.000,2026-01-01 00:01:44.990,103.0,104.99,200,0.08882927027457715,0.020751162307631646,0.0888251619814903,0.020749010074178585,0.1376593560172875,0.040445527796635,1.5497071583699078,1.9490728855106285,1.7185320702118072,2.079267627111394,40.0,40.0,1.731271279492353,156.06691974045086,0.0,0.7681446343933286,7.842661357738629,0.0,37.87707427612375,38.7691596842672,37.05617360916123,1.7129860751059738,0.007298741115031344,0.7981693951188936,0.851974450041723,0.7439467151947513,0.01928491803208812,0.1080277348469717,0,0
em2x3125u_unbalance_timeseries.csv,EMB_COMP_001,EM2X3125U,unbalance,steady_state,2026-01-01 00:01:44.000,2026-01-01 00:01:45.990,104.0,105.99,200,0.0884084116326946,0.021021705255358163,0.08840480435994061,0.021021026626848443,0.1376593560172875,0.0399891297585926,1.5570843709896405,1.9022781107826578,1.7154216158707376,2.065850717366132,40.0,40.0,1.7447161428315783,154.56976416180552,0.0,0.7560421138283745,8.081785520168058,0.0,38.61607964914963,39.501733306057325,37.7034666338195,1.7982666722378227,0.00746174756995611,0.7989782624341051,0.8490797065101018,0.7439467151947513,0.020796178974637116,0.10513299131535048,0,0
em2x3125u_unbalance_timeseries.csv,EMB_COMP_001,EM2X3125U,unbalance,steady_state,2026-01-01 00:01:45.000,2026-01-01 00:01:46.990,105.0,106.99,200,0.08898263047654861,0.020736401778088623,0.08897263580708577,0.020733753874562402,0.1378431265282642,0.0399891297585926,1.5491015020576715,1.9284507595164175,1.7049068180639508,2.0218386128387777,40.0,40.0,1.5789993498557882,156.7439831136394,0.0,0.6827503390198756,7.916309328373119,0.0,39.351304278124125,40.28889017998563,38.51022893546999,1.7786612445156393,0.0071451953295820205,0.7996081036631731,0.8567715675719,0.749035080532159,0.02036920685262606,0.10773648703974104,0,0
em2x3125u_unbalance_timeseries.csv,EMB_COMP_001,EM2X3125U,unbalance,steady_state,2026-01-01 00:01:46.000,2026-01-01 00:01:47.990,106.0,107.99,200,0.08945890712933623,0.020717197687223823,0.08945647632206323,0.020715499073258453,0.1378431265282642,0.039704682338551,1.5408541301424121,1.9165083491497814,1.7187142372118074,2.0287906482073206,40.0,40.0,1.739820460715169,158.30985516849336,0.0,0.6612355092915602,7.921889719318443,0.0,40.08006288846852,40.963876193705374,39.21271880102144,1.751157392683936,0.007413311699048643,0.8002047658101893,0.8567715675719,0.7534021672975794,0.01857446325680723,0.10336940027432062,0,0
em2x3125u_unbalance_timeseries.csv,EMB_COMP_001,EM2X3125U,unbalance,steady_state,2026-01-01 00:01:47.000,2026-01-01 00:01:48.990,107.0,108.99,200,0.08936542209991373,0.020896718132725103,0.08936531954724991,0.020896585171560983,0.1416387087065093,0.0377387923565381,1.5849386191915724,1.805967430715239,1.7372821556120825,2.043590631548262,40.0,40.0,2.069018179990023,157.65422738442885,0.0,0.7825148036515863,7.955061878305334,0.0,40.830318846549005,41.74917189663695,39.99023282908215,1.758939067554799,0.00758522378612008,0.8019512421140627,0.8518553738816037,0.7471230634772015,0.018727877084499127,0.10473231040440223,0,0
em2x3125u_unbalance_timeseries.csv,EMB_COMP_001,EM2X3125U,unbalance,steady_state,2026-01-01 00:01:48.000,2026-01-01 00:01:49.990,108.0,109.99,200,0.089532558003501,0.020227545580100866,0.08953079581672432,0.020226625511031236,0.1416387087065093,0.03797676450494,1.5819799173052866,1.87747763832999,1.7511494756178625,2.0704760282290646,40.0,40.0,2.321546776240016,158.0008481782993,0.0,0.8312355714999804,7.351389871329513,0.0,41.57712912270668,42.4550555285903,40.64806886209221,1.8069866664980907,0.0074056833306671175,0.801386540597747,0.8518553738816037,0.7471230634772015,0.018981192224394965,0.10473231040440223,0,0
em2x3125u_unbalance_timeseries.csv,EMB_COMP_001,EM2X3125U,unbalance,shutdown,2026-01-01 00:01:49.000,2026-01-01 00:01:50.990,109.0,110.99,200,0.06462066417240801,0.016172926102275338,0.06462054009072538,0.01617237254618853,0.1406016756433558,0.03797676450494,2.1758005344579923,2.348169048988428,3.2810441063905826,2.6984742043269985,40.0,40.0,1.478817140011945,82.03747055764788,0.0,0.5241035122918677,4.7141148718769905,0.0,41.941496990749016,42.51784016803353,41.34035244069263,1.1774877273409032,-0.0003274775115229683,0.6100757089431977,0.8375194545584548,0.2827876667602077,0.19968649601622934,0.5547317877982471,0,0
em2x3125u_unbalance_timeseries.csv,EMB_COMP_001,EM2X3125U,unbalance,shutdown,2026-01-01 00:01:50.000,2026-01-01 00:01:51.990,110.0,111.99,200,0.014902214977808349,0.009488551029396492,0.014897911579128524,0.009477096775015549,0.0332294370269001,0.0253105424126661,2.229832080424538,2.6674823515467723,2.320506414979241,2.422160883657424,40.0,40.0,0.2793482985395833,4.169816443866219,0.0,0.20964920084612318,1.5932073559314812,0.0,41.43709750432586,42.51784016803353,40.38376576353147,2.1340744045020585,-0.009978883444405237,0.27962911289766273,0.5701672275038984,0.0,0.161887575248271,0.5701672275038984,0,0
em2x3125u_unbalance_timeseries.csv,EMB_COMP_001,EM2X3125U,unbalance,idle,2026-01-01 00:01:51.000,2026-01-01 00:01:52.990,111.0,112.99,200,0.007265858235805948,0.005322110569117969,0.0072653708752870695,0.00531786595263333,0.023531512601713,0.016574312644397,3.2386418559269927,3.1142368105937064,4.38122233463953,4.221910328158065,40.0,40.0,0.15107950343367213,0.9047235870623861,0.0,0.1224453186942198,0.4431982129113186,0.0,40.61297309480484,41.57446664941709,40.04219042109536,1.5322762283217273,-0.006538557313862558,0.07028520306379084,0.2844824925174941,0.0,0.08983006401448042,0.2844824925174941,0,0
em2x3125u_unbalance_timeseries.csv,EMB_COMP_001,EM2X3125U,unbalance,idle,2026-01-01 00:01:52.000,2026-01-01 00:01:53.990,112.0,113.99,200,0.0014302236755543824,0.0011799672688728815,0.0014227695995814734,0.001176435721750295,0.0040165634061998,0.0030717741338906,2.8083463271176115,2.6032706287054848,3.0110981838221416,2.4988223235095117,22.0,9.5,0.027633345224742804,0.01285588762940583,0.0,0.01581994121677005,0.011952060470946383,0.0,40.097851949202315,40.53828372274333,39.68870055957252,0.8495831631708128,-0.0038147217356716595,0.0007680799274264906,0.0054663068098396,0.0,0.0011765568220834743,0.0054663068098396,0,0
em2x3125u_unbalance_timeseries.csv,EMB_COMP_001,EM2X3125U,unbalance,idle,2026-01-01 00:01:53.000,2026-01-01 00:01:54.990,113.0,114.99,200,0.0015968406235905483,0.0011448046269975545,0.0015943329660361933,0.0011385110421445114,0.0048397308037639,0.0027532021844229,3.030816433565929,2.4049537532387886,2.823822604743684,2.3946307880742204,24.0,8.5,0.03098292033268677,0.020019008528597483,0.0,0.015413042061934485,0.010526159992596814,0.0,39.71909466313232,40.17038927072286,39.20015300745061,0.9702362632722483,-0.0037318647583156716,0.0008015583086620286,0.0046634369611499,0.0,0.0011973617242744203,0.0046634369611499,0,0
em2x3125u_unbalance_timeseries.csv,EMB_COMP_001,EM2X3125U,unbalance,idle,2026-01-01 00:01:54.000,2026-01-01 00:01:55.990,114.0,115.99,200,0.0015911470951484779,0.0012733345723382541,0.0015902356538874422,0.0012690940248802972,0.0048397308037639,0.0042599386646584,3.0416614645626336,3.3454983137980574,2.9569901953346274,3.2717581823380306,45.0,40.0,0.02498279255525128,0.026016027269605058,0.0,0.019145642245886246,0.013342879154149757,0.0,39.34602855533205,39.72711672612866,38.92753459576584,0.7995821303628219,-0.003764408493063855,0.0008278435242605139,0.0046634369611499,0.0,0.0011579812456421414,0.0046634369611499,0,0
em2x3125u_unbalance_timeseries.csv,EMB_COMP_001,EM2X3125U,unbalance,idle,2026-01-01 00:01:55.000,2026-01-01 00:01:56.990,115.0,116.99,200,0.0015246651891268547,0.001372284013514329,0.0015181616939516766,0.0013700058720557714,0.0050305615555212,0.0042599386646584,3.299453277609166,3.104268957960807,3.6642615211120253,3.336135400534768,34.0,36.5,0.027752684808317756,0.018547184403647252,0.0,0.021460376504984162,0.016084852770021307,0.0,38.971570855833015,39.39198326276357,38.525765509446906,0.8662177533166613,-0.00376990617635807,0.0008660816716082319,0.0074510173126112,0.0,0.0013019491945110782,0.0074510173126112,0,0
em2x3125u_unbalance_timeseries.csv,EMB_COMP_001,EM2X3125U,unbalance,idle,2026-01-01 00:01:56.000,2026-01-01 00:01:57.990,116.0,117.99,200,0.0014961735637284673,0.0011842892187368182,0.0014931540516794574,0.0011835310199667009,0.0050305615555212,0.0042351857193707,3.3622847492272427,3.576141412389126,3.4135087857096065,3.3777549754561838,35.0,37.5,0.02754861065149398,0.017051978427013084,0.0,0.015081270954684317,0.012938142130899027,0.0,38.591703258820395,39.01285321771754,38.16043615575714,0.8524170619604021,-0.003834811609117346,0.0009012761987488625,0.0074510173126112,0.0,0.0013110309807823732,0.0074510173126112,0,0
em2x3125u_unbalance_timeseries.csv,EMB_COMP_001,EM2X3125U,unbalance,idle,2026-01-01 00:01:57.000,2026-01-01 00:01:58.990,117.0,118.99,200,0.001526282363576633,0.0011122179580574842,0.001526003637609597,0.001111950859208329,0.0042812455694011,0.0033097811826414,2.8050154228137645,2.9758386462506086,2.7255330506244326,2.7760205729955088,33.5,40.5,0.02419347781771263,0.022472395642065112,0.0,0.016184877880129685,0.008584031710774594,0.0,38.21387901230375,38.70848558989228,37.73715594089032,0.9713296490019587,-0.003740556247624702,0.0007888970417532678,0.0058091322349773,0.0,0.0011264359969797842,0.0058091322349773,0,0
em2x3125u_unbalance_timeseries.csv,EMB_COMP_001,EM2X3125U,unbalance,idle,2026-01-01 00:01:58.000,2026-01-01 00:01:59.990,118.0,119.99,200,0.001663089567033694,0.001187483471353979,0.001658196952174405,0.0011863177725242263,0.0042812455694011,0.0033097811826414,2.5742723989527394,2.7872229487687594,2.5080442869834867,2.776481745984218,31.5,14.0,0.032749887532618246,0.022243040835619125,0.0,0.019647418484524802,0.008502812739534635,0.0,37.84627357946072,38.29229515856236,37.43188869102855,0.8604064675338137,-0.003677542345817448,0.0006837726632767954,0.0058091322349773,0.0,0.0011023171305557038,0.0058091322349773,0,0
em2x3125u_unbalance_timeseries.csv,EMB_COMP_001,EM2X3125U,unbalance,idle,2026-01-01 00:01:59.000,2026-01-01 00:02:00.990,119.0,120.99,200,0.05952402500186249,0.041135721055621646,0.059522944910042376,0.04113474032951452,0.1800346752329992,0.1331871419976008,3.024571594870575,3.237749055559567,5.215432879298101,4.885488488359638,40.0,40.0,14.584623386044745,56.28192784782951,0.0,6.5896923653612305,27.323039148509057,0.0,31.93125305578764,37.895358161079805,25.143556090194384,12.751802070885422,-0.08395578961913377,2.503798528076368,6.383026879777157,0.0,2.56688690316595,6.383026879777157,1,0
em2x3125u_unbalance_timeseries.csv,EMB_COMP_001,EM2X3125U,unbalance,startup,2026-01-01 00:02:00.000,2026-01-01 00:02:01.990,120.0,121.99,200,0.08306244940556574,0.0587265144419759,0.08305995756818879,0.05872548993966342,0.1800346752329992,0.1331871419976008,2.1674616691587194,2.2679217941530467,2.5265103175265895,2.4279196863595054,40.0,40.0,28.51673254869083,109.56469419649078,0.0,13.44637158372598,55.56973847648989,0.0,27.2099171377747,29.33741718925322,25.143556090194384,4.193861099058836,0.020187361108029576,3.6238796497891075,6.383026879777157,0.8401501090818682,1.5964511864167097,5.542876770695289,1,0
em2x3125u_unbalance_timeseries.csv,EMB_COMP_001,EM2X3125U,unbalance,startup,2026-01-01 00:02:01.000,2026-01-01 00:02:02.990,121.0,122.99,200,0.08513002397032476,0.04448287680007887,0.0851293831862756,0.044482327007166464,0.1601630453695894,0.1232890288729595,1.8813931665920849,2.771606463922336,2.062881766077462,3.8867013773796497,40.0,40.0,15.085885668310395,129.90282035623903,0.0,7.381660349546775,32.19741380529453,0.0,28.945479107614233,30.20481157995064,27.27450028196259,2.930311297988048,0.014242776316046556,1.5210887627862988,3.6692624553680577,0.7456134363745096,0.9115189723092361,2.9236490189935482,1,0
em2x3125u_unbalance_timeseries.csv,EMB_COMP_001,EM2X3125U,unbalance,steady_state,2026-01-01 00:02:02.000,2026-01-01 00:02:03.990,122.0,123.99,200,0.08919889580136947,0.02092178354196578,0.08919854617623418,0.020919163090137534,0.1406854414330622,0.0395597886652849,1.5772105716010696,1.8908420778722923,1.7435064923412134,2.074418805921034,40.0,40.0,2.135075700875645,156.99532074808857,0.0,0.8278397269509122,7.925380161192057,0.0,30.04875649962041,30.83779320813284,29.215129751403836,1.6226634567290041,0.007465228347546736,0.8009900225197814,0.8562603057281511,0.7456134363745096,0.01905039118450525,0.11064686935364154,0,0
em2x3125u_unbalance_timeseries.csv,EMB_COMP_001,EM2X3125U,unbalance,steady_state,2026-01-01 00:02:03.000,2026-01-01 00:02:04.990,123.0,124.99,200,0.08952355772580568,0.0210103594103675,0.08952355771792336,0.021003011773535158,0.1406854414330622,0.0430991391069788,1.5714907339133686,2.05132802657872,1.722315064780062,2.136002313237747,40.0,40.0,1.7745390552333689,158.51668072979774,0.0,0.8379076251962742,7.984936732626065,0.0,30.815837438528078,31.774562744084463,29.976581862183277,1.7979808819011858,0.007637011315094213,0.7990414605325223,0.8562603057281511,0.7399051129272298,0.018692950237933395,0.11635519280092133,0,0
em2x3125u_unbalance_timeseries.csv,EMB_COMP_001,EM2X3125U,unbalance,steady_state,2026-01-01 00:02:04.000,2026-01-01 00:02:05.990,124.0,125.99,200,0.08805967580183442,0.021388288934878676,0.08805880557610261,0.02138341523317373,0.1357403474641773,0.0430991391069788,1.541458632775816,2.0150812081416873,1.7173270910163192,2.1765112184138613,40.0,40.0,1.7148898735415021,153.38129266435408,0.0,0.8970797647470823,8.248061202052588,0.0,31.57407743953659,32.44072233534226,30.69870464403934,1.7420176913029195,0.007411852787471478,0.7994964338135051,0.8632051432996986,0.7399051129272298,0.02090704345214756,0.12330003037246873,0,0
em2x3125u_unbalance_timeseries.csv,EMB_COMP_001,EM2X3125U,unbalance,steady_state,2026-01-01 00:02:05.000,2026-01-01 00:02:06.990,125.0,126.99,200,0.08814036482363491,0.02138873280689976,0.08814024886052853,0.021388560600810885,0.1363881584833557,0.0414754443822156,1.5473972538718503,1.939125835862333,1.7202342926997434,2.137075239243595,40.0,40.0,1.7796046858998933,153.5990770879931,0.0,0.8922316884531776,8.25718874977954,0.0,32.32521172886876,33.21838618263336,31.456055315534968,1.7623308670983917,0.007640152835297463,0.8013145832513366,0.8632051432996986,0.7283667650258892,0.020683364825966517,0.1348383782738094,0,0
em2x3125u_unbalance_timeseries.csv,EMB_COMP_001,EM2X3125U,unbalance,steady_state,2026-01-01 00:02:06.000,2026-01-01 00:02:07.990,126.0,127.99,200,0.08892959559281956,0.021359772952014012,0.08892938579607286,0.021346238641691564,0.1386737128194657,0.042465164868849,1.5593651572914904,1.9880906489151122,1.7110712570555537,2.0715794253766626,40.0,40.0,1.6874607481092456,156.4838656219305,0.0,0.8196916185972197,8.29356310768997,0.0,33.07448713007975,33.90725302322542,32.10693996244745,1.8003130607779738,0.007463891754557875,0.8006525646107576,0.8502287365947924,0.7283667650258892,0.01961330371202721,0.12186197156890322,0,0
em2x3125u_unbalance_timeseries.csv,EMB_COMP_001,EM2X3125U,unbalance,steady_state,2026-01-01 00:02:07.000,2026-01-01 00:02:08.990,127.0,128.99,200,0.08878357731958438,0.020911867580193283,0.08878357730062543,0.020906267091217356,0.1386737128194657,0.042465164868849,1.561929773569467,2.030672999721458,1.7034231169347445,2.0608679300585226,40.0,40.0,1.6701012307163925,155.980481631846,0.0,0.7869571355139962,7.957405743874929,0.0,33.82861599356841,34.77181797688167,32.96349645582594,1.8083215210557313,0.007664882386277795,0.8006903782434378,0.8541776564740805,0.7375569532562942,0.020090296824224346,0.11662070321778628,0,0
em2x3125u_unbalance_timeseries.csv,EMB_COMP_001,EM2X3125U,unbalance,steady_state,2026-01-01 00:02:08.000,2026-01-01 00:02:09.990,128.0,129.99,200,0.08951255684917513,0.020439831641226636,0.08951093904789507,0.02043917222387997,0.1383524337693447,0.0401086276024291,1.5456203982918586,1.9622777871384707,1.7053869014498642,2.053698700656057,40.0,40.0,1.640257168011623,158.6059643574791,0.0,0.7279313280521825,7.63088937332081,0.0,34.5849958387568,35.45344030702364,33.722321727161585,1.7311185798620556,0.007457960722203039,0.8015551996241278,0.8541776564740805,0.7502012412370433,0.02042582361933691,0.10397641523703716,0,0
em2x3125u_unbalance_timeseries.csv,EMB_COMP_001,EM2X3125U,unbalance,steady_state,2026-01-01 00:02:09.000,2026-01-01 00:02:10.990,129.0,130.99,200,0.08973846623472308,0.020798416735729124,0.08973715059549177,0.02079158411884296,0.1383524337693447,0.042773517035299,1.5417294230042358,2.056575631635429,1.7172478765315506,2.0854542728957868,40.0,40.0,1.7656013684820742,159.29046214645902,0.0,0.7986233101557688,7.848343500012646,0.0,35.339133328793395,36.31425777304714,34.49244205091622,1.8218157221309212,0.007649444791239214,0.8015193331167562,0.8531585181027087,0.7490761434177258,0.019781034019399006,0.10408237468498294,0,0
em2x3125u_unbalance_timeseries.csv,EMB_COMP_001,EM2X3125U,unbalance,steady_state,2026-01-01 00:02:10.000,2026-01-01 00:02:11.990,130.0,131.99,200,0.08908011927573191,0.02080483402017546,0.08907836867428687,0.020793303750831476,0.1422548728857731,0.042773517035299,1.5969317738051971,2.055941277580943,1.72438332221067,2.1306391622034484,40.0,40.0,1.8344450262966985,156.8687973666245,0.0,0.9472317767412172,7.70094330076254,0.0,36.096778173532684,36.970641843135766,35.18397816019649,1.7866636829392775,0.007602090818898501,0.8017075470620216,0.8654735702420681,0.7490761434177258,0.019446244497602048,0.11639742682434229,0,0
em2x3125u_unbalance_timeseries.csv,EMB_COMP_001,EM2X3125U,unbalance,steady_state,2026-01-01 00:02:11.000,2026-01-01 00:02:12.990,131.0,132.99,200,0.08882655345545357,0.020804255403207284,0.08882646358748636,0.02080222617643237,0.1422548728857731,0.0393397839487371,1.6014904029470622,1.8909489037839964,1.7048507572650626,2.121868977425839,40.0,40.0,1.553316100678655,156.25192213980293,0.0,0.8789604129037375,7.780767709885356,0.0,36.858996988318985,37.78326471914991,35.90096017179558,1.8823045473543303,0.00785338824572652,0.8010992246462598,0.8654735702420681,0.7398962941782149,0.02044877246871004,0.12557727606385316,0,0
em2x3125u_unbalance_timeseries.csv,EMB_COMP_001,EM2X3125U,unbalance,steady_state,2026-01-01 00:02:12.000,2026-01-01 00:02:13.990,132.0,133.99,200,0.08892140550612557,0.021046554280946178,0.08891816292520452,0.02104065414336113,0.1413404443188657,0.0403775435456794,1.5894985410360964,1.9184871312751612,1.7102952506438962,2.1219347559326582,40.0,40.0,1.646217970702001,156.48290948774786,0.0,0.8114730721791501,8.045271518768963,0.0,37.61621813657985,38.57601181959637,36.74155633558045,1.834455484015919,0.0074494652147751245,0.7988765561655243,0.8635939437340018,0.7370913904081812,0.022252419873003554,0.1265025533258206,0,0
em2x3125u_unbalance_timeseries.csv,EMB_COMP_001,EM2X3125U,unbalance,steady_state,2026-01-01 00:02:13.000,2026-01-01 00:02:14.990,133.0,134.99,200,0.0888079200256726,0.021404426062083984,0.08880776690044276,0.021397655352184818,0.1413404443188657,0.0404587537990864,1.591529722551851,1.8902050296389608,1.7435540443977147,2.1355974357575107,40.0,40.0,2.050513036991081,155.68857908539363,0.0,0.8325060497598884,8.32471801109655,0.0,38.36346850530016,39.22934064374463,37.521635795897446,1.7077048478471824,0.007544811787874852,0.7985163252871831,0.8658647164282922,0.7370913904081812,0.021838256203619913,0.12877332602011105,0,0
em2x3125u_unbalance_timeseries.csv,EMB_COMP_001,EM2X3125U,unbalance,steady_state,2026-01-01 00:02:14.000,2026-01-01 00:02:15.990,134.0,135.99,200,0.08867696331427743,0.02107134559156715,0.08867695835975113,0.021067070599815767,0.1411766978548198,0.0404587537990864,1.5920335178199503,1.920084012825369,1.7356591869363034,2.1106803423522336,40.0,40.0,1.9562855614009262,155.31713530031317,0.0,0.8917601333368511,7.9860688859698525,0.0,39.117292868562565,39.95853030021894,38.26525322217195,1.6932770780469895,0.007513598205373912,0.8007416098488628,0.8658647164282922,0.7406870000926542,0.02013864624488129,0.125177716335638,0,0
em2x3125u_unbalance_timeseries.csv,EMB_COMP_001,EM2X3125U,unbalance,steady_state,2026-01-01 00:02:15.000,2026-01-01 00:02:16.990,135.0,136.99,200,0.08916159600139358,0.02058161354427625,0.089161497982013,0.02058026291431709,0.1406105240233138,0.0417317212166988,1.5770301377413218,2.0276214557679513,1.718340269278903,2.07809172547205,40.0,40.0,1.759654376658952,157.23593697836364,0.0,0.8335957510997835,7.637986646435326,0.0,39.86577123965876,40.74240673528514,38.99237160138276,1.7500351339023794,0.0074282297096643175,0.8002868745363559,0.8599834356947869,0.7268307922793301,0.021473942815251123,0.13315264341545674,0,0
em2x3125u_unbalance_timeseries.csv,EMB_COMP_001,EM2X3125U,unbalance,steady_state,2026-01-01 00:02:16.000,2026-01-01 00:02:17.990,136.0,137.99,200,0.08952363947474623,0.02122948633676966,0.08952220936622736,0.021229236861328698,0.1401876158476735,0.0417317212166988,1.565928470627237,1.9657433323960873,1.7134878027611689,2.06267864118185,40.0,40.0,1.6587708683973414,158.62599225022313,0.0,0.810992216344577,8.202786158634172,0.0,40.63030771636783,41.59893090496056,39.76688930486997,1.8320416000905908,0.007721315344407601,0.7985983683553609,0.8427799471212253,0.7268307922793301,0.02032914778809717,0.11594915484189516,0,0
em2x3125u_unbalance_timeseries.csv,EMB_COMP_001,EM2X3125U,unbalance,steady_state,2026-01-01 00:02:17.000,2026-01-01 00:02:18.990,137.0,138.99,200,0.08922072138513513,0.0211349871002003,0.08922003465372028,0.021134755288362513,0.1392461317772627,0.0403345118694862,1.5606927361210754,1.9084237751488358,1.7208676256318434,2.048966994027267,40.0,40.0,1.8173410743535305,157.3953999531571,0.0,0.8167191181263975,8.11683882889503,0.0,41.389023768048084,42.21035215248056,40.524544488203965,1.6858076642765951,0.007311591491519464,0.8005523058609184,0.8612978579387807,0.7372467307487768,0.020493957460537175,0.12405112719000388,0,0
em2x3125u_unbalance_timeseries.csv,EMB_COMP_001,EM2X3125U,unbalance,steady_state,2026-01-01 00:02:18.000,2026-01-01 00:02:19.990,138.0,139.99,200,0.08923613271338472,0.020541358044478014,0.08923593079300567,0.02054126797844033,0.1433668682602504,0.0398114910102797,1.6066010919671612,1.938113873682365,1.7200273773466088,2.069191638151144,40.0,40.0,1.8439314117586163,157.42127290373216,0.0,0.7541450183539169,7.685221936587975,0.0,42.149658737001346,43.04821998556933,41.33893165174874,1.709288333820595,0.007792592406039351,0.8005622399936132,0.8612978579387807,0.7372467307487768,0.020826273858528376,0.12405112719000388,0,0
em2x3125u_unbalance_timeseries.csv,EMB_COMP_001,EM2X3125U,unbalance,shutdown,2026-01-01 00:02:19.000,2026-01-01 00:02:20.990,139.0,140.99,200,0.06468115986997477,0.016423158350585196,0.06468091101011858,0.016423066534644766,0.1433668682602504,0.0398114910102797,2.2165166572221877,2.424106871554406,3.204441182882266,2.752525649748415,40.0,40.0,1.0826333480443833,82.58987428921345,0.0,0.46875773813550514,4.926622586337956,0.0,42.47017646571229,43.04821998556933,41.79129025713183,1.2569297284375054,-0.001378533024251653,0.6097321815776915,0.8443557643026531,0.2629455493543109,0.19819423798408906,0.5814102149483422,0,0
em2x3125u_unbalance_timeseries.csv,EMB_COMP_001,EM2X3125U,unbalance,shutdown,2026-01-01 00:02:20.000,2026-01-01 00:02:21.990,140.0,141.99,200,0.014534641737989297,0.009087264888487288,0.014531194051785299,0.00908458785248398,0.0382608301962538,0.0244278951414474,2.6323889426356617,2.6881460418739693,2.3637882051541226,2.506971798719476,40.0,40.0,0.29231635443324133,3.9338164633302934,0.0,0.1828641652049084,1.4679828209919623,0.0,41.887669600787355,42.97125626137478,40.82809363816053,2.143162623214252,-0.010165801583722206,0.2794219471125089,0.552711463604175,0.0,0.1630720743249328,0.552711463604175,0,0
em2x3125u_unbalance_timeseries.csv,EMB_COMP_001,EM2X3125U,unbalance,idle,2026-01-01 00:02:21.000,2026-01-01 00:02:22.990,141.0,142.99,200,0.006995879361092127,0.004876047938846187,0.006987972243023265,0.004873424052780152,0.0251454222143185,0.0204392273764104,3.594319015014154,4.191760957388558,4.492433794020078,5.87399761988198,40.0,40.0,0.15457432153071227,0.8248271045193007,0.0,0.10605996427083293,0.369153701883948,0.0,41.032838454675236,41.96114098763506,40.42446116405392,1.5366798235811387,-0.006930525380991249,0.06964272754576017,0.2798800488944511,0.0,0.08983966641754744,0.2798800488944511,0,0
em2x3125u_unbalance_timeseries.csv,EMB_COMP_001,EM2X3125U,unbalance,idle,2026-01-01 00:02:22.000,2026-01-01 00:02:23.990,142.0,143.99,200,0.0014974181055092018,0.0011924697930060465,0.0014929963270163495,0.0011869798649754256,0.0046632731430011,0.0031582060844078,3.114209134939863,2.6484579340550107,3.2890616112901307,2.617711776188063,39.5,25.5,0.021308457857272527,0.023273918736917292,0.0,0.0176244401159004,0.01069971274172732,0.0,40.50374133110336,40.91888191979133,40.01883577282398,0.9000461469673553,-0.003743818875117311,0.000933815526701904,0.0055657348736539,0.0,0.0013116253056588932,0.0055657348736539,0,0
em2x3125u_unbalance_timeseries.csv,EMB_COMP_001,EM2X3125U,unbalance,idle,2026-01-01 00:02:23.000,2026-01-01 00:02:24.990,143.0,144.99,200,0.0015437399140588817,0.0012095297265765144,0.00154303806639243,0.0011911119008648457,0.0057687952524803,0.0031754610611883,3.736895833257742,2.6253683488840003,3.3948148265841867,2.781569106600919,11.0,24.5,0.0249093745926273,0.022729766536277392,0.0,0.017257818271079594,0.011180671402495207,0.0,40.12567018798504,40.55210955226247,39.65405727968929,0.8980522725731817,-0.00392826971160392,0.0009388835873980128,0.0046605589401614,0.0,0.0011771530383498361,0.0046605589401614,0,0
em2x3125u_unbalance_timeseries.csv,EMB_COMP_001,EM2X3125U,unbalance,idle,2026-01-01 00:02:24.000,2026-01-01 00:02:25.990,144.0,145.99,200,0.0016434439751601257,0.0011404697670884545,0.001634308440003434,0.0011403635883061715,0.0057687952524803,0.0031754610611883,3.5101867417891315,2.784344796175568,3.4481851705215334,2.8516730162950865,12.0,24.5,0.0311585091877881,0.022274584631911922,0.0,0.015689703844927,0.010387143933946423,0.0,39.74430241962772,40.14861547457452,39.30658578800013,0.8420296865743921,-0.0037478126804874863,0.0008387665172369543,0.004203617713188,0.0,0.0011064901953428351,0.004203617713188,0,0
em2x3125u_unbalance_timeseries.csv,EMB_COMP_001,EM2X3125U,unbalance,idle,2026-01-01 00:02:25.000,2026-01-01 00:02:26.990,145.0,146.99,200,0.001630201971938529,0.001071892539076036,0.0016302012015804272,0.0010714224058745597,0.0055640127362975,0.0030791998473999,3.4130818340755296,2.8726758841461377,2.921312273903023,3.5506545663824145,12.0,30.5,0.032555236594622644,0.020747920750579307,0.0,0.012828515730512373,0.01013576234233779,0.0,39.372968575452894,39.78821078318382,38.96626113361485,0.8219496495689711,-0.0036957139064859017,0.0006746695598260078,0.0044020699216199,0.0,0.0010131895166971593,0.0044020699216199,0,0
em2x3125u_unbalance_timeseries.csv,EMB_COMP_001,EM2X3125U,unbalance,idle,2026-01-01 00:02:26.000,2026-01-01 00:02:27.990,146.0,147.99,200,0.0015604122330191113,0.0010421079058511693,0.0015599647607162383,0.0010390765848341964,0.0037948356265565,0.0030791998473999,2.4319442941139915,2.9547802392736693,2.4018494567590967,3.34321116777616,1.5,30.5,0.03170306830221008,0.01731599933056022,0.0,0.012454664633114922,0.009143018893936762,0.0,38.99708356413777,39.40425387294665,38.580301309592144,0.8239525633545028,-0.0037860934077567983,0.0007448051126694824,0.0045782566106436,0.0,0.0010437069135737064,0.0045782566106436,0,0
em2x3125u_unbalance_timeseries.csv,EMB_COMP_001,EM2X3125U,unbalance,idle,2026-01-01 00:02:27.000,2026-01-01 00:02:28.990,147.0,148.99,200,0.0014109953084776652,0.0011678319412187623,0.0014093474105483087,0.001160139563539154,0.0037948356265565,0.0033982796879241,2.6894743049505814,2.9099047285670387,2.5205413037896,3.1524330080783995,7.0,46.5,0.025325907274304737,0.014437582583427788,0.0,0.015365685888060069,0.01155841330458718,0.0,38.621972018976585,39.03481095059981,38.17628215527901,0.858528795320801,-0.003700538753982609,0.0007590350916926161,0.0045782566106436,0.0,0.001066150372091525,0.0045782566106436,0,0
em2x3125u_unbalance_timeseries.csv,EMB_COMP_001,EM2X3125U,unbalance,idle,2026-01-01 00:02:28.000,2026-01-01 00:02:29.990,148.0,149.99,200,0.0013638417021237426,0.0012947955376353777,0.0013593211230072738,0.0012920156900816714,0.0047736408040719,0.0033982796879241,3.5001428660221325,2.6245685817933952,2.897094120041159,2.706783157180689,3.5,47.0,0.022972473870569617,0.013982715380965096,0.0,0.020020946041278534,0.01337556827190659,0.0,38.2497082049449,38.68437390285733,37.79051438033616,0.8938595225211685,-0.00378912907841791,0.000725659935943344,0.0052339616938146,0.0,0.001076997997362994,0.0052339616938146,0,0
em2x3125u_unbalance_timeseries.csv,EMB_COMP_001,EM2X3125U,unbalance,idle,2026-01-01 00:02:29.000,2026-01-01 00:02:30.990,149.0,150.99,200,0.059097400195873506,0.04058980258032125,0.05909513796629362,0.040583458071859514,0.1743122872248055,0.1293526733512622,2.9495762359606625,3.1868268660654917,5.0794409436951815,4.844990816465048,40.0,40.0,17.96990777167103,51.95447536653859,0.0,5.807702903309142,27.132833700702243,0.0,32.280367594918424,38.29298193887209,25.47094197403168,12.82203996484041,-0.08468428402163944,2.503630790097692,6.386724094795455,0.0,2.5667223923239235,6.386724094795455,1,0
em2x3125u_unbalance_timeseries.csv,EMB_COMP_001,EM2X3125U,unbalance,startup,2026-01-01 00:02:30.000,2026-01-01 00:02:31.990,150.0,151.99,200,0.08426808204989461,0.05861493711905871,0.08425906998286288,0.05861402236312728,0.1976003883276591,0.1293526733512622,2.34490193108538,2.2068209864069446,2.647031612244653,2.3094414068602007,40.0,40.0,37.52397377319979,104.50865991542634,0.0,11.218528935528559,57.51361399419111,0.0,27.503475517816383,29.535728874654662,25.47094197403168,4.064786900622984,0.020086618227032317,3.625834239111198,6.386724094795455,0.8477918945072092,1.5970864785163654,5.5389322002882455,1,0
em2x3125u_unbalance_timeseries.csv,EMB_COMP_001,EM2X3125U,unbalance,startup,2026-01-01 00:02:31.000,2026-01-01 00:02:32.990,151.0,152.99,200,0.08689426545476792,0.04467111724398516,0.0868692365322285,0.04467005979167708,0.1976003883276591,0.1139356152485674,2.274032553166795,2.550543220718495,2.1994580510599233,3.641575297879349,40.0,40.0,20.308446927986306,130.6251618547143,0.0,5.855748711204577,34.06650680346275,0.0,29.209940833559305,30.46847665460948,27.4635116479588,3.0049650066506786,0.014049188765288283,1.5223210619928809,3.6282323479913177,0.7573404324565883,0.9183916261947885,2.870891915534729,1,0
em2x3125u_unbalance_timeseries.csv,EMB_COMP_001,EM2X3125U,unbalance,steady_state,2026-01-01 00:02:32.000,2026-01-01 00:02:33.990,152.0,153.99,200,0.08879011863323152,0.020802480764472504,0.08879011776416441,0.02080149622493348,0.1390053508837389,0.0418938106278113,1.5655497821546247,2.013885319839334,1.721179465397543,2.1218860951888816,40.0,40.0,1.7867862265712067,155.88734887251607,0.0,0.7919118843524063,7.868993166129177,0.0,30.296603837373805,31.12867078642052,29.42350255344458,1.7051682329759394,0.007726049916957273,0.8002623891147889,0.8523037247775,0.7571656286303333,0.018676472474878556,0.09513809614716673,0,0
em2x3125u_unbalance_timeseries.csv,EMB_COMP_001,EM2X3125U,unbalance,steady_state,2026-01-01 00:02:33.000,2026-01-01 00:02:34.990,153.0,154.99,200,0.08938564281199442,0.020846935435550974,0.08938559571202491,0.020838771467374523,0.1427742088642453,0.0418938106278113,1.5972834604383113,2.0095908464497083,1.7134720643308095,2.101881017928011,40.0,40.0,1.7464260609213806,158.05519017365336,0.0,0.8020965326627081,7.889189027189565,0.0,31.0695649153244,31.932919561895773,30.145755119613145,1.7871644422826272,0.007679844365296114,0.8017020021853731,0.8550748684922753,0.7567471418994886,0.019048638500722498,0.09832772659278677,0,0
em2x3125u_unbalance_timeseries.csv,EMB_COMP_001,EM2X3125U,unbalance,steady_state,2026-01-01 00:02:34.000,2026-01-01 00:02:35.990,154.0,155.99,200,0.08967975901183048,0.020687352789788453,0.08967974136369936,0.020687186691733493,0.1427742088642453,0.040382176016076,1.5920449657476292,1.9520223987290037,1.7193197044437045,2.059003084727346,40.0,40.0,1.8304673131991929,159.03303182749187,0.0,0.7849366493355786,7.776558322211403,0.0,31.84373888611195,32.77617530073807,30.956573290248077,1.8196020104899908,0.007589901577207514,0.7999496694273244,0.8550748684922753,0.7447850429615689,0.0191905558819863,0.11028982553070643,0,0
em2x3125u_unbalance_timeseries.csv,EMB_COMP_001,EM2X3125U,unbalance,steady_state,2026-01-01 00:02:35.000,2026-01-01 00:02:36.990,155.0,156.99,200,0.08958661840263839,0.021071046696079038,0.08958654624194742,0.021069578042755985,0.1381094311878391,0.040382176016076,1.541630141313289,1.9164769837271745,1.7277548576666002,2.1421654659688762,40.0,40.0,1.9352543065242203,158.58780978280365,0.0,0.9664545862168813,7.913295353002833,0.0,32.617189433339746,33.45885835206161,31.804616734905963,1.6542416171556482,0.0077208984097731975,0.7998525502890566,0.8543325568018202,0.7447850429615689,0.019277578536692284,0.1095475138402513,0,0
em2x3125u_unbalance_timeseries.csv,EMB_COMP_001,EM2X3125U,unbalance,steady_state,2026-01-01 00:02:36.000,2026-01-01 00:02:37.990,156.0,157.99,200,0.08876800656871789,0.02103705892692079,0.08876791035984916,0.02103614799062105,0.1408334868781127,0.0405461537336657,1.586534296780557,1.9273679783146602,1.7461777625561699,2.164068929242021,40.0,40.0,2.1151504503837075,155.49019395007304,0.0,1.0159272350264281,7.83636774602545,0.0,33.40379208898307,34.39998518947664,32.510557560700946,1.8894276287756924,0.007969340701970416,0.8009853988708571,0.8543325568018202,0.7514401547965889,0.020158566232762076,0.10289240200523131,0,0
em2x3125u_unbalance_timeseries.csv,EMB_COMP_001,EM2X3125U,unbalance,steady_state,2026-01-01 00:02:37.000,2026-01-01 00:02:38.990,157.0,158.99,200,0.08897183329000964,0.021220272509782773,0.0889716821423509,0.02122026502013173,0.1408334868781127,0.0405461537336657,1.5828996848818044,1.9107272875488988,1.7441872535290082,2.069170278607801,40.0,40.0,2.0863191947576736,156.2332260023429,0.0,0.8541258416276535,8.160269122080448,0.0,34.188451475621385,35.07774967613931,33.223390184612384,1.8543594915269281,0.007781338107667195,0.7973269626265221,0.8499959531060398,0.7514401547965889,0.02053759474311388,0.09855579830945094,0,0
em2x3125u_unbalance_timeseries.csv,EMB_COMP_001,EM2X3125U,unbalance,steady_state,2026-01-01 00:02:38.000,2026-01-01 00:02:39.990,158.0,159.99,200,0.0897016466343688,0.020911700541940074,0.08970148404858314,0.02090437721926142,0.1389648018202072,0.0440429467582393,1.5491889729364616,2.10613893738138,1.7314243620383984,2.0605040086540876,40.0,40.0,1.9983301444491293,158.9346332596234,0.0,0.8187789204177207,7.930428825040158,0.0,34.95679834689004,35.85700708997793,33.82035581331522,2.0366512766627096,0.007682044247725335,0.7976602828714247,0.8449224110125452,0.7514749812026892,0.0196199795593996,0.09344742980985599,0,0
em2x3125u_unbalance_timeseries.csv,EMB_COMP_001,EM2X3125U,unbalance,steady_state,2026-01-01 00:02:39.000,2026-01-01 00:02:40.990,159.0,160.99,200,0.08943692672022151,0.0207018819646838,0.08943676499365703,0.020698389006049207,0.1389648018202072,0.0440429467582393,1.5537743403786655,2.12748516455528,1.7243656593461585,2.1199204112628864,40.0,40.0,1.9043445264777776,158.0752159269099,0.0,0.8198814744731896,7.748951292650248,0.0,35.73176996623008,36.66875543991343,34.845207588083376,1.8235478518300567,0.007768268300024899,0.7990631181560218,0.8472948392525684,0.7523650242612187,0.019346419011717325,0.09492981499134978,0,0
em2x3125u_unbalance_timeseries.csv,EMB_COMP_001,EM2X3125U,unbalance,steady_state,2026-01-01 00:02:40.000,2026-01-01 00:02:41.990,160.0,161.99,200,0.08938173073412196,0.02108637163578243,0.08938110434423828,0.021085202333505495,0.1419869938131587,0.0416728767463402,1.5885460333669104,1.9762943320046389,1.7263629312114765,2.086716243706407,40.0,40.0,1.9191862846686079,157.87048971030413,0.0,0.7883923506164878,8.10348187422221,0.0,36.51356224050729,37.37319798561543,35.63578278181756,1.737415203797866,0.007677367626330464,0.7996079498067965,0.8551051823716174,0.7335464807700863,0.020232346758397128,0.12155870160153104,0,0
em2x3125u_unbalance_timeseries.csv,EMB_COMP_001,EM2X3125U,unbalance,steady_state,2026-01-01 00:02:41.000,2026-01-01 00:02:42.990,161.0,162.99,200,0.08938434050622646,0.020993509632465577,0.08938173545085615,0.020992115069016864,0.1441308054302955,0.0416728767463402,1.6124838491173454,1.985036207661765,1.7456768499515478,2.0369521674210107,40.0,40.0,2.1094538680907835,157.68047664617728,0.0,0.7708345232816348,8.04298913790476,0.0,37.2938821131775,38.17958737862872,36.33736577705288,1.8422216015758366,0.007728323790782981,0.8006525978169221,0.8551051823716174,0.7335464807700863,0.02049860981995198,0.12155870160153104,0,0
em2x3125u_unbalance_timeseries.csv,EMB_COMP_001,EM2X3125U,unbalance,steady_state,2026-01-01 00:02:42.000,2026-01-01 00:02:43.990,162.0,163.99,200,0.08919261894344443,0.020732389789779784,0.08919146645731499,0.020729236185654917,0.1441308054302955,0.0413647796358306,1.6159499198211285,1.9951766320842441,1.7365732908861398,2.0766094235725343,40.0,40.0,2.0464648174925424,157.05682975420166,0.0,0.7474358905168643,7.85164312541805,0.0,38.07634750437778,39.064595528823645,37.19785108523631,1.8667444435873364,0.007754423671537927,0.7987873659576371,0.8542843928610896,0.7460679066301711,0.02131620446945031,0.10821648623091851,0,0
em2x3125u_unbalance_timeseries.csv,EMB_COMP_001,EM2X3125U,unbalance,steady_state,2026-01-01 00:02:43.000,2026-01-01 00:02:44.990,163.0,164.99,200,0.08838925361217463,0.020779382309131116,0.08838895041963024,0.02077622455092326,0.140014622006461,0.0413647796358306,1.5840683825751365,1.99066454529082,1.721027699725464,2.1580898519126257,40.0,40.0,1.8657346427964296,154.39279738088732,0.0,0.8021136228415637,7.831017760564901,0.0,38.84682436966831,39.7084007378584,37.93519639515468,1.7732043427037212,0.007627293537916821,0.7998239776054935,0.8577768167856126,0.7411378577283003,0.021314619066677053,0.11663895905731225,0,0
em2x3125u_unbalance_timeseries.csv,EMB_COMP_001,EM2X3125U,unbalance,steady_state,2026-01-01 00:02:44.000,2026-01-01 00:02:45.990,164.0,165.99,200,0.08865606610345209,0.020844583372025074,0.0886557128507365,0.02084458058006918,0.1414059064771231,0.0405985831684589,1.5949941463917159,1.9476802411385736,1.7196864811602572,2.120825213361445,40.0,40.0,1.779805623816192,155.41694592449747,0.0,0.8166475029499305,7.882026529925198,0.0,39.618337588928014,40.58242491854348,38.68948832900763,1.89293658953585,0.007887439400306803,0.8011106513638089,0.8577768167856126,0.7411378577283003,0.020362763639966332,0.11663895905731225,0,0
em2x3125u_unbalance_timeseries.csv,EMB_COMP_001,EM2X3125U,unbalance,steady_state,2026-01-01 00:02:45.000,2026-01-01 00:02:46.990,165.0,166.99,200,0.0891283789334978,0.020681876847442857,0.08912749395453946,0.020681818211647593,0.1414059064771231,0.0437430048647185,1.5865418867612482,2.115040389582774,1.7274303056620866,2.1203433753155547,40.0,40.0,1.8341011241442604,157.04304078531152,0.0,0.7947461635844679,7.760011449760694,0.0,40.401608046884284,41.28826732121668,39.5045527004822,1.7837146207344787,0.00790956205476148,0.8004874779260273,0.8558267776085132,0.7484109937266783,0.018290141208664432,0.10741578388183493,0,0
em2x3125u_unbalance_timeseries.csv,EMB_COMP_001,EM2X3125U,unbalance,steady_state,2026-01-01 00:02:46.000,2026-01-01 00:02:47.990,166.0,167.99,200,0.08873376561740985,0.021008719576327807,0.08872730045096981,0.021008624396012993,0.1377087188559985,0.0437430048647185,1.5519314197681204,2.0821356916014633,1.7325883363226067,2.1688545574547415,40.0,40.0,1.9409947974508817,155.51018605378493,0.0,0.9157605062205454,7.912729521527517,0.0,41.16937213657493,42.0344242662006,40.21168519178242,1.8227390744181804,0.007641743586793359,0.8000429464075012,0.8509043963305297,0.7571561944758755,0.016335134811676925,0.09374820185465427,0,0
em2x3125u_unbalance_timeseries.csv,EMB_COMP_001,EM2X3125U,unbalance,steady_state,2026-01-01 00:02:47.000,2026-01-01 00:02:48.990,167.0,168.99,200,0.08893470598312644,0.021098953460236176,0.08893186203778425,0.02109823826787559,0.1389353538219739,0.04360100691119,1.5622174975013023,2.066500928274096,1.7269269537644103,2.178715023788687,40.0,40.0,1.9315986755087484,156.24659664956417,0.0,0.8488985852507289,8.054172469926531,0.0,41.95488320116295,42.89206178293076,41.08260794807869,1.8094538348520715,0.008004834229368924,0.7983764590791526,0.8482755822224403,0.7492200874287656,0.01789434617563047,0.0990554947936747,0,0
em2x3125u_unbalance_timeseries.csv,EMB_COMP_001,EM2X3125U,unbalance,steady_state,2026-01-01 00:02:48.000,2026-01-01 00:02:49.990,168.0,169.99,200,0.08925507097598019,0.02095708645779497,0.0892524104801236,0.02095668797721047,0.1397796434704208,0.04360100691119,1.566069489856072,2.0804899096540517,1.7273261147202295,2.131390134456556,40.0,40.0,1.9267655578607565,157.39342685426948,0.0,0.7505218614360367,8.033477757797877,0.0,42.738425891805875,43.6326992953993,41.86172838557794,1.770970909821358,0.007551344529079858,0.7976225927108013,0.8482755822224403,0.7492200874287656,0.019351238376495484,0.0990554947936747,0,0
em2x3125u_unbalance_timeseries.csv,EMB_COMP_001,EM2X3125U,unbalance,shutdown,2026-01-01 00:02:49.000,2026-01-01 00:02:50.990,169.0,170.99,200,0.06433817269171009,0.016902710309169067,0.06433669851126682,0.016902623859201008,0.1397796434704208,0.0404797612398787,2.17257714390187,2.3948680714192916,3.2376918917044817,2.709984667479903,40.0,40.0,1.3277643074115157,81.46108380546887,0.0,0.4579185908630026,5.258219989240148,0.0,43.054917493639714,43.6326992953993,42.42818683795088,1.2045124574484163,-0.0011322955374829273,0.6098825543670198,0.8391406195714073,0.2737800299731515,0.19745244473770218,0.5653605895982559,0,0
em2x3125u_unbalance_timeseries.csv,EMB_COMP_001,EM2X3125U,unbalance,shutdown,2026-01-01 00:02:50.000,2026-01-01 00:02:51.990,170.0,171.99,200,0.014685828381009123,0.009205539450136834,0.014681745077449387,0.009202345553435045,0.0328163840762908,0.0226863274317599,2.234561321629434,2.46442129270574,2.4234447565827852,2.330687210716379,40.0,40.0,0.3141941945663777,3.9991278762330422,0.0,0.1323808697178608,1.5680396973529587,0.0,42.495237794419374,43.60537969841355,41.49217407485588,2.1132056235576684,-0.010014469207923416,0.27973185208827683,0.5627235405760076,0.0,0.16418804565061537,0.5627235405760076,0,0
em2x3125u_unbalance_timeseries.csv,EMB_COMP_001,EM2X3125U,unbalance,idle,2026-01-01 00:02:51.000,2026-01-01 00:02:52.990,171.0,172.99,200,0.006873272014918843,0.004530405293472149,0.0068701884176212424,0.004525556636025284,0.0242136279475583,0.0173264569946235,3.522867696055269,3.824482771903245,4.840814225127984,4.8494004656936776,40.0,40.0,0.15249638364889484,0.7916460356488116,0.0,0.08536364337370643,0.3267349219166637,0.0,41.651107813740076,42.55552210993527,41.057627188067805,1.4978949218674629,-0.006841608677686749,0.06925661985704253,0.2826811448071879,0.0,0.08973307535902258,0.2826811448071879,0,0
em2x3125u_unbalance_timeseries.csv,EMB_COMP_001,EM2X3125U,unbalance,idle,2026-01-01 00:02:52.000,2026-01-01 00:02:53.990,172.0,173.99,200,0.001445490740283405,0.0012951471197879868,0.0014361985117519616,0.0012928126199242527,0.0046103689051154,0.0047910697341227,3.1894835273808013,3.6992474915953872,2.7938747331059504,3.7268365735784177,4.0,25.0,0.02615489170340139,0.015264949276731886,0.0,0.019693542742076093,0.013907427928805576,0.0,41.117265797063176,41.5441931589509,40.64872079928236,0.8954723596685383,-0.0037775856165223705,0.0008964097984163552,0.0066269276761418,0.0,0.0012420746922159611,0.0066269276761418,0,0
em2x3125u_unbalance_timeseries.csv,EMB_COMP_001,EM2X3125U,unbalance,idle,2026-01-01 00:02:53.000,2026-01-01 00:02:54.990,173.0,174.99,200,0.0014598339339499077,0.001225664936105336,0.0014559631968132799,0.00122537684876921,0.0043056903026463,0.003250708631355,2.949438427558874,2.652200071647989,2.595437578351534,3.0595259237711128,45.0,12.5,0.024500804850306267,0.018039272696655922,0.0,0.019332542161539238,0.010720368196665678,0.0,40.73804297773452,41.151452636672886,40.33394592034856,0.8175067163243241,-0.0037690813940535646,0.000812270471688109,0.0066269276761418,0.0,0.0011992273437374966,0.0066269276761418,0,0
em2x3125u_unbalance_timeseries.csv,EMB_COMP_001,EM2X3125U,unbalance,idle,2026-01-01 00:02:54.000,2026-01-01 00:02:55.990,174.0,175.99,200,0.0015590661477368833,0.0011341171349472708,0.0015586033804412783,0.001130511554656246,0.0043056903026463,0.0028767746649678,2.761711110780242,2.5365763167854363,2.6200974142393374,2.612869485190211,32.0,35.5,0.02701991899629577,0.021711971182783993,0.0,0.013124367850044328,0.012563046475581652,0.0,40.36477760228059,40.797768578654136,39.93919393376324,0.8585746448908935,-0.003722361222545011,0.0008391053876916515,0.0068289729269896,0.0,0.001250772506375973,0.0068289729269896,0,0
em2x3125u_unbalance_timeseries.csv,EMB_COMP_001,EM2X3125U,unbalance,idle,2026-01-01 00:02:55.000,2026-01-01 00:02:56.990,175.0,176.99,200,0.001546084404598179,0.0012270954826659006,0.0015418700136319216,0.0012269816671500722,0.0037443765821242,0.0032287935018156,2.421844868875285,2.6312487882368796,2.558274829827735,2.5970875274075316,44.5,46.0,0.027559341477899724,0.01999740518713909,0.0,0.016741030268441186,0.013373755653770416,0.0,39.98876037905952,40.41033442227242,39.55110914907933,0.8592252731930898,-0.003772120686088231,0.0009521807027139176,0.0068289729269896,0.0,0.0013252037128369113,0.0068289729269896,0,0
em2x3125u_unbalance_timeseries.csv,EMB_COMP_001,EM2X3125U,unbalance,idle,2026-01-01 00:02:56.000,2026-01-01 00:02:57.990,176.0,177.99,200,0.0015443976871008524,0.0012561908467661558,0.001532898833798124,0.0012519062778487413,0.0038845633898837,0.004602077578149,2.5152610770712904,3.6635178404589124,2.677495084244382,3.4465039167684073,3.0,37.0,0.028053688219749417,0.01927806656243485,0.0,0.018797320080793278,0.012584797233455606,0.0,39.6162293672706,40.10140588241647,39.17679496902416,0.9246109133923142,-0.0036381435220259007,0.0007925397140384395,0.0051976363671843,0.0,0.001154835373388273,0.0051976363671843,0,0
em2x3125u_unbalance_timeseries.csv,EMB_COMP_001,EM2X3125U,unbalance,idle,2026-01-01 00:02:57.000,2026-01-01 00:02:58.990,177.0,178.99,200,0.0015428259685707863,0.001216441959377227,0.0015412175652188417,0.0012164320980625745,0.0038845633898837,0.004602077578149,2.5178234415396883,3.7832282442025367,2.7307213229804397,3.4019334513894286,3.5,20.5,0.02863751745566022,0.01887854965022587,0.0,0.017237749914378982,0.012361993924843924,0.0,39.24118935675472,39.68534341001656,38.80490398833495,0.8804394216816078,-0.0038389868603883976,0.0008911824280439521,0.0060049143882043,0.0,0.001241798347299486,0.0060049143882043,0,0
em2x3125u_unbalance_timeseries.csv,EMB_COMP_001,EM2X3125U,unbalance,idle,2026-01-01 00:02:58.000,2026-01-01 00:02:59.990,178.0,179.99,200,0.0016565216217035085,0.0011347165374802739,0.0016404634078636684,0.0011315468570614498,0.0054806859660559,0.0034771974865555,3.30855081771873,3.064375438007528,3.54487451846475,2.6373509395487753,31.5,36.5,0.030701391573398646,0.02318267551507074,0.0,0.01533195655385118,0.01030701301798483,0.0,38.86645406812833,39.30706363893271,38.43583726277363,0.871226376159079,-0.0036823362456529065,0.0009851003070718823,0.0060049143882043,0.0,0.0013398997576377343,0.0060049143882043,0,0
em2x3125u_unbalance_timeseries.csv,EMB_COMP_001,EM2X3125U,unbalance,idle,2026-01-01 00:02:59.000,2026-01-01 00:03:00.990,179.0,180.99,200,0.06041174752459519,0.0426859866730867,0.060411352900814515,0.042658914423756564,0.2060097501720517,0.1357509811436815,3.4100942054056587,3.1802235750889136,5.027390531276522,4.748570368380921,40.0,40.0,14.921545422619669,58.251264657545654,0.0,6.88688145485093,29.535505369189924,0.0,32.74182534316238,38.90987261549739,25.78278980404766,13.127082811449732,-0.08718649266637184,2.5031442898700984,6.4868255878136685,0.0,2.5654302801803173,6.4868255878136685,1,0
em2x3125u_unbalance_timeseries.csv,EMB_COMP_001,EM2X3125U,unbalance,startup,2026-01-01 00:03:00.000,2026-01-01 00:03:01.990,180.0,181.99,200,0.0840033302329893,0.060301814915174765,0.08399873321919933,0.06021709881997493,0.2060097501720517,0.1357509811436815,2.452399798920695,2.25119229553272,2.4808629595641416,2.275951301917635,40.0,40.0,28.635341227547354,112.73650466353295,0.0,15.150166604057937,57.39548658542304,0.0,27.808184095616703,29.806386774769276,25.78278980404766,4.023596970721616,0.02005845541162841,3.626523973608619,6.4868255878136685,0.7991633215322962,1.595034945114171,5.6876622662813725,1,0
em2x3125u_unbalance_timeseries.csv,EMB_COMP_001,EM2X3125U,unbalance,startup,2026-01-01 00:03:01.000,2026-01-01 00:03:02.990,181.0,182.99,200,0.0855351227770613,0.045153591017059014,0.08553065223037436,0.04512963925064409,0.1722010476001106,0.1269811412484058,2.0132203241110127,2.812204708157815,2.0565380738235675,3.6727027793568046,40.0,40.0,14.655899835252274,131.6541562699859,0.0,8.977535825561072,31.75618865118283,0.0,29.463973731205268,30.610025354774685,27.81386233062301,2.7961630241516744,0.013172235380009127,1.5235912663655937,3.815151198355392,0.7507995055639398,0.9204089435859967,3.064351692791452,1,0
em2x3125u_unbalance_timeseries.csv,EMB_COMP_001,EM2X3125U,unbalance,steady_state,2026-01-01 00:03:02.000,2026-01-01 00:03:03.990,182.0,183.99,200,0.08818935560106025,0.02120820451297579,0.08818915997800737,0.021204975827834628,0.1367133457384856,0.0407723895338095,1.550225022132285,1.9224819106616866,1.7368606235563395,2.0568945582174023,40.0,40.0,1.9822826442618555,153.57804960208335,0.0,0.8471985228895368,8.147494789295212,0.0,30.531113040785414,31.53399656321658,29.609996030002712,1.9240005332138672,0.008337144012393367,0.7994575767586585,0.868129658805363,0.7507995055639398,0.02150764082600677,0.11733015324142315,0,0
em2x3125u_unbalance_timeseries.csv,EMB_COMP_001,EM2X3125U,unbalance,steady_state,2026-01-01 00:03:03.000,2026-01-01 00:03:04.990,183.0,184.99,200,0.08824263739651851,0.020764386615149212,0.08824164635607365,0.020763718430117973,0.1367692701456095,0.0407723895338095,1.5499227378147873,1.9635730296055516,1.7233747617167454,2.06285637943247,40.0,40.0,1.8029539577334421,153.92908698403576,0.0,0.7495342546130302,7.874064015280909,0.0,31.331139365671206,32.19472483683148,30.473916963776617,1.7208078730548664,0.007677042596263993,0.8006030989628994,0.868129658805363,0.7544562800214714,0.021178439540799527,0.11367337878389161,0,0
em2x3125u_unbalance_timeseries.csv,EMB_COMP_001,EM2X3125U,unbalance,steady_state,2026-01-01 00:03:04.000,2026-01-01 00:03:05.990,184.0,185.99,200,0.08821300180731974,0.0206535072588799,0.08821285469527843,0.02064903103594734,0.1367692701456095,0.039856881788036,1.5504434419355702,1.929787579826166,1.7328676405496621,2.083575292444398,40.0,40.0,1.9445853065969594,153.6855782718553,0.0,0.7435375716364236,7.7841123569619874,0.0,32.118670047674115,33.2349954843286,31.04382881878073,2.1911666655478683,0.008034719434333556,0.8016701051296868,0.852933714776388,0.7547163077652884,0.019300062398256983,0.0982174070110996,0,0
em2x3125u_unbalance_timeseries.csv,EMB_COMP_001,EM2X3125U,unbalance,steady_state,2026-01-01 00:03:05.000,2026-01-01 00:03:06.990,185.0,186.99,200,0.08832819516086413,0.021047697347143464,0.08832754195104858,0.021036289852430824,0.1366329843891556,0.039856881788036,1.5468784813311125,1.8936457100588853,1.7243676745538212,2.0856041627957143,40.0,40.0,1.9344832388500255,154.10765726057147,0.0,0.759363506221256,8.092518370743448,0.0,32.92598116084901,34.09606188938011,32.04706573776681,2.048996151613302,0.007927830956887785,0.8009773465254737,0.8467297507475257,0.7547163077652884,0.019430531058840288,0.09201344298223724,0,0
em2x3125u_unbalance_timeseries.csv,EMB_COMP_001,EM2X3125U,unbalance,steady_state,2026-01-01 00:03:06.000,2026-01-01 00:03:07.990,186.0,187.99,200,0.08861025309005827,0.02100656339406666,0.08860636066845336,0.02099782022933376,0.1409728603893312,0.0380577590843373,1.5909316977805565,1.811708006226605,1.7218782623395839,2.082780627622722,40.0,40.0,1.9685765852044812,155.05560446338157,0.0,0.738898536533315,8.080610343250486,0.0,33.72101368390421,34.61786478829475,32.83741401883858,1.7804507694561735,0.007944936819915975,0.8003782908248391,0.862430802534684,0.7511401726181096,0.01994048119200549,0.11129062991657435,0,0
em2x3125u_unbalance_timeseries.csv,EMB_COMP_001,EM2X3125U,unbalance,steady_state,2026-01-01 00:03:07.000,2026-01-01 00:03:08.990,187.0,188.99,200,0.08844348057905922,0.020891930907176025,0.08844294244696065,0.020891542999238486,0.147146589288001,0.0397285982898769,1.6637358494328742,1.9016240512374467,1.7314885864521108,2.0920590808641757,40.0,40.0,1.9863213244206546,154.45816202564973,0.0,0.7630411503045034,7.966511852718201,0.0,34.51268886259754,35.37085971369061,33.51154826799118,1.8593114456994329,0.00787249783555422,0.8014390530974934,0.862430802534684,0.7511401726181096,0.019312509863095344,0.11129062991657435,0,0
em2x3125u_unbalance_timeseries.csv,EMB_COMP_001,EM2X3125U,unbalance,steady_state,2026-01-01 00:03:08.000,2026-01-01 00:03:09.990,188.0,189.99,200,0.08805242548649918,0.020805396909007567,0.08805242508944228,0.020801289748352145,0.147146589288001,0.0406723468051022,1.6711247699878815,1.954894058641744,1.7211708893753423,2.1144138444505822,40.0,40.0,1.7541032000319596,153.31485754453263,0.0,0.78028561362432,7.879523616656649,0.0,35.31126439265797,36.27089129684768,34.36258421036913,1.9083070864785512,0.007949179304436805,0.801027362870636,0.8539957505681438,0.7469445416548834,0.019041361525936204,0.10705120891326037,0,0
em2x3125u_unbalance_timeseries.csv,EMB_COMP_001,EM2X3125U,unbalance,steady_state,2026-01-01 00:03:09.000,2026-01-01 00:03:10.990,189.0,190.99,200,0.08835414016601573,0.02096191317863641,0.08835394620806498,0.02095537420671617,0.1375147506102728,0.0452341793339519,1.556404152107476,2.15792227305153,1.7284903826776856,2.127825859747586,40.0,40.0,1.9325840228198758,154.20724423238266,0.0,0.8539751586004957,7.9324469228786985,0.0,36.114192633457414,37.09208036132559,35.199255790197284,1.8928245711283083,0.007914871750504718,0.7994485127175944,0.8458368538036838,0.7331691295452619,0.020324156899981405,0.11266772425842186,0,0
em2x3125u_unbalance_timeseries.csv,EMB_COMP_001,EM2X3125U,unbalance,steady_state,2026-01-01 00:03:10.000,2026-01-01 00:03:11.990,190.0,191.99,200,0.08854417067321674,0.02116674934950613,0.08854404080716707,0.021163001174152145,0.1361289571270212,0.0452341793339519,1.5374129780877617,2.1370394946830755,1.7216711804930178,2.1191339890629832,40.0,40.0,1.826996984585665,154.97874908963462,0.0,0.8797500897945193,8.077864029548783,0.0,36.91537312504331,38.02441790277528,35.9714233702494,2.0529945325258865,0.007976153859711625,0.7998187799647977,0.8751194056463074,0.7331691295452619,0.02145370458241047,0.1419502761010455,0,0
em2x3125u_unbalance_timeseries.csv,EMB_COMP_001,EM2X3125U,unbalance,steady_state,2026-01-01 00:03:11.000,2026-01-01 00:03:12.990,191.0,192.99,200,0.08878565652351326,0.02114076035190324,0.08878513697788494,0.021140747610563004,0.1387914202514595,0.0400755961796268,1.5632189442075377,1.895655383843321,1.7217308943682048,2.1273115735202275,40.0,40.0,1.7749568278783954,155.88307261635853,0.0,0.877856229498881,8.06080013678428,0.0,37.72322980913793,38.61104067190563,36.8786312282357,1.7324094436699298,0.008044602880397473,0.8015278779898009,0.8751194056463074,0.7505923348280433,0.02088671062790201,0.12452707081826409,0,0
em2x3125u_unbalance_timeseries.csv,EMB_COMP_001,EM2X3125U,unbalance,steady_state,2026-01-01 00:03:12.000,2026-01-01 00:03:13.990,192.0,193.99,200,0.08946944155234307,0.020925031346316073,0.0894686021397501,0.02092138275541822,0.1387914202514595,0.0415842484867424,1.5512717844590675,1.9872968311736106,1.7209372081201917,2.1170824439801184,40.0,40.0,1.8388273490496918,158.2565337992318,0.0,0.8413693861862847,7.912745631763315,0.0,38.525067067388946,39.43172774023262,37.54775205000224,1.883975690230379,0.007907315317192019,0.8014467213015259,0.8589650729651956,0.738133285930028,0.01981922800905133,0.12083178703516761,0,0
em2x3125u_unbalance_timeseries.csv,EMB_COMP_001,EM2X3125U,unbalance,steady_state,2026-01-01 00:03:13.000,2026-01-01 00:03:14.990,193.0,194.99,200,0.08933500866539772,0.020779733865516445,0.08933464411323969,0.020770554602384205,0.1382361157817718,0.0415842484867424,1.5473901871944973,2.001192544421882,1.6997471751158897,2.1018683058776,40.0,40.0,1.542403533455357,158.07283493157647,0.0,0.8319623308869231,7.800732833466759,0.0,39.32096158520995,40.309827443988056,38.4112639372125,1.8985635067755524,0.007988295386630895,0.79996303406692,0.8428931728695197,0.738133285930028,0.019331660394777274,0.10475988693949168,0,0
em2x3125u_unbalance_timeseries.csv,EMB_COMP_001,EM2X3125U,unbalance,steady_state,2026-01-01 00:03:14.000,2026-01-01 00:03:15.990,194.0,195.99,200,0.08888731460749208,0.020618704793349093,0.08888668511019925,0.020615832472548085,0.1379686044805585,0.038862759541242,1.5521742904462712,1.884830299999146,1.6988344715583794,2.120762998727243,40.0,40.0,1.6316812087215349,156.3856423176692,0.0,0.904198290763392,7.596975020523962,0.0,40.115387219021954,41.07744487800593,39.12855555377198,1.9488893242339458,0.007958088451752273,0.8003697333779292,0.8512555034423476,0.750351433824123,0.020640108579149757,0.10090406961822462,0,0
em2x3125u_unbalance_timeseries.csv,EMB_COMP_001,EM2X3125U,unbalance,steady_state,2026-01-01 00:03:15.000,2026-01-01 00:03:16.990,195.0,196.99,200,0.0888725132425219,0.020343772823688558,0.08886971383793102,0.020343199755900182,0.1404922349392488,0.0402332031348578,1.5808288728806754,1.9776667525509195,1.7175493621645215,2.13096920002889,40.0,40.0,1.8254990617599651,156.13681068641023,0.0,0.8231497921428854,7.455199760327361,0.0,40.91272699880081,41.79569179976489,39.957163686929775,1.8385281128351139,0.008121355431883259,0.7996132998626377,0.8512555034423476,0.7539788301774114,0.02113510319312709,0.09727667326493616,0,0
em2x3125u_unbalance_timeseries.csv,EMB_COMP_001,EM2X3125U,unbalance,steady_state,2026-01-01 00:03:16.000,2026-01-01 00:03:17.990,196.0,197.99,200,0.08907087280079243,0.020656140422645203,0.08907017741367229,0.020652815731129946,0.1404922349392488,0.0423544342729593,1.5773083896175644,2.0504524759391343,1.7121353947096565,2.114446950054591,40.0,40.0,1.6770473153657626,157.0117388587223,0.0,0.8275746640238281,7.703347130462187,0.0,41.70824353047087,42.58354865051104,40.772234390688034,1.811314259823007,0.007875807505304226,0.7999983864000035,0.8501260228910648,0.7468798334533705,0.02091404903988138,0.10324618943769426,0,0
em2x3125u_unbalance_timeseries.csv,EMB_COMP_001,EM2X3125U,unbalance,steady_state,2026-01-01 00:03:17.000,2026-01-01 00:03:18.990,197.0,198.99,200,0.08921742246309587,0.020967981126515586,0.08921728806654505,0.02096523830393459,0.1394172229199691,0.0423544342729593,1.562668132198484,2.019957668666486,1.725826612930422,2.098113659861745,40.0,40.0,1.904217118364809,157.30005249776767,0.0,0.8098532216865185,7.983113916266101,0.0,42.51053303180191,43.48017912719967,41.6341426099632,1.8460365172364703,0.008198130900920562,0.8008058565547099,0.8550542808486582,0.7468798334533705,0.020975699749891885,0.1081744473952877,0,0
em2x3125u_unbalance_timeseries.csv,EMB_COMP_001,EM2X3125U,unbalance,steady_state,2026-01-01 00:03:18.000,2026-01-01 00:03:19.990,198.0,199.99,200,0.08926851304659571,0.021167937543241682,0.08926815512254442,0.02116769772083502,0.1394172229199691,0.0411573315544186,1.5617737784788368,1.9443241208711408,1.744050159990652,2.1362427297319853,40.0,40.0,2.103365224932886,157.27514529083274,0.0,0.8569624894890122,8.106929317178652,0.0,43.314501659357184,44.24775806993264,42.296513867447175,1.9512442024854622,0.007949313009723364,0.8008243310797519,0.8601840795053523,0.747328474267813,0.020498100031590222,0.11285560523753924,0,0
em2x3125u_unbalance_timeseries.csv,EMB_COMP_001,EM2X3125U,unbalance,shutdown,2026-01-01 00:03:19.000,2026-01-01 00:03:20.990,199.0,200.99,200,0.06422506197987204,0.01725348675557274,0.06422493652887246,0.01724866636058489,0.1387503511996062,0.0401228512211617,2.1603770696724305,2.3254923361043143,3.2641699447274606,2.80690617792256,40.0,40.0,1.2531011279385926,81.24984260961692,0.0,0.6022470015795792,5.351565618690551,0.0,43.648170499045,44.24775806993264,43.08570132487205,1.162056745060589,-0.0011537916355495181,0.6107370505012176,0.8601840795053523,0.2752289086241095,0.20010786428378843,0.5849551708812428,0,0
em2x3125u_unbalance_timeseries.csv,EMB_COMP_001,EM2X3125U,unbalance,shutdown,2026-01-01 00:03:20.000,2026-01-01 00:03:21.990,200.0,201.99,200,0.014601068751745853,0.009403981623727138,0.014598198844622984,0.009403978312068278,0.0321590665114278,0.0235909030500392,2.2025145595991074,2.508607948628601,2.1973370520609916,2.7683868465741335,40.0,40.0,0.32610606347124416,3.9397858935411367,0.0,0.19926579521019303,1.574938691102667,0.0,43.082799858559355,44.12010611573052,41.94402558708591,2.1760805286446114,-0.010042849325141495,0.279836758086746,0.5596591112124054,0.0,0.1620391351941534,0.5596591112124054,0,0
em2x3125u_unbalance_timeseries.csv,EMB_COMP_001,EM2X3125U,unbalance,idle,2026-01-01 00:03:21.000,2026-01-01 00:03:22.990,201.0,202.99,200,0.007400274539284106,0.004626076171619014,0.007398449633411155,0.004618405392118195,0.0244124253452986,0.0185823170513784,3.298854010848661,4.016863614434399,4.712298390927351,5.368459566335715,40.0,40.0,0.20020807376355548,0.8954893353332637,0.0,0.10561238187583741,0.3227307134901987,0.0,42.167616906127314,43.09399832028199,41.48984610130396,1.6041522189780295,-0.007858283141589338,0.07031963252304509,0.2788501794921286,0.0,0.09027848771565823,0.2788501794921286,0,0
em2x3125u_unbalance_timeseries.csv,EMB_COMP_001,EM2X3125U,unbalance,idle,2026-01-01 00:03:22.000,2026-01-01 00:03:23.990,202.0,203.99,200,0.0013658941803037067,0.001170423878803871,0.0013651568429393194,0.0011695439571700517,0.0040197001731171,0.0030570561565368,2.942907460242139,2.611922237660595,3.2990044399658855,2.6681024712231123,31.0,21.5,0.02037850039354067,0.017140902366424963,0.0,0.01607103695736661,0.011310467763998288,0.0,41.5693543925307,42.004085655985605,41.13804509878231,0.8660405572032985,-0.0037628745855949153,0.0007022253855063981,0.0058823656275137,0.0,0.0011651059016151073,0.0058823656275137,0,0
em2x3125u_unbalance_timeseries.csv,EMB_COMP_001,EM2X3125U,unbalance,idle,2026-01-01 00:03:23.000,2026-01-01 00:03:24.990,203.0,204.99,200,0.0013950748782847002,0.0012057943177716766,0.0013897616427553758,0.001205533828350168,0.0045531334688101,0.0037169544032721,3.2637197756785343,3.082577474855811,3.0854288709031494,3.505821218616882,41.5,50.0,0.022796529976478526,0.01587616418663518,0.0,0.0165927054442705,0.01397943950694358,0.0,41.19346299535015,41.599338842131054,40.770180904626045,0.8291579375050091,-0.0037576883596210464,0.0007568121006460179,0.0058823656275137,0.0,0.0011997937487496202,0.0058823656275137,0,0
em2x3125u_unbalance_timeseries.csv,EMB_COMP_001,EM2X3125U,unbalance,idle,2026-01-01 00:03:24.000,2026-01-01 00:03:25.990,204.0,205.99,200,0.0013817081206251329,0.0012417241393453647,0.0013786731842752402,0.0012412504644795461,0.0045531334688101,0.0037169544032721,3.2952932684148255,2.993381770955724,2.8682388339182814,3.1918300240303648,37.5,50.0,0.02187054064442727,0.01616289945122016,0.0,0.01905881378503778,0.013304738294290925,0.0,40.81896137560286,41.26411937317688,40.38767643006804,0.8764429431088416,-0.0037606825215566906,0.0008223815051281093,0.0055836666872995,0.0,0.0011977731809679163,0.0055836666872995,0,0
em2x3125u_unbalance_timeseries.csv,EMB_COMP_001,EM2X3125U,unbalance,idle,2026-01-01 00:03:25.000,2026-01-01 00:03:26.990,205.0,206.99,200,0.0013765892448533378,0.001244917014604498,0.001375752087458316,0.0012447667846636314,0.0037804326861995,0.0037717636822586,2.746231455994172,3.0297310085820173,2.9792177756277862,2.722209476540721,12.5,13.0,0.023781155503019843,0.01409029571546802,0.0,0.019004575858588373,0.012163301943465411,0.0,40.44234994493649,40.8632329881849,39.95308919506608,0.9101437931188201,-0.0037671019806161405,0.000875488780269195,0.0051306291550756,0.0,0.001183094982417841,0.0051306291550756,0,0
em2x3125u_unbalance_timeseries.csv,EMB_COMP_001,EM2X3125U,unbalance,idle,2026-01-01 00:03:26.000,2026-01-01 00:03:27.990,206.0,207.99,200,0.0015572531888796304,0.001151987866072436,0.0015572027655897484,0.0011519735101658691,0.0053628835746908,0.0037717636822586,3.4438096598467327,3.274134904838863,3.6663454418630894,3.075512559502151,12.0,30.5,0.028546651276098213,0.02018376646331115,0.0,0.016153024843948535,0.010444550281558496,0.0,40.06762916428036,40.45099666232023,39.62391284519829,0.8270838171219381,-0.003691277020991186,0.0009262005460679906,0.0051306291550756,0.0,0.0012390186299931327,0.0051306291550756,0,0
em2x3125u_unbalance_timeseries.csv,EMB_COMP_001,EM2X3125U,unbalance,idle,2026-01-01 00:03:27.000,2026-01-01 00:03:28.990,207.0,208.99,200,0.001681695166028098,0.0011567266460175533,0.001681648797793205,0.00115656719334406,0.0053628835746908,0.0031224606393853,3.188974840997549,2.699393715996335,3.1634657018122723,2.981540511604142,35.5,38.5,0.030662600737723845,0.026097357141125297,0.0,0.014606421975851583,0.01243206891822168,0.0,39.69863255757537,40.15469668015563,39.238589565416994,0.9161071147386366,-0.003712439782675558,0.0008000371156485458,0.004882481079397,0.0,0.0012160154955898137,0.004882481079397,0,0
em2x3125u_unbalance_timeseries.csv,EMB_COMP_001,EM2X3125U,unbalance,idle,2026-01-01 00:03:28.000,2026-01-01 00:03:29.990,208.0,209.99,200,0.0015636961531034126,0.0011843427533600077,0.0015634130078914818,0.001184332300786853,0.0038739873386493,0.0031224606393853,2.477455310586225,2.636450158137758,2.617977889438785,2.9302292847872717,40.5,50.0,0.02829174934349048,0.02062187540450635,0.0,0.015360187904394204,0.013383347128709007,0.0,39.321003638666795,39.77101789840641,38.89849577324121,0.8725221251652044,-0.003847556896536377,0.0006983363870650468,0.004882481079397,0.0,0.0011076974615684696,0.004882481079397,0,0
em2x3125u_unbalance_timeseries.csv,EMB_COMP_001,EM2X3125U,unbalance,idle,2026-01-01 00:03:29.000,2026-01-01 00:03:30.990,209.0,210.99,200,0.06078593202361564,0.04169442508270679,0.06078592919387126,0.04168831338177792,0.1702547516403972,0.1235245034565248,2.8008906990889333,2.9626143833737117,4.94404589860323,4.746379814710719,40.0,40.0,16.050062458941806,57.852621108750284,0.0,7.050835427750036,27.73184043316653,0.0,33.105380207547086,39.39670623196128,25.99524923029095,13.401457001670334,-0.08823272211724664,2.5094710841693946,6.549792689313212,0.0,2.5734412527791437,6.549792689313212,1,0
em2x3125u_unbalance_timeseries.csv,EMB_COMP_001,EM2X3125U,unbalance,startup,2026-01-01 00:03:30.000,2026-01-01 00:03:31.990,210.0,211.99,200,0.08359051416001087,0.05907492223321112,0.08358985060037419,0.05906051006991612,0.1702547516403972,0.1418681878652784,2.0367711976802974,2.4014959732866488,2.505982580984512,2.296941574945252,40.0,40.0,30.66510177289696,109.11747428839345,0.0,13.743678765457322,56.020385195998706,0.0,28.093775726065488,30.121865502149056,25.99524923029095,4.126616271858108,0.020253627574249446,3.626637277536791,6.549792689313212,0.7822315703762647,1.611161169589094,5.767561118936947,1,0
em2x3125u_unbalance_timeseries.csv,EMB_COMP_001,EM2X3125U,unbalance,startup,2026-01-01 00:03:31.000,2026-01-01 00:03:32.990,211.0,212.99,200,0.08485497321717127,0.044420053908731896,0.08485494519351823,0.044416377123636025,0.1614593174801039,0.1418681878652784,1.9027678798139194,3.193786935890922,2.080832800008537,3.6661398194774604,40.0,40.0,15.556757165657647,128.4715124774527,0.0,7.463429980067622,32.02984240292954,0.0,29.771428128612207,30.98754369853612,27.943171298034716,3.044372400501402,0.013644208489049613,1.516864325100267,3.753344622778768,0.7470123706948947,0.9200818158949285,3.0063322520838733,1,0
em2x3125u_unbalance_timeseries.csv,EMB_COMP_001,EM2X3125U,unbalance,steady_state,2026-01-01 00:03:32.000,2026-01-01 00:03:33.990,212.0,213.99,200,0.08875644132580034,0.02083829113520757,0.08875639872644733,0.020837966183995395,0.1366123586481293,0.0440188531554065,1.539182470674586,2.1124022536106115,1.7163367555236801,2.1918581102246963,40.0,40.0,1.7085600825166687,155.8478847173274,0.0,0.8846157364035709,7.799876498974998,0.0,30.8469057066864,31.75902330384183,29.879111974059743,1.879911329782086,0.00829100329609396,0.8005968470737871,0.8550070207274683,0.7470123706948947,0.019396706507109576,0.10799465003257358,0,0
em2x3125u_unbalance_timeseries.csv,EMB_COMP_001,EM2X3125U,unbalance,steady_state,2026-01-01 00:03:33.000,2026-01-01 00:03:34.990,213.0,214.99,200,0.08920883869497309,0.020870773950993328,0.08920875714908244,0.020869512310906953,0.140248400457442,0.0423227970209047,1.5721357043665336,2.027849907257051,1.7231273948584436,2.2171689894131927,40.0,40.0,1.882069740735505,157.28248357274265,0.0,0.8906284626254645,7.822863693485121,0.0,31.656171615193834,32.63446411322073,30.69989037694753,1.934573736273201,0.00804857856537927,0.8024503003172404,0.8550070207274683,0.7488653564259563,0.01908438986032692,0.10614166430151195,0,0
em2x3125u_unbalance_timeseries.csv,EMB_COMP_001,EM2X3125U,unbalance,steady_state,2026-01-01 00:03:34.000,2026-01-01 00:03:35.990,214.0,215.99,200,0.0890142975296037,0.02131090379541538,0.08901425937790294,0.021309938761324056,0.1415908669578035,0.0420280977282062,1.5906530848116203,1.9721405592027361,1.7283469589434501,2.108351009800083,40.0,40.0,1.9322710011255624,156.54611672540412,0.0,0.8201584635348732,8.271583721931579,0.0,32.4672276716703,33.492197229644376,31.607145704296663,1.8850515253477127,0.008182977728736454,0.8001984051984229,0.8507945473580018,0.7326159279369517,0.020366148536016468,0.11817861942105001,0,0
em2x3125u_unbalance_timeseries.csv,EMB_COMP_001,EM2X3125U,unbalance,steady_state,2026-01-01 00:03:35.000,2026-01-01 00:03:36.990,215.0,216.99,200,0.08826703623295808,0.021172874454781762,0.08826465609537892,0.021171474689362417,0.1415908669578035,0.0414535588396982,1.6041194198943187,1.957861646430165,1.7289633770473796,2.0982704122641147,40.0,40.0,1.8696052453000325,153.9434710005519,0.0,0.7608428307672149,8.204377373939279,0.0,33.291544867772146,34.26035099138371,32.26943358728218,1.9909174041015305,0.008299634176096455,0.8003380488425281,0.8646866430979138,0.7326159279369517,0.021793605200687828,0.13207071516096203,0,0
em2x3125u_unbalance_timeseries.csv,EMB_COMP_001,EM2X3125U,unbalance,steady_state,2026-01-01 00:03:36.000,2026-01-01 00:03:37.990,216.0,217.99,200,0.08815334533544077,0.02115918531730567,0.08815312762172452,0.02115380000094254,0.1377006987695042,0.0428113229241622,1.562058685867519,2.0232973189732255,1.721528509407494,2.131624302820244,40.0,40.0,1.804377617721057,153.62039347440637,0.0,0.7860582080203948,8.163651910209703,0.0,34.104743437614296,35.094315530248565,33.149974534047615,1.9443409962009497,0.008034798836422496,0.8028838626407934,0.8646866430979138,0.7501432620279336,0.021342333862240357,0.11454338106998019,0,0
em2x3125u_unbalance_timeseries.csv,EMB_COMP_001,EM2X3125U,unbalance,steady_state,2026-01-01 00:03:37.000,2026-01-01 00:03:38.990,217.0,218.99,200,0.08884010780017645,0.021215532214478316,0.08884009055637239,0.021209614894451733,0.1377006987695042,0.0428113229241622,1.5499834723211658,2.017923589724799,1.7188528605926434,2.095681478465797,40.0,40.0,1.8406264519340467,156.01233406110015,0.0,0.7588917595908472,8.238254394156622,0.0,34.91984446644938,35.816455676310845,33.919910696086255,1.89654498022459,0.008354132132378931,0.7996073983447377,0.8495802840957093,0.7501432620279336,0.020517012652378673,0.09943702206777572,0,0
em2x3125u_unbalance_timeseries.csv,EMB_COMP_001,EM2X3125U,unbalance,steady_state,2026-01-01 00:03:38.000,2026-01-01 00:03:39.990,218.0,219.99,200,0.08884328488057809,0.02117867345403266,0.08884327910684858,0.021178673122607312,0.1371273340454549,0.0415944353613399,1.5434743799689483,1.963977368630699,1.734354466502743,2.062106909581635,40.0,40.0,2.0086852530746486,155.85493053413114,0.0,0.7153667412380367,8.256689840186244,0.0,35.734091574885035,36.67241268411564,34.68648042226745,1.9859322618481912,0.008082436910805442,0.798561781402379,0.8543884087011663,0.7486947413195547,0.019532199814737243,0.10569366738161157,0,0
em2x3125u_unbalance_timeseries.csv,EMB_COMP_001,EM2X3125U,unbalance,steady_state,2026-01-01 00:03:39.000,2026-01-01 00:03:40.990,219.0,220.99,200,0.08866650014212779,0.021354324408127665,0.08866449004058721,0.021353899582926432,0.140844600658888,0.0454380282248123,1.5884759230726533,2.127813896445169,1.735677129226803,2.0685569076363595,40.0,40.0,1.9858972050600185,155.24318033430984,0.0,0.7355592657400323,8.384773874337018,0.0,36.54029223969216,37.44180636296885,35.65962320070632,1.7821831622625268,0.008157412940889255,0.7998078634092045,0.8543884087011663,0.7486947413195547,0.01923663108792906,0.10569366738161157,0,0
em2x3125u_unbalance_timeseries.csv,EMB_COMP_001,EM2X3125U,unbalance,steady_state,2026-01-01 00:03:40.000,2026-01-01 00:03:41.990,220.0,221.99,200,0.08886617298890834,0.02131084755275953,0.08886418549930135,0.021308030693642593,0.140844600658888,0.0454380282248123,1.5849067864829427,2.1321549090115166,1.731015312418598,2.119702365773966,40.0,40.0,1.950042311412909,155.99647477925222,0.0,0.8025194272632888,8.278178503025257,0.0,37.36685033723688,38.357277438013554,36.45019238652969,1.907085051483861,0.008290222162588519,0.7992762005145714,0.8564863025178687,0.7537897613498958,0.019874637596168053,0.10269654116797289,0,0
em2x3125u_unbalance_timeseries.csv,EMB_COMP_001,EM2X3125U,unbalance,steady_state,2026-01-01 00:03:41.000,2026-01-01 00:03:42.990,221.0,222.99,200,0.0886413459698908,0.021189004823893503,0.08864118327796706,0.021188652525767362,0.1412941593317903,0.0416514328989308,1.5939983512861402,1.9657097275263777,1.7316958178233701,2.090826296109025,40.0,40.0,1.9601016253131336,155.1850864216451,0.0,0.8324535924004439,8.146937015841257,0.0,38.19293516221192,39.06828446203152,37.18598615698622,1.8822983050453033,0.00814665620858664,0.8003542006731604,0.8564863025178687,0.7507475744117187,0.020536057005163862,0.10573872810615004,0,0
em2x3125u_unbalance_timeseries.csv,EMB_COMP_001,EM2X3125U,unbalance,steady_state,2026-01-01 00:03:42.000,2026-01-01 00:03:43.990,222.0,223.99,200,0.0887437707676802,0.020785623391114977,0.08874340717975084,0.020783604205925694,0.1412941593317903,0.039894782412172,1.592158616988231,1.9193450040678321,1.7404131242185408,2.102891253692207,40.0,40.0,2.076404071811411,155.43162022705948,0.0,0.8355236911907996,7.804330026043773,0.0,39.00101003567224,39.91395306880888,38.10618463100641,1.8077684378024728,0.008069893436893946,0.7987559130786329,0.8517048245549882,0.7440210161522376,0.020617277476939932,0.1076838084027506,0,0
em2x3125u_unbalance_timeseries.csv,EMB_COMP_001,EM2X3125U,unbalance,steady_state,2026-01-01 00:03:43.000,2026-01-01 00:03:44.990,223.0,224.99,200,0.08859862553354549,0.02081294736226585,0.08859797807585813,0.0208118422138421,0.139661400501479,0.0400555725103321,1.576338229407407,1.9245507045750465,1.7341797908695042,2.1329208790138496,40.0,40.0,1.9750580697987472,155.02215246710813,0.0,0.8747759415774401,7.788657859201734,0.0,39.80219980585889,40.85222251880849,38.87244831033592,1.9797742084725698,0.008101931558577061,0.796434714514223,0.8517048245549882,0.7440210161522376,0.020502568480866408,0.1076838084027506,0,0
em2x3125u_unbalance_timeseries.csv,EMB_COMP_001,EM2X3125U,unbalance,steady_state,2026-01-01 00:03:44.000,2026-01-01 00:03:45.990,224.0,225.99,200,0.08841999861213862,0.02085450267981277,0.08841717654619488,0.020850735483163158,0.1391798363725147,0.0400555725103321,1.5740764369725695,1.920715786193551,1.7036005865564599,2.085000890782276,40.0,40.0,1.6303098421738318,154.72528665202677,0.0,0.803767769731006,7.891297011146292,0.0,40.61301405390603,41.677045932041416,39.54901894360689,2.1280269884345273,0.008193331263746826,0.7985091575967871,0.8544831057429276,0.7419402103544013,0.020617399847862525,0.11254289538852635,0,0
em2x3125u_unbalance_timeseries.csv,EMB_COMP_001,EM2X3125U,unbalance,steady_state,2026-01-01 00:03:45.000,2026-01-01 00:03:46.990,225.0,226.99,200,0.08887825552180893,0.021025832265532333,0.08887817728763717,0.021008951345448272,0.1391798363725147,0.0395756382172482,1.5659604878086604,1.8822388439826272,1.699358669852396,2.053191401399895,40.0,40.0,1.5888526379810117,156.3977873301792,0.0,0.7377329397447143,8.090658712559813,0.0,41.43730469101267,42.32535734686448,40.55046982511489,1.7748875217495907,0.008235242426542857,0.8004156272859205,0.8544831057429276,0.7408213176698422,0.021006232453958548,0.11366178807308547,0,0
em2x3125u_unbalance_timeseries.csv,EMB_COMP_001,EM2X3125U,unbalance,steady_state,2026-01-01 00:03:46.000,2026-01-01 00:03:47.990,226.0,227.99,200,0.08893944907971227,0.02109273150862292,0.08893695796222814,0.021086065208069694,0.1472504113952654,0.0398391366261766,1.6556254049121863,1.888761377818229,1.7103330738983016,2.0532176693848223,40.0,40.0,1.6560033710105069,156.5416109714514,0.0,0.806563366364871,8.086930035596016,0.0,42.25982701579753,43.22653198701481,41.27342337830857,1.9531086087062377,0.008183083360986618,0.7989763228284907,0.8518662144990905,0.7408213176698422,0.019684864112766064,0.11104489682924834,0,0
em2x3125u_unbalance_timeseries.csv,EMB_COMP_001,EM2X3125U,unbalance,steady_state,2026-01-01 00:03:47.000,2026-01-01 00:03:48.990,227.0,228.99,200,0.08853783564059534,0.020876224249654397,0.08853774065065748,0.020875880367571625,0.1472504113952654,0.0398391366261766,1.663135430518135,1.908349716392615,1.704411542985137,2.0543162396094856,40.0,40.0,1.596926225955519,155.1858847646707,0.0,0.7938213487355841,7.923308568271328,0.0,43.079336283461224,43.98069468777957,42.17197265976118,1.808722028018387,0.008205794857621225,0.801049036927434,0.8843644900048909,0.7532585655620904,0.019884260125394182,0.13110592444280056,0,0
em2x3125u_unbalance_timeseries.csv,EMB_COMP_001,EM2X3125U,unbalance,steady_state,2026-01-01 00:03:48.000,2026-01-01 00:03:49.990,228.0,229.99,200,0.08853911265261541,0.021296729422934122,0.08853861416718158,0.0212905787510521,0.1386181083790061,0.0397690566358132,1.565614384716915,1.8673785934936333,1.7181207478258487,2.095498595285779,40.0,40.0,1.8899013290222815,154.8920949857185,0.0,0.8176406349211753,8.248222158668796,0.0,43.891214836432646,44.785136537870784,42.90986452344727,1.8752720144235155,0.008012583355272138,0.8028640057777783,0.8843644900048909,0.7598514351682424,0.02028824066557692,0.12451305483664854,0,0
em2x3125u_unbalance_timeseries.csv,EMB_COMP_001,EM2X3125U,unbalance,shutdown,2026-01-01 00:03:49.000,2026-01-01 00:03:50.990,229.0,230.99,200,0.06393492663229554,0.017233751065402588,0.06393466790984303,0.017232036645258474,0.1386181083790061,0.0397690566358132,2.16811241805642,2.307626266904313,3.2953766234702284,2.785724818448855,40.0,40.0,1.3192593835329658,80.4335931058083,0.0,0.5603975663331046,5.3789127276299,0.0,44.290252513596045,44.80145105048687,43.75046058685602,1.0509904636308462,-0.00023186441996276178,0.6120087778726819,0.8430143913849326,0.2826782571807291,0.1986569171860379,0.5603361342042035,0,0
em2x3125u_unbalance_timeseries.csv,EMB_COMP_001,EM2X3125U,unbalance,shutdown,2026-01-01 00:03:50.000,2026-01-01 00:03:51.990,230.0,231.99,200,0.013928741305104608,0.008931513106516156,0.013928003038219982,0.008929208446076864,0.0373324103582678,0.0215681749829299,2.6802429265152776,2.4148399857572205,2.3310381119829953,2.435854993663285,40.0,40.0,0.25713408078667727,3.6234494554310035,0.0,0.18015732144883748,1.415135607698067,0.0,43.78651495183905,44.80145105048687,42.68404576464855,2.1174052858383163,-0.009994310813561861,0.2805214865511539,0.5775389629940854,0.0022788469415135,0.1636815703342397,0.5752601160525719,0,0
em2x3125u_unbalance_timeseries.csv,EMB_COMP_001,EM2X3125U,unbalance,idle,2026-01-01 00:03:51.000,2026-01-01 00:03:52.990,231.0,232.99,200,0.007562987568660254,0.004054571333746983,0.007562189975296602,0.004048321061804199,0.0298281843646816,0.015370196527771,3.943968450812292,3.790831449885189,5.344572686864275,4.922768303357804,40.0,40.0,0.15785000276885675,0.9859871190074682,0.0,0.06720926885946238,0.2605695835596534,0.0,42.8885206580388,43.79974272850422,42.2924675507176,1.5072751777866173,-0.00764658307470318,0.06963978513156915,0.2822610422612375,0.0,0.09007468465590579,0.2822610422612375,0,0
em2x3125u_unbalance_timeseries.csv,EMB_COMP_001,EM2X3125U,unbalance,idle,2026-01-01 00:03:52.000,2026-01-01 00:03:53.990,232.0,233.99,200,0.0015158326515678474,0.0011945711725080332,0.001515422918721641,0.0011913156620299698,0.0037367769931367,0.0027516221840517,2.4651646006382686,2.3034392988695664,2.436671922945498,2.4191162175502425,38.5,21.5,0.026642311309137565,0.019626041931769388,0.0,0.01591582202237824,0.012561232293205774,0.0,42.30436448988268,42.75178799941416,41.815721748039,0.9360662513751592,-0.003771625718908102,0.0007605735205333486,0.0052445569206706,0.0,0.0011178492328899371,0.0052445569206706,0,0
em2x3125u_unbalance_timeseries.csv,EMB_COMP_001,EM2X3125U,unbalance,idle,2026-01-01 00:03:53.000,2026-01-01 00:03:54.990,233.0,234.99,200,0.001557658468470714,0.0012130926490757379,0.0015557246998046867,0.0012066920243302302,0.003725966676406,0.0027516221840517,2.392030571415375,2.2682704294253013,2.33363201904989,2.527925498209343,34.5,21.5,0.02611100562432685,0.022354156899359583,0.0,0.01662987549013507,0.013160267690665712,0.0,41.93311058788295,42.35086358287874,41.50995612733011,0.8409074555486242,-0.003703802693620178,0.0008259755198532118,0.0052445569206706,0.0,0.0011459815820708298,0.0052445569206706,0,0
em2x3125u_unbalance_timeseries.csv,EMB_COMP_001,EM2X3125U,unbalance,idle,2026-01-01 00:03:54.000,2026-01-01 00:03:55.990,234.0,235.99,200,0.0015682461027599485,0.0011732990515587241,0.0015630910940161696,0.0011724050544184939,0.0048303176508967,0.0029666133332231,3.0800762982263103,2.52843751069428,2.995672998830332,2.765191586512144,34.5,31.5,0.026590164032899613,0.022905996080456313,0.0,0.015785370949632675,0.011885844793822752,0.0,41.55978065676669,41.97068739854672,41.12061824380039,0.850069154746329,-0.0037885256959709285,0.0008556765613091885,0.0054140724728063,0.0,0.001200780795425952,0.0054140724728063,0,0
em2x3125u_unbalance_timeseries.csv,EMB_COMP_001,EM2X3125U,unbalance,idle,2026-01-01 00:03:55.000,2026-01-01 00:03:56.990,235.0,236.99,200,0.001518730569177067,0.001226066137461839,0.0015164545321851974,0.0012254099045208432,0.0049821303794847,0.0031650886779114,3.2804570347091233,2.5814991387525477,3.502421385931813,2.7852057406793946,8.0,2.5,0.02506622852928993,0.021116140903902087,0.0,0.0179583492564806,0.012229928996393552,0.0,41.18267428283671,41.58269520863867,40.75730553120888,0.82538967742979,-0.0036947629049245007,0.0008508825631919418,0.0054140724728063,0.0,0.0012266832052332647,0.0054140724728063,0,0
em2x3125u_unbalance_timeseries.csv,EMB_COMP_001,EM2X3125U,unbalance,idle,2026-01-01 00:03:56.000,2026-01-01 00:03:57.990,236.0,237.99,200,0.00149887183668891,0.0011877461026669441,0.0014980205322746162,0.0011842167432221753,0.0049821303794847,0.0031650886779114,3.323920202871047,2.6647855722738774,3.0458358203358777,2.8506517283751927,8.0,3.0,0.024441320154295555,0.02058135871152494,0.0,0.01586029684760873,0.012187111469372213,0.0,40.80804551994139,41.22766025167897,40.38293667844605,0.844723573232919,-0.0037458903381650246,0.0007704938058027375,0.0074752907636738,0.0,0.001228734160730338,0.0074752907636738,0,0
em2x3125u_unbalance_timeseries.csv,EMB_COMP_001,EM2X3125U,unbalance,idle,2026-01-01 00:03:57.000,2026-01-01 00:03:58.990,237.0,238.99,200,0.001601292041946987,0.0011999639187129866,0.001589755213027024,0.0011999227812842126,0.0046170439294602,0.0035634653621745,2.8833240961132898,2.969643758952745,2.9237851233505774,2.9226745455890635,19.0,31.5,0.02798071811043615,0.023068905503308083,0.0,0.015895817308074926,0.012903913671701838,0.0,40.4341845757596,40.89624596684767,40.03712987045387,0.8591160963938052,-0.0037289216449958723,0.0008249607014907025,0.0074752907636738,0.0,0.001271737008662107,0.0074752907636738,0,0
em2x3125u_unbalance_timeseries.csv,EMB_COMP_001,EM2X3125U,unbalance,idle,2026-01-01 00:03:58.000,2026-01-01 00:03:59.990,238.0,239.99,200,0.0015185454632417493,0.001297721464132777,0.0015158450354744945,0.0012935560461513362,0.0046170439294602,0.0038621007125008,3.040438393990432,2.97606290659738,3.1508105094673295,3.047228091254775,16.0,32.0,0.02601266226290121,0.020109048668438573,0.0,0.018907381157143407,0.014567149941536243,0.0,40.05992526452137,40.48061804142797,39.59454241442138,0.8860756270065835,-0.003736036953075487,0.0008661683208834251,0.006385161458477,0.0,0.001220345798628157,0.006385161458477,0,0
em2x3125u_unbalance_timeseries.csv,EMB_COMP_001,EM2X3125U,unbalance,idle,2026-01-01 00:03:59.000,2026-01-01 00:04:00.990,239.0,240.99,200,0.05917498586875707,0.04214286208582106,0.05916125565711813,0.04212498166023102,0.1811999994574993,0.1238285279635448,3.062104651100025,2.938303708736641,5.172353753849038,4.44982548690337,40.0,40.0,19.160238622298174,50.84815722222298,0.0,8.32230321944496,27.16897601634477,0.0,33.64244996040313,40.21340007952208,26.301673644790725,13.911726434731357,-0.09141664244087941,2.5047498366437804,6.459042203635538,0.0,2.566847526670638,6.459042203635538,1,0
em2x3125u_unbalance_timeseries.csv,EMB_COMP_001,EM2X3125U,unbalance,startup,2026-01-01 00:04:00.000,2026-01-01 00:04:01.990,240.0,241.99,200,0.08466231898608655,0.05879726232161344,0.08464300196092078,0.058706038854651886,0.1811999994574993,0.1294073007536756,2.1402673778316634,2.2009069069548572,2.5142154945011934,2.26942798384427,40.0,40.0,36.56653524512092,106.7241103176808,0.0,14.9508390799221,53.978734783083716,0.0,28.405358427563655,30.49900925338397,26.301673644790725,4.197335608593246,0.019878175124924083,3.624547133026175,6.459042203635538,0.8827482842640244,1.5974348652197672,5.576293919371514,1,0
em2x3125u_unbalance_timeseries.csv,EMB_COMP_001,EM2X3125U,unbalance,startup,2026-01-01 00:04:01.000,2026-01-01 00:04:02.990,241.0,242.99,200,0.08741072248818348,0.04375297357657094,0.08740740816447734,0.043715014502980105,0.1655360503347983,0.1294073007536756,1.8937728189716783,2.9576801340645624,2.0707116972462303,3.8215855722416245,40.0,40.0,18.415723789592114,134.40930930434422,0.0,7.21898072560161,31.00110912211832,0.0,30.151738319615987,31.532518783103647,28.38018567557236,3.1523331075312875,0.014874126948239436,1.5197350978751438,3.762563635395028,0.7502280602293487,0.9146140457106521,3.012335575165679,1,0
em2x3125u_unbalance_timeseries.csv,EMB_COMP_001,EM2X3125U,unbalance,steady_state,2026-01-01 00:04:02.000,2026-01-01 00:04:03.990,242.0,243.99,200,0.08851134333499625,0.021357245569754105,0.08851066481640349,0.021355377458135597,0.1422947072499106,0.0405842626500598,1.6076437424676293,1.9002573397168212,1.742421882009214,2.064766681356064,40.0,40.0,2.1551698106090074,154.53271349670393,0.0,0.8950617987747553,8.232883103859308,0.0,31.327596873186163,32.233041245569,30.37095793341493,1.8620833121540663,0.00843968528089087,0.8001201533984442,0.8664469112859725,0.7502280602293487,0.021828516553323542,0.11621885105662377,0,0
em2x3125u_unbalance_timeseries.csv,EMB_COMP_001,EM2X3125U,unbalance,steady_state,2026-01-01 00:04:03.000,2026-01-01 00:04:04.990,243.0,244.99,200,0.0887785472037414,0.020900017665672524,0.08877838041244604,0.02089920996537122,0.1392410687179233,0.0374726137081136,1.568408958060256,1.7929465088281205,1.7548499356622436,2.0671882998936546,40.0,40.0,2.3089453101205737,155.34678351956046,0.0,0.9147603705782599,7.82080727440648,0.0,32.1471714926324,33.0181765023545,31.20639920683884,1.811777295515661,0.00808409124422118,0.7991758928806132,0.8491667054859643,0.7537855945949841,0.019895852624194688,0.09538111089098023,0,0
em2x3125u_unbalance_timeseries.csv,EMB_COMP_001,EM2X3125U,unbalance,steady_state,2026-01-01 00:04:04.000,2026-01-01 00:04:05.990,244.0,245.99,200,0.08906971580401893,0.020442004899976038,0.08906878781920995,0.02044097678217499,0.1392410687179233,0.039151265334319,1.563281834471067,1.9152360801148665,1.7519237685146247,2.1072120595741355,40.0,40.0,2.2245369030009976,156.46020919950703,0.0,0.8692588999853041,7.487461917585709,0.0,32.95761416442722,33.9277008127991,32.07951339008311,1.848187422715995,0.008269498799928148,0.7998025654642779,0.8449297130626515,0.752390257820254,0.018207521546699076,0.09253945524239748,0,0
em2x3125u_unbalance_timeseries.csv,EMB_COMP_001,EM2X3125U,unbalance,steady_state,2026-01-01 00:04:05.000,2026-01-01 00:04:06.990,245.0,246.99,200,0.08831934238220462,0.020355903895055018,0.08831934158429043,0.02035536296008196,0.1387541636779734,0.039151265334319,1.571050688732606,1.923337108298584,1.733386203301904,2.136573760094502,40.0,40.0,1.955958553082856,154.05129570284106,0.0,0.746865235859962,7.541042257306869,0.0,33.783687100669404,34.7622724672628,32.78031435276315,1.9819581144996476,0.008322068371358515,0.8024606225944291,0.849559035955648,0.752390257820254,0.018988843142722214,0.09716877813539393,0,0
em2x3125u_unbalance_timeseries.csv,EMB_COMP_001,EM2X3125U,unbalance,steady_state,2026-01-01 00:04:06.000,2026-01-01 00:04:07.990,246.0,247.99,200,0.08859162039452605,0.02060728775757417,0.08859041441276395,0.0206056682339669,0.1397992557403673,0.0440903396285483,1.5780189493972199,2.1395508301349837,1.736865936052483,2.1001886483566414,40.0,40.0,1.9665328073019595,154.9987407969838,0.0,0.702392723475874,7.793153660377982,0.0,34.607824864563725,35.564509199755534,33.658050972336866,1.9064582274186677,0.008222106798506339,0.8008810622013252,0.849559035955648,0.745839140543475,0.02040106957396986,0.10371989541217297,0,0
em2x3125u_unbalance_timeseries.csv,EMB_COMP_001,EM2X3125U,unbalance,steady_state,2026-01-01 00:04:07.000,2026-01-01 00:04:08.990,247.0,248.99,200,0.08898105587064238,0.020769958430675133,0.08897996119336239,0.02076527157080807,0.1400592761847511,0.0440903396285483,1.574034774192436,2.1227938310859265,1.738127002533546,2.0412341966559255,40.0,40.0,2.033827587059499,156.3184789083268,0.0,0.6953612988549911,7.9293852128589775,0.0,35.43819732704962,36.41699046033191,34.53713983926943,1.8798506210624808,0.008339267704259927,0.8008705992590777,0.8580267549595504,0.745839140543475,0.020046689004866315,0.11218761441607539,0,0
em2x3125u_unbalance_timeseries.csv,EMB_COMP_001,EM2X3125U,unbalance,steady_state,2026-01-01 00:04:08.000,2026-01-01 00:04:09.990,248.0,249.99,200,0.08848072501166428,0.0209716260148373,0.0884804104064828,0.02097160823990934,0.1400592761847511,0.0419690290154338,1.5829354491194247,2.001229136250139,1.7105164196590168,2.0797822775084973,40.0,40.0,1.7310666195043736,154.8458437928852,0.0,0.7607823035311436,8.037019439972722,0.0,36.25916822355891,37.1821130576424,35.28009456167015,1.90201849597225,0.008074294569676956,0.8017160022645055,0.8580267549595504,0.754493404588043,0.019207055280813238,0.10353335037150735,0,0
em2x3125u_unbalance_timeseries.csv,EMB_COMP_001,EM2X3125U,unbalance,steady_state,2026-01-01 00:04:09.000,2026-01-01 00:04:10.990,249.0,250.99,200,0.08826617510933246,0.02105938246608953,0.08826456368644235,0.02105880531118577,0.1373887776284804,0.0419690290154338,1.556528052317905,1.9928898239544122,1.7169807038859424,2.126654453087262,40.0,40.0,1.7642968914107364,154.05107554369604,0.0,0.8299189103826676,8.039547018097629,0.0,37.07276433256912,38.01647826166103,36.07031237426373,1.9461658873972993,0.008186909702872574,0.8003922041168124,0.8419426697176351,0.7438232565568913,0.019640172251317697,0.0981194131607438,0,0
em2x3125u_unbalance_timeseries.csv,EMB_COMP_001,EM2X3125U,unbalance,steady_state,2026-01-01 00:04:10.000,2026-01-01 00:04:11.990,250.0,251.99,200,0.08911791704727423,0.020985295786691983,0.08911683316068268,0.020983121864381532,0.1391254479127794,0.0425080880410471,1.5611389103605031,2.0256130041304443,1.7277427441140352,2.1017796429642486,40.0,40.0,1.9400135454470053,156.89733391437488,0.0,0.8486846328569491,7.959321610199055,0.0,37.8920469273783,38.78084144735766,37.02655448227196,1.7542869650856971,0.008137709919057637,0.7999395732064493,0.8437807198309449,0.7437796523414044,0.020164920388584716,0.10000106748954052,0,0
em2x3125u_unbalance_timeseries.csv,EMB_COMP_001,EM2X3125U,unbalance,steady_state,2026-01-01 00:04:11.000,2026-01-01 00:04:12.990,251.0,252.99,200,0.08917483773420737,0.020934004433004375,0.08917394756335631,0.020927186968163078,0.1391254479127794,0.0425080880410471,1.5601424286013703,2.0305760504201102,1.7235496028303976,2.0837322389744823,40.0,40.0,1.8566717096577738,157.184913981941,0.0,0.803913575292967,7.955117824108171,0.0,38.71260384371328,39.57519464919446,37.73191244984057,1.8432821993538866,0.008272916015265454,0.7987529551392208,0.8468862527820178,0.7437796523414044,0.02004942079279283,0.10310660044061337,0,0
em2x3125u_unbalance_timeseries.csv,EMB_COMP_001,EM2X3125U,unbalance,steady_state,2026-01-01 00:04:12.000,2026-01-01 00:04:13.990,252.0,253.99,200,0.08857962513602824,0.020929107200859012,0.08857950016272291,0.02092909265078441,0.1392513634719525,0.0404308045695968,1.57204733321133,1.9317978632140296,1.7339183963187013,2.1274008059883305,40.0,40.0,1.9010200981548555,155.02813154736637,0.0,0.8801015843166188,7.880549770806316,0.0,39.53891929236741,40.52676040569243,38.6170303901648,1.9097300155276287,0.008269817762852617,0.798193804135748,0.8552790717447037,0.7500023946358437,0.0197763325290479,0.10527667710886002,0,0
em2x3125u_unbalance_timeseries.csv,EMB_COMP_001,EM2X3125U,unbalance,steady_state,2026-01-01 00:04:13.000,2026-01-01 00:04:14.990,253.0,254.99,200,0.08847147873274315,0.020964434622784377,0.08846991685495727,0.020962081590468824,0.1392513634719525,0.0404308045695968,1.5739689837513227,1.9285425673085483,1.7313733208485047,2.1632224471073345,40.0,40.0,1.9981407365481247,154.5424665552931,0.0,0.8989913798786239,7.8894822244252145,0.0,40.36241188873754,41.248721049782375,39.38939092201208,1.859330127770292,0.008195071356542013,0.7988647045242768,0.8552790717447037,0.7479927320136748,0.01886137599127954,0.10728633973102897,0,0
em2x3125u_unbalance_timeseries.csv,EMB_COMP_001,EM2X3125U,unbalance,steady_state,2026-01-01 00:04:14.000,2026-01-01 00:04:15.990,254.0,255.99,200,0.08844762851824325,0.020983809051439126,0.08844742950287214,0.02098042414085531,0.1361171363664401,0.0388901638294225,1.538957444612147,1.8533414850510808,1.7436313659404812,2.0772255838243403,40.0,40.0,2.172285470002212,154.28767440303986,0.0,0.7263353381755894,8.077251020887317,0.0,41.200087246739116,42.09054386457706,40.29240583380568,1.7981380307713764,0.008360593564027269,0.8000680424495121,0.8440446693784732,0.7479927320136748,0.018318915795449326,0.09605193736479845,0,0
em2x3125u_unbalance_timeseries.csv,EMB_COMP_001,EM2X3125U,unbalance,steady_state,2026-01-01 00:04:15.000,2026-01-01 00:04:16.990,255.0,256.99,200,0.08872274085289035,0.020988867024905017,0.08872234194896295,0.020988864350480804,0.1374874140881052,0.0411611669391745,1.549629923134033,1.9610952268330344,1.7385351137160046,2.08282250077927,40.0,40.0,2.0434746708311553,155.391527172021,0.0,0.8386892847407624,7.975424175970286,0.0,42.02533092171272,42.976998413633694,41.03122916325426,1.9457692503794348,0.00800341962178264,0.7999032169488026,0.8513175526534277,0.742077260210786,0.019439548434965963,0.10924029244264166,0,0
em2x3125u_unbalance_timeseries.csv,EMB_COMP_001,EM2X3125U,unbalance,steady_state,2026-01-01 00:04:16.000,2026-01-01 00:04:17.990,256.0,257.99,200,0.08899011621059336,0.020843623486561946,0.08898842772254466,0.020841716165230915,0.1421808649146351,0.0433199381106349,1.5977152404000339,2.078330485031243,1.7180343857399027,2.1252390393852156,40.0,40.0,1.8297074167722094,156.54952492653473,0.0,0.9108149950476997,7.777345622902988,0.0,42.83647246809574,43.84423785285716,41.81680233080631,2.027435522050851,0.008267506269507738,0.7981587675991687,0.8513175526534277,0.742077260210786,0.020576205974753035,0.10924029244264166,0,0
em2x3125u_unbalance_timeseries.csv,EMB_COMP_001,EM2X3125U,unbalance,steady_state,2026-01-01 00:04:17.000,2026-01-01 00:04:18.990,257.0,258.99,200,0.089372017010673,0.020920722022803855,0.08937201297414323,0.020920315542693243,0.1421808649146351,0.0433199381106349,1.590887949833957,2.070671273363109,1.7311558995759235,2.106005289232875,40.0,40.0,2.0560003044850896,157.69118735032413,0.0,0.8052086936146736,7.948539979152187,0.0,43.648250563196214,44.546638643588935,42.80982894220457,1.7368097013843666,0.00801362380939537,0.7997314261348863,0.8508514604599599,0.7506101222825371,0.020147318995512246,0.10024133817742276,0,0
em2x3125u_unbalance_timeseries.csv,EMB_COMP_001,EM2X3125U,unbalance,steady_state,2026-01-01 00:04:18.000,2026-01-01 00:04:19.990,258.0,259.99,200,0.08951864357120222,0.021421480053691423,0.08951864345421114,0.021420273235655003,0.1437321977646121,0.0413023302127537,1.6056118818454725,1.9280801377510954,1.7284237602243988,2.09603838220629,40.0,40.0,1.996699535735739,158.27692578846666,0.0,0.824356322892715,8.353652908637727,0.0,44.47179735386153,45.3883274496488,43.51237117263862,1.8759562770101752,0.008296586080899672,0.8024113395985069,0.8590383932889563,0.7506101222825371,0.02003137676174546,0.10842827100641916,0,0
em2x3125u_unbalance_timeseries.csv,EMB_COMP_001,EM2X3125U,unbalance,shutdown,2026-01-01 00:04:19.000,2026-01-01 00:04:20.990,259.0,260.99,200,0.06448333286827883,0.017030732996469563,0.06448327198026976,0.017029136728040795,0.1437321977646121,0.041260593094029,2.2289821473436593,2.422713872772372,3.2093908713364883,2.915621710044642,40.0,40.0,1.1530342780676426,82.01150074441189,0.0,0.4832259018692161,5.320818152119994,0.0,44.84042042167016,45.3883274496488,44.22001018374701,1.1683172659017913,-0.0011515745195995863,0.6126248817894681,0.8590383932889563,0.2680812896409234,0.20007573634353903,0.5909571036480328,0,0
em2x3125u_unbalance_timeseries.csv,EMB_COMP_001,EM2X3125U,unbalance,shutdown,2026-01-01 00:04:20.000,2026-01-01 00:04:21.990,260.0,261.99,200,0.014744005760222466,0.008608922729532306,0.014744001753016123,0.008606454480544179,0.0399294526944339,0.021259965109959,2.7081821143992437,2.4695267663430385,2.5611227325824863,2.355397915633169,40.0,40.0,0.2668913093162645,4.083943455733674,0.0,0.1356071107110845,1.3483459132195421,0.0,44.28661258506305,45.28645167690348,43.24049868110815,2.045952995795332,-0.009954140026805097,0.2806919452116886,0.5700397809985743,0.0084654867544742,0.16324738695021332,0.5615742942441001,0,0
em2x3125u_unbalance_timeseries.csv,EMB_COMP_001,EM2X3125U,unbalance,idle,2026-01-01 00:04:21.000,2026-01-01 00:04:22.990,261.0,262.99,200,0.006853087686740121,0.004579541544177658,0.00685304731839954,0.0045780283173844395,0.0228796415567444,0.0160555850891421,3.338588765034144,3.505937206652239,4.8504496158054575,4.634379985641161,40.0,40.0,0.13852695621197728,0.8011360292061502,0.0,0.09052695774330588,0.32897516329428955,0.0,43.43341077710086,44.34151120775709,42.80557613214765,1.5359350756094372,-0.0069863359121734815,0.0701531497645314,0.275980876707474,0.0,0.08956650713630017,0.275980876707474,0,0
em2x3125u_unbalance_timeseries.csv,EMB_COMP_001,EM2X3125U,unbalance,idle,2026-01-01 00:04:22.000,2026-01-01 00:04:23.990,262.0,263.99,200,0.001541239722558117,0.0012019336483399903,0.0015405215673716087,0.0012016104419068634,0.0041751233219934,0.0034518277618348,2.7089383052388625,2.871895438323217,2.615384979857304,3.044052868356056,6.0,39.5,0.02567407662120005,0.02181384150389411,0.0,0.01594498276802913,0.012944290500814009,0.0,42.89226475414793,43.312548699348056,42.47798560978554,0.8345630895625149,-0.0037238971547629823,0.0009093632103925206,0.0074556117412057,0.0,0.001247204964197753,0.0074556117412057,0,0
em2x3125u_unbalance_timeseries.csv,EMB_COMP_001,EM2X3125U,unbalance,idle,2026-01-01 00:04:23.000,2026-01-01 00:04:24.990,263.0,264.99,200,0.0015209569510740474,0.001212730700032571,0.001520092900399346,0.0012122389154868782,0.0041751233219934,0.0043408223371031,2.7450634411743686,3.5793786180118277,2.8969323961822946,3.3977293452800925,37.5,19.0,0.02124707508329343,0.025150081104194644,0.0,0.01811901820959572,0.011285785898125903,0.0,42.52039884990645,42.953067611183485,42.058386456101374,0.894681155082111,-0.0037328012135632496,0.0009026013712827574,0.0057936738843802,0.0,0.0012843423942143024,0.0057936738843802,0,0
em2x3125u_unbalance_timeseries.csv,EMB_COMP_001,EM2X3125U,unbalance,idle,2026-01-01 00:04:24.000,2026-01-01 00:04:25.990,264.0,265.99,200,0.0014398365739168154,0.0012314522372926786,0.0014348790377765742,0.0012312269326377862,0.0039600975433849,0.0043408223371031,2.7503798799971926,3.5249619966149113,2.840579317233422,3.1141069709241904,21.0,19.0,0.023542050672274308,0.01767852159706059,0.0,0.021332243486340254,0.009286052423676281,0.0,42.14374041111816,42.61189784458596,41.71759642305338,0.8943014215325817,-0.0038436755922871147,0.0008294486768106555,0.005621594213971,0.0,0.0012317623941681336,0.005621594213971,0,0
em2x3125u_unbalance_timeseries.csv,EMB_COMP_001,EM2X3125U,unbalance,idle,2026-01-01 00:04:25.000,2026-01-01 00:04:26.990,265.0,266.99,200,0.0014060075757156146,0.0012997306745796276,0.0013798885304007063,0.0012990234422011636,0.0038695077300428,0.0042241108768303,2.7521243817433483,3.2499893704490015,2.617905657069252,3.115377394605633,42.5,32.5,0.022496457176135642,0.015952515183534046,0.0,0.01798715496084637,0.015804683119662273,0.0,41.763270423352225,42.21558471360231,41.30978927625238,0.90579543734993,-0.0038052382959010284,0.0007461584221167729,0.0053779909739328,0.0,0.0011375186484156553,0.0053779909739328,0,0
em2x3125u_unbalance_timeseries.csv,EMB_COMP_001,EM2X3125U,unbalance,idle,2026-01-01 00:04:26.000,2026-01-01 00:04:27.990,266.0,267.99,200,0.0014783603906631318,0.0012356328904504607,0.0014699720338857566,0.0012352024603139791,0.0041750250374001,0.0042241108768303,2.824091516363852,3.4185808013659815,2.645183874618985,3.6052872932190017,49.5,24.5,0.023426617367985195,0.020458232674325068,0.0,0.013524228989055073,0.017271703887443528,0.0,41.38658281889814,41.84239516479786,40.94054731632321,0.9018478484746453,-0.003722992922054115,0.0007279101288980666,0.0055295123874551,0.0,0.001108316824424087,0.0055295123874551,0,0
em2x3125u_unbalance_timeseries.csv,EMB_COMP_001,EM2X3125U,unbalance,idle,2026-01-01 00:04:27.000,2026-01-01 00:04:28.990,267.0,268.99,200,0.001433455275467537,0.0011840082356321445,0.001433195580033323,0.0011836360274476716,0.0041750250374001,0.0037768948156409,2.9125603769105184,3.189922757272383,2.7357330402832436,3.513414645427047,9.5,44.5,0.023593100917066498,0.0182911314350429,0.0,0.01324262028356034,0.014777585664128226,0.0,41.014707728336234,41.48495404646584,40.58691206709657,0.8980419793692676,-0.0036912877863529386,0.0007640809406026324,0.0055295123874551,0.0,0.0011022982295447769,0.0055295123874551,0,0
em2x3125u_unbalance_timeseries.csv,EMB_COMP_001,EM2X3125U,unbalance,idle,2026-01-01 00:04:28.000,2026-01-01 00:04:29.990,268.0,269.99,200,0.0014192152998141194,0.0012655666523964796,0.0014099760267881985,0.0012649126018852287,0.0037502780070047,0.0037768948156409,2.6425011113506804,2.9843507716396953,2.8214208351207084,2.9489853994669817,37.5,11.0,0.02360056103052186,0.0161728431432014,0.0,0.015738675790395597,0.016431305939436758,0.0,40.63929028607191,41.118717387969966,40.23084896308067,0.8878684248892981,-0.0037636149800059195,0.0006955824050153506,0.0059104916683077,0.0,0.0010901878732213523,0.0059104916683077,0,0
em2x3125u_unbalance_timeseries.csv,EMB_COMP_001,EM2X3125U,unbalance,idle,2026-01-01 00:04:29.000,2026-01-01 00:04:30.990,269.0,270.99,200,0.05690290386839399,0.04109356826943156,0.05690183752960431,0.04108855729806852,0.1860720998805229,0.1285285660555194,3.2699930448342958,3.1277051730532848,5.3994738542765175,4.80522587616697,40.0,40.0,17.26134821530431,47.53646446722088,0.0,6.789415818877763,26.977474071079143,0.0,34.071396093961155,40.65371804989625,26.56751335344719,14.086204696449059,-0.09356312020653643,2.5008874264255985,6.562560969609335,0.0,2.565581197623984,6.562560969609335,1,0
em2x3125u_unbalance_timeseries.csv,EMB_COMP_001,EM2X3125U,unbalance,startup,2026-01-01 00:04:30.000,2026-01-01 00:04:31.990,270.0,271.99,200,0.08138482498136164,0.05754545734077195,0.08138153049275085,0.05754035483682709,0.1860720998805229,0.1285285660555194,2.2863242615946673,2.233513677620122,2.578053050548844,2.3464757994020013,40.0,40.0,31.348538449101728,101.24052462010243,0.0,13.892162565644927,52.32976975942799,0.0,28.697254324655866,30.716217217162164,26.56751335344719,4.1487038637149745,0.020145854991338873,3.626546418740718,6.562560969609335,0.7721102345935635,1.5931814910491873,5.790450735015772,1,0
em2x3125u_unbalance_timeseries.csv,EMB_COMP_001,EM2X3125U,unbalance,startup,2026-01-01 00:04:31.000,2026-01-01 00:04:32.990,271.0,272.99,200,0.08563246223301066,0.043011074854807686,0.08563141448751196,0.043010765076873604,0.1690091305983764,0.1117275998138653,1.9736572579040554,2.5976472383223093,2.06456156441343,3.620944792433269,40.0,40.0,15.301690810628116,131.37818588481548,0.0,7.758023522775841,29.242607850826214,0.0,30.399532932669217,31.55939077386473,28.641719880707345,2.9176708931573856,0.014128932716683648,1.52587372091997,3.622743459854201,0.7448565414612307,0.919339305991593,2.8778869183929707,1,0
em2x3125u_unbalance_timeseries.csv,EMB_COMP_001,EM2X3125U,unbalance,steady_state,2026-01-01 00:04:32.000,2026-01-01 00:04:33.990,272.0,273.99,200,0.08877217915940519,0.021267657839428113,0.08877191107912254,0.021267171635308724,0.1397442572854592,0.0391225922183212,1.5741897811759828,1.839534588796695,1.7347615719300253,2.1817889015965326,40.0,40.0,2.0704477685752427,155.53890839006624,0.0,1.0901519954089798,7.9557122139055165,0.0,31.529559572884544,32.51423851558173,30.552956812743,1.9612817028387326,0.008670105231369239,0.8002685055979158,0.8416963177965603,0.7448565414612307,0.01858714554927688,0.09683977633532959,0,0
em2x3125u_unbalance_timeseries.csv,EMB_COMP_001,EM2X3125U,unbalance,steady_state,2026-01-01 00:04:33.000,2026-01-01 00:04:34.990,273.0,274.99,200,0.0886294500450193,0.021054734608471324,0.08862925195432181,0.02105395983905774,0.1400884843543844,0.040657787367317,1.5806087511907891,1.9310519996276005,1.7222440134218364,2.144012661696923,40.0,40.0,1.9005199978185987,155.2025695623711,0.0,0.9101577970338522,7.955603095777902,0.0,32.385044278150765,33.382582506803594,31.326895589760497,2.055686917043097,0.008495683746275625,0.8013239664865677,0.8574230890920275,0.7540946985216723,0.018811811056179226,0.10332839057035514,0,0
em2x3125u_unbalance_timeseries.csv,EMB_COMP_001,EM2X3125U,unbalance,steady_state,2026-01-01 00:04:34.000,2026-01-01 00:04:35.990,274.0,275.99,200,0.0891522055329771,0.021185269235000356,0.08915115974054161,0.021184885910421614,0.1418743353421387,0.040657787367317,1.5913721314461464,1.919153677789751,1.723961203884943,2.0583552854974414,40.0,40.0,1.7952584542032222,157.16661850047814,0.0,0.78355078903586,8.19364850951315,0.0,33.22340552768296,34.28794388743955,32.306454647600795,1.9814892398387585,0.00838192201834624,0.8010751052490872,0.862365740798204,0.7418612093168829,0.01984989443062971,0.12050453148132112,0,0
em2x3125u_unbalance_timeseries.csv,EMB_COMP_001,EM2X3125U,unbalance,steady_state,2026-01-01 00:04:35.000,2026-01-01 00:04:36.990,275.0,276.99,200,0.08908531636471839,0.021206921406661458,0.08908507773911527,0.021202233608242766,0.1418743353421387,0.0404991512049335,1.5925670035373756,1.9097138348526166,1.720776251537715,2.099667408296089,40.0,40.0,1.8324047728772404,156.89072543135867,0.0,0.8796922238197626,8.111725274953889,0.0,34.07151104949684,34.9993764026505,33.02003389376003,1.9793425088904684,0.008672238292142838,0.8018538664495449,0.862365740798204,0.7418612093168829,0.018440682371828842,0.12050453148132112,0,0
em2x3125u_unbalance_timeseries.csv,EMB_COMP_001,EM2X3125U,unbalance,steady_state,2026-01-01 00:04:36.000,2026-01-01 00:04:37.990,276.0,277.99,200,0.08858983961417007,0.02111506707975953,0.08858954386277404,0.02111504176554308,0.1388263723806586,0.0431435467952219,1.5670687855998007,2.0432588081417187,1.693439099135222,2.1508602402743264,40.0,40.0,1.4749407657121147,155.48794580931994,0.0,0.9585769276177261,7.9619510751560965,0.0,34.91175865092987,35.86934203859548,33.94813900866136,1.9212030299341194,0.00819016627850384,0.8008435609122878,0.8431438891357883,0.7433843841765955,0.018730182844058082,0.09975950495919284,0,0
em2x3125u_unbalance_timeseries.csv,EMB_COMP_001,EM2X3125U,unbalance,steady_state,2026-01-01 00:04:37.000,2026-01-01 00:04:38.990,277.0,278.99,200,0.08874235495768718,0.021308121152141785,0.08874142854519572,0.021307646150696503,0.1337935074032526,0.0431435467952219,1.507662349810821,2.024746644116266,1.7028757995696904,2.120172954687325,40.0,40.0,1.5142073134789118,155.98672685139715,0.0,0.9236352280983131,8.162046934805925,0.0,35.744785292458765,36.72893526491924,34.74330203136541,1.985633233553827,0.008507584469904347,0.7979407430727812,0.8617978071128329,0.7413680916580283,0.02079907353951425,0.12042971545480463,0,0
em2x3125u_unbalance_timeseries.csv,EMB_COMP_001,EM2X3125U,unbalance,steady_state,2026-01-01 00:04:38.000,2026-01-01 00:04:39.990,278.0,279.99,200,0.0882185548906758,0.021456293868990006,0.0882167228882484,0.02145624606687424,0.1367026554866655,0.0421736723452481,1.5495907369608724,1.965561834805039,1.7229665869078101,2.134876166724647,40.0,40.0,1.7782664532418277,153.865920937977,0.0,0.8704080143472784,8.337719952113929,0.0,36.60057784275324,37.67960611297489,35.657363760065714,2.022242352909174,0.008543361489326122,0.7994039124627347,0.8617978071128329,0.7413680916580283,0.019546759135386196,0.12042971545480463,0,0
em2x3125u_unbalance_timeseries.csv,EMB_COMP_001,EM2X3125U,unbalance,steady_state,2026-01-01 00:04:39.000,2026-01-01 00:04:40.990,279.0,280.99,200,0.08831481032099667,0.021445266312478672,0.08831479918653466,0.021442066391638735,0.1386687291034248,0.0411438947810685,1.5701639238017655,1.918553688332026,1.7230911538905789,2.170632487684419,40.0,40.0,1.8047731933084041,154.18895720802155,0.0,0.8349156658299803,8.361620245904962,0.0,37.449821382646036,38.33524188907239,36.44765966624919,1.8875822228232053,0.008404075794996012,0.8016445742871724,0.8582623596712232,0.755381631511188,0.019367797010231797,0.10288072816003524,0,0
em2x3125u_unbalance_timeseries.csv,EMB_COMP_001,EM2X3125U,unbalance,steady_state,2026-01-01 00:04:40.000,2026-01-01 00:04:41.990,280.0,281.99,200,0.08878305002148396,0.021052696375893673,0.08878274793917552,0.02105186872424121,0.1386687291034248,0.0393373384888176,1.5618829165011718,1.8685178271919933,1.7223036670060146,2.1285936716322924,40.0,40.0,1.8118026473709914,155.84922902720675,0.0,0.8388474391156135,8.024779839960031,0.0,38.291213685630744,39.284248999832826,37.34196852861127,1.942280471221558,0.008352687317109175,0.7996263011721867,0.8582623596712232,0.7508797935806452,0.021723109011894746,0.10738256609057806,0,0
em2x3125u_unbalance_timeseries.csv,EMB_COMP_001,EM2X3125U,unbalance,steady_state,2026-01-01 00:04:41.000,2026-01-01 00:04:42.990,281.0,282.99,200,0.0887704792890478,0.021089486302265696,0.08877013965066635,0.02108947831928684,0.1360574950506029,0.0434633862628704,1.5326885259634868,2.0609030319624724,1.7213590594963684,2.1372771122523972,40.0,40.0,1.8016814177659222,155.80631278584505,0.0,0.8759028277172741,8.020179598528479,0.0,39.138197856157724,40.16567083507024,38.19722593348782,1.9684449015824157,0.008585454611746547,0.7967973740818686,0.8442355257510116,0.749883375343216,0.020124772834418284,0.09435215040779554,0,0
em2x3125u_unbalance_timeseries.csv,EMB_COMP_001,EM2X3125U,unbalance,steady_state,2026-01-01 00:04:42.000,2026-01-01 00:04:43.990,282.0,283.99,200,0.08918725190791377,0.021233367481616586,0.08918691977310286,0.021233326020634873,0.1401483985841482,0.0434633862628704,1.571394964931222,2.0469379763007494,1.71064216526221,2.109539410435587,40.0,40.0,1.6618084521158767,157.4261630479901,0.0,0.8506472598115307,8.17077348901914,0.0,39.990524422595854,41.06441254126557,38.97485028984847,2.0895622514170995,0.008644418608687737,0.7988479349044357,0.8570708474346599,0.749883375343216,0.01999779113522693,0.10718747209144386,0,0
em2x3125u_unbalance_timeseries.csv,EMB_COMP_001,EM2X3125U,unbalance,steady_state,2026-01-01 00:04:43.000,2026-01-01 00:04:44.990,283.0,284.99,200,0.08953495464823984,0.020902414165990226,0.08953446268025403,0.020898694826125032,0.1401483985841482,0.0396196575908298,1.565292562382544,1.8954584516507147,1.7092899850806507,2.056990430248381,40.0,40.0,1.629227880352474,158.7002218287371,0.0,0.7739199477575143,7.962153156431819,0.0,40.84352920872137,41.81356976139564,39.8618928640473,1.9516768973483423,0.008542900510733961,0.8008307375611523,0.8570708474346599,0.7507106171783985,0.0197248182863262,0.1063602302562614,0,0
em2x3125u_unbalance_timeseries.csv,EMB_COMP_001,EM2X3125U,unbalance,steady_state,2026-01-01 00:04:44.000,2026-01-01 00:04:45.990,284.0,285.99,200,0.08955415443028546,0.021116639166273092,0.0895541539729328,0.02110919472685729,0.1401104789842456,0.0452734558827872,1.5645335481707479,2.143970710788898,1.7216997184665213,2.1170806138756735,40.0,40.0,1.8981391285522762,158.5010764207457,0.0,0.7383459266819912,8.175566858427118,0.0,41.68942236869357,42.67599383071552,40.48644007182084,2.1895537588946823,0.008335215472848826,0.8006514902904598,0.8468690043539493,0.7522138144464701,0.02015755892899847,0.09465518990747923,0,0
em2x3125u_unbalance_timeseries.csv,EMB_COMP_001,EM2X3125U,unbalance,steady_state,2026-01-01 00:04:45.000,2026-01-01 00:04:46.990,285.0,286.99,200,0.08930466538313322,0.021137351965482772,0.08930294033194097,0.021137184526857165,0.1405005792287298,0.0452734558827872,1.5732725566571109,2.141869802646926,1.7299635108539326,2.1247284584405435,40.0,40.0,2.0499687199012064,157.4519368695008,0.0,0.8384543724795005,8.097176349980927,0.0,42.52829177809674,43.52825131865669,41.6344888484173,1.8937624702393947,0.008372834109436697,0.8020072787146952,0.8629683629019261,0.7349329040958159,0.022354411924486967,0.12803545880611023,0,0
em2x3125u_unbalance_timeseries.csv,EMB_COMP_001,EM2X3125U,unbalance,steady_state,2026-01-01 00:04:46.000,2026-01-01 00:04:47.990,286.0,287.99,200,0.08859113704365454,0.020920170951190017,0.08859101199256819,0.020919786522745006,0.14051674125112,0.0440913405440391,1.5861263997760675,2.1075994382125742,1.7256703205061796,2.1244794215105167,40.0,40.0,1.8638363823492652,155.10807499304832,0.0,0.9177882071077653,7.83664076826602,0.0,43.36898939244153,44.341590065213246,42.362369589320856,1.9792204758923901,0.008415416487906615,0.8014234109257969,0.8645674724694572,0.7349329040958159,0.02189058382068745,0.1296345683736413,0,0
em2x3125u_unbalance_timeseries.csv,EMB_COMP_001,EM2X3125U,unbalance,steady_state,2026-01-01 00:04:47.000,2026-01-01 00:04:48.990,287.0,288.99,200,0.08831398770758815,0.02108539173288715,0.08831387705096805,0.02108328692843717,0.1417358826177553,0.0416624014303385,1.6049086480733903,1.9758893720412667,1.7403695900962977,2.1184322472059147,40.0,40.0,2.0321013852487964,153.9548364818688,0.0,0.900073254641666,7.990093162700055,0.0,44.20335491900665,45.05516858696702,43.2086035542039,1.8465650327631238,0.008258097926013768,0.7999448959157857,0.8645674724694572,0.7573781449879081,0.020530209011459473,0.10718932748154908,0,0
em2x3125u_unbalance_timeseries.csv,EMB_COMP_001,EM2X3125U,unbalance,steady_state,2026-01-01 00:04:48.000,2026-01-01 00:04:49.990,288.0,289.99,200,0.08880327824280662,0.020779780707061636,0.08880299699350427,0.020778725937126034,0.1417358826177553,0.0415286312409861,1.5960658820524614,1.9985115255269918,1.7351216827827236,2.1439993249156726,40.0,40.0,1.971147886938379,155.74957143997898,0.0,0.8458556185539241,7.789263536304378,0.0,45.04765281481342,46.051698565535446,44.14176323489583,1.9099353306396125,0.008500265091880895,0.799227774143563,0.8451347542703845,0.7577535567313147,0.019365308744152966,0.08738119753906981,0,0
em2x3125u_unbalance_timeseries.csv,EMB_COMP_001,EM2X3125U,unbalance,shutdown,2026-01-01 00:04:49.000,2026-01-01 00:04:50.990,289.0,290.99,200,0.06416143016830872,0.016574009558660077,0.06416005364501044,0.01657393125231127,0.1352412901236668,0.0413378226414071,2.107828484634786,2.4941353204305168,3.2235372856800977,2.760513686028501,40.0,40.0,1.1891042811352885,81.14362788445506,0.0,0.4487848008713262,5.049729699719966,0.0,45.32146396129861,46.051698565535446,44.57336175091052,1.4783368146249245,-0.002598518891976948,0.6102128102303799,0.8451347542703845,0.2744505507417912,0.1969507952125435,0.5706842035285933,0,0
em2x3125u_unbalance_timeseries.csv,EMB_COMP_001,EM2X3125U,unbalance,shutdown,2026-01-01 00:04:50.000,2026-01-01 00:04:51.990,290.0,291.99,200,0.014118789152484707,0.009166390305927443,0.014118769407212529,0.009165571302746362,0.0308702131857542,0.0219330453553428,2.1864632194979325,2.3927679951790624,2.223774070983355,2.5468247913325968,40.0,40.0,0.35867356732868194,3.629052474140911,0.0,0.15018430734343186,1.532617983336036,0.0,44.66591635849983,45.70409110978944,43.61661575196049,2.08747535782895,-0.009995620451181597,0.2803883259580038,0.5753430704047299,0.0011834163909709,0.16342227915871313,0.574159654013759,0,0
em2x3125u_unbalance_timeseries.csv,EMB_COMP_001,EM2X3125U,unbalance,idle,2026-01-01 00:04:51.000,2026-01-01 00:04:52.990,291.0,292.99,200,0.007098889719733258,0.00450721401313914,0.007094465255600454,0.004503566842804933,0.0211300271278206,0.0142519541994932,2.9765256204902086,3.1620318356188153,4.222880691094964,4.745961315363574,40.0,40.0,0.16750871195355865,0.839125623307517,0.0,0.07734254697947154,0.3287142049804358,0.0,43.81687653130705,44.67978296730774,43.20179925192642,1.4779837153813205,-0.007002903466713643,0.069633398165048,0.2840546444808568,0.0,0.08989266670084005,0.2840546444808568,0,0
em2x3125u_unbalance_timeseries.csv,EMB_COMP_001,EM2X3125U,unbalance,idle,2026-01-01 00:04:52.000,2026-01-01 00:04:53.990,292.0,293.99,200,0.0015068325702488326,0.0011055674557607941,0.0015063106952627496,0.001105533719242796,0.0043590971429998,0.0028124174296733,2.892887523847427,2.5438677803137217,2.505661785774731,2.6596654385448852,18.5,2.0,0.029893440811415522,0.015522076749851798,0.0,0.013391429964889005,0.01125001998777554,0.0,43.281553283478395,43.74301571100026,42.83717160318682,0.9058441078134436,-0.0037183623274489193,0.0007369123992972924,0.0048859410739294,0.0,0.0011329314574655563,0.0048859410739294,0,0
em2x3125u_unbalance_timeseries.csv,EMB_COMP_001,EM2X3125U,unbalance,idle,2026-01-01 00:04:53.000,2026-01-01 00:04:54.990,293.0,294.99,200,0.0014341515930207554,0.0011470375930764153,0.0014307803175083575,0.001145464909969577,0.0039266389053114,0.0028772232043325,2.737952476167959,2.508394861423535,2.5537769578227096,2.5478740615676974,46.0,29.0,0.02718318618930964,0.013917728494085714,0.0,0.014978388702478465,0.011445363668257031,0.0,42.908037585179045,43.36731170487941,42.45332073239764,0.9139909724817699,-0.00376201963269056,0.0007271554340973897,0.0049594523674244,0.0,0.001157479902887185,0.0049594523674244,0,0
em2x3125u_unbalance_timeseries.csv,EMB_COMP_001,EM2X3125U,unbalance,idle,2026-01-01 00:04:54.000,2026-01-01 00:04:55.990,294.0,295.99,200,0.0014822181295756185,0.0011736906084986046,0.0014641430020146356,0.0011736727210721533,0.0054812130223429,0.0030753196021543,3.6979800158781315,2.620213180446486,3.416004302502245,2.772277360799353,5.0,28.5,0.029185149645048945,0.013799671833790713,0.0,0.017515180359156016,0.010117058725371515,0.0,42.53595885545203,43.00723140139489,42.09627278870766,0.9109586126872316,-0.0037052849768640836,0.0006907100015244835,0.0049594523674244,0.0,0.0010176643274815043,0.0049594523674244,0,0
em2x3125u_unbalance_timeseries.csv,EMB_COMP_001,EM2X3125U,unbalance,idle,2026-01-01 00:04:55.000,2026-01-01 00:04:56.990,295.0,296.99,200,0.0016616256595360316,0.0011596611200661226,0.0016488828865315565,0.001158373604347467,0.0054812130223429,0.0030753196021543,3.2987050909369047,2.651912312089025,2.8796564744297064,2.9440232776915924,5.0,27.5,0.03399326277498915,0.020713826454747494,0.0,0.018119358836075086,0.008717233656660776,0.0,42.15686548746982,42.63379886261367,41.69286502328227,0.9409338393314002,-0.0038845945631418946,0.0006702031589981708,0.0038912401696121,0.0,0.0009511651935309393,0.0038912401696121,0,0
em2x3125u_unbalance_timeseries.csv,EMB_COMP_001,EM2X3125U,unbalance,idle,2026-01-01 00:04:56.000,2026-01-01 00:04:57.990,296.0,297.99,200,0.00157245805756266,0.001279753336865917,0.0015724469073564813,0.0012783763450778026,0.0045795442734015,0.0034690826471808,2.9123474876651914,2.710743193431708,2.7417043740630103,2.926801749251079,42.5,45.0,0.027838981915041704,0.021991558329340005,0.0,0.018297229547824555,0.014402774735725805,0.0,41.77678128656091,42.21384163662174,41.33986137600873,0.8739802606130098,-0.003704471815637542,0.000615265276842055,0.0062946095129056,0.0,0.001008399748728389,0.0062946095129056,0,0
em2x3125u_unbalance_timeseries.csv,EMB_COMP_001,EM2X3125U,unbalance,idle,2026-01-01 00:04:57.000,2026-01-01 00:04:58.990,297.0,298.99,200,0.0014635217035322313,0.0012297085392787295,0.0014618660712569472,0.001228366737128194,0.0046791542180565,0.0034690826471808,3.197188129676036,2.8210608744862,3.0055778936281006,3.0949405989337953,43.0,44.5,0.026970194618556875,0.015771086892189038,0.0,0.01580278687241276,0.014379598857830068,0.0,41.40572423204467,41.88967342663224,41.02168527231148,0.8679881543207628,-0.0037249667025410615,0.0006726567331914978,0.0062946095129056,0.0,0.0010855019150978983,0.0062946095129056,0,0
em2x3125u_unbalance_timeseries.csv,EMB_COMP_001,EM2X3125U,unbalance,idle,2026-01-01 00:04:58.000,2026-01-01 00:04:59.990,298.0,299.99,200,0.0015686512397034011,0.0010972784726783044,0.0015684483107142422,0.0010972154065569742,0.0053530964912531,0.0031188718881823,3.4125472608336174,2.8423704336143283,3.1739275367988657,2.9210912960796356,25.0,36.5,0.033609732326135316,0.015631711936570997,0.0,0.014810155921318423,0.009270002236812009,0.0,41.031001387997094,41.48546654937572,40.628961836211616,0.8565047131641066,-0.0037165131658560505,0.000742184599272793,0.0062366263695675,0.0,0.0011044597879565693,0.0062366263695675,0,0
em2x3125u_unbalance_timeseries.csv,EMB_COMP_001,EM2X3125U,unbalance,idle,2026-01-01 00:04:59.000,2026-01-01 00:05:00.990,299.0,300.99,200,0.058141182263323724,0.040017794778666224,0.05813743096229147,0.040017330025953764,0.1860143359929901,0.1382635993427094,3.199355925555896,3.455052936010825,5.401328601779516,4.70376771091747,40.0,40.0,16.464250616002385,51.148102447132835,0.0,7.601052069952091,24.455434920253527,0.0,34.42316969620956,41.06157151715534,26.89310744453025,14.168464072625092,-0.09426026188117623,2.5063723059031013,6.51498623211555,0.0,2.568421672338829,6.51498623211555,1,0
em2x3125u_unbalance_timeseries.csv,EMB_COMP_001,EM2X3125U,unbalance,startup,2026-01-01 00:05:00.000,2026-01-01 00:05:01.990,300.0,301.99,200,0.08477541212246924,0.05670140108699503,0.0847722790348748,0.05669538316201547,0.2059991522690027,0.1382635993427094,2.4299398506185947,2.438451196833325,2.6711447046338987,2.2526165467905472,40.0,40.0,34.64988864459249,109.20244718507224,0.0,15.328064925600781,48.97342543683804,0.0,29.006063851211533,31.063277560272496,26.89310744453025,4.170170115742245,0.020021247675000946,3.6268783586397046,6.51498623211555,0.8532157264918411,1.5984546278093856,5.661770505623709,1,0
em2x3125u_unbalance_timeseries.csv,EMB_COMP_001,EM2X3125U,unbalance,startup,2026-01-01 00:05:01.000,2026-01-01 00:05:02.990,301.0,302.99,200,0.08811167484588699,0.04288017838259003,0.0881096657955259,0.04286924990657573,0.2059991522690027,0.1245480757839783,2.337932545594083,2.9045605797793654,2.165466342934974,3.4678880530692124,40.0,40.0,19.176024964546322,136.14459148527456,0.0,8.264449637658933,28.494103684882656,0.0,30.71154476769128,31.877966728109502,28.98514909795767,2.892817630151832,0.014105196164964662,1.5191330853767266,3.690730639960676,0.7512486312931976,0.916684220091652,2.939482008667478,1,0
em2x3125u_unbalance_timeseries.csv,EMB_COMP_001,EM2X3125U,unbalance,steady_state,2026-01-01 00:05:02.000,2026-01-01 00:05:03.990,302.0,303.99,200,0.08905441288544919,0.021061429573754526,0.08905334446800238,0.02105842224506084,0.1454095079370912,0.0395650378417009,1.6328164234166773,1.8785542407341829,1.734533039936184,2.056118445905263,40.0,40.0,2.0003609583515125,156.61162679351486,0.0,0.7380270981243979,8.133553182070683,0.0,31.85266499031627,32.929051101267284,30.815435493284006,2.1136156079832773,0.008697245759715385,0.796985219991079,0.8474636767865809,0.7479560447041945,0.0216804373482859,0.09950763208238633,0,0
em2x3125u_unbalance_timeseries.csv,EMB_COMP_001,EM2X3125U,unbalance,steady_state,2026-01-01 00:05:03.000,2026-01-01 00:05:04.990,303.0,304.99,200,0.08885295824574284,0.02134880050540931,0.08885080025015298,0.021344589003718484,0.1454095079370912,0.0424940973728835,1.6365184773581596,1.9904676781309774,1.743591196070899,2.055849902433172,40.0,40.0,2.065375718914839,155.82610546941117,0.0,0.8386184188926321,8.279535924392793,0.0,32.715959857283316,33.6819050322434,31.74314219969828,1.9387628325451196,0.008587291883026586,0.8000558737351429,0.8580059214901513,0.7479560447041945,0.020352578377685466,0.11004987678595679,0,0
em2x3125u_unbalance_timeseries.csv,EMB_COMP_001,EM2X3125U,unbalance,steady_state,2026-01-01 00:05:04.000,2026-01-01 00:05:05.990,304.0,305.99,200,0.08894452507568161,0.021534350530412007,0.08894307295446938,0.021534329463096042,0.1439866935726734,0.0424940973728835,1.6188370610800071,1.9733168786711712,1.739152627837541,2.0978602693488355,40.0,40.0,2.0394092931638954,156.17827505188708,0.0,0.9909977089835645,8.28992950273413,0.0,33.567079981640525,34.57737126586768,32.63752311985677,1.9398481460109096,0.008673906650760694,0.8012108268428664,0.8580059214901513,0.7358816637837468,0.020070496014253217,0.12212425770640456,0,0
em2x3125u_unbalance_timeseries.csv,EMB_COMP_001,EM2X3125U,unbalance,steady_state,2026-01-01 00:05:05.000,2026-01-01 00:05:06.990,305.0,306.99,200,0.08875771679370972,0.021005850642755897,0.08875589517298942,0.021005562948311674,0.1439866935726734,0.043605983188238,1.6222442259001166,2.0758970407740196,1.7441174316900168,2.1400389252880836,40.0,40.0,2.105787719347829,155.44669058314753,0.0,0.9930989053445988,7.8346393552289575,0.0,34.42730800278797,35.441428605436805,33.41548243871976,2.0259461667170413,0.008735467287395495,0.7982970443739253,0.8567044742738076,0.729025817631094,0.021242458449988705,0.1276786566427136,0,0
em2x3125u_unbalance_timeseries.csv,EMB_COMP_001,EM2X3125U,unbalance,steady_state,2026-01-01 00:05:06.000,2026-01-01 00:05:07.990,306.0,307.99,200,0.0886960196839107,0.02118417145700938,0.08869601696443896,0.02118415897090877,0.149194780385771,0.0436907571504175,1.6820910444173478,2.0624246380880376,1.7560217749950888,2.148659182489,40.0,40.0,2.2207958107986134,155.1232681413718,0.0,0.9528895442145356,8.022538852536623,0.0,35.296824650487885,36.28742075875496,34.28015146950396,2.007269289250999,0.008708668175011283,0.7985115386821795,0.845183126365326,0.729025817631094,0.020902027076452542,0.11615730873423202,0,0
em2x3125u_unbalance_timeseries.csv,EMB_COMP_001,EM2X3125U,unbalance,steady_state,2026-01-01 00:05:07.000,2026-01-01 00:05:08.990,307.0,308.99,200,0.08903094335465778,0.02177570275083065,0.08903055204198962,0.021775568831049502,0.149194780385771,0.0436907571504175,1.675763220787727,2.006399409945605,1.7451555845336446,2.1280735826834016,40.0,40.0,2.093710143845054,156.43805855227856,0.0,0.9062831120255386,8.577579393200143,0.0,36.162087714424246,37.14554976593493,35.109583110315015,2.035966655619916,0.008559151031031057,0.8009029633819971,0.8560597749264429,0.7496638976589046,0.01899151720086804,0.1063958772675383,0,0
em2x3125u_unbalance_timeseries.csv,EMB_COMP_001,EM2X3125U,unbalance,steady_state,2026-01-01 00:05:08.000,2026-01-01 00:05:09.990,308.0,309.99,200,0.0887153983620178,0.021241554967107796,0.0887147358952909,0.021241485379664263,0.136729345618307,0.0406751694289266,1.5412132295270813,1.9148866216202836,1.7286723570370837,2.172425643887931,40.0,40.0,1.9738405615815973,155.43365683681884,0.0,0.9226263405942882,8.101942580990015,0.0,37.02696046464256,37.955440391281776,36.13557680917535,1.8198635821064286,0.00860649400929821,0.8019759547639365,0.8560597749264429,0.7414303877366888,0.01948325836533604,0.11462938718975413,0,0
em2x3125u_unbalance_timeseries.csv,EMB_COMP_001,EM2X3125U,unbalance,steady_state,2026-01-01 00:05:09.000,2026-01-01 00:05:10.990,309.0,310.99,200,0.08916457531239617,0.020525776412984083,0.08916410565020379,0.02052415147555909,0.1433074013110594,0.0406751694289266,1.6072235056239423,1.981662891114634,1.7405484476841129,2.106746687612207,40.0,40.0,2.1009186869314456,156.9057918453424,0.0,0.8361963767227027,7.5949984010466665,0.0,37.88810875631356,38.827953987337445,36.949613395735646,1.8783405916017983,0.008524074719277838,0.8002071090874827,0.8552603476657404,0.7414303877366888,0.020928598147332743,0.11382995992905165,0,0
em2x3125u_unbalance_timeseries.csv,EMB_COMP_001,EM2X3125U,unbalance,steady_state,2026-01-01 00:05:10.000,2026-01-01 00:05:11.990,310.0,311.99,200,0.08917375763447538,0.021099476719759563,0.08917323998914871,0.021099388469335265,0.1433074013110594,0.0440856814455706,1.6070580080126113,2.0894206065444534,1.7351560890710789,2.0809441318522452,40.0,40.0,1.9606702942595469,157.0828195895944,0.0,0.8966565608894701,8.010052765905929,0.0,38.74228662469754,39.675531602801854,37.69922957887637,1.9763020239254843,0.008572515927861362,0.7987124096805854,0.8688803915743107,0.7211037329027209,0.02173380957564472,0.14777665867158984,0,0
em2x3125u_unbalance_timeseries.csv,EMB_COMP_001,EM2X3125U,unbalance,steady_state,2026-01-01 00:05:11.000,2026-01-01 00:05:12.990,311.0,312.99,200,0.08838130902706974,0.02108354150998344,0.08838118341407372,0.0210828746626578,0.1428636829471126,0.0440856814455706,1.6164467863149188,2.090999817307506,1.7222680589005814,2.049785465444092,40.0,40.0,1.8247180986366511,154.4016260355793,0.0,0.8452283373441336,8.045278416402454,0.0,39.60716588201474,40.651999229703485,38.58384388624693,2.068155343456553,0.008661401258412166,0.8007398091457761,0.8698949223848932,0.7211037329027209,0.021411633327992403,0.1487911894821723,0,0
em2x3125u_unbalance_timeseries.csv,EMB_COMP_001,EM2X3125U,unbalance,steady_state,2026-01-01 00:05:12.000,2026-01-01 00:05:13.990,312.0,313.99,200,0.088738073236147,0.02108739464417222,0.0887379284395738,0.02108576903371623,0.1428636829471126,0.0408893429008107,1.6099479934269951,1.9390419532984369,1.714811721299234,2.0646858419728487,40.0,40.0,1.8451996210108044,155.64394484490418,0.0,0.8326808504828228,8.059530233576883,0.0,40.476277924299296,41.47676981068582,39.48500516527,1.9917646454158202,0.008572050045176197,0.8000892948566916,0.8698949223848932,0.7459717384679604,0.01983681024152654,0.1239231839169328,0,0
em2x3125u_unbalance_timeseries.csv,EMB_COMP_001,EM2X3125U,unbalance,steady_state,2026-01-01 00:05:13.000,2026-01-01 00:05:14.990,313.0,314.99,200,0.08879858486804726,0.02118202870345648,0.08879854850289584,0.021181453787822605,0.1425965311969358,0.0408893429008107,1.6058423837365325,1.9303789770683477,1.7131278704482207,2.1465725157923115,40.0,40.0,1.7743917694208389,155.9306506780724,0.0,0.9411634975897046,8.032545111333972,0.0,41.331285423331444,42.26246259369527,40.40051098219025,1.8619516115050203,0.008418280681262023,0.7985205652884357,0.8584564101345347,0.7459717384679604,0.020437496115070602,0.11248467166657428,0,0
em2x3125u_unbalance_timeseries.csv,EMB_COMP_001,EM2X3125U,unbalance,steady_state,2026-01-01 00:05:14.000,2026-01-01 00:05:15.990,314.0,315.99,200,0.0885133860601934,0.020778519261473147,0.08851278586369207,0.02077647035209788,0.1425965311969358,0.0387909561313054,1.611016565335815,1.8668777906243936,1.7264101364210216,2.127249958488771,40.0,40.0,1.853854846051023,154.83906729517622,0.0,0.8513109375003647,7.782441328473691,0.0,42.191876836432705,43.20042250723105,41.282395703910886,1.918026803320167,0.008661437796665054,0.7980733796474258,0.8584564101345347,0.7484579365034038,0.021008524846874117,0.10999847363113091,0,0
em2x3125u_unbalance_timeseries.csv,EMB_COMP_001,EM2X3125U,unbalance,steady_state,2026-01-01 00:05:15.000,2026-01-01 00:05:16.990,315.0,316.99,200,0.0893178927202308,0.020983021286086076,0.08931765425012483,0.020982415939009198,0.1385338147605209,0.0385785427729242,1.5510197401818295,1.8385599598331333,1.7350472463714128,2.088946792229127,40.0,40.0,1.9914528562115463,157.56276609140878,0.0,0.8536739295754553,7.952696118925612,0.0,43.05004379757767,43.9980596430555,42.13011435016522,1.8679452928902762,0.008454228100917557,0.7992517921068025,0.8514556946888084,0.7507087977676732,0.020029800095139053,0.10074689692113525,0,0
em2x3125u_unbalance_timeseries.csv,EMB_COMP_001,EM2X3125U,unbalance,steady_state,2026-01-01 00:05:16.000,2026-01-01 00:05:17.990,316.0,317.99,200,0.08908284484678147,0.02126568300618065,0.08908274007575726,0.02126499250958751,0.1385338147605209,0.0401715771322594,1.5551121542962947,1.8890330078081172,1.7233488390201273,2.1338394880945857,40.0,40.0,1.816321662423745,156.9021585913593,0.0,0.9012531342901544,8.143624170267325,0.0,43.91185505240115,44.84746326066404,42.90173112699996,1.9457321336640803,0.008797955320014815,0.8008395056528599,0.8522280455588086,0.7501257100342811,0.02015399866293145,0.10210233552452752,0,0
em2x3125u_unbalance_timeseries.csv,EMB_COMP_001,EM2X3125U,unbalance,steady_state,2026-01-01 00:05:17.000,2026-01-01 00:05:18.990,317.0,318.99,200,0.08880225752717531,0.021324347527964655,0.08880174758172307,0.021324314764638096,0.137855892780451,0.0401715771322594,1.5523917591651795,1.8838361680036666,1.716341865464092,2.1335297375246673,40.0,40.0,1.6943008453891633,156.02265349985734,0.0,0.8700248749775702,8.224649486735016,0.0,44.782647091666966,45.750999354161536,43.77028954789687,1.980709806264663,0.008584992368712466,0.8008067127243967,0.8522280455588086,0.748846601794935,0.020620422109577305,0.10338144376387359,0,0
em2x3125u_unbalance_timeseries.csv,EMB_COMP_001,EM2X3125U,unbalance,steady_state,2026-01-01 00:05:18.000,2026-01-01 00:05:19.990,318.0,319.99,200,0.08930886891704305,0.020999521023948746,0.08930871448644288,0.020998038657859954,0.1374634737491032,0.0395741471033483,1.5391917445152044,1.884526178393129,1.7043965026596117,2.1227890322801874,40.0,40.0,1.558708257850866,157.9695687174121,0.0,0.8391181655771325,7.97924904419711,0.0,45.65072973113358,46.59545247144786,44.68066354605912,1.9147889253887342,0.00868266999181642,0.8014708281286533,0.8574926560450757,0.748846601794935,0.020905883939898975,0.10864605425014073,0,0
em2x3125u_unbalance_timeseries.csv,EMB_COMP_001,EM2X3125U,unbalance,shutdown,2026-01-01 00:05:19.000,2026-01-01 00:05:20.990,319.0,320.99,200,0.06429702613577275,0.01687846995333851,0.06429699772787467,0.01687389232263895,0.1374634737491032,0.0395741471033483,2.1379445055332513,2.3446525196154204,3.182207207674256,2.717961930328786,40.0,40.0,0.9316817543832476,81.75213620554425,0.0,0.5361263132902772,5.159844857639104,0.0,46.0019340858408,46.59545247144786,45.33434621188611,1.2611062595617497,-0.0015673300104885608,0.6103452005333883,0.8574926560450757,0.2830001241238674,0.20043140195038792,0.5744925319212084,0,0
em2x3125u_unbalance_timeseries.csv,EMB_COMP_001,EM2X3125U,unbalance,shutdown,2026-01-01 00:05:20.000,2026-01-01 00:05:21.990,320.0,321.99,200,0.014129030719184602,0.009579632092115774,0.014125313870452088,0.009579097064526977,0.037313830481206,0.0258518834797854,2.6409334952142713,2.6986300967718804,2.360663928988348,2.5036436564097944,40.0,40.0,0.219036577491592,3.772751560185504,0.0,0.1887567549231498,1.6464583446810934,0.0,45.422901476243595,46.48355800478328,44.40618116996282,2.0773768348204626,-0.009964581405341394,0.2799243790748866,0.5703110034151492,0.0,0.161489497470779,0.5703110034151492,0,0
em2x3125u_unbalance_timeseries.csv,EMB_COMP_001,EM2X3125U,unbalance,idle,2026-01-01 00:05:21.000,2026-01-01 00:05:22.990,321.0,322.99,200,0.007300852095823237,0.004941279278798682,0.007298392646945911,0.004939619377922905,0.0207569663539707,0.0160690887195553,2.843088187726143,3.252009816264018,3.903857981316822,4.343034740596994,40.0,40.0,0.12238485978547187,0.9435257773148937,0.0,0.09240803689400036,0.39603630234977677,0.0,44.583413240443136,45.48729050570986,43.93089774316659,1.5563927625432683,-0.00700172937081581,0.07076505721041411,0.2893062652651783,0.0,0.09111980358054449,0.2893062652651783,0,0
em2x3125u_unbalance_timeseries.csv,EMB_COMP_001,EM2X3125U,unbalance,idle,2026-01-01 00:05:22.000,2026-01-01 00:05:23.990,322.0,323.99,200,0.0014449897746177604,0.0011136864248454375,0.0014388252809325879,0.0011135952767185881,0.0038055627183325,0.0030587831470882,2.6336260540938263,2.7465389528409774,2.6092609934675464,2.840802093958036,31.5,38.0,0.021742768654070207,0.01966174497631378,0.0,0.015294876976400501,0.009536310404958568,0.0,44.04560448400226,44.47798952474276,43.6075619927467,0.8704275319960573,-0.0037945614970144362,0.0007144794017966915,0.0052524687266445,0.0,0.0011049300817265472,0.0052524687266445,0,0
em2x3125u_unbalance_timeseries.csv,EMB_COMP_001,EM2X3125U,unbalance,idle,2026-01-01 00:05:23.000,2026-01-01 00:05:24.990,323.0,324.99,200,0.0014812509614346929,0.0011584513013940165,0.0014809337929797318,0.001157144724838195,0.0036647756171286,0.0040193519916714,2.4741085153990476,3.4695908121772003,2.421101206748742,2.9096545975750328,48.5,9.0,0.024576311373044085,0.01932114865662852,0.0,0.017421139607240305,0.009436302030715906,0.0,43.664725861291856,44.10561718500572,43.23652248451207,0.8690947004936476,-0.0038212680019684355,0.0007912403524980824,0.0039820650675366,0.0,0.0010452511770444842,0.0039820650675366,0,0
em2x3125u_unbalance_timeseries.csv,EMB_COMP_001,EM2X3125U,unbalance,idle,2026-01-01 00:05:24.000,2026-01-01 00:05:25.990,324.0,325.99,200,0.0014877135051509624,0.0012468392604545976,0.0014848760988553193,0.0012404132877613854,0.0036647756171286,0.0040193519916714,2.4633611272868863,3.2236328443860076,2.4816326434005003,3.4001687685428963,24.5,6.5,0.02721603867427679,0.017369716787589848,0.0,0.019399686661973562,0.011411120606115814,0.0,43.28867205618972,43.7453713876326,42.82516103929158,0.9202103483410227,-0.0037170519561262488,0.0007726664515896639,0.0041759982163877,0.0,0.0010248938901486696,0.0041759982163877,0,0
em2x3125u_unbalance_timeseries.csv,EMB_COMP_001,EM2X3125U,unbalance,idle,2026-01-01 00:05:25.000,2026-01-01 00:05:26.990,325.0,326.99,200,0.0014556270169766943,0.0013050385294125345,0.0014555810202161613,0.0013050357301876868,0.0040602602814271,0.0042247524673184,2.78935485125865,3.2372626340926347,2.7440255813150842,3.238880525845191,17.5,28.0,0.024685302460507895,0.017857710869522956,0.0,0.020965540827565163,0.013102979651599168,0.0,42.91827054062218,43.36788293068631,42.49983036217738,0.8680525685089293,-0.0037269933413427957,0.0006979391431513307,0.005603619486379,0.0,0.0010541098718054788,0.005603619486379,0,0
em2x3125u_unbalance_timeseries.csv,EMB_COMP_001,EM2X3125U,unbalance,idle,2026-01-01 00:05:26.000,2026-01-01 00:05:27.990,326.0,327.99,200,0.0015312790921642823,0.001236061795797467,0.0015311757076233211,0.0012342152270487226,0.0040602602814271,0.0042247524673184,2.6515481744666163,3.417913636423595,2.71356052283677,3.3899608982932095,47.5,35.0,0.022443179192400464,0.024670591228402743,0.0,0.01995536474716854,0.010515207070922974,0.0,42.542138560045196,43.022156859336405,42.08257933161265,0.9395775277237561,-0.003848754085366391,0.0007006632761384183,0.005603619486379,0.0,0.0010976032412383892,0.005603619486379,0,0
em2x3125u_unbalance_timeseries.csv,EMB_COMP_001,EM2X3125U,unbalance,idle,2026-01-01 00:05:27.000,2026-01-01 00:05:28.990,327.0,328.99,200,0.0015040794990146531,0.0011661714821357707,0.0015040148632587088,0.0011634041442898165,0.0039205767300062,0.0036717714182618,2.6066286606357134,3.148569035093517,2.803812938541088,3.216645172876169,39.0,4.5,0.02288146636268153,0.022406762390096008,0.0,0.017085471980454986,0.010059069228748973,0.0,42.16686600987774,42.60980122584977,41.67466538131748,0.9351358445322902,-0.003777142034402749,0.0006922101746414472,0.0044294477941564,0.0,0.0010825930695082422,0.0044294477941564,0,0
em2x3125u_unbalance_timeseries.csv,EMB_COMP_001,EM2X3125U,unbalance,idle,2026-01-01 00:05:28.000,2026-01-01 00:05:29.990,328.0,329.99,200,0.001361769507097995,0.0011979672606605707,0.001360349087755785,0.0011952603997296782,0.0038840880855613,0.0030251314407792,2.8522360541311453,2.525220463129446,3.1217932937336994,2.6797624304364907,39.0,50.0,0.019162000052875255,0.018295022858757424,0.0,0.017280172882735024,0.012002873162005106,0.0,41.79188249588567,42.273840263623896,41.349228018060806,0.9246122455630896,-0.00382197730594407,0.0006841808019267376,0.0044294477941564,0.0,0.0010701066118767274,0.0044294477941564,0,0
em2x3125u_unbalance_timeseries.csv,EMB_COMP_001,EM2X3125U,unbalance,idle,2026-01-01 00:05:29.000,2026-01-01 00:05:30.990,329.0,330.99,200,0.05670985585014526,0.04211469458967548,0.056704656441950954,0.04211258815059328,0.182493263243414,0.1369737942096088,3.2180167011118677,3.2523990864506533,5.512807036927219,4.828942334156185,40.0,40.0,15.759619469386184,48.564190347759734,0.0,8.299593130902595,27.203005704996038,0.0,34.94619493562677,41.83136821624946,27.1566206275762,14.67474758867326,-0.0977817387169584,2.5005772780486617,6.436294694612323,0.0,2.562250909794943,6.436294694612323,1,0
em2x3125u_unbalance_timeseries.csv,EMB_COMP_001,EM2X3125U,unbalance,startup,2026-01-01 00:05:30.000,2026-01-01 00:05:31.990,330.0,331.99,200,0.0800631832703724,0.05990855161751934,0.08006110054026186,0.059896269906635824,0.182493263243414,0.1369737942096088,2.279365568405349,2.2863813347400797,2.6754559252775323,2.2127290850911816,40.0,40.0,29.531670229792507,98.77761277987221,0.0,16.69506348847714,55.05620600740145,0.0,29.297956965235482,31.412255477600155,27.1566206275762,4.255634850023956,0.02008160201152577,3.6150324864974768,6.436294694612323,0.8921976912407991,1.5992275122023047,5.544097003371524,1,0
em2x3125u_unbalance_timeseries.csv,EMB_COMP_001,EM2X3125U,unbalance,startup,2026-01-01 00:05:31.000,2026-01-01 00:05:32.990,331.0,332.99,200,0.08460432535898631,0.0452164624493642,0.08460192309083506,0.04520129254817537,0.1698233755162426,0.1238310615695793,2.007265879086697,2.738627810794618,2.1074681412435865,3.237509940896602,40.0,40.0,14.523404086010364,128.70625232617246,0.0,8.869850824620674,32.02622516604533,0.0,31.070756051524032,32.402306109235376,29.325288608962666,3.07701750027271,0.015000303993456657,1.514499667901408,3.670518962841906,0.7458391974300507,0.9132331520928708,2.9246797654118555,1,0
em2x3125u_unbalance_timeseries.csv,EMB_COMP_001,EM2X3125U,unbalance,steady_state,2026-01-01 00:05:32.000,2026-01-01 00:05:33.990,332.0,333.99,200,0.08874592926298668,0.021035076596513436,0.08874524935064923,0.021032285450259144,0.1373981965512377,0.0421243964372774,1.548219706439453,2.0025787043846335,1.725606239270427,2.1130379879503236,40.0,40.0,1.8149972533384113,155.7007755306274,0.0,0.8803997678960195,7.966891764708555,0.0,32.275384641469664,33.25801608663498,31.37808534385221,1.879930742782772,0.008753907097281128,0.800433563189876,0.8572296439294096,0.7458391974300507,0.02014740848212642,0.11139044649935892,0,0
em2x3125u_unbalance_timeseries.csv,EMB_COMP_001,EM2X3125U,unbalance,steady_state,2026-01-01 00:05:33.000,2026-01-01 00:05:34.990,333.0,334.99,200,0.08839435593354501,0.020848627191306663,0.0883926524093969,0.02084305437869105,0.1373981965512377,0.0393647207920959,1.5543774837223072,1.8881205189620336,1.7242771939085004,2.08694607986563,40.0,40.0,1.8106909052223326,154.45535618106095,0.0,0.7842118824664925,7.904736535715481,0.0,33.15247421316224,34.207230704205955,32.13899870993195,2.068231994274008,0.00881627099774215,0.8010243423097301,0.84543994717174,0.7532988352931439,0.02073400632249726,0.09214111187859608,0,0
em2x3125u_unbalance_timeseries.csv,EMB_COMP_001,EM2X3125U,unbalance,steady_state,2026-01-01 00:05:34.000,2026-01-01 00:05:35.990,334.0,335.99,200,0.0883600810398323,0.020936400121801157,0.08835806158780232,0.0209286538041588,0.1371433336250287,0.0393647207920959,1.5520960597942994,1.8802048376552214,1.729119189630393,2.1060950164968206,40.0,40.0,1.9633770324042605,154.1858178231888,0.0,0.7595965529807829,8.003615165631622,0.0,34.02157320025571,34.9751988989075,33.07086295052221,1.9043359483852882,0.008725892001611934,0.8003777914126861,0.84543994717174,0.7339369608716828,0.020350222457967106,0.11150298630005717,0,0
em2x3125u_unbalance_timeseries.csv,EMB_COMP_001,EM2X3125U,unbalance,steady_state,2026-01-01 00:05:35.000,2026-01-01 00:05:36.990,335.0,336.99,200,0.08829198914298027,0.021106453575354154,0.08829046670345077,0.02110633741599004,0.1371433336250287,0.0393040300218388,1.553293055873262,1.862180677654621,1.7230875217777986,2.1183298226927985,40.0,40.0,1.9341171332962386,153.97178597144799,0.0,0.8563103013211271,8.069607876532768,0.0,34.888371645479495,35.884269852969844,33.87450651535961,2.009763337610231,0.008740166767746946,0.7986321206632997,0.8404566645076126,0.7339369608716828,0.018695638938796503,0.10651970363592977,0,0
em2x3125u_unbalance_timeseries.csv,EMB_COMP_001,EM2X3125U,unbalance,steady_state,2026-01-01 00:05:36.000,2026-01-01 00:05:37.990,336.0,337.99,200,0.08869524361699263,0.02112683071258146,0.08869486323041148,0.021125549759258566,0.1364615622270239,0.0405722978089051,1.5385443081513785,1.920415719748418,1.7166562099678417,2.1001706823791446,40.0,40.0,1.7764338809880862,155.56049369355918,0.0,0.8334319478147195,8.10019410002248,0.0,35.761159143631595,36.71244434833277,34.74951210604159,1.9629322422911741,0.008658131419387802,0.7977671724083778,0.8557031163596631,0.7485988980933679,0.01833784845085432,0.10710421826629524,0,0
em2x3125u_unbalance_timeseries.csv,EMB_COMP_001,EM2X3125U,unbalance,steady_state,2026-01-01 00:05:37.000,2026-01-01 00:05:38.990,337.0,338.99,200,0.08901241753424655,0.020964790194981254,0.08900894019147298,0.02096209420187615,0.1378268575855627,0.0405722978089051,1.548400340127099,1.9352589475766695,1.72283201883937,2.11488392742838,40.0,40.0,1.8626090813201404,156.59006819558167,0.0,0.7325044412800013,8.058235721500399,0.0,36.63963883240676,37.60529920713813,35.70758238472296,1.8977168224151697,0.008704228354756921,0.7978115873419376,0.8557031163596631,0.739286758674837,0.019202962554093417,0.11641635768482617,0,0
em2x3125u_unbalance_timeseries.csv,EMB_COMP_001,EM2X3125U,unbalance,steady_state,2026-01-01 00:05:38.000,2026-01-01 00:05:39.990,338.0,339.99,200,0.08930926309783993,0.021014429743631206,0.08930862956063944,0.021010262211342026,0.1445711982077607,0.0387923436023135,1.6187704745629836,1.8459860236783348,1.730416282035083,2.128205373806393,40.0,40.0,2.005759390522984,157.5238189716808,0.0,0.8267554394301803,8.0028734849927,0.0,37.507201967173266,38.50850869741236,36.44245953130469,2.0660491661076676,0.008631460794235024,0.7983542951065188,0.8615535079683972,0.739286758674837,0.020534863992484914,0.1222667492935603,0,0
em2x3125u_unbalance_timeseries.csv,EMB_COMP_001,EM2X3125U,unbalance,steady_state,2026-01-01 00:05:39.000,2026-01-01 00:05:40.990,339.0,340.99,200,0.08945635791213749,0.021473828175369473,0.08945618260095362,0.021472016070295426,0.1445711982077607,0.0395129373503182,1.6161086990569868,1.8400509228084272,1.7167461907321304,2.1075498200623692,40.0,40.0,1.7667405398324683,158.28160050526446,0.0,0.9423356305484092,8.279247542917908,0.0,38.383908913905806,39.36266998093492,37.37258780070065,1.9900821802342676,0.009088421929533477,0.8003128150043091,0.8615535079683972,0.7451768375366067,0.020545275173029415,0.11637667043179056,0,0
em2x3125u_unbalance_timeseries.csv,EMB_COMP_001,EM2X3125U,unbalance,steady_state,2026-01-01 00:05:40.000,2026-01-01 00:05:41.990,340.0,341.99,200,0.0888245019546463,0.021622129712248955,0.08882406512227964,0.021621276437585924,0.1424096171766296,0.0414558461826434,1.6032695263446992,1.9172878312333232,1.7175644978652522,2.0649757608614308,40.0,40.0,1.6611320050494969,156.13876677147547,0.0,0.8435599100949617,8.506285420706433,0.0,39.2734130981209,40.275580114346,38.28258225502941,1.9929978593165885,0.008758052243068486,0.7996425475129026,0.8475626430031464,0.7451768375366067,0.020341174692294857,0.10238580546653975,0,0
em2x3125u_unbalance_timeseries.csv,EMB_COMP_001,EM2X3125U,unbalance,steady_state,2026-01-01 00:05:41.000,2026-01-01 00:05:42.990,341.0,342.99,200,0.0891317209430309,0.021155330956376776,0.08913169582322787,0.021155240932434996,0.1418438419340822,0.0414558461826434,1.5913957503944367,1.9595933652906294,1.715021971638233,2.115180908435213,40.0,40.0,1.69757720142848,157.19222719752497,0.0,0.7755374505684719,8.175376450455731,0.0,40.13123035698204,41.18290255332887,39.1550585960406,2.027843957288276,0.008427444049567967,0.7982221926464534,0.8475252013605584,0.749134937132734,0.02135903344966349,0.09839026422782438,0,0
em2x3125u_unbalance_timeseries.csv,EMB_COMP_001,EM2X3125U,unbalance,steady_state,2026-01-01 00:05:42.000,2026-01-01 00:05:43.990,342.0,343.99,200,0.08958256967300504,0.0209965758907873,0.08958219388035649,0.020995654794735395,0.1385086772194908,0.0421000410230677,1.5461565539487894,2.005090793948931,1.7101420193625096,2.1581170779893197,40.0,40.0,1.7213628252842286,158.77858420831626,0.0,0.832716980826085,7.991873896523163,0.0,40.9933469455739,41.98112356746807,39.9617693048046,2.0193542626634695,0.00889604372479449,0.7983533517461135,0.8492730601831229,0.7416668741699937,0.020790096194063867,0.10760618601312921,0,0
em2x3125u_unbalance_timeseries.csv,EMB_COMP_001,EM2X3125U,unbalance,steady_state,2026-01-01 00:05:43.000,2026-01-01 00:05:44.990,343.0,344.99,200,0.08917695823291404,0.021227690388045728,0.08917680321653068,0.021225869958249478,0.1409613962305496,0.0421000410230677,1.5806930290488717,1.983260555127379,1.733005075801915,2.1479572454089206,40.0,40.0,1.9508015976749637,157.09966460731258,0.0,0.9220388277638022,8.088712776155912,0.0,41.873057844101055,42.85127314834827,40.87779060434779,1.9734825440004826,0.008847573150511967,0.7981173599003148,0.8504171684337262,0.7416668741699937,0.020366599617387862,0.1087502942637325,0,0
em2x3125u_unbalance_timeseries.csv,EMB_COMP_001,EM2X3125U,unbalance,steady_state,2026-01-01 00:05:44.000,2026-01-01 00:05:45.990,344.0,345.99,200,0.08921623508934459,0.021107127790672416,0.08921559053700226,0.021105753794994415,0.14135640496746,0.0408929047854926,1.5844246826365203,1.937397887151839,1.7279135258819442,2.1519859848244485,40.0,40.0,1.9596164993502954,157.23297402517008,0.0,0.9710843203267158,7.940891378091864,0.0,42.74985464776308,43.71646578004959,41.70515697298974,2.011308807059848,0.008800389052486032,0.7994415283368116,0.8594450071271983,0.7475379100277478,0.01991354515805214,0.11190709709945046,0,0
em2x3125u_unbalance_timeseries.csv,EMB_COMP_001,EM2X3125U,unbalance,steady_state,2026-01-01 00:05:45.000,2026-01-01 00:05:46.990,345.0,346.99,200,0.08987859263954609,0.021021407890920586,0.08987754507716869,0.0210200320354568,0.14135640496746,0.0408852824735323,1.5727483132091673,1.944935500309243,1.7257335539247567,2.1518631435084528,40.0,40.0,1.9892785629189635,159.57418429245814,0.0,0.9515546330703833,7.88616781160842,0.0,43.61770416130523,44.61274227992983,42.67115152121879,1.941590758711044,0.008542587135973882,0.7993714539843205,0.8594450071271983,0.7426376460787963,0.019409424555147915,0.11680736104840195,0,0
em2x3125u_unbalance_timeseries.csv,EMB_COMP_001,EM2X3125U,unbalance,steady_state,2026-01-01 00:05:46.000,2026-01-01 00:05:47.990,346.0,347.99,200,0.08920044575984061,0.021335022543418743,0.08919848466357702,0.021330045120827,0.1412670724922738,0.0408852824735323,1.583703660771103,1.9163458763789432,1.7166860612218588,2.139115202089176,40.0,40.0,1.7926802495043228,157.3347601547996,0.0,0.9765708095766873,8.12870952319698,0.0,44.48836354665098,45.40843936582392,43.50147241057852,1.9069669552453945,0.008787976743356737,0.7986406488492903,0.8486740424628941,0.7426376460787963,0.020393017614819233,0.10603639638409779,0,0
em2x3125u_unbalance_timeseries.csv,EMB_COMP_001,EM2X3125U,unbalance,steady_state,2026-01-01 00:05:47.000,2026-01-01 00:05:48.990,347.0,348.99,200,0.08819409097832832,0.02119810587787214,0.08819383789197767,0.02119805955387233,0.1389240983442105,0.0396919955138425,1.5752086880553926,1.8724312324185244,1.6984043493896859,2.045591550629282,40.0,40.0,1.5494384503980478,154.01408949224768,0.0,0.8245900985817937,8.170899683969113,0.0,45.36179662599612,46.27499235815447,44.432661070592125,1.8423312875623452,0.008571552737307806,0.7999993803004101,0.8638398987067017,0.756585639113995,0.021137236427019063,0.10725425959270674,0,0
em2x3125u_unbalance_timeseries.csv,EMB_COMP_001,EM2X3125U,unbalance,steady_state,2026-01-01 00:05:48.000,2026-01-01 00:05:49.990,348.0,349.99,200,0.08860173354730842,0.02076896467001472,0.08859933167670704,0.02076888544847001,0.1375866085574542,0.0404420855185058,1.5528658757448641,1.9472364733180094,1.7155708367002545,2.0123374498875553,40.0,40.0,1.6815465017647038,155.31561438845864,0.0,0.6693496816277039,7.959693498155526,0.0,46.23620774207424,47.18397434813221,45.26471029593084,1.9192640522013704,0.008803857518198375,0.8014448983532634,0.8638398987067017,0.7542548501865346,0.0210821852020816,0.10958504852016715,0,0
em2x3125u_unbalance_timeseries.csv,EMB_COMP_001,EM2X3125U,unbalance,shutdown,2026-01-01 00:05:49.000,2026-01-01 00:05:50.990,349.0,350.99,200,0.06421921022327956,0.016509318131602353,0.06421914624238949,0.01650918575654668,0.1349206834922061,0.0404420855185058,2.1009396257460846,2.449652081092982,3.2152274886853096,2.6944734119546343,40.0,40.0,1.099283976045395,81.38415822959539,0.0,0.47548590632491533,4.9756884274780635,0.0,46.584089729814,47.18397434813221,45.95809826366333,1.2258760844688794,-0.0015868261056951373,0.6117277259183623,0.8551831167036619,0.2774046810176335,0.20002253925087635,0.5777784356860284,0,0
em2x3125u_unbalance_timeseries.csv,EMB_COMP_001,EM2X3125U,unbalance,shutdown,2026-01-01 00:05:50.000,2026-01-01 00:05:51.990,350.0,351.99,200,0.014693363116080597,0.009149051472657386,0.014683541750432587,0.009147987445269179,0.0370716907557238,0.0249220923197402,2.5230228411868545,2.7240083187007644,2.4292180836739066,2.623359622142836,40.0,40.0,0.30451576590445056,4.007829358598656,0.0,0.23949683526988072,1.4366388102285637,0.0,45.97563959626434,46.982937875395805,44.87645246704363,2.106485408352178,-0.010184204714532914,0.2802537937984584,0.5678585725515332,0.0,0.16322870413722904,0.5678585725515332,0,0
em2x3125u_unbalance_timeseries.csv,EMB_COMP_001,EM2X3125U,unbalance,idle,2026-01-01 00:05:51.000,2026-01-01 00:05:52.990,351.0,352.99,200,0.007078134645641554,0.004735129341713121,0.007054456989014192,0.004734858257397698,0.0213983224283912,0.0156281587063733,3.0231584308116366,3.3004713448269176,4.103288696798151,5.194732452828112,40.0,40.0,0.17853378961767383,0.8168757183838731,0.0,0.1373350917136048,0.3117505525024888,0.0,45.07974778707141,46.064083103637074,44.43839509846894,1.6256880051681364,-0.007527981932417071,0.07018865615936778,0.282358313722033,0.0,0.09093369377150386,0.282358313722033,0,0
em2x3125u_unbalance_timeseries.csv,EMB_COMP_001,EM2X3125U,unbalance,idle,2026-01-01 00:05:52.000,2026-01-01 00:05:53.990,352.0,353.99,200,0.0017032177982775087,0.0011328692570934445,0.0017001278608758175,0.0011319000235164936,0.0046346857617381,0.0028529275312213,2.721135116381024,2.5183201974612124,2.827049206165031,2.6274121373313624,37.5,1.5,0.03500315456326423,0.022907334316016163,0.0,0.016408288764873144,0.009262500964122754,0.0,44.50001750533267,44.93779560340115,44.03240363800162,0.9053919653995308,-0.003913450408536721,0.0007916143669726858,0.0050106256680985,0.0,0.0011818756920830167,0.0050106256680985,0,0
em2x3125u_unbalance_timeseries.csv,EMB_COMP_001,EM2X3125U,unbalance,idle,2026-01-01 00:05:53.000,2026-01-01 00:05:54.990,353.0,354.99,200,0.0016063104824646263,0.0011179256498044241,0.0016063041669925524,0.0011175533051384237,0.0046346857617381,0.0028529275312213,2.8852988337764667,2.5519832483675513,2.7487986759559,2.467614630459767,40.0,21.5,0.031169445267552585,0.020454813833443827,0.0,0.01609189667132869,0.008938524913633875,0.0,44.12126334296383,44.54223626212396,43.64119924702201,0.9010370151019487,-0.003684864398569393,0.0008604903349772066,0.0055411495941066,0.0,0.001235374404067165,0.0055411495941066,0,0
em2x3125u_unbalance_timeseries.csv,EMB_COMP_001,EM2X3125U,unbalance,idle,2026-01-01 00:05:54.000,2026-01-01 00:05:55.990,354.0,355.99,200,0.0015505695977464991,0.0011582337116868564,0.0015503536720544895,0.0011581988331408068,0.0037997261461309,0.0030261073729003,2.4505356945300516,2.6126914994496793,2.491041131632186,2.575998903250555,35.0,45.5,0.028233252958997423,0.01987725554730825,0.0,0.016367216739773198,0.010461509735819854,0.0,43.75325172257626,44.19639070552233,43.30035886710207,0.8960318384202637,-0.0037182633998998262,0.0008259502882615435,0.0055411495941066,0.0,0.0011563296385727884,0.0055411495941066,0,0
em2x3125u_unbalance_timeseries.csv,EMB_COMP_001,EM2X3125U,unbalance,idle,2026-01-01 00:05:55.000,2026-01-01 00:05:56.990,355.0,356.99,200,0.0015598985358314563,0.0011590945247710795,0.00155810143990727,0.0011588024069235496,0.0035899418748566,0.0030261073729003,2.301394476880569,2.610751158105897,2.361466562475405,2.8598723116628904,20.0,46.0,0.030148292512545197,0.018722354790929763,0.0,0.01559141107317584,0.011293741424460295,0.0,43.38111887103128,43.791549577575125,42.94842331844246,0.8431262591326671,-0.003751672964477671,0.0007660640679463538,0.0047472580139157,0.0,0.0010477870404328813,0.0047472580139157,0,0
em2x3125u_unbalance_timeseries.csv,EMB_COMP_001,EM2X3125U,unbalance,idle,2026-01-01 00:05:56.000,2026-01-01 00:05:57.990,356.0,357.99,200,0.0015901140240711603,0.0011429350270781976,0.0015781958244326243,0.0011409623389482323,0.0045621257004275,0.0036286926448867,2.869055697494645,3.1748896996910663,2.692578011356551,3.404667183981644,43.5,46.5,0.02763822551240579,0.023068201955558514,0.0,0.014795009308791433,0.01130012453125119,0.0,43.003595319966124,43.44599342875888,42.57024391506794,0.8757495136909412,-0.0038612843764222454,0.0007703009232878702,0.0051503991201105,0.0,0.00113404123266386,0.0051503991201105,0,0
em2x3125u_unbalance_timeseries.csv,EMB_COMP_001,EM2X3125U,unbalance,idle,2026-01-01 00:05:57.000,2026-01-01 00:05:58.990,357.0,358.99,200,0.0014374330334180772,0.0011960799357569464,0.0014368466792171466,0.0011930355144453137,0.0045621257004275,0.0036286926448867,3.173800514086701,3.033821182352883,3.0759075247555985,3.127474933378024,4.5,34.0,0.02369444357492029,0.017628431461659128,0.0,0.01582211555537886,0.012664867005679552,0.0,42.62842271615205,43.100762912014055,42.18881428344959,0.9119486285644669,-0.0038002918472801587,0.0008175362452228154,0.0051503991201105,0.0,0.0011529524127598227,0.0051503991201105,0,0
em2x3125u_unbalance_timeseries.csv,EMB_COMP_001,EM2X3125U,unbalance,idle,2026-01-01 00:05:58.000,2026-01-01 00:05:59.990,358.0,359.99,200,0.0014098733767474376,0.0012064164437974438,0.0014097790078251564,0.0011993013961742102,0.0036888668014235,0.0033138405370052,2.616452556848527,2.7468462934525375,2.6429794134884683,2.814553778156824,25.5,29.5,0.024787281655353554,0.015089520435632055,0.0,0.015837802205927128,0.013141312345214205,0.0,42.255081244242895,42.70356788122252,41.86582563470605,0.8377422465164699,-0.003826091348742286,0.0008684946092440891,0.004231794895763,0.0,0.0011415757220664229,0.004231794895763,0,0
em2x3125u_unbalance_timeseries.csv,EMB_COMP_001,EM2X3125U,unbalance,idle,2026-01-01 00:05:59.000,2026-01-01 00:06:00.990,359.0,360.99,200,0.06081179532100129,0.039939568096402686,0.060811736381382424,0.0399391842477334,0.1810227348776884,0.1458259244412932,2.976770113793572,3.6511642812288594,5.355243582158137,5.032746900071336,40.0,40.0,20.503988461945553,53.45757560376227,0.0,7.32397316391704,24.588037145325064,0.0,35.331074288208264,42.35110205739622,27.546401563321385,14.804700494074833,-0.09898937111158268,2.5079160855814004,6.393485862796278,0.0,2.569141309417116,6.393485862796278,1,0
em2x3125u_unbalance_timeseries.csv,EMB_COMP_001,EM2X3125U,unbalance,startup,2026-01-01 00:06:00.000,2026-01-01 00:06:01.990,360.0,361.99,200,0.08422645837997815,0.05786660361284753,0.08422215087428829,0.057865429300555,0.1810227348776884,0.1458259244412932,2.149238355256786,2.520036002405314,2.6238139793607758,2.319241643274738,40.0,40.0,37.772390825445775,104.11847093547956,0.0,13.092655747038448,53.87551690082069,0.0,29.600827159536585,31.57790021722797,27.546401563321385,4.031498653906585,0.020063146413240775,3.6378763907649545,6.393485862796278,0.9455931920028616,1.5927690371084655,5.447892670793417,1,0
em2x3125u_unbalance_timeseries.csv,EMB_COMP_001,EM2X3125U,unbalance,startup,2026-01-01 00:06:01.000,2026-01-01 00:06:02.990,361.0,362.99,200,0.08573808136099831,0.04431398733270367,0.0857342196215696,0.04430668597016372,0.1749874045319363,0.1251432741572968,2.0409531185466547,2.8240129514353414,2.0900523796617136,3.5297691553242148,40.0,40.0,18.248841539191822,128.7989073323532,0.0,6.22683014819108,33.048952405463254,0.0,31.28902809505158,32.5169713093486,29.53532515997344,2.981646149375159,0.013871634587165099,1.5309484528720771,3.675359385573105,0.7324222771086631,0.9264309996804814,2.9429371084644416,1,0
em2x3125u_unbalance_timeseries.csv,EMB_COMP_001,EM2X3125U,unbalance,steady_state,2026-01-01 00:06:02.000,2026-01-01 00:06:03.990,362.0,363.99,200,0.08859713785494827,0.02107914457631079,0.0885953352631151,0.021079133174854263,0.1377750730896283,0.0429015936786335,1.555073633588417,2.0352625564723943,1.7181551756591076,2.1521627354256405,40.0,40.0,1.8169523807481252,155.1713226104007,0.0,0.8684932954506155,8.018418081845246,0.0,32.42889055335617,33.54524469072667,31.38290161479233,2.162343075934338,0.009222421762779424,0.8013296802178346,0.851556751267321,0.7324222771086631,0.020397434690308122,0.11913447415865785,0,0
em2x3125u_unbalance_timeseries.csv,EMB_COMP_001,EM2X3125U,unbalance,steady_state,2026-01-01 00:06:03.000,2026-01-01 00:06:04.990,363.0,364.99,200,0.08841766015147434,0.021282117278940242,0.08841739894546123,0.021281672799546566,0.1389939769197821,0.0429015936786335,1.5720160054186236,2.015851764950419,1.7334492571993345,2.1292864778931744,40.0,40.0,2.009416374212635,154.36609076703243,0.0,0.8389434295905536,8.225968674834169,0.0,33.336915099676645,34.41344080407762,32.261559955279324,2.1518808487982923,0.009132040462520028,0.7985100188970446,0.8485239822821746,0.7477541773871891,0.020764971474901875,0.10076980489498555,0,0
em2x3125u_unbalance_timeseries.csv,EMB_COMP_001,EM2X3125U,unbalance,steady_state,2026-01-01 00:06:04.000,2026-01-01 00:06:05.990,364.0,365.99,200,0.08927073700473548,0.020868938606151004,0.08927034138233818,0.02086876204929632,0.1389939769197821,0.0395861609513916,1.5569937202647828,1.8968938333894851,1.7315391402448619,2.082706979605329,40.0,40.0,1.9741910742671698,157.41876844123456,0.0,0.7792058247125356,7.931595578777591,0.0,34.23682776720121,35.28452630591189,33.21625460118134,2.0682717047305488,0.009024938133950335,0.7977255979933322,0.8531810647604542,0.7477541773871891,0.021382586822582053,0.10542688737326511,0,0
em2x3125u_unbalance_timeseries.csv,EMB_COMP_001,EM2X3125U,unbalance,steady_state,2026-01-01 00:06:05.000,2026-01-01 00:06:06.990,365.0,366.99,200,0.08948832324525349,0.021052516820855727,0.08948831268733211,0.02105017537509372,0.137168029567397,0.0431654560131465,1.532803661897559,2.050370337212344,1.7155740209542611,2.047648690898061,40.0,40.0,1.8396660321539973,158.32350145493274,0.0,0.760767775310897,8.101438163200386,0.0,35.12637868330595,36.299891747542496,34.15513455682995,2.1447571907125464,0.008950289729923198,0.8005267122942036,0.8596657684792033,0.749448730812768,0.020963482693334076,0.11021703766643531,0,0
em2x3125u_unbalance_timeseries.csv,EMB_COMP_001,EM2X3125U,unbalance,steady_state,2026-01-01 00:06:06.000,2026-01-01 00:06:07.990,366.0,367.99,200,0.08912278641478659,0.02115763104467138,0.08911969555650505,0.021157566593127907,0.1377542438651708,0.0431654560131465,1.5456680542285608,2.0401837957193165,1.7115178686660681,2.1037914105913313,40.0,40.0,1.7627927180868703,157.08363860444084,0.0,0.7821787638979503,8.170683468932156,0.0,36.018334657856286,37.0235536747119,34.91452632259557,2.1090273521163283,0.009047194108551433,0.7989531248216332,0.8596657684792033,0.7316768369553107,0.02082067900749084,0.12798893152389257,0,0
em2x3125u_unbalance_timeseries.csv,EMB_COMP_001,EM2X3125U,unbalance,steady_state,2026-01-01 00:06:07.000,2026-01-01 00:06:08.990,367.0,368.99,200,0.08928498595145266,0.020787965352460747,0.08928377723922984,0.02078782377826177,0.1411523227167097,0.0411303339709132,1.5809189105261112,1.978564677857925,1.70861114970616,2.126843166536268,40.0,40.0,1.7116501439482306,157.7223904719077,0.0,0.8039771483201433,7.838722807650643,0.0,36.9199994665878,37.91478664020271,35.89522209554261,2.0195645446601063,0.00907965122670548,0.7977366561607159,0.8544258126939361,0.7316768369553107,0.01950407881013355,0.12274897573862542,0,0
em2x3125u_unbalance_timeseries.csv,EMB_COMP_001,EM2X3125U,unbalance,steady_state,2026-01-01 00:06:08.000,2026-01-01 00:06:09.990,368.0,369.99,200,0.08930344743627025,0.020983413453956337,0.08930229902729754,0.020982017978237885,0.1411523227167097,0.0412290367003186,1.5805920909989553,1.9648393618505873,1.710636214992077,2.067852880807635,40.0,40.0,1.7952842938501337,157.70415813472587,0.0,0.7408152323566028,8.06416497617772,0.0,37.8225148612524,38.87747377080218,36.689048168412285,2.1884256023898985,0.00907844312454872,0.7995443192345454,0.8544258126939361,0.7472648068676969,0.018984593924388768,0.10716100582623922,0,0
em2x3125u_unbalance_timeseries.csv,EMB_COMP_001,EM2X3125U,unbalance,steady_state,2026-01-01 00:06:09.000,2026-01-01 00:06:10.990,369.0,370.99,200,0.0893791139031745,0.0210844008296275,0.08937911007664825,0.02108170900444761,0.1404209290828976,0.0412290367003186,1.5710709465638397,1.9554284247140732,1.715214500005554,2.0626674922187354,40.0,40.0,1.8417119877619876,157.94217940927075,0.0,0.7657453237827808,8.124240742810267,0.0,38.71787872576172,39.72148761955199,37.78203947481997,1.939448144732026,0.008920681360609521,0.8001382880835795,0.8603922072853616,0.7394985946072682,0.021649245608235907,0.1208936126780934,0,0
em2x3125u_unbalance_timeseries.csv,EMB_COMP_001,EM2X3125U,unbalance,steady_state,2026-01-01 00:06:10.000,2026-01-01 00:06:11.990,370.0,371.99,200,0.08906177521818852,0.02086292026847373,0.08906102762557742,0.02086262150933032,0.1404209290828976,0.0399159901248317,1.5766688766183534,1.913250379677161,1.7141694156279856,2.105353735008668,40.0,40.0,1.7306272353845635,156.9067172229016,0.0,0.803472311324079,7.908843464484428,0.0,39.61528205556381,40.731967723446175,38.52060632353653,2.2113613999096415,0.0090235720190443,0.7982428954282352,0.8603922072853616,0.7394985946072682,0.021099837243022668,0.1208936126780934,0,0
em2x3125u_unbalance_timeseries.csv,EMB_COMP_001,EM2X3125U,unbalance,steady_state,2026-01-01 00:06:11.000,2026-01-01 00:06:12.990,371.0,372.99,200,0.08828776025381356,0.020901590311095748,0.08828775742221333,0.020900678471269092,0.137983817223023,0.0421886829514286,1.5628872770850797,2.018443684116823,1.7233094001018745,2.147589121202148,40.0,40.0,1.9185068854491019,153.98805421157962,0.0,0.795532760396594,7.953898941683617,0.0,40.51191534720409,41.58142153527002,39.50327241238944,2.078149122880575,0.008868901849649526,0.7966031719575778,0.8395436882985264,0.7390135090499507,0.018643690330818648,0.10053017924857577,0,0
em2x3125u_unbalance_timeseries.csv,EMB_COMP_001,EM2X3125U,unbalance,steady_state,2026-01-01 00:06:12.000,2026-01-01 00:06:13.990,372.0,373.99,200,0.08809215484569022,0.021179789111390068,0.08809178685211723,0.02117882551000658,0.1388144290577845,0.0421886829514286,1.5757865079012288,1.9919312099637654,1.72841328346464,2.1317246506633216,40.0,40.0,1.9149404756060209,153.28914776522245,0.0,0.9468297560931446,8.026081302131733,0.0,41.40713202507485,42.48928758980178,40.3958663837032,2.093421206098583,0.00911859667630216,0.7977918210931605,0.8471036944514037,0.7390135090499507,0.0196262786559288,0.10809018540145299,0,0
em2x3125u_unbalance_timeseries.csv,EMB_COMP_001,EM2X3125U,unbalance,steady_state,2026-01-01 00:06:13.000,2026-01-01 00:06:14.990,373.0,374.99,200,0.08889662842087863,0.021118342517602872,0.08889657569978253,0.021110235469077563,0.1388144290577845,0.0406332315325982,1.561526365213441,1.9240729474261056,1.7110323646597703,2.089368917574175,40.0,40.0,1.647423897443373,156.40582291196222,0.0,0.9579763535657693,7.954987023401961,0.0,42.318579014333224,43.38628350249655,41.30702759940897,2.079255903087585,0.009277045403111034,0.7976042076426367,0.8475998263504357,0.739349046763141,0.019941297692146392,0.10825077958729479,0,0
em2x3125u_unbalance_timeseries.csv,EMB_COMP_001,EM2X3125U,unbalance,steady_state,2026-01-01 00:06:14.000,2026-01-01 00:06:15.990,374.0,375.99,200,0.08936432155593756,0.0207430411253524,0.0893624631198694,0.020741640997920908,0.138355428956826,0.03843230601438,1.5482177511997615,1.852780688334439,1.7080754376318639,2.095012835161127,40.0,40.0,1.6196354801604724,158.09398819248844,0.0,0.9269326992112804,7.677564561419717,0.0,43.2149615083275,44.20645828392155,42.25343854279643,1.953019741125118,0.008876120477327956,0.7977297317822466,0.8575956652703783,0.7536549684704306,0.019279505339318912,0.10394069679994777,0,0
em2x3125u_unbalance_timeseries.csv,EMB_COMP_001,EM2X3125U,unbalance,steady_state,2026-01-01 00:06:15.000,2026-01-01 00:06:16.990,375.0,376.99,200,0.08878257874702974,0.021032086512952127,0.08877541740190854,0.021029709691272925,0.1420333480017676,0.0403899436311381,1.599788494615216,1.9203964193597662,1.7209300621876222,2.100360326721707,40.0,40.0,1.770827600758105,155.85130587463456,0.0,0.881946171938386,7.963385785891618,0.0,44.108150660226855,45.07629473988685,43.05085048215598,2.025444257730868,0.009138157099116225,0.7996876246647545,0.8575956652703783,0.7559973531391222,0.01923084242631328,0.10159831213125614,0,0
em2x3125u_unbalance_timeseries.csv,EMB_COMP_001,EM2X3125U,unbalance,steady_state,2026-01-01 00:06:16.000,2026-01-01 00:06:17.990,376.0,377.99,200,0.08855701216964262,0.02135290983810148,0.08855088110285272,0.02135277986880803,0.1420333480017676,0.041893503518827,1.6038633702962335,1.9619575896898844,1.713406961311025,2.096337561792348,40.0,40.0,1.7879389568862682,155.04180708576504,0.0,0.8484884564030781,8.270676690270399,0.0,45.01530667987871,46.133195142553234,44.08927718411523,2.0439179584380014,0.009076340467046714,0.8020396891881961,0.8579263360326314,0.7559973531391222,0.019676332383374694,0.10192898289350916,0,0
em2x3125u_unbalance_timeseries.csv,EMB_COMP_001,EM2X3125U,unbalance,steady_state,2026-01-01 00:06:17.000,2026-01-01 00:06:18.990,377.0,378.99,200,0.08940848963841562,0.02127464861119637,0.08940560633640204,0.021274620968180762,0.145896158084106,0.041893503518827,1.6317931180152678,1.9691748749626534,1.717090505868504,2.117685419082628,40.0,40.0,1.80683331041993,158.0700477025962,0.0,0.90037203534258,8.15188235815239,0.0,45.91349340178593,46.88159728999577,44.866312610598754,2.0152846793970127,0.008928211297519074,0.8024357206641065,0.8579263360326314,0.7565707663994009,0.019700625867438988,0.10135556963323045,0,0
em2x3125u_unbalance_timeseries.csv,EMB_COMP_001,EM2X3125U,unbalance,steady_state,2026-01-01 00:06:18.000,2026-01-01 00:06:19.990,378.0,379.99,200,0.08930115595115443,0.02102667160723391,0.08930048808978797,0.02102666375564997,0.145896158084106,0.0408911822076975,1.6337544181836534,1.9447291978265124,1.7165259271815603,2.122795704522435,40.0,40.0,1.735200714095089,157.758253813057,0.0,0.8925336422579678,7.950310133910755,0.0,46.81090080358191,47.9762219912842,45.86991691288729,2.1063050783969075,0.00905603990748516,0.8009299288841225,0.853113742415119,0.7563286494031799,0.020573453772170038,0.09678509301193905,0,0
em2x3125u_unbalance_timeseries.csv,EMB_COMP_001,EM2X3125U,unbalance,shutdown,2026-01-01 00:06:19.000,2026-01-01 00:06:20.990,379.0,380.99,200,0.0637546739592287,0.01693070188914451,0.06375467094140135,0.01692693093883153,0.1347241710360234,0.0376587329722081,2.1131653990134107,2.22428657824008,3.209432936191032,2.730067970928009,40.0,40.0,1.0631111042557184,80.23005327252173,0.0,0.5473753532034097,5.1895682761469315,0.0,47.22669458072357,47.9762219912842,46.59960462760602,1.3766173636781787,-0.0005587480733525172,0.6089409645292198,0.8466170396864482,0.2756459960597339,0.20080042446245214,0.5709710436267144,0,0
em2x3125u_unbalance_timeseries.csv,EMB_COMP_001,EM2X3125U,unbalance,shutdown,2026-01-01 00:06:20.000,2026-01-01 00:06:21.990,380.0,381.99,200,0.013898518141039262,0.009336830683839415,0.013889828849191337,0.009325839999841306,0.0384855655263699,0.0247511296828678,2.7690409247825136,2.6509134117327533,2.7378266572176737,2.691388192169798,40.0,40.0,0.2428504610791657,3.615717678183826,0.0,0.1844988339084912,1.5659642034425263,0.0,46.695852273194795,47.73783581608893,45.651304248816096,2.0865315672728357,-0.009919520363516596,0.2786852410954815,0.5552735050231306,0.0,0.1602799490806331,0.5552735050231306,0,0
em2x3125u_unbalance_timeseries.csv,EMB_COMP_001,EM2X3125U,unbalance,idle,2026-01-01 00:06:21.000,2026-01-01 00:06:22.990,381.0,382.99,200,0.006925625103119311,0.004567247139827105,0.006910063300193822,0.004566085870521825,0.0229193597129437,0.0131414773933493,3.3093561045660396,2.87733003952284,4.6639286501140225,4.285353026595394,40.0,40.0,0.15134679428919584,0.8037183667870239,0.0,0.09301763360074844,0.3253565950886851,0.0,45.832396706436924,46.773108850121126,45.19835922740236,1.5747496227187696,-0.007233174966927199,0.0706590279800821,0.2961199436041993,0.0,0.09059873281413357,0.2961199436041993,0,0
em2x3125u_unbalance_timeseries.csv,EMB_COMP_001,EM2X3125U,unbalance,idle,2026-01-01 00:06:22.000,2026-01-01 00:06:23.990,382.0,383.99,200,0.0015234972016049484,0.0012043179113371113,0.001518803665805453,0.0011992283884848627,0.0050552908620477,0.003922452532168,3.3182147343113835,3.256990945034638,3.276598758835359,2.933816336696675,18.0,14.0,0.03245477479576312,0.013754904982917161,0.0,0.016058896852019458,0.013019321168519341,0.0,45.27575563792672,45.70285803455447,44.84784452820477,0.8550135063496995,-0.0038137801065426225,0.0008708283347654938,0.0052924767729597,0.0,0.0012544572915743231,0.0052924767729597,0,0
em2x3125u_unbalance_timeseries.csv,EMB_COMP_001,EM2X3125U,unbalance,idle,2026-01-01 00:06:23.000,2026-01-01 00:06:24.990,383.0,384.99,200,0.0014366747561319082,0.0012924345899298984,0.0014366142474880538,0.0012908485096872475,0.0041161781566935,0.003922452532168,2.8650730717757344,3.034933112073976,2.9883161802373417,2.8892562592436204,40.0,14.5,0.025345474720129556,0.01603122307629074,0.0,0.019351472609396046,0.013975263953174331,0.0,44.9012208299793,45.3095639079276,44.4691695382976,0.8403943696299976,-0.0037196721037693514,0.0007359958658073546,0.0052924767729597,0.0,0.0011147388529109444,0.0052924767729597,0,0
em2x3125u_unbalance_timeseries.csv,EMB_COMP_001,EM2X3125U,unbalance,idle,2026-01-01 00:06:24.000,2026-01-01 00:06:25.990,384.0,385.99,200,0.0013719011862931057,0.0013320082097061105,0.001367671173632544,0.0013319189102266097,0.0034313649026384,0.0031798736708292,2.5011749657495312,2.387277831816664,2.7203549981823807,2.5374933158842703,0.5,19.5,0.021926379368267652,0.01548415658895244,0.0,0.021741809891403004,0.013763672247603964,0.0,44.525784523827916,45.025035143546646,44.06109953385159,0.9639356096950564,-0.003790087737053136,0.0007138129291751694,0.0065684712519865,0.0,0.0010782536614350013,0.0065684712519865,0,0
em2x3125u_unbalance_timeseries.csv,EMB_COMP_001,EM2X3125U,unbalance,idle,2026-01-01 00:06:25.000,2026-01-01 00:06:26.990,385.0,386.99,200,0.0014542974913460548,0.001245427236772198,0.001444890472385472,0.0012453779320861342,0.0037936890504902,0.0031836454994647,2.6086059235231667,2.5562677653620507,2.8507626323362496,2.6673257265533805,1.5,22.0,0.02755053954460614,0.014210787688734633,0.0,0.020588976181029055,0.010430522136406892,0.0,44.14952872528378,44.53808954231528,43.71320927402007,0.8248802682952032,-0.0037213634489333147,0.0007841060847027709,0.0065684712519865,0.0,0.0011425377987215794,0.0065684712519865,0,0
em2x3125u_unbalance_timeseries.csv,EMB_COMP_001,EM2X3125U,unbalance,idle,2026-01-01 00:06:26.000,2026-01-01 00:06:27.990,386.0,387.99,200,0.0015936584506921964,0.001157502441752744,0.0015902505037229168,0.0011574762985280844,0.0048655810475429,0.0031836454994647,3.0530889761413826,2.750443873486674,3.023161230818814,3.1049314437296056,3.0,13.5,0.0348829111667364,0.01569525019168396,0.0,0.01934107695496239,0.007480081683681206,0.0,43.777739950295455,44.25442377348946,43.34395665185031,0.9104671216391438,-0.003711832546436423,0.0007025075537844302,0.0048608989187836,0.0,0.0011235563941552466,0.0048608989187836,0,0
em2x3125u_unbalance_timeseries.csv,EMB_COMP_001,EM2X3125U,unbalance,idle,2026-01-01 00:06:27.000,2026-01-01 00:06:28.990,387.0,388.99,200,0.0015930527217842747,0.001283800589023257,0.0015918693526186152,0.0012815122490408587,0.0048655810475429,0.0038687338737527,3.05424985689945,3.013500622161356,2.7822486968009392,3.0453321095513712,10.0,4.5,0.03161666000907244,0.019097220887643054,0.0,0.022537839155920388,0.010317225422399424,0.0,43.40278123662698,43.81106745167323,42.954475445562224,0.8565920061110077,-0.0037588664494986185,0.0007838879698337381,0.0046481303184346,0.0,0.0012137185394300832,0.0046481303184346,0,0
em2x3125u_unbalance_timeseries.csv,EMB_COMP_001,EM2X3125U,unbalance,idle,2026-01-01 00:06:28.000,2026-01-01 00:06:29.990,388.0,389.99,200,0.0014340096753746154,0.0012454393007056137,0.0014297955978259933,0.0012446166953546307,0.0037684832444185,0.0038687338737527,2.6279343222939104,3.1063206946824606,2.9499424894809456,3.0066065662232093,42.5,8.0,0.022953221354294274,0.01793779882364207,0.0,0.019909649673796916,0.011188265039844398,0.0,43.02609804502165,43.47305282556177,42.59377561798532,0.8792772075764503,-0.003738020941940735,0.0008909604596658815,0.0046433943464523,0.0,0.0011888737440400965,0.0046433943464523,0,0
em2x3125u_unbalance_timeseries.csv,EMB_COMP_001,EM2X3125U,unbalance,idle,2026-01-01 00:06:29.000,2026-01-01 00:06:30.990,389.0,390.99,200,0.055019116863385786,0.041614584126839375,0.05501718745697028,0.04159326399352668,0.1838188612992849,0.1182714799327488,3.3409998520280317,2.8420680493228687,5.234796839227531,4.65868548018727,40.0,40.0,13.109262523194284,47.43371649410882,0.0,7.432074197097012,27.168818922898613,0.0,35.86809147868879,43.073517070686975,27.86478106827173,15.208736002415247,-0.10249120828012959,2.499940642738514,6.4260882710500224,0.0,2.5631770584283085,6.4260882710500224,1,0
em2x3125u_unbalance_timeseries.csv,EMB_COMP_001,EM2X3125U,unbalance,startup,2026-01-01 00:06:30.000,2026-01-01 00:06:31.990,390.0,391.99,200,0.07813363102612138,0.05831089262998121,0.07811557699181743,0.05826897324156185,0.1838188612992849,0.1182714799327488,2.3526215137477893,2.0282913637294957,2.633697670622296,2.2040187593311593,40.0,40.0,28.93799038275615,93.11117705991235,0.0,12.29445613454609,55.64819479831352,0.0,29.89994069832039,31.943627183483567,27.86478106827173,4.078846115211839,0.02007832799959595,3.6241153920110287,6.4260882710500224,0.9519724355895512,1.5929127977638644,5.474115835460471,1,0
em2x3125u_unbalance_timeseries.csv,EMB_COMP_001,EM2X3125U,unbalance,startup,2026-01-01 00:06:31.000,2026-01-01 00:06:32.990,391.0,392.99,200,0.08432048240176082,0.04345767531671164,0.08429991067333371,0.04344873918146206,0.1714188037240044,0.1158082493808536,2.032943821493421,2.6648514568914266,2.1093082259531197,3.3865692309204567,40.0,40.0,16.909052128240084,125.22053574644755,0.0,5.598064012153987,32.17862003284718,0.0,31.647574254495748,33.03195860576755,29.844774374829733,3.1871842309378167,0.014888571667618918,1.5254836334748147,3.651917580292807,0.756298038562768,0.92007193733417,2.8956195417300394,1,0
em2x3125u_unbalance_timeseries.csv,EMB_COMP_001,EM2X3125U,unbalance,steady_state,2026-01-01 00:06:32.000,2026-01-01 00:06:33.990,392.0,393.99,200,0.08947726425392127,0.021000953121319364,0.08947666692081792,0.020998735129792553,0.1387351121567359,0.0457209138894572,1.5505068613075743,2.1770875648040504,1.7145579783416391,2.1530572157193855,40.0,40.0,1.7980751417951502,158.3234560337417,0.0,0.8729577490330209,7.947684777485818,0.0,32.85760349164123,33.84795594150649,31.834376164964567,2.013579776541924,0.00928844632519619,0.8019189708457253,0.8507970062171841,0.7266148521569716,0.019947656355019733,0.12418215406021249,0,0
em2x3125u_unbalance_timeseries.csv,EMB_COMP_001,EM2X3125U,unbalance,steady_state,2026-01-01 00:06:33.000,2026-01-01 00:06:34.990,393.0,394.99,200,0.08887132006603113,0.021177286590949144,0.08887051996524542,0.021173588637715277,0.1357823886812348,0.0404526990742081,1.5278538518427416,1.9101927388326028,1.7186714981001896,2.101606146862525,40.0,40.0,1.8391472586659763,156.12184865579363,0.0,0.7794334679083922,8.187052170878422,0.0,33.76784403128887,34.71209027669765,32.77171896529104,1.940371311406608,0.008936874400580287,0.8006662819143048,0.8506295437168709,0.7266148521569716,0.01997738817211265,0.1240146915598993,0,0
em2x3125u_unbalance_timeseries.csv,EMB_COMP_001,EM2X3125U,unbalance,steady_state,2026-01-01 00:06:34.000,2026-01-01 00:06:35.990,394.0,395.99,200,0.08869459182966787,0.02163413697953097,0.08869306648812185,0.02163321267746348,0.1371033191201495,0.0404485730100567,1.5457911952900962,1.8696642740279825,1.7250825420690301,2.086354565398154,40.0,40.0,1.82455060147102,155.51461841909162,0.0,0.8558351517945737,8.504257224969036,0.0,34.66861363012474,35.68770645759121,33.65968279416077,2.0280236634304387,0.00915362002357211,0.7995188682000369,0.8506295437168709,0.7486325160086788,0.019734951044687702,0.10199702770819219,0,0
em2x3125u_unbalance_timeseries.csv,EMB_COMP_001,EM2X3125U,unbalance,steady_state,2026-01-01 00:06:35.000,2026-01-01 00:06:36.990,395.0,396.99,200,0.08911422004407178,0.021578731662807663,0.0891138891409141,0.02157491922334029,0.141220868973511,0.0401764945497034,1.5847175557803195,1.8618561636294029,1.7315465010943147,2.1235809165179766,40.0,40.0,1.9658058607685172,156.86128798108385,0.0,0.8427264443427035,8.467132125877814,0.0,35.57464535420864,36.50520794061899,34.44433261388716,2.060875326731825,0.009121544518254766,0.7986290328280166,0.8472499130913803,0.7499727787591276,0.020078333793947443,0.09727713433225271,0,0
em2x3125u_unbalance_timeseries.csv,EMB_COMP_001,EM2X3125U,unbalance,steady_state,2026-01-01 00:06:36.000,2026-01-01 00:06:37.990,396.0,397.99,200,0.08894075291230363,0.021150468646355277,0.08893980412949662,0.021147650483981303,0.141220868973511,0.0401764945497034,1.5878083370033533,1.8995557602751632,1.7218695505737784,2.138441020950153,40.0,40.0,1.8105307433862075,156.4003250433364,0.0,0.8041683402413985,8.142438285967609,0.0,36.488659466398424,37.47642874435757,35.406383217392154,2.0700455269654157,0.009188340850925741,0.7982333872798165,0.8495520732316107,0.7513548276665951,0.02011646493152276,0.09819724556501563,0,0
em2x3125u_unbalance_timeseries.csv,EMB_COMP_001,EM2X3125U,unbalance,steady_state,2026-01-01 00:06:37.000,2026-01-01 00:06:38.990,397.0,398.99,200,0.08897940561191575,0.020917208063597065,0.08897436326796719,0.02091499893034154,0.138011919211801,0.0404974452004542,1.5510546318295368,1.9360827256355162,1.7050061163595835,2.0935360578762126,40.0,40.0,1.5937760803299654,156.73904612746463,0.0,0.795102051735877,7.953690904352912,0.0,37.40038877765258,38.48434471623279,36.3150201414934,2.1693245747393917,0.009043893948431227,0.8011490492593609,0.8550375232535948,0.7418833017348282,0.01940485894712231,0.11315422151876664,0,0
em2x3125u_unbalance_timeseries.csv,EMB_COMP_001,EM2X3125U,unbalance,steady_state,2026-01-01 00:06:38.000,2026-01-01 00:06:39.990,398.0,399.99,200,0.08901725117930274,0.02092075609361638,0.08901168749011165,0.020917808587790684,0.1424689361414079,0.0404974452004542,1.6004643398215055,1.9357543780557396,1.7282193933281254,2.1331410168038394,40.0,40.0,1.9825095973315148,156.47936675863102,0.0,0.8346882945997609,7.916499486771151,0.0,38.302181442642585,39.27226966835141,37.27340284569759,1.9988668226538238,0.009071890376219275,0.8027633527378222,0.8550375232535948,0.7418833017348282,0.01862644055905331,0.11315422151876664,0,0
em2x3125u_unbalance_timeseries.csv,EMB_COMP_001,EM2X3125U,unbalance,steady_state,2026-01-01 00:06:39.000,2026-01-01 00:06:40.990,399.0,400.99,200,0.08900290022776085,0.0208560445856174,0.08900161307264841,0.020854589750517228,0.1424689361414079,0.0428402708551307,1.6007224009198129,2.054093751059293,1.730623991503905,2.123364710529754,40.0,40.0,1.9965600356131326,156.43019921931608,0.0,0.7697559613058275,7.928688821726615,0.0,39.212720648674136,40.16175540185827,38.26374912128204,1.898006280576233,0.009033287403325596,0.802341921467721,0.8535518043000685,0.7480297875482714,0.018071114342199827,0.10552201675179707,0,0
em2x3125u_unbalance_timeseries.csv,EMB_COMP_001,EM2X3125U,unbalance,steady_state,2026-01-01 00:06:40.000,2026-01-01 00:06:41.990,400.0,401.99,200,0.08892746192033323,0.021018468705891056,0.08892635624905605,0.021018130640150748,0.1386700260966911,0.0428402708551307,1.559361114128281,2.0382203601313464,1.7166628906135613,2.0997551169784665,40.0,40.0,1.7185849021495245,156.43950984765243,0.0,0.7648527328943123,8.072016873243545,0.0,40.12312835846882,41.1241391077668,39.10067042649823,2.023468681268568,0.009004177543075151,0.8013342583569353,0.8557523649266797,0.7498449617849655,0.01894087399657732,0.10590740314171421,0,0
em2x3125u_unbalance_timeseries.csv,EMB_COMP_001,EM2X3125U,unbalance,steady_state,2026-01-01 00:06:41.000,2026-01-01 00:06:42.990,401.0,402.99,200,0.0893390723526623,0.020967812639345405,0.08933769201622921,0.020967811210890565,0.1379640291805515,0.041925363242209,1.5442742525458986,1.999510581448894,1.7112587597499067,2.084753514341116,40.0,40.0,1.6608078056633024,157.96451197521486,0.0,0.887979614765501,7.90500363070695,0.0,41.0355046791042,42.11957518726613,40.0259699522878,2.0936052349783267,0.00912201774606508,0.801381213099143,0.8568555137431185,0.7436507578276964,0.020786650416227972,0.11320475591542212,0,0
em2x3125u_unbalance_timeseries.csv,EMB_COMP_001,EM2X3125U,unbalance,steady_state,2026-01-01 00:06:42.000,2026-01-01 00:06:43.990,402.0,403.99,200,0.08971575584106321,0.020707459032885258,0.08971549947819248,0.020706619926057674,0.1428131053987802,0.0420787605261786,1.5918397394074468,2.0320581322582285,1.718816365143337,2.093451370400556,40.0,40.0,1.8592450836295311,159.12915369185512,0.0,0.8315136832498399,7.74383237840476,0.0,41.95072072386911,42.99018317760457,40.93472735578125,2.0554558218233225,0.009015228442525412,0.8014973397137369,0.8568555137431185,0.7436507578276964,0.0209440036366246,0.11320475591542212,0,0
em2x3125u_unbalance_timeseries.csv,EMB_COMP_001,EM2X3125U,unbalance,steady_state,2026-01-01 00:06:43.000,2026-01-01 00:06:44.990,403.0,404.99,200,0.08984973769507813,0.020946265855050352,0.0898495391571924,0.020943133727265133,0.1457036356586221,0.0420787605261786,1.6216367392534257,2.0088907883327085,1.7244995539415238,2.1492512770262193,40.0,40.0,1.9157979253630624,159.56011045586789,0.0,0.8795482327306223,7.893713165073373,0.0,42.8524539573325,43.83472245260159,41.95035314869632,1.8843693039052667,0.00885501287255763,0.7987543062034927,0.8518795866510336,0.722006840319907,0.020314167784851647,0.12987274633112655,0,0
em2x3125u_unbalance_timeseries.csv,EMB_COMP_001,EM2X3125U,unbalance,steady_state,2026-01-01 00:06:44.000,2026-01-01 00:06:45.990,404.0,405.99,200,0.09050780981386249,0.02088795909622291,0.09050779166948669,0.020887295265436746,0.1457036356586221,0.0423962763035791,1.6098460006741389,2.029699316638621,1.7043037553270888,2.148625191810697,40.0,40.0,1.6598706750990204,162.17340657981242,0.0,0.8808535603029797,7.8459450156177395,0.0,43.76612383754541,44.74333443855437,42.67014393502235,2.073190503532018,0.009251828023529082,0.798147254733842,0.8509790407666684,0.722006840319907,0.021311695326808693,0.1289722004467614,0,0
em2x3125u_unbalance_timeseries.csv,EMB_COMP_001,EM2X3125U,unbalance,steady_state,2026-01-01 00:06:45.000,2026-01-01 00:06:46.990,405.0,406.99,200,0.08996320817574668,0.020785613045450044,0.08996245408145233,0.02078533224411075,0.1456897376398429,0.0423962763035791,1.6194368853012915,2.039693330712688,1.6996938958347974,2.1014766509523217,40.0,40.0,1.7226354244387831,160.14224155280982,0.0,0.7914635958068522,7.8521823646819735,0.0,44.67762501522891,45.633253417071096,43.675897312141096,1.9573561049299997,0.008869458893545318,0.8014151842421191,0.8610994462858202,0.7455284275802224,0.02188955480277353,0.11557101870559783,0,0
em2x3125u_unbalance_timeseries.csv,EMB_COMP_001,EM2X3125U,unbalance,steady_state,2026-01-01 00:06:46.000,2026-01-01 00:06:47.990,406.0,407.99,200,0.0892698849417615,0.021130996994411767,0.0892694771950808,0.021130788462643976,0.1456897376398429,0.0433198324227482,1.6320143991995617,2.0500609807575296,1.7120804610405482,2.1559801782656005,40.0,40.0,1.7952496974961494,157.58584875622532,0.0,0.9472985225957484,7.984010460017879,0.0,45.56748433506702,46.626965079395575,44.6274535302754,1.9995115491201716,0.009018985283909514,0.8023057162087716,0.8610994462858202,0.7559282331967461,0.02093099116376423,0.10517121308907418,0,0
em2x3125u_unbalance_timeseries.csv,EMB_COMP_001,EM2X3125U,unbalance,steady_state,2026-01-01 00:06:47.000,2026-01-01 00:06:48.990,407.0,408.99,200,0.08871782510749182,0.021165703299711885,0.08871769179164854,0.021165441601849612,0.138748644086217,0.0433198324227482,1.563931982305778,2.0466994084405354,1.7167392975535751,2.1738182855452153,40.0,40.0,1.6543382315980506,155.76293102849425,0.0,0.9636691422386912,7.996167553047113,0.0,46.47800683920399,47.497681827912174,45.3658476199308,2.1318342079813775,0.009396975240880968,0.8007837141397077,0.8608811529179922,0.7536398144626099,0.020400566407852077,0.1072413384553823,0,0
em2x3125u_unbalance_timeseries.csv,EMB_COMP_001,EM2X3125U,unbalance,steady_state,2026-01-01 00:06:48.000,2026-01-01 00:06:49.990,408.0,409.99,200,0.08859679393827476,0.020734956061760904,0.08859655632335021,0.02073490215306868,0.1369736520919122,0.0430431441537367,1.5460339590543368,2.0758734200125084,1.718511832868114,2.1450447909946453,40.0,40.0,1.6892634937860804,155.3009067908232,0.0,0.8743339409833168,7.725509482118579,0.0,47.39977606571109,48.44949798979017,46.35820128200344,2.091296707786725,0.009232745983796035,0.8009998166276964,0.8608811529179922,0.7411187798499715,0.01976434255612542,0.11976237306802062,0,0
em2x3125u_unbalance_timeseries.csv,EMB_COMP_001,EM2X3125U,unbalance,shutdown,2026-01-01 00:06:49.000,2026-01-01 00:06:50.990,409.0,410.99,200,0.06410060990525261,0.016586809177758063,0.06410048008259793,0.016585427718829992,0.1357868544031688,0.0393355594168529,2.1183395072820046,2.371496470195098,3.222015969869284,2.8525337814841203,40.0,40.0,1.1894859646994937,80.99235977726227,0.0,0.5748493719142428,4.92855840704767,0.0,47.87043289294028,48.4769436053042,47.32923008845168,1.1477135168525194,0.00012504543373659138,0.6100614695050965,0.8446919114304726,0.2709154699273767,0.20035550067598662,0.5737764415030959,0,0
em2x3125u_unbalance_timeseries.csv,EMB_COMP_001,EM2X3125U,unbalance,shutdown,2026-01-01 00:06:50.000,2026-01-01 00:06:51.990,410.0,411.99,200,0.014631042552065546,0.009077746835521884,0.014629732154151733,0.009063521145774021,0.036588591027605,0.0220376336885683,2.500750776809106,2.4276545807967937,2.526378559377307,2.6377623354469932,40.0,40.0,0.30312278691159217,3.977670883418811,0.0,0.1799132345619829,1.467162780264524,0.0,47.38015511913445,48.4769436053042,46.33271231844173,2.144231286862471,-0.010050802949467034,0.2788284840714627,0.5751009501287419,0.0,0.16226663539075045,0.5751009501287419,0,0
em2x3125u_unbalance_timeseries.csv,EMB_COMP_001,EM2X3125U,unbalance,idle,2026-01-01 00:06:51.000,2026-01-01 00:06:52.990,411.0,412.99,200,0.007239069073942573,0.004539485005682831,0.00723604821196304,0.004527495611344332,0.025581456818624,0.0143011765526502,3.5338047692770136,3.1503962530434686,4.79019616153921,4.066233746675816,40.0,40.0,0.14120625313135468,0.9127201143595672,0.0,0.0714131631454625,0.3401704121322942,0.0,46.5469216913464,47.42055399926543,45.95797976045246,1.4625742388129694,-0.006672417694403861,0.06996936825055149,0.281692952046734,0.0,0.09044522436272097,0.281692952046734,0,0
em2x3125u_unbalance_timeseries.csv,EMB_COMP_001,EM2X3125U,unbalance,idle,2026-01-01 00:06:52.000,2026-01-01 00:06:53.990,412.0,413.99,200,0.0013976780170358433,0.0010950198334648221,0.0013970552173504043,0.001094575176613162,0.0048656351323885,0.0029919710048782,3.4812274880786944,2.732344121486013,3.218372920038186,2.635740438575234,39.0,44.0,0.022656588896209383,0.01657809402978203,0.0,0.015134181964093232,0.008839109116726071,0.0,46.03448521951197,46.4826380459243,45.63231095443619,0.8503270914881043,-0.0036490824683989213,0.0009699807183263787,0.0055133757771111,0.0,0.0013014815469979872,0.0055133757771111,0,0
em2x3125u_unbalance_timeseries.csv,EMB_COMP_001,EM2X3125U,unbalance,idle,2026-01-01 00:06:53.000,2026-01-01 00:06:54.990,413.0,414.99,200,0.0014400889102411368,0.0012238483379501536,0.0014377881407191752,0.00122374290244832,0.0048656351323885,0.0039071040300281,3.378704674264709,3.192474025476213,2.76462828268278,3.205347120540158,39.0,41.5,0.022948400087698922,0.018401900053287883,0.0,0.01636922354784142,0.013590483984692502,0.0,45.65791730227848,46.12637133098991,45.21571827208641,0.9106530589034989,-0.0038336552836175006,0.000782311294842021,0.0054622398232663,0.0,0.0012215118957352,0.0054622398232663,0,0
em2x3125u_unbalance_timeseries.csv,EMB_COMP_001,EM2X3125U,unbalance,idle,2026-01-01 00:06:54.000,2026-01-01 00:06:55.990,414.0,415.99,200,0.0014386162775634093,0.0012195935368308289,0.001433824536317679,0.0012117573475985692,0.0038517718444934,0.0039071040300281,2.6774143352646913,3.2036116230829603,2.504796957326079,3.1292330509605946,38.0,8.0,0.02320085978106584,0.017929762662230023,0.0,0.015009954408960005,0.014420563199338987,0.0,45.277729757476465,45.669189911642256,44.841574543719645,0.8276153679226113,-0.003751048857440206,0.0007176722709379192,0.0054622398232663,0.0,0.0011440793076786524,0.0054622398232663,0,0
em2x3125u_unbalance_timeseries.csv,EMB_COMP_001,EM2X3125U,unbalance,idle,2026-01-01 00:06:55.000,2026-01-01 00:06:56.990,415.0,416.99,200,0.001562189319083237,0.001129385918985596,0.001532677986715093,0.0011264839579571543,0.0038517718444934,0.0036736161870576,2.465624234810281,3.2527554357656663,2.878408546031343,3.033166160093507,13.0,35.0,0.02791674783291929,0.01907776480111261,0.0,0.013773059344153071,0.011750606423911056,0.0,44.905517645132804,45.320384770955584,44.47821013956676,0.8421746313888221,-0.003736709161433235,0.0008242271326548836,0.0051572937592865,0.0,0.0011996140158483104,0.0051572937592865,0,0
em2x3125u_unbalance_timeseries.csv,EMB_COMP_001,EM2X3125U,unbalance,idle,2026-01-01 00:06:56.000,2026-01-01 00:06:57.990,416.0,417.99,200,0.0016553381276517283,0.0011116336450480515,0.001631055710038439,0.001101977495543227,0.0053196466973105,0.0036736161870576,3.2136314680656692,3.304700432037395,2.7442173266509275,3.2658893134789238,44.5,13.5,0.02907668263952663,0.02433722611207527,0.0,0.013688593171386357,0.010605516426037766,0.0,44.527878802362146,45.00152130950645,44.089790991126016,0.9117303183804353,-0.0038012118243919693,0.0008710506755163238,0.0063361816637605,0.0,0.00124832588012991,0.0063361816637605,0,0
em2x3125u_unbalance_timeseries.csv,EMB_COMP_001,EM2X3125U,unbalance,idle,2026-01-01 00:06:57.000,2026-01-01 00:06:58.990,417.0,418.99,200,0.0016387043072185932,0.001177854266187591,0.0016347534438495937,0.0011749075478985124,0.0053196466973105,0.0036715941155196,3.2462517330778526,3.117188790599366,3.0815052496149336,2.8969581817188685,44.0,37.5,0.029836187625407695,0.02384287412319042,0.0,0.01556374714176726,0.012288319444488278,0.0,44.14693050430918,44.53883280865449,43.70895020069425,0.8298826079602435,-0.0037603719120924053,0.0008396438108634241,0.0063361816637605,0.0,0.0011729718993020843,0.0063361816637605,0,0
em2x3125u_unbalance_timeseries.csv,EMB_COMP_001,EM2X3125U,unbalance,idle,2026-01-01 00:06:58.000,2026-01-01 00:06:59.990,418.0,419.99,200,0.0015189784950760763,0.0011938456387752413,0.0015188730927485807,0.0011868214881364308,0.0049832404304894,0.0036715941155196,3.280652390170817,3.075434542179394,3.2300048802356027,3.120551026071865,44.5,17.0,0.026391817010765217,0.01987596966376329,0.0,0.01557742450045752,0.012603387626791626,0.0,43.774330683641956,44.2247976231636,43.30638453640989,0.9184130867537164,-0.0036686953160704723,0.0009326828087389277,0.0052271672217724,0.0,0.001201031928009029,0.0052271672217724,0,0
em2x3125u_unbalance_timeseries.csv,EMB_COMP_001,EM2X3125U,unbalance,idle,2026-01-01 00:06:59.000,2026-01-01 00:07:00.990,419.0,420.99,200,0.05685968153773928,0.040387441089199484,0.05684803709500497,0.04038741905954058,0.1750036029554506,0.1243467727443151,3.077815390845903,3.0788475177143186,5.405343650123741,4.9463827846528705,40.0,40.0,18.634889903707812,46.02473786581463,0.0,6.286588202387579,26.34047726329141,0.0,36.389521047096686,43.912074035064805,28.142536766745003,15.769537268319802,-0.1059370194603335,2.5002502588333693,6.405474789457723,0.0,2.5632755565052134,6.405474789457723,1,0
em2x3125u_unbalance_timeseries.csv,EMB_COMP_001,EM2X3125U,unbalance,startup,2026-01-01 00:07:00.000,2026-01-01 00:07:01.990,420.0,421.99,200,0.08087546057609588,0.05808356427122883,0.08087517161801912,0.05807749253568714,0.1750036029554506,0.1319735635864008,2.163865302390326,2.2721326633836196,2.647493710791155,2.4707813145610675,40.0,40.0,32.92388628040975,97.89237147309154,0.0,15.34281629639467,52.118128354789796,0.0,30.195826971569723,32.26510049370514,28.142536766745003,4.122563726960138,0.020173646068860258,3.622905531725505,6.405474789457723,0.9236094972163909,1.592148648521299,5.4818652922413325,1,0
em2x3125u_unbalance_timeseries.csv,EMB_COMP_001,EM2X3125U,unbalance,startup,2026-01-01 00:07:01.000,2026-01-01 00:07:02.990,421.0,422.99,200,0.08544201719209263,0.04422304692171845,0.08541550745780296,0.044218440842199835,0.1692361846751803,0.1319735635864008,1.9807138248468523,2.9842711611439663,2.0965644942992103,3.990798021787238,40.0,40.0,15.363350354873187,130.57365314489374,0.0,9.64022786446709,29.466060111744273,0.0,31.960263389022888,33.26520888678419,30.14690722794514,3.118301658839048,0.01508830146920639,1.5236979710471772,3.6950586769137495,0.7576011422300494,0.9154506607115052,2.9374575346837,1,0
em2x3125u_unbalance_timeseries.csv,EMB_COMP_001,EM2X3125U,unbalance,steady_state,2026-01-01 00:07:02.000,2026-01-01 00:07:03.990,422.0,423.99,200,0.08911970403493008,0.02086985989682888,0.08911750049816244,0.020869270082944764,0.1388605288357425,0.0456417686427931,1.5581349864146399,2.1869705339865866,1.724604966430753,2.175640001814119,40.0,40.0,1.9425824010627353,156.8959967844736,0.0,0.930736543806548,7.779942438540107,0.0,33.185408745590536,34.22488979714747,32.060955857101206,2.163933940046263,0.009415486509283841,0.801161899566914,0.8416844886344844,0.7576011422300494,0.018183870869769168,0.08408334640443504,0,0
em2x3125u_unbalance_timeseries.csv,EMB_COMP_001,EM2X3125U,unbalance,steady_state,2026-01-01 00:07:03.000,2026-01-01 00:07:04.990,423.0,424.99,200,0.08868942415996726,0.021156272468024984,0.08868926560586955,0.02115194496193037,0.1392573259356001,0.0456417686427931,1.5701683403020474,2.1573634349706374,1.7390299337932318,2.1770108393425343,40.0,40.0,2.0249339096603634,155.29493839991034,0.0,0.916524083201639,8.034729481277957,0.0,34.11556806519339,35.17754473998076,33.03091442537762,2.1466303146031436,0.009415563334651898,0.802245308894897,0.8622942411993992,0.749286593457337,0.019902069060502535,0.11300764774206229,0,0
em2x3125u_unbalance_timeseries.csv,EMB_COMP_001,EM2X3125U,unbalance,steady_state,2026-01-01 00:07:04.000,2026-01-01 00:07:05.990,424.0,425.99,200,0.08897874009642563,0.02089540918815332,0.08897738254036841,0.020892836222090334,0.1458702087021977,0.0394531511559868,1.639382717086342,1.8881253198121057,1.7369339505618306,2.1331975809285577,40.0,40.0,1.9986575181738353,156.34262558625161,0.0,0.7894237548096379,7.942436494229656,0.0,35.03256408163634,36.11083754503943,33.867343966623686,2.2434935784157446,0.009292630052519844,0.800539776818852,0.8622942411993992,0.749286593457337,0.021149414353549213,0.11300764774206229,0,0
em2x3125u_unbalance_timeseries.csv,EMB_COMP_001,EM2X3125U,unbalance,steady_state,2026-01-01 00:07:05.000,2026-01-01 00:07:06.990,425.0,426.99,200,0.08887239648106798,0.02075379319592388,0.08887110508255279,0.020753779447698278,0.1458702087021977,0.0394531511559868,1.6413443822601503,1.90100916895209,1.7358534563048724,2.0717721396766953,40.0,40.0,1.9600736031421944,156.00226110014606,0.0,0.6965387505626895,7.918227239585232,0.0,35.95383530905693,36.91055485454448,34.94291060542437,1.9676442491201058,0.009299744514311026,0.7995709516975031,0.8437502550158467,0.744374556475549,0.020339617431162825,0.09937569854029771,0,0
em2x3125u_unbalance_timeseries.csv,EMB_COMP_001,EM2X3125U,unbalance,steady_state,2026-01-01 00:07:06.000,2026-01-01 00:07:07.990,426.0,427.99,200,0.08842997775321755,0.0209395458056196,0.08842982267348401,0.020939047549324116,0.1442296093007302,0.0378666045711634,1.631003568758473,1.8083775513889628,1.7357006777751351,2.0246269661967413,40.0,40.0,1.9607244952394813,154.4433681272665,0.0,0.7200716717593322,8.048894420255285,0.0,36.884592665162785,37.97241524940189,35.87628580990146,2.09612943950043,0.009362347924543952,0.8005058508551676,0.8687034958476282,0.744374556475549,0.019788041065505416,0.12432893937207923,0,0
em2x3125u_unbalance_timeseries.csv,EMB_COMP_001,EM2X3125U,unbalance,steady_state,2026-01-01 00:07:07.000,2026-01-01 00:07:08.990,427.0,428.99,200,0.08848009855733163,0.02070570755560497,0.0884795027194528,0.02070373361151484,0.1388313742064862,0.0388931461084891,1.569068937197543,1.8783780271232922,1.72284323189734,2.0597659487848263,40.0,40.0,1.8198798260189137,154.75269220055833,0.0,0.8181828424361399,7.754722129473416,0.0,37.79421736532574,38.83036726941431,36.73673641420374,2.09363085521057,0.009112125722208967,0.8009883761187097,0.8687034958476282,0.7498414852512425,0.018952514704433814,0.11886201059638568,0,0
em2x3125u_unbalance_timeseries.csv,EMB_COMP_001,EM2X3125U,unbalance,steady_state,2026-01-01 00:07:08.000,2026-01-01 00:07:09.990,428.0,429.99,200,0.08901117553679253,0.02092330576418212,0.08901104323536997,0.020922352361466966,0.1360089081333824,0.040815707094313,1.5279981116209784,1.9507293710816955,1.711952499898172,2.0585442290559266,40.0,40.0,1.7138431571263275,156.74809176146044,0.0,0.7670596413770352,7.988097474699925,0.0,38.719165325320915,39.7363298551637,37.65138173592722,2.0849481192364863,0.009517443102963727,0.79874587574934,0.8584751111560668,0.7395950688562304,0.020257094919446855,0.1188800422998364,0,0
em2x3125u_unbalance_timeseries.csv,EMB_COMP_001,EM2X3125U,unbalance,steady_state,2026-01-01 00:07:09.000,2026-01-01 00:07:10.990,429.0,430.99,200,0.08948919414545978,0.02132223396704838,0.08948892722959742,0.021322223540026095,0.1397715523992882,0.040815707094313,1.5618818979652136,1.9142322121307767,1.709729988844355,2.0971647596287912,40.0,40.0,1.7939269690841035,158.37306032075685,0.0,0.8636498221430245,8.22914533702494,0.0,39.661802429478705,40.83491331311321,38.67234583470522,2.1625674784079933,0.009236265801644503,0.7987440822662417,0.8584751111560668,0.7395950688562304,0.02066451157607245,0.1188800422998364,0,0
em2x3125u_unbalance_timeseries.csv,EMB_COMP_001,EM2X3125U,unbalance,steady_state,2026-01-01 00:07:10.000,2026-01-01 00:07:11.990,430.0,431.99,200,0.08938106961487907,0.021098730545323654,0.08938104106370302,0.02109848287496845,0.1402028406472896,0.043057447369817,1.5685965859592974,2.040760095841894,1.7174644026131816,2.1637587845495565,40.0,40.0,1.9078125323615163,157.87392837668344,0.0,0.9736942405377997,7.9300595304179256,0.0,40.584623572461474,41.62086128248449,39.49188372829202,2.128977554192474,0.009328653684084288,0.80087344282353,0.8558903331255814,0.7404418986674967,0.020292353528742164,0.11544843445808473,0,0
em2x3125u_unbalance_timeseries.csv,EMB_COMP_001,EM2X3125U,unbalance,steady_state,2026-01-01 00:07:11.000,2026-01-01 00:07:12.990,431.0,432.99,200,0.08974359056142583,0.02125394030755887,0.08974358579639873,0.021253413180916815,0.1402028406472896,0.043057447369817,1.5622602101185874,2.025857170329203,1.7181081413243784,2.139704811521403,40.0,40.0,1.8178865331507983,159.2644873322757,0.0,0.9749490306065287,8.063790953736415,0.0,41.49979733594832,42.49407725774213,40.48525646766056,2.0088207900815647,0.00916289139369492,0.8012949928556039,0.8476451625427145,0.7404418986674967,0.019383378260990784,0.10720326387521784,0,0
em2x3125u_unbalance_timeseries.csv,EMB_COMP_001,EM2X3125U,unbalance,steady_state,2026-01-01 00:07:12.000,2026-01-01 00:07:13.990,432.0,433.99,200,0.08927855779568476,0.021206095522325063,0.08927838799345623,0.021205633443715476,0.1394846731815557,0.0403301163826851,1.5623535664718995,1.9018171610246173,1.7234633510681636,2.085490731153674,40.0,40.0,1.8804238072523707,157.5338642324359,0.0,0.9106260805614567,8.095114293464997,0.0,42.42203301582056,43.483291267542285,41.38750283564144,2.095788431900843,0.009258499382670525,0.8012011106117515,0.8504533362836355,0.7563764024927501,0.01874320808492981,0.09407693379088544,0,0
em2x3125u_unbalance_timeseries.csv,EMB_COMP_001,EM2X3125U,unbalance,steady_state,2026-01-01 00:07:13.000,2026-01-01 00:07:14.990,433.0,434.99,200,0.08898338346523589,0.020884597519242952,0.08898337736070876,0.02088039722484824,0.1410163436151825,0.0413618542114426,1.5847491758983845,1.9804956343224724,1.7280187486957135,2.0915506491536684,40.0,40.0,1.9304729849787847,156.43041009438022,0.0,0.8842031845686769,7.836160706521684,0.0,43.34569116999799,44.386059927309645,42.42354546230343,1.9625144650062154,0.009164273408385756,0.8000336779209625,0.8627025367882482,0.7563764024927501,0.01977936148050167,0.10632613429549809,0,0
em2x3125u_unbalance_timeseries.csv,EMB_COMP_001,EM2X3125U,unbalance,steady_state,2026-01-01 00:07:14.000,2026-01-01 00:07:15.990,434.0,435.99,200,0.08945759028058149,0.020649022266020257,0.0894567658214928,0.02064813509247197,0.1416312666937064,0.0413618542114426,1.5832224660812289,2.0030902034285223,1.71768521351735,2.1524211053028077,40.0,40.0,1.8120959719489713,158.2387128213856,0.0,0.9329841665589274,7.594303048376235,0.0,44.270875936589945,45.29118476503287,43.30045825653725,1.9907265084956194,0.00927810004618185,0.8000758975170348,0.8627025367882482,0.7351563681483044,0.020469806764183467,0.12754616863994372,0,0
em2x3125u_unbalance_timeseries.csv,EMB_COMP_001,EM2X3125U,unbalance,steady_state,2026-01-01 00:07:15.000,2026-01-01 00:07:16.990,435.0,436.99,200,0.08955182374184091,0.02138721862686032,0.08954964826811398,0.021380146231323612,0.1416312666937064,0.0417664236695835,1.5815564750752547,1.952868411656335,1.718882853964841,2.1325849805096055,40.0,40.0,1.8564354352972798,158.52635466525544,0.0,0.8933480141902134,8.250712514143343,0.0,45.20656871431782,46.22761371204832,44.088030105676765,2.139583606371552,0.009364420082692108,0.7990536123443289,0.8451847712447237,0.7351563681483044,0.020976484026357385,0.11002840309641926,0,0
em2x3125u_unbalance_timeseries.csv,EMB_COMP_001,EM2X3125U,unbalance,steady_state,2026-01-01 00:07:16.000,2026-01-01 00:07:17.990,436.0,437.99,200,0.09001445095063472,0.02178098181123905,0.09001431483513414,0.0217718845082597,0.1449348814340268,0.042216411553442,1.6101290393196008,1.9382235346093633,1.709030654811577,2.10436262317421,40.0,40.0,1.774505183499018,160.27802435863427,0.0,0.9105668485057592,8.570060856358356,0.0,46.141269228694746,47.32363246904417,45.051172817317074,2.2724596517270967,0.009507595170151774,0.7993629511252515,0.8500756934281579,0.7456714477205173,0.02058238553723198,0.10440424570764062,0,0
em2x3125u_unbalance_timeseries.csv,EMB_COMP_001,EM2X3125U,unbalance,steady_state,2026-01-01 00:07:17.000,2026-01-01 00:07:18.990,437.0,438.99,200,0.08944611716776864,0.021312612260986886,0.089444769307137,0.021312537538640722,0.1449348814340268,0.042216411553442,1.6203596760067434,1.980818260871751,1.7196465164799692,2.098948395098793,40.0,40.0,1.8767137671842744,158.1365673254215,0.0,0.9042633083226587,8.181161880954779,0.0,47.06053092697672,48.19664692691384,46.02605493710722,2.170591989806624,0.009149068347864846,0.8016310191503839,0.8575145739635852,0.7527705035761401,0.02052640052124662,0.10474407038744515,0,0
em2x3125u_unbalance_timeseries.csv,EMB_COMP_001,EM2X3125U,unbalance,steady_state,2026-01-01 00:07:18.000,2026-01-01 00:07:19.990,438.0,439.99,200,0.08856237479565891,0.02113622020656082,0.08856187137146286,0.0211234511373002,0.1386191310733387,0.0391081642513558,1.5652147019902796,1.8502912947139134,1.7417973693627191,2.154282641250422,40.0,40.0,2.031531094357807,154.8409263247907,0.0,0.9544628761366956,7.969613619893796,0.0,47.98492630949726,49.08576353135427,46.83198002832484,2.2537835030294247,0.009435287843709821,0.8018349778815523,0.8575145739635852,0.7527705035761401,0.01927827847332631,0.10474407038744515,0,0
em2x3125u_unbalance_timeseries.csv,EMB_COMP_001,EM2X3125U,unbalance,shutdown,2026-01-01 00:07:19.000,2026-01-01 00:07:20.990,439.0,440.99,200,0.0639962308304697,0.016783400595754085,0.06399604032824217,0.01677974862408908,0.1386191310733387,0.0391081642513558,2.1660514888845577,2.330169266248075,3.2529500803306917,2.768617361183481,40.0,40.0,1.2980709261329064,80.62039593410132,0.0,0.6198967031822191,5.016066433118718,0.0,48.41862361631271,49.08576353135427,47.84346968943779,1.242293841916478,-0.000696333456132582,0.6092011015900292,0.845297829772561,0.2688006403239513,0.20008912123439496,0.5764971894486097,0,0
em2x3125u_unbalance_timeseries.csv,EMB_COMP_001,EM2X3125U,unbalance,shutdown,2026-01-01 00:07:20.000,2026-01-01 00:07:21.990,440.0,441.99,200,0.015064183847262231,0.0091006528440126,0.015064104901443567,0.009099962343806276,0.0359968287519583,0.023704346103686,2.389563823499165,2.60468633514367,2.132771942138038,2.6139137702361053,40.0,40.0,0.3239566732751874,4.21653743186453,0.0,0.1940394206150871,1.4682745238570702,0.0,47.87137008872122,48.96980257833153,46.84389808725617,2.12590449107536,-0.01014522863487777,0.27855748316186646,0.5700736512349336,0.0,0.16175938640005927,0.5700736512349336,0,0
em2x3125u_unbalance_timeseries.csv,EMB_COMP_001,EM2X3125U,unbalance,idle,2026-01-01 00:07:21.000,2026-01-01 00:07:22.990,441.0,442.99,200,0.007637713616587264,0.004352675381312542,0.0076330385202302625,0.004351647902433353,0.0231272841539943,0.0155999996704921,3.0280376189763705,3.5840025510443523,4.19219865176095,5.094119200457422,40.0,40.0,0.17161145982876608,0.9939502090702358,0.0,0.08033054794622134,0.29840680631575717,0.0,47.01032908854946,47.96921283646765,46.469238457346165,1.4999743791214826,-0.0069938392841346715,0.06996652328430623,0.2930727379162138,0.0,0.09089671295256081,0.2930727379162138,0,0
em2x3125u_unbalance_timeseries.csv,EMB_COMP_001,EM2X3125U,unbalance,idle,2026-01-01 00:07:22.000,2026-01-01 00:07:23.990,442.0,443.99,200,0.0015809929385166511,0.001247646072726768,0.001578585735345851,0.0012380598380783356,0.004990810754401,0.0039227759763068,3.156757144711584,3.1441416456619424,3.1854591773013077,3.0064460993326194,34.0,13.5,0.028656140561872896,0.021557070685969626,0.0,0.01642760274847769,0.01424600494197346,0.0,46.469389938813514,46.87691622342396,46.066931747701496,0.8099844757224659,-0.0037073310671479256,0.0007737497890836703,0.0052950273229261,0.0,0.0011669478297345653,0.0052950273229261,0,0
em2x3125u_unbalance_timeseries.csv,EMB_COMP_001,EM2X3125U,unbalance,idle,2026-01-01 00:07:23.000,2026-01-01 00:07:24.990,443.0,444.99,200,0.001555280765531135,0.0013025260208246782,0.001550610012096522,0.0012919200313412677,0.004990810754401,0.0039227759763068,3.2089452046278066,3.011668030879831,3.236656052392386,3.047261788611449,12.5,10.5,0.02840520704165802,0.01968370080949577,0.0,0.019265263601571724,0.014195962604626439,0.0,46.09612943999795,46.5019989152329,45.65726209231262,0.8447368229202823,-0.003709017533656196,0.0008114362329765644,0.0054899696574146,0.0,0.0011903003851120545,0.0054899696574146,0,0
em2x3125u_unbalance_timeseries.csv,EMB_COMP_001,EM2X3125U,unbalance,idle,2026-01-01 00:07:24.000,2026-01-01 00:07:25.990,444.0,445.99,200,0.0014919666427504715,0.0012385111491486952,0.0014909596046655978,0.0012353614554427828,0.0045003791293203,0.0033023230498209,3.01640733805131,2.6663652176977086,2.4837822349698255,3.0147170273675536,17.0,18.0,0.02472338618390176,0.0197358794017556,0.0,0.0183138699109456,0.012254312732618311,0.0,45.72089183630928,46.17705944669844,45.26304655209493,0.9140128946035162,-0.003845402478989581,0.0007113998734756222,0.0054899696574146,0.0,0.0010762808720914524,0.0054899696574146,0,0
em2x3125u_unbalance_timeseries.csv,EMB_COMP_001,EM2X3125U,unbalance,idle,2026-01-01 00:07:25.000,2026-01-01 00:07:26.990,445.0,446.99,200,0.0014121121200933598,0.0011691993985100744,0.001406889664994841,0.0011659720066511318,0.0045003791293203,0.0032621340284775,3.1869842806977418,2.79005790854364,2.5417819051922135,3.281038162436607,35.5,50.0,0.021572952532293913,0.01870855228327723,0.0,0.01581792549660386,0.012213044947496473,0.0,45.34464540894303,45.759392013923424,44.90321996303023,0.8561720508931927,-0.00376969822455541,0.000716497417954488,0.0049589203519686,0.0,0.001042348790048021,0.0049589203519686,0,0
em2x3125u_unbalance_timeseries.csv,EMB_COMP_001,EM2X3125U,unbalance,idle,2026-01-01 00:07:26.000,2026-01-01 00:07:27.990,446.0,447.99,200,0.0014580766104528363,0.001154561383251713,0.0014472607165690087,0.0011533956505361254,0.003878450016355,0.0032621340284775,2.659976841100596,2.8254314372528273,2.712966091113546,3.049635273307364,20.0,43.5,0.025652809140601203,0.016904369465986443,0.0,0.014387698659368321,0.012421155615813018,0.0,44.971247183285286,45.39319492075328,44.55386258308557,0.8393323376677131,-0.003723497283449536,0.0009032224042755998,0.0049589203519686,0.0,0.0012193160861456154,0.0049589203519686,0,0
em2x3125u_unbalance_timeseries.csv,EMB_COMP_001,EM2X3125U,unbalance,idle,2026-01-01 00:07:27.000,2026-01-01 00:07:28.990,447.0,448.99,200,0.0015928234800733506,0.0011866778595183796,0.0015920884642333427,0.0011863446238500018,0.0043343939529143,0.0030120213195236,2.721201694436786,2.5381962723616054,2.657879308141422,2.769207146956972,12.5,38.5,0.031202069590837284,0.01959404202590384,0.0,0.013619384822321242,0.014530314099684957,0.0,44.59429003843058,45.07199497234378,44.09181221624959,0.9801827560941874,-0.003760200507252144,0.000896055236449229,0.0051932232873982,0.0,0.0012469630400458553,0.0051932232873982,0,0
em2x3125u_unbalance_timeseries.csv,EMB_COMP_001,EM2X3125U,unbalance,idle,2026-01-01 00:07:28.000,2026-01-01 00:07:29.990,448.0,449.99,200,0.0014985969468966863,0.0011370116947755993,0.0014954027871533376,0.0011368648503718385,0.0047404162818518,0.0030278428159151,3.1632363135853936,2.662983001694345,3.04286962474966,3.002717652164333,12.5,38.5,0.028543429640787717,0.01619775255101313,0.0,0.014795518616773798,0.0110884323673193,0.0,44.21578381736748,44.66394392426144,43.75980932933521,0.9041345949262265,-0.0037552408078054783,0.0008445535945677957,0.0051932232873982,0.0,0.0012372906186121253,0.0051932232873982,0,0
