source_file,asset_id,compressor_model,fault_mode,operating_state,start_timestamp,end_timestamp,start_time_s,end_time_s,window_size_samples,radial_rms,axial_rms,radial_std,axial_std,radial_peak,axial_peak,radial_crest_factor,axial_crest_factor,radial_kurtosis,axial_kurtosis,radial_dominant_freq_hz,axial_dominant_freq_hz,radial_energy_0_30hz,radial_energy_30_80hz,radial_energy_80_200hz,axial_energy_0_30hz,axial_energy_30_80hz,axial_energy_80_200hz,temp_mean,temp_max,temp_min,temp_delta,temp_slope,current_mean,current_max,current_min,current_std,current_delta,current_inrush_flag,is_healthy
em2x3125u_bearing_fault_timeseries.csv,EMB_COMP_001,EM2X3125U,bearing_fault,startup,2026-01-01 00:00:00.000,2026-01-01 00:00:01.990,0.0,1.99,200,0.08126372174471198,0.05809332011262341,0.08126023673310746,0.058092581399555684,0.1780140964486595,0.1370999858041341,2.190572774994068,2.359995702403363,2.622499542586799,2.284152196205098,40.0,40.0,27.897857787460893,104.40072957575286,0.0,14.727341622420926,52.93527212385024,0.0,25.997696029908774,28.10632163415061,23.989864909300664,4.116456724849947,0.020169840014874076,3.6227013201922067,6.493860867464536,0.8457914861364305,1.6005302697844208,5.6480693813281055,1,0
em2x3125u_bearing_fault_timeseries.csv,EMB_COMP_001,EM2X3125U,bearing_fault,startup,2026-01-01 00:00:01.000,2026-01-01 00:00:02.990,1.0,2.99,200,0.0662087986278989,0.0430069339312941,0.06619823847672943,0.04300548211483937,0.1788563719674288,0.1167848718712844,2.7013988423596427,2.7154893687109745,3.778471833547136,3.5741227777460995,40.0,40.0,19.625660310322598,68.02946613933791,0.0,7.00106010131275,29.988556383257684,0.0,27.699263202988185,28.92724688013196,25.894728133288417,3.032518746843543,0.01396176781873494,1.501427318415071,3.627942134980257,0.7102380124029628,0.9351684589041477,2.9177041225772946,1,0
em2x3125u_bearing_fault_timeseries.csv,EMB_COMP_001,EM2X3125U,bearing_fault,steady_state,2026-01-01 00:00:02.000,2026-01-01 00:00:03.990,2.0,3.99,200,0.03686668923306997,0.020340830825334232,0.03684323889787355,0.02033139673561994,0.1788563719674288,0.0403213264466498,4.851435691355544,1.9822851285125545,4.52876524228178,2.110611144325404,40.0,40.0,5.50489465355015,21.66251545668717,0.0,0.7255918799167017,7.541730805008365,0.0,28.7690899248177,29.558866168890013,27.91785395732192,1.6410122115680927,0.007381727663515635,0.7608250681586282,0.8197387191260614,0.7102380124029628,0.020180818386920193,0.10950070672309864,0,0
em2x3125u_bearing_fault_timeseries.csv,EMB_COMP_001,EM2X3125U,bearing_fault,steady_state,2026-01-01 00:00:03.000,2026-01-01 00:00:04.990,3.0,4.99,200,0.03395888669491127,0.020667967640627366,0.03394838343006713,0.020664288293116645,0.0627473233971456,0.0394934085079625,1.847743830970415,1.9108510906669727,2.1955456580608987,2.103784238821306,40.0,40.0,1.9761774271356027,21.081302603053942,0.0,0.7322909757397421,7.8080168701428265,0.0,29.514244337403202,30.450473988800397,28.6804332332778,1.7700407555225972,0.007484851284230368,0.7594250456856407,0.8208962112640426,0.7092547703196086,0.02095410807499213,0.11164144094443396,0,0
em2x3125u_bearing_fault_timeseries.csv,EMB_COMP_001,EM2X3125U,bearing_fault,steady_state,2026-01-01 00:00:04.000,2026-01-01 00:00:05.990,4.0,5.99,200,0.03408933843534033,0.021316303941436184,0.03408842836313527,0.021315286064133302,0.0627191868931045,0.0397208694647399,1.8398475820253433,1.863403222897736,2.1569622815962166,2.1394802970755276,40.0,40.0,2.038527750234165,21.205176328671225,0.0,0.880456784663606,8.208534568706751,0.0,30.260469156793878,31.079394238012927,29.2911005135462,1.788293724466726,0.0074737206729900965,0.7586597496351862,0.8208962112640426,0.7092547703196086,0.01974541418487328,0.11164144094443396,0,0
em2x3125u_bearing_fault_timeseries.csv,EMB_COMP_001,EM2X3125U,bearing_fault,steady_state,2026-01-01 00:00:05.000,2026-01-01 00:00:06.990,5.0,6.99,200,0.03354830101025313,0.021454727057686463,0.03354412557347077,0.021453564214908995,0.0619451702645627,0.0454033111415989,1.8464473132523413,2.11623811477632,2.1399401742159934,2.1102214411449163,40.0,40.0,1.7966345939303368,20.707657813229837,0.0,0.8406368527457153,8.366553318946785,0.0,31.01354264737548,31.88121428608355,30.14959835253636,1.731615933547193,0.007637799659427199,0.760915199469118,0.8102167366844872,0.7158737364136616,0.019108455779443645,0.09434300027082565,0,0
em2x3125u_bearing_fault_timeseries.csv,EMB_COMP_001,EM2X3125U,bearing_fault,steady_state,2026-01-01 00:00:06.000,2026-01-01 00:00:07.990,6.0,7.99,200,0.03316162615731024,0.0216241256122655,0.033161230759974125,0.021623854961730606,0.0619451702645627,0.0454033111415989,1.8679774619830376,2.0996599795852795,2.1341175759445785,2.0554368254408457,40.0,40.0,1.6334509576689977,20.360138117121753,0.0,0.7229969353383174,8.629504860606072,0.0,31.77261070271652,32.67161167986105,30.8337851637891,1.837826516071953,0.007572868634300235,0.7609856041556164,0.8037742199356988,0.7158737364136616,0.019273805300504855,0.08790048352203716,0,0
em2x3125u_bearing_fault_timeseries.csv,EMB_COMP_001,EM2X3125U,bearing_fault,steady_state,2026-01-01 00:00:07.000,2026-01-01 00:00:08.990,7.0,8.99,200,0.03352284269962532,0.021454574792212824,0.03351833099695783,0.021454320991288328,0.0641665795611018,0.0419848920913657,1.9141151046184692,1.9569202605033489,2.1177329298430334,2.0917900401564946,40.0,40.0,1.5887486821132104,20.889174533879146,0.0,0.7422299286837086,8.464001831434924,0.0,32.524819459396,33.491863000064775,31.69490436768768,1.7969586323770947,0.007554449633338581,0.7598533515523129,0.8038173932036077,0.7166121300024586,0.01863574396963669,0.08720526320114907,0,0
em2x3125u_bearing_fault_timeseries.csv,EMB_COMP_001,EM2X3125U,bearing_fault,steady_state,2026-01-01 00:00:08.000,2026-01-01 00:00:09.990,8.0,9.99,200,0.03578450585095397,0.021279372981789706,0.03573714119766057,0.02127881982810767,0.1317669197567225,0.0449766862654077,3.6822338781355497,2.113628362259428,3.257367463169452,2.1608362570092257,40.0,40.0,5.544691994982116,19.999201632132895,0.0,0.8914777159851311,8.16460431950508,0.0,33.26869101567966,34.18809627734011,32.28803989199078,1.9000563853493304,0.0075389587421213445,0.7603272833621133,0.8108870333930722,0.7157942264435126,0.01901411649156111,0.09509280694955957,0,0
em2x3125u_bearing_fault_timeseries.csv,EMB_COMP_001,EM2X3125U,bearing_fault,steady_state,2026-01-01 00:00:09.000,2026-01-01 00:00:10.990,9.0,10.99,200,0.03558384161332338,0.021410392821989668,0.03555119118413252,0.021409800696326312,0.1317669197567225,0.0451610087797976,3.7029987146577796,2.109303138680142,3.2944127791615037,2.189988779978233,40.0,40.0,5.6966111905701,19.583486884722458,0.0,0.8986046857753941,8.268986860140128,0.0,34.01731663248487,34.832666295829064,33.11467671357702,1.717989582252045,0.00759872832818761,0.759577431779933,0.8108870333930722,0.7143500692780664,0.01972998830603812,0.09653696411500579,0,0
em2x3125u_bearing_fault_timeseries.csv,EMB_COMP_001,EM2X3125U,bearing_fault,steady_state,2026-01-01 00:00:10.000,2026-01-01 00:00:11.990,10.0,11.99,200,0.03334047873170823,0.02114973168181506,0.03333980386851235,0.021149728316195843,0.0621215778247948,0.0451610087797976,1.8632479252829237,2.1352993720779865,2.1829319699796077,2.1619258743237166,40.0,40.0,2.03845343176566,20.206535739294008,0.0,0.8497579047691122,8.098856400293768,0.0,34.76519363451439,35.60363084772412,33.85279489899134,1.750835948732778,0.007437853786464805,0.7581133329966849,0.8072738579839078,0.7028527009792509,0.019506611606495073,0.10442115700465693,0,0
em2x3125u_bearing_fault_timeseries.csv,EMB_COMP_001,EM2X3125U,bearing_fault,steady_state,2026-01-01 00:00:11.000,2026-01-01 00:00:12.990,11.0,12.99,200,0.03293681858202004,0.020827965214198104,0.032929350451623436,0.020827700239230973,0.0639484990137503,0.0399426779344236,1.9415505736992853,1.917742685070133,2.213398897216173,2.0674096764940906,40.0,40.0,1.9666746278217795,19.722076891630987,0.0,0.8010465563519367,7.877959233294119,0.0,35.50686928662071,36.36012443967753,34.524019363950565,1.8361050757269624,0.007485864242787277,0.7582307759124783,0.8047062668920533,0.6757705346194238,0.020887526923039006,0.12893573227262944,0,0
em2x3125u_bearing_fault_timeseries.csv,EMB_COMP_001,EM2X3125U,bearing_fault,steady_state,2026-01-01 00:00:12.000,2026-01-01 00:00:13.990,12.0,13.99,200,0.03451759122801082,0.020566347160084788,0.03445297014069302,0.020565982127412383,0.1179855848090893,0.0399426779344236,3.418129151299083,1.9421376885023334,2.7328845482526867,2.0280749490025354,40.0,40.0,3.5582086346681585,20.198175600059415,0.0,0.7391816068960815,7.720038043627917,0.0,36.26234219930221,37.08216685792438,35.30445816377576,1.7777086941486147,0.007555697418754134,0.7588189180171853,0.8047062668920533,0.6757705346194238,0.020660343067449294,0.12893573227262944,0,0
em2x3125u_bearing_fault_timeseries.csv,EMB_COMP_001,EM2X3125U,bearing_fault,steady_state,2026-01-01 00:00:13.000,2026-01-01 00:00:14.990,13.0,14.99,200,0.034994714734940244,0.020558057299362973,0.034980198104154335,0.020558054849561067,0.1179855848090893,0.0412817504916571,3.3715258347651957,2.0080569817721194,2.709478843471312,2.083238823093883,40.0,40.0,3.697440461669827,20.785347755286022,0.0,0.8228676726288918,7.630279642598938,0.0,37.01395227335875,37.8893308173832,36.08367012985752,1.8056606875256733,0.007365890806573186,0.7607887921209711,0.8140054906004384,0.7139170154987282,0.020105249077626577,0.10008847510171015,0,0
em2x3125u_bearing_fault_timeseries.csv,EMB_COMP_001,EM2X3125U,bearing_fault,steady_state,2026-01-01 00:00:14.000,2026-01-01 00:00:15.990,14.0,15.99,200,0.03779397322323846,0.021046031322972895,0.03777185216165195,0.02104476018852093,0.236987959438975,0.0460817135716732,6.2705224994247954,2.189567850798192,9.195916722584604,2.1890465038616838,40.0,40.0,6.273802867225062,22.265934089288216,0.0,0.946995917934423,7.911791223499465,0.0,37.75714123692688,38.71215989778088,36.898159252169656,1.8140006456112232,0.007521632017681829,0.761196204641735,0.8140054906004384,0.710147191386274,0.021618302323560958,0.10385829921416434,0,0
em2x3125u_bearing_fault_timeseries.csv,EMB_COMP_001,EM2X3125U,bearing_fault,steady_state,2026-01-01 00:00:15.000,2026-01-01 00:00:16.990,15.0,16.990000000000002,200,0.04017280588965218,0.021087964937019817,0.040054377436538675,0.021087927921707654,0.236987959438975,0.0460817135716732,5.899213514981761,2.185213874800075,10.414134493166106,2.158785842486499,40.0,40.0,8.862698947056458,23.255863819212806,0.0,0.897241958400047,8.002383561225395,0.0,38.50212677199433,39.35635549687714,37.68374245045381,1.6726130464233293,0.007478583130768478,0.75994249602117,0.8107311016374705,0.710147191386274,0.02081996087423585,0.1005839102511965,0,0
em2x3125u_bearing_fault_timeseries.csv,EMB_COMP_001,EM2X3125U,bearing_fault,steady_state,2026-01-01 00:00:16.000,2026-01-01 00:00:17.990,16.0,17.990000000000002,200,0.03701163781187157,0.021389515585387233,0.03697130691534328,0.02138863433089674,0.2062962636273377,0.0447319472029884,5.573821528134799,2.091302489970746,6.586650154944856,2.1037054064309513,40.0,40.0,6.066459174683371,21.2791547921748,0.0,0.910618278229224,8.245136087987058,0.0,39.254856436838594,40.20203701904313,38.29549758490586,1.9065394341372723,0.0075868663898141725,0.7599855044214132,0.8060655489398292,0.7093647739472959,0.0189856044267821,0.09670077499253327,0,0
em2x3125u_bearing_fault_timeseries.csv,EMB_COMP_001,EM2X3125U,bearing_fault,steady_state,2026-01-01 00:00:17.000,2026-01-01 00:00:18.990,17.0,18.99,200,0.03456422210145927,0.02139832271741759,0.03456270903866611,0.021398318120154573,0.1049646926894364,0.0447319472029884,3.036801823033213,2.0904417506788016,2.480140959655294,2.09500068845325,40.0,40.0,3.3320014816658388,20.5756946000011,0.0,0.9534111893667995,8.205839194052958,0.0,40.00997554548278,40.84694780328633,39.05543991596048,1.7915078873258494,0.007492748250500354,0.7598661545667249,0.8060655489398292,0.7093647739472959,0.018413843733684074,0.09670077499253327,0,0
em2x3125u_bearing_fault_timeseries.csv,EMB_COMP_001,EM2X3125U,bearing_fault,steady_state,2026-01-01 00:00:18.000,2026-01-01 00:00:19.990,18.0,19.99,200,0.033119715987990704,0.021134372082838478,0.03311964842369892,0.021134188628832914,0.0634950546391715,0.0409440996090794,1.9171376548698358,1.9373227389294811,2.1506691003600538,2.097393970502422,40.0,40.0,1.7866657881368646,20.174040541783437,0.0,1.0028855162861,7.932105273828488,0.0,40.75051440186905,41.60820658807318,39.8019850400605,1.8062215480126795,0.007453293749704445,0.7619052603831615,0.8273094497344538,0.7112470487288025,0.019463228773528393,0.11606240100565124,0,0
em2x3125u_bearing_fault_timeseries.csv,EMB_COMP_001,EM2X3125U,bearing_fault,shutdown,2026-01-01 00:00:19.000,2026-01-01 00:00:20.990,19.0,20.99,200,0.026060775786013537,0.017175654463474174,0.026057811404772348,0.01717483160710847,0.0621091782429846,0.0409440996090794,2.3832436437413254,2.383845092840643,2.7521109587454515,2.7580134446214606,40.0,40.0,1.0434453259757914,12.538867567919704,0.0,0.6858038969806317,5.2168820856861355,0.0,40.9948066016196,41.60820658807318,40.326640309908335,1.2815662781648456,-0.0020243652050174407,0.592865172454405,0.8273094497344538,0.2755472686564451,0.1814208216769705,0.5517621810780087,0,0
em2x3125u_bearing_fault_timeseries.csv,EMB_COMP_001,EM2X3125U,bearing_fault,shutdown,2026-01-01 00:00:20.000,2026-01-01 00:00:21.990,20.000000000000004,21.99,200,0.014465707077203816,0.00951175625276985,0.014465642950020487,0.009504407770866762,0.0408555985433641,0.0237075190594519,2.8243070542847866,2.4924439219674293,2.7622614069767417,2.6084996345140694,40.0,40.0,0.26655212372614284,3.9186267301807636,0.0,0.23690789336847856,1.5702115729450834,0.0,40.36417210338443,41.380197331708494,39.327328250876114,2.05286908083238,-0.010073335657417295,0.28065693086284527,0.5745998145758704,0.0,0.16338432125497673,0.5745998145758704,0,0
em2x3125u_bearing_fault_timeseries.csv,EMB_COMP_001,EM2X3125U,bearing_fault,idle,2026-01-01 00:00:21.000,2026-01-01 00:00:22.990,21.000000000000004,22.99,200,0.006723107474009741,0.0047171197332830945,0.006720195517348181,0.00470571687039974,0.0231950960109008,0.0130916248699957,3.450055811329604,2.775342923272373,5.207794565521364,4.2336321020673555,40.0,40.0,0.13524415234555237,0.7679860183192362,0.0,0.11998791285953685,0.3229398547715164,0.0,39.49822970606192,40.367638619589854,38.89653964074555,1.471098978844303,-0.007154002990448119,0.07025682734690178,0.2809755067105327,0.0,0.0903510955176407,0.2809755067105327,0,0
em2x3125u_bearing_fault_timeseries.csv,EMB_COMP_001,EM2X3125U,bearing_fault,idle,2026-01-01 00:00:22.000,2026-01-01 00:00:23.990,22.000000000000004,23.99,200,0.00149204084151215,0.0012419834973706422,0.00147886838501934,0.0012323366825182814,0.0045852410403842,0.0038349670621858,3.0731337325439165,3.0877761824570684,2.979211427008823,2.9201526527703345,37.0,35.0,0.024223786163209138,0.020014335449688808,0.0,0.01854277808412067,0.012081773612347605,0.0,38.95493549514897,39.37872976234745,38.5344294235273,0.8443003388201475,-0.0037526503661061963,0.0009163732399804001,0.0053431666502862,0.0,0.0012477144280097511,0.0053431666502862,0,0
em2x3125u_bearing_fault_timeseries.csv,EMB_COMP_001,EM2X3125U,bearing_fault,idle,2026-01-01 00:00:23.000,2026-01-01 00:00:24.990,23.000000000000004,24.99,200,0.001480631986770104,0.0012336366192283997,0.001479020038476257,0.0012265275033201738,0.0045852410403842,0.0038349670621858,3.096813442742504,3.1086683083260365,2.962826333961986,3.214320824693251,16.0,8.0,0.023193466558502244,0.02147025807068713,0.0,0.02130822158292147,0.008794408228594019,0.0,38.580181172081126,39.065151615066775,38.15585336762671,0.9092982474400628,-0.003799057473914962,0.0007628826072860647,0.0064910710213554,0.0,0.0011111161136407584,0.0064910710213554,0,0
em2x3125u_bearing_fault_timeseries.csv,EMB_COMP_001,EM2X3125U,bearing_fault,idle,2026-01-01 00:00:24.000,2026-01-01 00:00:25.990,24.000000000000004,25.99,200,0.0014845978839255034,0.0013035471239439469,0.0014842597418348437,0.001295490211936669,0.0049861830348943,0.0041435815492217,3.358608474983186,3.1786971664553922,3.308684927852352,3.2520399199292376,22.5,24.5,0.026320097219247773,0.01790971633085788,0.0,0.02300553102541234,0.010797184771645568,0.0,38.201565412011,38.637380653153016,37.75989474731075,0.8774859058422635,-0.0037635153090442982,0.0007712026163709598,0.0064910710213554,0.0,0.001132250414218267,0.0064910710213554,0,0
em2x3125u_bearing_fault_timeseries.csv,EMB_COMP_001,EM2X3125U,bearing_fault,idle,2026-01-01 00:00:25.000,2026-01-01 00:00:26.990,25.000000000000004,26.99,200,0.0014935801101536412,0.0013315080860386201,0.001490466254121421,0.0013272001787912803,0.0049861830348943,0.0041435815492217,3.3384101736473863,3.1119462154745907,3.2685099311646426,3.1598593137062925,39.0,21.5,0.02882161847101037,0.01561627817969776,0.0,0.020815202814110517,0.014453672634158185,0.0,37.82811588218774,38.26937332608769,37.40509881054415,0.864274515543535,-0.003679899645700302,0.0008567517361206686,0.0045320605603598,0.0,0.0011823574047512637,0.0045320605603598,0,0
em2x3125u_bearing_fault_timeseries.csv,EMB_COMP_001,EM2X3125U,bearing_fault,idle,2026-01-01 00:00:26.000,2026-01-01 00:00:27.990,26.000000000000004,27.99,200,0.001422282513622081,0.001177671518711908,0.001421889148061463,0.0011776705256814578,0.0050008523968709,0.0035988019149234,3.5160752867131793,3.0558622313118615,3.2979845436171953,3.11555928279742,36.0,42.0,0.025698428937960822,0.014761008043134892,0.0,0.015274744874311302,0.013170749526529333,0.0,37.44818887504639,37.88087269919329,37.01955926358454,0.86131343560875,-0.0038343151479866737,0.0007227481198695123,0.0045320605603598,0.0,0.001085815949953992,0.0045320605603598,0,0
em2x3125u_bearing_fault_timeseries.csv,EMB_COMP_001,EM2X3125U,bearing_fault,idle,2026-01-01 00:00:27.000,2026-01-01 00:00:28.990,27.000000000000004,28.99,200,0.0014415423270882,0.0011062209743064816,0.001440532792738164,0.0011062090249766674,0.0050008523968709,0.002862405389756,3.469098550142625,2.587552990080048,3.5539869830267454,2.9344459530673017,37.0,29.0,0.023170769680430355,0.01834722958859776,0.0,0.013543106628778492,0.011695758127036793,0.0,37.07291551595872,37.524890739940346,36.62337915186394,0.9015115880764029,-0.003621629064063747,0.0007392096464174389,0.0044405103461343,0.0,0.0010717138725430146,0.0044405103461343,0,0
em2x3125u_bearing_fault_timeseries.csv,EMB_COMP_001,EM2X3125U,bearing_fault,idle,2026-01-01 00:00:28.000,2026-01-01 00:00:29.990,28.000000000000004,29.99,200,0.001366988859299833,0.0012532004486877218,0.001366975852715008,0.001249211430691037,0.0039191213339763,0.0032423364153535,2.866973865451735,2.5872448567575,3.0896041618207524,2.6079607579921675,4.0,24.0,0.02150668105463748,0.015931159775575944,0.0,0.02017299252087928,0.011070785951191065,0.0,36.709479401549935,37.17637190812638,36.24708185979174,0.9292900483346358,-0.003685573382493421,0.000848585309109754,0.0044405103461343,0.0,0.0011055661513681304,0.0044405103461343,0,0
em2x3125u_bearing_fault_timeseries.csv,EMB_COMP_001,EM2X3125U,bearing_fault,idle,2026-01-01 00:00:29.000,2026-01-01 00:00:30.990,29.000000000000004,30.99,200,0.05818216243491401,0.03935301347645297,0.05818053874457359,0.03934513995839109,0.168963773879132,0.1295257484040294,2.904047680732816,3.291380683757081,4.975457058801168,4.719380263148487,40.0,40.0,15.606199541373979,52.15150423486062,0.0,6.327552663694649,24.643926836522787,0.0,30.914504605852844,36.78753850097681,24.11970295806903,12.667835542907778,-0.0821069190621347,2.5024097350014043,6.60712879550394,0.0,2.56436997731063,6.60712879550394,1,0
em2x3125u_bearing_fault_timeseries.csv,EMB_COMP_001,EM2X3125U,bearing_fault,startup,2026-01-01 00:00:30.000,2026-01-01 00:00:31.990,30.000000000000004,31.99,200,0.08253385991420406,0.05657026865753196,0.08252816710806365,0.05656546326742384,0.1978192172845874,0.1295257484040294,2.396824981773847,2.2896435084683637,2.6228980959108474,2.2237929012212616,40.0,40.0,30.98474755610736,105.31337734090035,0.0,13.471978444632766,50.53971337917437,0.0,26.303549922071117,28.40484773934105,24.11970295806903,4.28514478127202,0.020039040274598557,3.621136065811647,6.60712879550394,0.9084921674912216,1.5982173174136511,5.698636628012719,1,0
em2x3125u_bearing_fault_timeseries.csv,EMB_COMP_001,EM2X3125U,bearing_fault,startup,2026-01-01 00:00:31.000,2026-01-01 00:00:32.990,31.000000000000004,32.99,200,0.0632220435225111,0.043328903506201985,0.06320528704055106,0.043297357746708245,0.1978192172845874,0.1172665496468109,3.1289595568696082,2.706427815096352,4.196121460828737,3.345665562768658,40.0,40.0,16.638155322966035,63.262864998239266,0.0,7.5988428944223365,29.898100898321132,0.0,28.039695947694327,29.29966990910709,26.356443934333605,2.943225974773487,0.014453077437628274,1.4987943175966532,3.730611362665672,0.7108251443678324,0.9332640032766317,3.019786218297839,1,0
em2x3125u_bearing_fault_timeseries.csv,EMB_COMP_001,EM2X3125U,bearing_fault,steady_state,2026-01-01 00:00:32.000,2026-01-01 00:00:33.990,32.0,33.99,200,0.03346187468945049,0.02130755903526051,0.03346125716687676,0.021298340925379123,0.067696186472192,0.0432566311675825,2.023084094972555,2.0301073011694997,2.309613327833698,2.1212794147237064,40.0,40.0,2.471757656595044,19.92215348790181,0.0,0.858405233851208,8.217749037499447,0.0,29.15282349920486,29.988953721193937,28.20272088769641,1.7862328334975253,0.007453587341998663,0.7596351090419823,0.8125596490690004,0.7108251443678324,0.02074774857293039,0.10173450470116796,0,0
em2x3125u_bearing_fault_timeseries.csv,EMB_COMP_001,EM2X3125U,bearing_fault,steady_state,2026-01-01 00:00:33.000,2026-01-01 00:00:34.990,33.0,34.99,200,0.03354713555687101,0.02099562985294227,0.03354584330183856,0.02098972283987982,0.0643437093593377,0.0432566311675825,1.918009042836417,2.060268325864043,2.2468666906559585,2.109589038862488,40.0,40.0,2.06862947099068,20.438356821490785,0.0,0.8375209394881455,7.973938208695675,0.0,29.91979860729063,30.867744772491577,29.069060592285744,1.7986841802058322,0.007630095854476692,0.760002768240627,0.8173735964022792,0.715574864860772,0.018528774897401276,0.1017987315415072,0,0
em2x3125u_bearing_fault_timeseries.csv,EMB_COMP_001,EM2X3125U,bearing_fault,steady_state,2026-01-01 00:00:34.000,2026-01-01 00:00:35.990,34.0,35.99,200,0.03348458371074514,0.020718492701156912,0.033482433253232566,0.02071233092930206,0.0601264461500153,0.0429153012644936,1.7956456221589767,2.0713524812592774,2.168361361664754,2.1165650958562527,40.0,40.0,1.7383381269911304,20.686468832854914,0.0,0.78661965222584,7.795027555593718,0.0,30.6882791649302,31.532630167109183,29.76538849144806,1.767241675661122,0.00750490254157149,0.7602764466594354,0.8173735964022792,0.7123319518083469,0.01807460175276798,0.10504164459393239,0,0
em2x3125u_bearing_fault_timeseries.csv,EMB_COMP_001,EM2X3125U,bearing_fault,steady_state,2026-01-01 00:00:35.000,2026-01-01 00:00:36.990,35.0,36.99,200,0.035468432980949906,0.02079693563854792,0.03542124549415549,0.020794708080215413,0.1182519840230551,0.0429153012644936,3.334006441349361,2.0635396488388627,2.8098356355368375,2.1490978409870447,40.0,40.0,3.8458047620114573,21.255339536539662,0.0,0.8357623800247714,7.81740621170599,0.0,31.447295947652723,32.331135142555155,30.60279785984993,1.7283372827052261,0.007535450702152267,0.7599187323477737,0.820577517221383,0.7112482457514024,0.020817124295508495,0.1093292714699805,0,0
em2x3125u_bearing_fault_timeseries.csv,EMB_COMP_001,EM2X3125U,bearing_fault,steady_state,2026-01-01 00:00:36.000,2026-01-01 00:00:37.990,36.0,37.99,200,0.038672158685958975,0.020849043288869436,0.038410159511699654,0.020847562158002386,0.1902548161986296,0.0397031663323457,4.919684410265596,1.904315981421642,4.998474740394253,2.111904425511849,40.0,40.0,8.07109444072527,21.45364852861742,0.0,0.8752655547486954,7.822845905159082,0.0,32.20593411611082,33.09114570535342,31.2940097747951,1.7971359305583192,0.0076215029308345705,0.7603619780040919,0.820577517221383,0.7063409520473964,0.02124386525547979,0.1142365651739865,0,0
em2x3125u_bearing_fault_timeseries.csv,EMB_COMP_001,EM2X3125U,bearing_fault,steady_state,2026-01-01 00:00:37.000,2026-01-01 00:00:38.990,37.0,38.99,200,0.03680755178570797,0.020967813182500183,0.03673858035214662,0.02096769508474561,0.1902548161986296,0.0413926275654255,5.1689071119504275,1.9741032221696797,5.313388786865888,2.127326070452044,40.0,40.0,6.220078632099925,20.84933799782936,0.0,0.8680644962829694,7.925174918361973,0.0,32.96989657173626,33.80729862814995,32.06183842708408,1.7454602010658675,0.00770584261262441,0.7613056462311448,0.8154763772555782,0.7025472824993497,0.019621240039420416,0.11292909475622848,0,0
em2x3125u_bearing_fault_timeseries.csv,EMB_COMP_001,EM2X3125U,bearing_fault,steady_state,2026-01-01 00:00:38.000,2026-01-01 00:00:39.990,38.0,39.99,200,0.034619909999059575,0.020864006636510505,0.03459782550445515,0.0208639259157748,0.0906557348406926,0.0425040076802223,2.6186011125723665,2.0371929716434884,2.364675379605998,2.158557018022748,40.0,40.0,3.8770735616201795,20.063232319108245,0.0,0.8659484534984493,7.8401561347651825,0.0,33.735070935472365,34.74740061662694,32.89706168376359,1.8503389328633517,0.00754666852422649,0.7602036274138346,0.8102848827456433,0.7025472824993497,0.021181585584962442,0.10773760024629353,0,0
em2x3125u_bearing_fault_timeseries.csv,EMB_COMP_001,EM2X3125U,bearing_fault,steady_state,2026-01-01 00:00:39.000,2026-01-01 00:00:40.990,39.0,40.99,200,0.03637358802145786,0.020714365545903852,0.03626661849688234,0.020712595205794965,0.1380455654044148,0.0425040076802223,3.7952144100542844,2.0519097042113956,3.01245770318346,2.149452245501855,40.0,40.0,6.058693897880631,20.263980376075413,0.0,0.8507550429273171,7.729575633999842,0.0,34.49479932857751,35.334089532296446,33.61921415053183,1.7148753817646138,0.007556921083885777,0.7579995398507091,0.8179040829434663,0.7052923149521295,0.021022210457685892,0.11261176799133676,0,0
em2x3125u_bearing_fault_timeseries.csv,EMB_COMP_001,EM2X3125U,bearing_fault,steady_state,2026-01-01 00:00:40.000,2026-01-01 00:00:41.990,40.0,41.99,200,0.03505495044864266,0.02053944585301738,0.035028376708868394,0.020539229400950574,0.1380455654044148,0.0403831836109978,3.9379763382252895,1.9661281954724812,3.1023655442500115,2.0897674320608575,40.0,40.0,4.232228343480638,20.34007403294815,0.0,0.7808771283445808,7.656323047669496,0.0,35.25214624603255,36.14830764069639,34.44214839297984,1.706159247716549,0.007476726458502992,0.7581246744038727,0.8237542359771854,0.7135889462986007,0.018261706240307148,0.11016528967858474,0,0
em2x3125u_bearing_fault_timeseries.csv,EMB_COMP_001,EM2X3125U,bearing_fault,steady_state,2026-01-01 00:00:41.000,2026-01-01 00:00:42.990,41.0,42.99,200,0.03263174608306972,0.020240038299099185,0.032631428249677075,0.020240037251076006,0.0672519350405934,0.0377883615344465,2.060935840496921,1.8670103769580482,2.206936400762581,2.0731988972064856,40.0,40.0,1.8326952436215675,19.47402429153675,0.0,0.7233630507717336,7.470526090839187,0.0,36.0102252343736,36.87440554398849,35.09970277383984,1.7747027701486502,0.0075854517177049805,0.7594081937454018,0.8237542359771854,0.7132996700905665,0.01856768583486888,0.11045456588661895,0,0
em2x3125u_bearing_fault_timeseries.csv,EMB_COMP_001,EM2X3125U,bearing_fault,steady_state,2026-01-01 00:00:42.000,2026-01-01 00:00:43.990,42.0,43.99,200,0.03276737973945117,0.020606539313940422,0.03276672736810061,0.02060524553684793,0.0617496394664212,0.039614052677661,1.8844851177427548,1.922402013950101,2.199569675607316,2.079607744071362,40.0,40.0,1.868557726447448,19.607080192429343,0.0,0.8232695756126326,7.669612296852,0.0,36.770735755516895,37.61204711025195,35.9031553956963,1.708891714555648,0.007687750996881503,0.7598962823374006,0.8217276792191819,0.7132996700905665,0.019295907596395708,0.10842800912861539,0,0
em2x3125u_bearing_fault_timeseries.csv,EMB_COMP_001,EM2X3125U,bearing_fault,steady_state,2026-01-01 00:00:43.000,2026-01-01 00:00:44.990,43.0,44.99,200,0.03585860191513474,0.021211349720725175,0.0358290992012838,0.02121064945486264,0.1905720248744154,0.039614052677661,5.314541412558006,1.8675875509682875,5.617169688308067,2.080419784026177,40.0,40.0,4.5673442894709995,21.107191717844998,0.0,0.8894547511551785,8.109751550249147,0.0,37.52851887344778,38.471350604830505,36.6320962712653,1.8392543335652078,0.007609383520247286,0.7588440911096391,0.8217276792191819,0.709624846488067,0.0201950183388744,0.11210283273111488,0,0
em2x3125u_bearing_fault_timeseries.csv,EMB_COMP_001,EM2X3125U,bearing_fault,steady_state,2026-01-01 00:00:44.000,2026-01-01 00:00:45.990,44.0,45.99,200,0.03583698752260487,0.02085054703910421,0.03577569575398431,0.020850461003992963,0.1905720248744154,0.0398681458452932,5.317746776405479,1.9120911202244424,5.548115707121195,2.1699935658316107,40.0,40.0,4.265559225127252,21.332743386363067,0.0,0.8631266222270818,7.833724626509284,0.0,38.29089289787701,39.10139797622768,37.4123599743357,1.68903800189198,0.00767971831247797,0.7587421247634795,0.8127658581258281,0.7051826275047204,0.020000463857237548,0.10758323062110775,0,0
em2x3125u_bearing_fault_timeseries.csv,EMB_COMP_001,EM2X3125U,bearing_fault,steady_state,2026-01-01 00:00:45.000,2026-01-01 00:00:46.990,45.0,46.99,200,0.03356418195583453,0.020616835628949896,0.03356413662753547,0.020611769436787296,0.0648313150678846,0.0414881183983435,1.93156249579367,2.0123417164992294,2.1753490990794386,2.159011751133785,40.0,40.0,1.83374895292502,20.697611753300148,0.0,0.8628307114812893,7.643849514490303,0.0,39.05396869250081,39.84247375712009,38.12149463383791,1.7209791232821772,0.007553763381854852,0.762550956888364,0.8208290839255408,0.6921286897527361,0.019439513499896716,0.12870039417280466,0,0
em2x3125u_bearing_fault_timeseries.csv,EMB_COMP_001,EM2X3125U,bearing_fault,steady_state,2026-01-01 00:00:46.000,2026-01-01 00:00:47.990,46.0,47.99,200,0.03373526479635032,0.020920327735792676,0.033732115068352546,0.020919912230675332,0.0648313150678846,0.0414881183983435,1.921766894650207,1.9831485874555066,2.1929839464576686,2.1110141236063615,40.0,40.0,2.092377639779414,20.664863569556914,0.0,0.8324352618004384,7.92174250478204,0.0,39.81522149514997,40.72671087117892,38.881730958205935,1.8449799129729882,0.007543459671461356,0.7620694497210408,0.8208290839255408,0.6921286897527361,0.021092998237803542,0.12870039417280466,0,0
em2x3125u_bearing_fault_timeseries.csv,EMB_COMP_001,EM2X3125U,bearing_fault,steady_state,2026-01-01 00:00:47.000,2026-01-01 00:00:48.990,47.0,48.99,200,0.03341979184934777,0.020896214526754598,0.033419392408754287,0.020894100695586063,0.0610649114311904,0.0418672874230822,1.8272080121403318,2.0035823890244404,2.1464424444782484,2.1599605325311186,40.0,40.0,1.9744922868703143,20.36412820539813,0.0,0.8514895504860626,7.880553076793374,0.0,40.57206665032203,41.507750652985074,39.652957248241925,1.8547934047431482,0.00744225933344065,0.7577761002431269,0.8145701200951554,0.7023778831318579,0.020374645770325318,0.1121922369632975,0,0
em2x3125u_bearing_fault_timeseries.csv,EMB_COMP_001,EM2X3125U,bearing_fault,steady_state,2026-01-01 00:00:48.000,2026-01-01 00:00:49.990,48.0,49.99,200,0.03383497447426375,0.020560808851971077,0.033834423801218656,0.020560413154175554,0.0624192757381567,0.0418672874230822,1.8448152158540958,2.036266555684095,2.0800799886067596,2.1193309778692635,40.0,40.0,1.5507414055294688,21.349006832599347,0.0,0.8537214589094368,7.600895874166898,0.0,41.335524894397935,42.20310339424596,40.44086235088226,1.7622410433636944,0.0077153499269277314,0.7599533565539462,0.8134927639150458,0.7085404220928557,0.018685687547782857,0.10495234182219004,0,0
em2x3125u_bearing_fault_timeseries.csv,EMB_COMP_001,EM2X3125U,bearing_fault,shutdown,2026-01-01 00:00:49.000,2026-01-01 00:00:50.990,49.0,50.99,200,0.026987970011115407,0.016348649017404196,0.026986939059379846,0.016346676482829486,0.0624192757381567,0.0367415204798031,2.3128555320184647,2.247373494940736,2.7556190925115365,2.6854152070958257,40.0,40.0,0.7627935780425865,13.813914375909665,0.0,0.5193288870621339,4.827034240385148,0.0,41.6668886880213,42.20310339424596,41.03856996520711,1.1645334290388476,-0.001204731822326642,0.5916904263733244,0.8134927639150458,0.2716684695171166,0.18185521443007993,0.5418242943979292,0,0
em2x3125u_bearing_fault_timeseries.csv,EMB_COMP_001,EM2X3125U,bearing_fault,shutdown,2026-01-01 00:00:50.000,2026-01-01 00:00:51.990,50.0,51.99,200,0.014061251677065028,0.008943534674949313,0.014059540743970473,0.008941693292175196,0.0332795280258244,0.0216278720269574,2.3667543110764346,2.4182689297931272,2.3510854522900675,2.5736672353009604,40.0,40.0,0.2530839492438274,3.7073503966163424,0.0,0.17310261960746334,1.4263379027560652,0.0,41.10850194023165,42.11984568187439,40.08491365500895,2.034932026865441,-0.010020352639274406,0.27911704281530436,0.5624182577266379,0.0,0.1624547690357821,0.5624182577266379,0,0
em2x3125u_bearing_fault_timeseries.csv,EMB_COMP_001,EM2X3125U,bearing_fault,idle,2026-01-01 00:00:51.000,2026-01-01 00:00:52.990,51.0,52.99,200,0.007093595828614346,0.0044904374065123,0.007092455000947017,0.004486781637398796,0.0228005159648465,0.0155497382494904,3.214239507821004,3.4628560297799145,4.378890500859347,4.595024625565305,40.0,40.0,0.13903909233206185,0.8671661897308192,0.0,0.07945979956240572,0.3234820654492111,0.0,40.28747085685122,41.188227610158286,39.76604101057272,1.4221865995855651,-0.00643997543412891,0.06963662785424769,0.2864411397901439,0.0,0.08947595118890474,0.2864411397901439,0,0
em2x3125u_bearing_fault_timeseries.csv,EMB_COMP_001,EM2X3125U,bearing_fault,idle,2026-01-01 00:00:52.000,2026-01-01 00:00:53.990,52.0,53.99,200,0.001513742021010296,0.0012544745666337046,0.0015035632530025758,0.0012508868828069884,0.0052666996996688,0.0034072393197527,3.479258438075016,2.71606887088655,3.005312807040456,3.0200025301366678,18.0,22.0,0.027536646266717788,0.017955533911165424,0.0,0.020265794553782794,0.011371079458734556,0.0,39.78467818959995,40.17703504930434,39.32360282291023,0.853432226394105,-0.003641233729342808,0.0008697097832636394,0.0052871366677016,0.0,0.0011680826667816967,0.0052871366677016,0,0
em2x3125u_bearing_fault_timeseries.csv,EMB_COMP_001,EM2X3125U,bearing_fault,idle,2026-01-01 00:00:53.000,2026-01-01 00:00:54.990,53.0,54.99,200,0.0016203614590117215,0.0012000133154270204,0.001616195689752377,0.0011997146322063443,0.0052666996996688,0.0038639340048342,3.2503239757881093,3.219909275306027,3.4937506193229693,3.167776456746029,40.5,7.0,0.03259021911888881,0.020477146062558852,0.0,0.01857019655015977,0.010238324794532759,0.0,39.40610929679985,39.86677812926144,38.93893016791148,0.9278479613499613,-0.00391250624734046,0.0008938697488916155,0.0052871366677016,0.0,0.0012259577035339724,0.0052871366677016,0,0
em2x3125u_bearing_fault_timeseries.csv,EMB_COMP_001,EM2X3125U,bearing_fault,idle,2026-01-01 00:00:54.000,2026-01-01 00:00:55.990,54.0,55.99,200,0.0015309831228028324,0.0011356750884953689,0.0015300251232739552,0.0011321996021596194,0.0048935829611042,0.0038639340048342,3.196366366302798,3.402323467316204,3.6070148830739273,3.2625798550423806,40.0,7.0,0.0288466311183686,0.018071334636309562,0.0,0.017451705229651546,0.008188348184860675,0.0,39.02567040229858,39.47852292544924,38.63976203143007,0.838760894019174,-0.0036923788151500617,0.0008689479865606264,0.0050108098678513,0.0,0.0012295369498993266,0.0050108098678513,0,0
em2x3125u_bearing_fault_timeseries.csv,EMB_COMP_001,EM2X3125U,bearing_fault,idle,2026-01-01 00:00:55.000,2026-01-01 00:00:56.990,55.0,56.99,200,0.0013824557283357746,0.0011388743403048945,0.0013823498094422864,0.0011385248754330606,0.0040240839661081,0.0027934748571642,2.9108230257415664,2.4528385251144944,2.722812459275883,2.4972338090869344,7.5,12.5,0.023582047762016403,0.014638711533301206,0.0,0.017307839196813904,0.008618805363757342,0.0,38.65471037031327,39.094913060067945,38.18283427425212,0.9120787858158224,-0.003802975780165367,0.0008306363053581388,0.0050108098678513,0.0,0.0012113348973314736,0.0050108098678513,0,0
em2x3125u_bearing_fault_timeseries.csv,EMB_COMP_001,EM2X3125U,bearing_fault,idle,2026-01-01 00:00:56.000,2026-01-01 00:00:57.990,56.0,57.99,200,0.0015170367737728837,0.0012706742236216278,0.001516589148454417,0.0012704350613958824,0.0045617167295967,0.0032187248551252,3.0069915301075207,2.533084244009697,3.03430092888435,2.407946602200274,42.0,5.0,0.024936712424019476,0.021179360843776262,0.0,0.01843750130058628,0.0140475424995535,0.0,38.28017886860699,38.74978319279583,37.85286597111813,0.8969172216777039,-0.003800881110491997,0.0007763675882417945,0.0055662023402074,0.0,0.0011235106481994627,0.0055662023402074,0,0
em2x3125u_bearing_fault_timeseries.csv,EMB_COMP_001,EM2X3125U,bearing_fault,idle,2026-01-01 00:00:57.000,2026-01-01 00:00:58.990,57.0,58.99,200,0.0016062721425019225,0.0012203086770079799,0.001605668341097515,0.001212476752131872,0.0045617167295967,0.0038714771888623,2.8399401377224844,3.172539261422447,3.073214648180678,2.9128577831866993,32.0,38.0,0.02283268482939931,0.02874773031067633,0.0,0.014271883474497229,0.015252119996841017,0.0,37.9014263254033,38.32703454461039,37.4635400258404,0.8634945187699898,-0.003782014383778956,0.0007741297044492735,0.0055662023402074,0.0,0.0011043835394375738,0.0055662023402074,0,0
em2x3125u_bearing_fault_timeseries.csv,EMB_COMP_001,EM2X3125U,bearing_fault,idle,2026-01-01 00:00:58.000,2026-01-01 00:00:59.990,58.0,59.99,200,0.0016200343745681402,0.0011723381659349875,0.0016191801698359847,0.0011596355318782992,0.0042289931309088,0.0038714771888623,2.610434196518911,3.3023553283148797,2.732384876180758,3.280580096704046,32.0,10.5,0.02668438525249398,0.025998380883663307,0.0,0.014615653114367178,0.012323637635635048,0.0,37.52278032941058,37.97772580966246,37.035289926123816,0.9424358835386428,-0.003747067238277714,0.0008351519469357016,0.0052264529906039,0.0,0.001151225407245754,0.0052264529906039,0,0
em2x3125u_bearing_fault_timeseries.csv,EMB_COMP_001,EM2X3125U,bearing_fault,idle,2026-01-01 00:00:59.000,2026-01-01 00:01:00.990,59.0,60.99,200,0.05625617214521351,0.038559938288305645,0.05625312322937096,0.038553536257280405,0.1878684911847846,0.1056865551501172,3.33951785236723,2.7408382855781057,5.287503904734857,4.3931750516618004,40.0,40.0,15.211651901335202,48.103502200228455,0.0,5.276558692252735,24.50595007504568,0.0,31.46490661553912,37.566373386499365,24.57763974160605,12.988733644893315,-0.08600447700668286,2.5127594631000956,6.397758654382916,0.0,2.575514406809545,6.397758654382916,1,0
em2x3125u_bearing_fault_timeseries.csv,EMB_COMP_001,EM2X3125U,bearing_fault,startup,2026-01-01 00:01:00.000,2026-01-01 00:01:01.990,60.0,61.99,200,0.07817081070385375,0.055354472707209064,0.0781708100209427,0.05535418370178744,0.1878684911847846,0.1346204804846352,2.4033074429343593,2.4319711470596843,2.5468838670989227,2.29888497157474,40.0,40.0,28.910128150677675,93.30439492167983,0.0,12.002794116400812,49.38203353291195,0.0,26.602198776913347,28.614902772957155,24.57763974160605,4.037263031351106,0.02016618394102929,3.634063350433784,6.397758654382916,0.8626396518454715,1.6049775936759205,5.535119002537445,1,0
em2x3125u_bearing_fault_timeseries.csv,EMB_COMP_001,EM2X3125U,bearing_fault,startup,2026-01-01 00:01:01.000,2026-01-01 00:01:02.990,61.0,62.99,200,0.05934623350259678,0.04239930187787558,0.059339786128031105,0.042385676519630405,0.1686024348311295,0.1346204804846352,2.8409963847790283,3.175063610065751,3.567048442462812,3.780691035263679,40.0,40.0,14.69038486411849,55.76395063994376,0.0,7.101157262358676,28.840582574546715,0.0,28.30644768044069,29.452836359899845,26.542872577158946,2.909963782740899,0.01395600980417308,1.5015127479558552,3.611595452655301,0.7136435512301837,0.932309254378809,2.8979519014251176,1,0
em2x3125u_bearing_fault_timeseries.csv,EMB_COMP_001,EM2X3125U,bearing_fault,steady_state,2026-01-01 00:01:02.000,2026-01-01 00:01:03.990,62.0,63.99,200,0.03347999440897889,0.02083674146309015,0.03347883755843765,0.020835953113315795,0.0662565074441275,0.0391859221711649,1.978988008025425,1.8806166137146818,2.225063006101968,2.051905221017748,40.0,40.0,1.8318241605911134,20.58533854733898,0.0,0.7680415039760357,7.915068114015102,0.0,29.38819063324175,30.345327713243293,28.38189028994202,1.9634374233012721,0.007726043933141934,0.7600596207596548,0.8015244644178767,0.7084132618604082,0.01940306999152821,0.09311120255746852,0,0
em2x3125u_bearing_fault_timeseries.csv,EMB_COMP_001,EM2X3125U,bearing_fault,steady_state,2026-01-01 00:01:03.000,2026-01-01 00:01:04.990,63.0,64.99,200,0.03596552570937023,0.020981694850538694,0.03593911800971092,0.020981339808653975,0.1539565312848236,0.0416868253834834,4.280669564763591,1.9868187808676054,4.0367182299386775,2.0646467396255574,40.0,40.0,5.209774718329722,20.640665217173048,0.0,0.754887377610123,8.050027985175491,0.0,30.17264798034701,31.10047590047009,29.18970980351645,1.9107660969536404,0.007909363549739602,0.7604718908742236,0.8159995209913464,0.7084132618604082,0.018897165676840303,0.10758625913093822,0,0
em2x3125u_bearing_fault_timeseries.csv,EMB_COMP_001,EM2X3125U,bearing_fault,steady_state,2026-01-01 00:01:04.000,2026-01-01 00:01:05.990,64.0,65.99,200,0.038682513695639305,0.021179802554569194,0.038580379643142135,0.021177772050477273,0.1679470274942214,0.0416868253834834,4.341678227419697,1.9682348443087896,4.831285790596801,2.1150207650256454,40.0,40.0,7.563773121671376,22.205150678806408,0.0,0.859987703412431,8.110208762045927,0.0,30.958519217631114,31.840417248923604,30.076232674825185,1.7641845740984188,0.007775959423052381,0.7588246793027422,0.8159995209913464,0.7013039922312665,0.019582344947594733,0.11469552876007993,0,0
em2x3125u_bearing_fault_timeseries.csv,EMB_COMP_001,EM2X3125U,bearing_fault,steady_state,2026-01-01 00:01:05.000,2026-01-01 00:01:06.990,65.0,66.99,200,0.03571468691574504,0.021293084954960295,0.035662191305115665,0.021293083738750787,0.1679470274942214,0.043901451429186,4.70246394404709,2.061770359816228,4.1547696290934955,2.1532640744081313,40.0,40.0,4.115435929805497,21.35829749974979,0.0,0.9116658199817476,8.156369026584434,0.0,31.732952053384164,32.73267285815027,30.764698940725825,1.9679739174244482,0.00789272089939678,0.7577032475554827,0.8064840765570436,0.7013039922312665,0.02009177652165969,0.10518008432577708,0,0
em2x3125u_bearing_fault_timeseries.csv,EMB_COMP_001,EM2X3125U,bearing_fault,steady_state,2026-01-01 00:01:06.000,2026-01-01 00:01:07.990,66.0,67.99,200,0.03323843236913192,0.021139936054809554,0.033237198287386936,0.021139493838281273,0.0645951654579805,0.043901451429186,1.9433878451490736,2.0767069169633543,2.167706969368981,2.200738050625904,40.0,40.0,1.7380254682969465,20.375961402756136,0.0,0.8942859388452348,8.043440013628004,0.0,32.51641455897466,33.457755893846105,31.504337458167058,1.9534184356790476,0.007933453917454026,0.7598301439616324,0.8064840765570436,0.7081890735881435,0.019260030924331806,0.09829500296890004,0,0
em2x3125u_bearing_fault_timeseries.csv,EMB_COMP_001,EM2X3125U,bearing_fault,steady_state,2026-01-01 00:01:07.000,2026-01-01 00:01:08.990,67.0,68.99,200,0.03556879409935129,0.021128689440759407,0.03554068275628368,0.021124665363500102,0.1141133297753144,0.044477163991674,3.208242861890997,2.1050602365271645,2.5234530745656114,2.175408143460942,40.0,40.0,4.044591313965638,21.218292932133195,0.0,0.9323590208463673,7.9941491452181515,0.0,33.3039576775782,34.205307642635745,32.30717336991854,1.8981342727172077,0.007842944482507696,0.7614938139223506,0.8067181774581091,0.7142549571442647,0.019283359244831717,0.09246322031384446,0,0
em2x3125u_bearing_fault_timeseries.csv,EMB_COMP_001,EM2X3125U,bearing_fault,steady_state,2026-01-01 00:01:08.000,2026-01-01 00:01:09.990,68.0,69.99,200,0.03536951151746038,0.020981131002083098,0.03532242163330949,0.020980201685657177,0.1141133297753144,0.044477163991674,3.2263190776322044,2.119864938990091,2.509041334826729,2.12370598461628,40.0,40.0,4.004303760490712,20.96116378734695,0.0,0.8515196783066356,7.953475594838646,0.0,34.09526589814427,35.117784709626164,33.12159695535473,1.996187754271432,0.0080473922517121,0.7611348142528772,0.8067181774581091,0.6970789818077687,0.01909789991078261,0.10963919565034042,0,0
em2x3125u_bearing_fault_timeseries.csv,EMB_COMP_001,EM2X3125U,bearing_fault,steady_state,2026-01-01 00:01:09.000,2026-01-01 00:01:10.990,69.0,70.99,200,0.03501731887345297,0.0204138373869282,0.03496718815484899,0.0204131112659431,0.0971621830572968,0.0367034241284494,2.7746893875120913,1.7979678897585458,2.412815709850011,2.1276485355033006,40.0,40.0,4.119004515858283,20.340160910099094,0.0,0.8083419148384023,7.526407674506849,0.0,34.870270251663825,35.7042613596208,33.984911908405,1.7193494512157983,0.007658213207573547,0.7606197931037011,0.8207798015284196,0.6970789818077687,0.020195892055931024,0.12370081972065083,0,0
em2x3125u_bearing_fault_timeseries.csv,EMB_COMP_001,EM2X3125U,bearing_fault,steady_state,2026-01-01 00:01:10.000,2026-01-01 00:01:11.990,70.0,71.99,200,0.03528821116409524,0.02063640488789483,0.03524146934398021,0.020631395898778805,0.0971621830572968,0.0379765402526649,2.7533893006216363,1.8402691970315852,2.4100269905165463,2.098889277987624,40.0,40.0,4.084130899300738,20.77857974204158,0.0,0.7624348630484614,7.750873626356212,0.0,35.6492294904208,36.74133586901226,34.72429810394631,2.0170377650659503,0.008017200941196569,0.7608210694275678,0.8242906103074945,0.7056166282254122,0.0204919216423127,0.11867398208208235,0,0
em2x3125u_bearing_fault_timeseries.csv,EMB_COMP_001,EM2X3125U,bearing_fault,steady_state,2026-01-01 00:01:11.000,2026-01-01 00:01:12.990,71.0,72.99,200,0.03355388403100476,0.020925846227457065,0.03355372267195598,0.02092213192630278,0.0648914638805365,0.038778555657078,1.9339479095944574,1.85314157599974,2.1273322215775465,2.042163856578064,40.0,40.0,1.618248532369215,20.904250601979033,0.0,0.7320736787141112,8.02557238349871,0.0,36.43930978649665,37.41115541979648,35.553841055197374,1.8573143645991053,0.007789081734222403,0.7596483709228243,0.8242906103074945,0.7025471044766132,0.02052298353384213,0.12174350583088134,0,0
em2x3125u_bearing_fault_timeseries.csv,EMB_COMP_001,EM2X3125U,bearing_fault,steady_state,2026-01-01 00:01:12.000,2026-01-01 00:01:13.990,72.0,73.99,200,0.03300217295464473,0.021060995874362186,0.033000979677910165,0.021059617424672668,0.0585615887340829,0.0400555475539675,1.774476753835718,1.901882883075231,2.1269153060387334,2.0862434933129195,40.0,40.0,1.580375261561934,20.20167346411707,0.0,0.8763375989321137,7.993813153019728,0.0,37.22103502139792,38.093163246891656,36.22106646773903,1.8720967791526277,0.00792044878546108,0.7612294005043913,0.82254158243244,0.7025471044766132,0.02240740561541824,0.11999447795582685,0,0
em2x3125u_bearing_fault_timeseries.csv,EMB_COMP_001,EM2X3125U,bearing_fault,steady_state,2026-01-01 00:01:13.000,2026-01-01 00:01:14.990,73.0,74.99,200,0.03330102891856997,0.021058765827107046,0.033301024268338024,0.021058718189435444,0.0637081166956299,0.0400555475539675,1.9130975457669335,1.9020842856046014,2.201332170049434,2.1300622539498217,40.0,40.0,2.005737063060468,20.1740270639935,0.0,0.9371446706993748,7.935801864820204,0.0,38.01576609486211,38.8944891236121,36.97127710484583,1.9232120187662645,0.008017364254701627,0.7627666604771249,0.82254158243244,0.7106252098495072,0.021134380533831855,0.11191637258293285,0,0
em2x3125u_bearing_fault_timeseries.csv,EMB_COMP_001,EM2X3125U,bearing_fault,steady_state,2026-01-01 00:01:14.000,2026-01-01 00:01:15.990,74.0,75.99,200,0.034040726162493026,0.021028799401016176,0.034038996260027855,0.021028679205571253,0.0678512050639528,0.0429541705680918,1.993236123696828,2.0426354234001645,2.198688731456293,2.140021046719886,40.0,40.0,2.0319090967054603,21.14547117556981,0.0,0.8847894931203298,7.959414032781187,0.0,38.80076347415798,39.68145047969139,37.69496419902811,1.9864862806632857,0.007783252084818478,0.7601375169549882,0.8093352995030358,0.7017551385701033,0.020270570837735865,0.10758016093293254,0,0
em2x3125u_bearing_fault_timeseries.csv,EMB_COMP_001,EM2X3125U,bearing_fault,steady_state,2026-01-01 00:01:15.000,2026-01-01 00:01:16.990,75.0,76.99,200,0.03358897543648871,0.021238905811474477,0.03358858870424454,0.02123832626202992,0.0678512050639528,0.0429541705680918,2.0200439037578977,2.0224286010480585,2.189686001371733,2.1227535926988805,40.0,40.0,1.9371024743906369,20.62834400461056,0.0,0.8219330321425949,8.200012615319897,0.0,39.573371962686174,40.45316091995891,38.69052904732841,1.7626318726305001,0.007754572766707816,0.760399556803263,0.8108537299578136,0.7017551385701033,0.020212752992377903,0.10909859138771028,0,0
em2x3125u_bearing_fault_timeseries.csv,EMB_COMP_001,EM2X3125U,bearing_fault,steady_state,2026-01-01 00:01:16.000,2026-01-01 00:01:17.990,76.0,77.99,200,0.03623315779340144,0.021142701506892986,0.03608807536552248,0.02114145181162048,0.1175264272679857,0.0404517593202886,3.2436153629808357,1.9132729706797609,3.258424313837565,2.05079109215441,40.0,40.0,7.137823128708641,18.911884804393043,0.0,0.7892637740381616,8.15024796733419,0.0,40.353522977151776,41.22350644841507,39.454668003334206,1.768838445080867,0.007808902723999384,0.7599237224275813,0.8108537299578136,0.708716532218433,0.01861980129735734,0.10213719773938057,0,0
em2x3125u_bearing_fault_timeseries.csv,EMB_COMP_001,EM2X3125U,bearing_fault,steady_state,2026-01-01 00:01:17.000,2026-01-01 00:01:18.990,77.0,78.99000000000001,200,0.03633742257458167,0.021044594304926455,0.03617348162059652,0.021044589143934086,0.1175264272679857,0.0400337121981762,3.234308295442958,1.9023275819959364,3.211559216349506,2.04965206701813,40.0,40.0,6.853109439232094,19.324435891576908,0.0,0.7370360399057071,8.120508532309406,0.0,41.127907072718905,42.08589997388081,40.124063921575136,1.9618360523056708,0.007764807664067527,0.7591381246656723,0.815742209983082,0.7129417140645393,0.018493382046176402,0.10280049591854268,0,0
em2x3125u_bearing_fault_timeseries.csv,EMB_COMP_001,EM2X3125U,bearing_fault,steady_state,2026-01-01 00:01:18.000,2026-01-01 00:01:19.990,78.0,79.99000000000001,200,0.03328268656714282,0.021033057643706058,0.033281235970426454,0.021031162023649363,0.0636656138710827,0.0400337121981762,1.9128748438815748,1.903371011306856,2.1593255977486123,2.1053317946348487,40.0,40.0,1.7418092579397138,20.411012418275426,0.0,0.783661795329438,8.063205355970258,0.0,41.910276704219974,42.77118615042199,40.98025942568354,1.7909267247384477,0.008045642469293231,0.7603593567895427,0.815742209983082,0.7076793809085948,0.018933815051125933,0.10806282907448717,0,0
em2x3125u_bearing_fault_timeseries.csv,EMB_COMP_001,EM2X3125U,bearing_fault,shutdown,2026-01-01 00:01:19.000,2026-01-01 00:01:20.990,79.0,80.99000000000001,200,0.02704247714984151,0.016828088021287692,0.02704003312216894,0.016826834759251393,0.0616727605670547,0.0396024081068779,2.28058843224043,2.353351614085954,2.784073765292744,2.7492213223118624,40.0,40.0,1.1718086957756595,13.451856783684446,0.0,0.5017541418427851,5.162468290519344,0.0,42.25450063181747,42.78241165084765,41.57811114065744,1.2043005101902082,-0.001170906260700341,0.5899463107443302,0.8027564702113319,0.2663434151976221,0.18085727330170587,0.5364130550137098,0,0
em2x3125u_bearing_fault_timeseries.csv,EMB_COMP_001,EM2X3125U,bearing_fault,shutdown,2026-01-01 00:01:20.000,2026-01-01 00:01:21.990,80.00000000000001,81.99000000000001,200,0.014351797523872592,0.009310724615514451,0.014349655979485572,0.009308195386652233,0.0346374490495664,0.0219430407943275,2.413457198789972,2.3567489857624864,2.4702988977415394,2.5783319982712496,40.0,40.0,0.28949322740651,3.8310431298690166,0.0,0.21919269050858076,1.5212774743895137,0.0,41.7022132527021,42.78241165084765,40.68902193776184,2.093389713085813,-0.009952946326887011,0.27911524340912813,0.5664285572790609,0.0,0.16270549312011398,0.5664285572790609,0,0
em2x3125u_bearing_fault_timeseries.csv,EMB_COMP_001,EM2X3125U,bearing_fault,idle,2026-01-01 00:01:21.000,2026-01-01 00:01:22.990,81.00000000000001,82.99000000000001,200,0.006603532361410429,0.0048243323485439174,0.00660296671516042,0.004813046824702736,0.0262590221068153,0.017859328643239,3.9765114592709763,3.7019275109910934,5.182286717897893,5.500631148184968,40.0,40.0,0.11452648400897254,0.7588355591878598,0.0,0.1462870382883757,0.3201392481274118,0.0,40.903432705989374,41.748966461297655,40.3535435701431,1.3954228911545528,-0.006291626891881599,0.06984155779696538,0.2853705637685352,0.0,0.09073785894729798,0.2853705637685352,0,0
em2x3125u_bearing_fault_timeseries.csv,EMB_COMP_001,EM2X3125U,bearing_fault,idle,2026-01-01 00:01:22.000,2026-01-01 00:01:23.990,82.00000000000001,83.99000000000001,200,0.0013863370822078931,0.0011409217850485394,0.0013846625773004876,0.0011394118933310254,0.0042564558192467,0.0034935569643154,3.0702892347565496,3.0620477320158894,3.1166425677180203,2.8788059916839885,27.5,13.0,0.024530210653875433,0.014341887612013673,0.0,0.01681345677648727,0.009154662359923078,0.0,40.41931549445196,40.82651322067016,39.98546741765334,0.8410458030168186,-0.0036823545121985107,0.0007347850392506931,0.0046939445418812,0.0,0.001108810984817889,0.0046939445418812,0,0
em2x3125u_bearing_fault_timeseries.csv,EMB_COMP_001,EM2X3125U,bearing_fault,idle,2026-01-01 00:01:23.000,2026-01-01 00:01:24.990,83.00000000000001,84.99000000000001,200,0.0015199376576256812,0.0012066321540156301,0.0015117728913357467,0.001205109744759202,0.0042564558192467,0.0038354394112869,2.8004147393096224,3.178631862678854,2.9556533483435103,2.9771376792568462,21.5,21.0,0.029551821073796218,0.016665491910311428,0.0,0.01918594544558941,0.010074223490681352,0.0,40.04730920746331,40.478410632091,39.62541548718735,0.8529951449036517,-0.0037884917645721757,0.000786943797166639,0.0060633253284577,0.0,0.0011394036849131472,0.0060633253284577,0,0
em2x3125u_bearing_fault_timeseries.csv,EMB_COMP_001,EM2X3125U,bearing_fault,idle,2026-01-01 00:01:24.000,2026-01-01 00:01:25.990,84.00000000000001,85.99000000000001,200,0.0014846273749891629,0.0012714385598006463,0.0014551655975169626,0.0012713732430390172,0.0037750587001765,0.0038354394112869,2.542765116535761,3.01661404062519,2.8138289595811092,3.117720898659684,33.5,50.0,0.025415127730951913,0.01698061264590383,0.0,0.019459421484533918,0.013693958227502651,0.0,39.666256631145885,40.11550068933338,39.24811564056544,0.8673850487679431,-0.003744896724395046,0.0006909398090393878,0.0060633253284577,0.0,0.0011067500761547363,0.0060633253284577,0,0
em2x3125u_bearing_fault_timeseries.csv,EMB_COMP_001,EM2X3125U,bearing_fault,idle,2026-01-01 00:01:25.000,2026-01-01 00:01:26.990,85.00000000000001,86.99000000000001,200,0.0015479445090532534,0.001282104508101804,0.0015163220583321604,0.0012813045059274827,0.004347008441936,0.0035118541183967,2.80824565513314,2.7391324936499215,2.9678260747346674,3.1076378786486427,40.5,33.0,0.024749138990209342,0.021487971497900767,0.0,0.02036713452950196,0.01260693878135307,0.0,39.2877136331917,39.71201425811863,38.856679300010896,0.8553349581077327,-0.00372513011651966,0.0005986999564727142,0.0042490139029112,0.0,0.0010062226252942924,0.0042490139029112,0,0
em2x3125u_bearing_fault_timeseries.csv,EMB_COMP_001,EM2X3125U,bearing_fault,idle,2026-01-01 00:01:26.000,2026-01-01 00:01:27.990,86.00000000000001,87.99000000000001,200,0.0015205412843620344,0.0012145373958798245,0.0015204867716834356,0.0012141504085539454,0.004347008441936,0.0035118541183967,2.858855913116395,2.8915158399488172,2.893788747252283,2.8527407629036396,30.0,6.0,0.028196786965519176,0.01837895882675884,0.0,0.01945363175132802,0.010121608064662736,0.0,38.91776104517369,39.37594802771314,38.48052620421203,0.8954218235011098,-0.003655286751938547,0.000751458303745573,0.0058779389668797,0.0,0.0011928645262115668,0.0058779389668797,0,0
em2x3125u_bearing_fault_timeseries.csv,EMB_COMP_001,EM2X3125U,bearing_fault,idle,2026-01-01 00:01:27.000,2026-01-01 00:01:28.990,87.00000000000001,88.99000000000001,200,0.0013659763214899836,0.0011054884840700863,0.0013640112933426816,0.0011029832524864982,0.0036678701413622,0.0029109271048154,2.6851637789455602,2.6331591389339626,2.9628976094854536,2.7139396965771994,20.5,23.5,0.022997214628168054,0.01432317174850705,0.0,0.016109406475700458,0.00825444547508004,0.0,38.54175856934955,39.0108306198067,38.06006620757352,0.9507644122331769,-0.0038243215365209747,0.0007009568256409713,0.0058779389668797,0.0,0.0011581879122987296,0.0058779389668797,0,0
em2x3125u_bearing_fault_timeseries.csv,EMB_COMP_001,EM2X3125U,bearing_fault,idle,2026-01-01 00:01:28.000,2026-01-01 00:01:29.990,88.00000000000001,89.99000000000001,200,0.0013711778992028534,0.0011462812261774718,0.0013710165424004174,0.0011458017938184022,0.0042555113720428,0.0034024760048322,3.1035443136275607,2.9682733408960282,3.2639463689426504,2.969823707797541,33.5,26.0,0.020841587113243364,0.01676490248992832,0.0,0.01579970231388491,0.010457567355857445,0.0,38.16040755971844,38.54564230118278,37.68527222716766,0.8603700740151226,-0.0037304153814375816,0.000773896395716202,0.0058638328494197,0.0,0.001163377223515215,0.0058638328494197,0,0
em2x3125u_bearing_fault_timeseries.csv,EMB_COMP_001,EM2X3125U,bearing_fault,idle,2026-01-01 00:01:29.000,2026-01-01 00:01:30.990,89.00000000000001,90.99,200,0.059809551639365625,0.039084867471218435,0.05980944629730582,0.03907957881228683,0.178348891209444,0.1152791689984168,2.981946634290731,2.94945784537473,5.355499058672452,4.440631291903609,40.0,40.0,15.34912295760541,56.31331676885066,0.0,6.300540520600273,24.243861426450156,0.0,31.934953006263466,38.235258432513874,24.839671847669752,13.395586584844121,-0.08852891258102259,2.5046380297262028,6.370922442660176,0.0,2.5683994722500785,6.370922442660176,1,0
em2x3125u_bearing_fault_timeseries.csv,EMB_COMP_001,EM2X3125U,bearing_fault,startup,2026-01-01 00:01:30.000,2026-01-01 00:01:31.990,90.00000000000001,91.99,200,0.08333098407498961,0.0564962147465363,0.08333064034035637,0.05648672455692874,0.178348891209444,0.1189170453196332,2.1402470304316545,2.1048674827710263,2.64558318033455,2.2207285275391646,40.0,40.0,29.228055327151576,109.74917553121362,0.0,12.333032246585272,51.56975688216907,0.0,26.899094617272826,28.98588170844424,24.839671847669752,4.146209860774487,0.020098879988612192,3.6260047680762137,6.370922442660176,0.7578875562562614,1.6001210703816104,5.613034886403915,1,0
em2x3125u_bearing_fault_timeseries.csv,EMB_COMP_001,EM2X3125U,bearing_fault,startup,2026-01-01 00:01:31.000,2026-01-01 00:01:32.990,91.0,92.99,200,0.06273091741577294,0.04336360501627445,0.06273003249357138,0.04336230627788178,0.1779071965705349,0.1189170453196332,2.8360369001362993,2.742323782236357,3.9659781423974545,3.602125366487688,40.0,40.0,14.954718102760975,63.74642144046914,0.0,6.484543087481951,31.207235382486573,0.0,28.62491672668952,29.9893118020698,26.90141940319421,3.0878923988755886,0.014340717910767194,1.5006008110344167,3.674272329063805,0.7139278336899986,0.9346874751016271,2.960344495373806,1,0
em2x3125u_bearing_fault_timeseries.csv,EMB_COMP_001,EM2X3125U,bearing_fault,steady_state,2026-01-01 00:01:32.000,2026-01-01 00:01:33.990,92.0,93.99,200,0.03418082167788514,0.020861008936876632,0.03416625807959766,0.020860978760185202,0.0629826134182334,0.0437278041237316,1.84263017465677,2.0961500115381595,2.1989672911146068,2.0608526319595635,40.0,40.0,2.1369914040048563,21.211186106883638,0.0,0.7352445267980942,7.969051713535216,0.0,29.75998260866563,30.78014174189256,28.809850964727776,1.9702907771647844,0.008163721120067073,0.7588855790245048,0.8213774625808734,0.7079571720942406,0.0200522512569227,0.11342029048663282,0,0
em2x3125u_bearing_fault_timeseries.csv,EMB_COMP_001,EM2X3125U,bearing_fault,steady_state,2026-01-01 00:01:33.000,2026-01-01 00:01:34.990,93.0,94.99,200,0.03395953554770335,0.020907093926894244,0.03395485901453965,0.02090526354490382,0.0629826134182334,0.0437278041237316,1.854637067393369,2.091529519914841,2.199112688573134,2.135165727686669,40.0,40.0,2.0824453212941485,20.976728302025883,0.0,0.7915237640868645,7.9522715335790055,0.0,30.56026245852671,31.47180156260921,29.60157172517435,1.8702298374348594,0.007892509368414777,0.7610132224458084,0.8213774625808734,0.7079571720942406,0.02105623966324542,0.11342029048663282,0,0
em2x3125u_bearing_fault_timeseries.csv,EMB_COMP_001,EM2X3125U,bearing_fault,steady_state,2026-01-01 00:01:34.000,2026-01-01 00:01:35.990,94.0,95.99,200,0.03304495621717712,0.02100160062762331,0.033041404132829154,0.020999310502512202,0.060022946156577,0.0432113500981197,1.8164026534668682,2.057526512587998,2.1617405780302588,2.2015598127459253,40.0,40.0,1.7508716549959433,20.08899926981751,0.0,0.9705632075743666,7.851115115821432,0.0,31.354677721473355,32.205805713528335,30.474963848454525,1.7308418650738098,0.008111166031321844,0.7605005860187646,0.8126492202283886,0.706693058563481,0.02056331909220482,0.10595616166490762,0,0
em2x3125u_bearing_fault_timeseries.csv,EMB_COMP_001,EM2X3125U,bearing_fault,steady_state,2026-01-01 00:01:35.000,2026-01-01 00:01:36.990,95.0,96.99,200,0.03655144064471383,0.02093443043323938,0.03651126719365022,0.020934218261477015,0.1796522568894551,0.0403164049744653,4.915052696163343,1.9258419808953344,4.760403286937463,2.155899459168051,40.0,40.0,5.882084488590286,20.798638441185332,0.0,0.9374504581647247,7.833215326632728,0.0,32.15281147282895,33.06761379417552,31.200978577625698,1.866635216549824,0.007840047513456842,0.7605799193468417,0.8126492202283886,0.6986141259231313,0.020090525198718328,0.11403509430525727,0,0
em2x3125u_bearing_fault_timeseries.csv,EMB_COMP_001,EM2X3125U,bearing_fault,steady_state,2026-01-01 00:01:36.000,2026-01-01 00:01:37.990,96.0,97.99,200,0.037064986611175334,0.020987374091601764,0.03697926834873099,0.02098717181885427,0.1796522568894551,0.0407424187336234,4.846953238485423,1.9412823422214953,4.5698998772768995,2.0753447897028154,40.0,40.0,5.89508461557901,21.45459733532018,0.0,0.8052460699019042,8.005006372209452,0.0,32.94899446438862,33.98233594832673,31.95896724301855,2.0233687053081795,0.008041112891997193,0.7607745369104043,0.8065727455848337,0.6986141259231313,0.02019761090948949,0.10795861966170239,0,0
em2x3125u_bearing_fault_timeseries.csv,EMB_COMP_001,EM2X3125U,bearing_fault,steady_state,2026-01-01 00:01:37.000,2026-01-01 00:01:38.990,97.0,98.99,200,0.03305578812918381,0.02132111906708278,0.03304814227835406,0.021321102802104478,0.0659509591363727,0.0407424187336234,1.9951410288156728,1.9108949490613159,2.217959185857593,2.1062400501574405,40.0,40.0,2.0080146557586995,19.845712129406632,0.0,0.8943291124054679,8.197736722203615,0.0,33.74089273119284,34.61186673959355,32.82342468603732,1.7884420535562313,0.007837497442393836,0.7595745690977515,0.8259767076157098,0.7093244035959394,0.02044631217377995,0.11665230401977045,0,0
em2x3125u_bearing_fault_timeseries.csv,EMB_COMP_001,EM2X3125U,bearing_fault,steady_state,2026-01-01 00:01:38.000,2026-01-01 00:01:39.990,98.0,99.99,200,0.03303369746350281,0.021449682169660877,0.03303007920107348,0.021445541452979913,0.0597196694457995,0.0388542451559741,1.8078409028169071,1.8114135607533988,2.235239699690277,2.1038186347015206,40.0,40.0,2.170343791109064,19.64948169045814,0.0,0.9290110820122041,8.270185585507207,0.0,34.535814141882994,35.48013051638923,33.570880519284685,1.9092499971045456,0.008036467268969448,0.7619920867351516,0.8259767076157098,0.7093244035959394,0.019713762858914314,0.11665230401977045,0,0
em2x3125u_bearing_fault_timeseries.csv,EMB_COMP_001,EM2X3125U,bearing_fault,steady_state,2026-01-01 00:01:39.000,2026-01-01 00:01:40.990,99.0,100.99,200,0.03360077368450372,0.021166566273018432,0.0335816718443007,0.02116486531543782,0.0610785876045867,0.0387925961344719,1.8177732506426012,1.8327297698692782,2.1816796669786687,2.0787502265653486,40.0,40.0,1.9524454424822615,20.602204616874566,0.0,0.846232556782258,8.113812402804657,0.0,35.3295153961989,36.230699038629865,34.45405230704609,1.7766467315837744,0.007737867462588358,0.7629815083991714,0.8172829928239973,0.6756692419137256,0.020420507586091388,0.14161375091027173,0,0
em2x3125u_bearing_fault_timeseries.csv,EMB_COMP_001,EM2X3125U,bearing_fault,steady_state,2026-01-01 00:01:40.000,2026-01-01 00:01:41.990,100.0,101.99,200,0.035532026156340414,0.020947187156452038,0.03546038717560738,0.020947103018499592,0.1465191046819844,0.0418780476967498,4.123578656542197,1.9992205819314863,3.2360431928511173,2.1107805626347242,40.0,40.0,3.518447863830828,21.642103909363257,0.0,0.8384664073561523,7.9422096531663415,0.0,36.11461852643541,37.024433245732624,35.164292348677485,1.860140897055139,0.007910358921032841,0.7615021070098884,0.8172829928239973,0.6756692419137256,0.022209937785839295,0.14161375091027173,0,0
em2x3125u_bearing_fault_timeseries.csv,EMB_COMP_001,EM2X3125U,bearing_fault,steady_state,2026-01-01 00:01:41.000,2026-01-01 00:01:42.990,101.0,102.99,200,0.036048114558822335,0.02074296679208575,0.036018523127026934,0.02074257105550015,0.1465191046819844,0.0418780476967498,4.06454280550231,2.0189034729944177,3.214760201407724,2.149047431220689,40.0,40.0,3.8451661564524104,22.102420664244804,0.0,0.8076045126500404,7.79860834634504,0.0,36.92490740267821,37.84955749613111,35.901252475589004,1.948305020542108,0.008105853694306723,0.7599501103651528,0.8146871537227904,0.7008471353775563,0.022534315567250232,0.11384001834523416,0,0
em2x3125u_bearing_fault_timeseries.csv,EMB_COMP_001,EM2X3125U,bearing_fault,steady_state,2026-01-01 00:01:42.000,2026-01-01 00:01:43.990,102.0,103.99,200,0.03859077265948721,0.020734249360260165,0.038526714095807435,0.02073347564272082,0.2377636554316147,0.0417340917271179,6.161153017835795,2.01280938615056,8.627528992726248,2.138781207036846,40.0,40.0,6.550465372303569,23.143613450616733,0.0,0.8080121828559812,7.789643477144188,0.0,37.74051000960812,38.705554267719,36.822344061018114,1.8832102067008876,0.008092925168790349,0.7607105015587236,0.8146871537227904,0.7008471353775563,0.021719281164942966,0.11384001834523416,0,0
em2x3125u_bearing_fault_timeseries.csv,EMB_COMP_001,EM2X3125U,bearing_fault,steady_state,2026-01-01 00:01:43.000,2026-01-01 00:01:44.990,103.0,104.99,200,0.038160583968992606,0.020782939097319906,0.038080058171294534,0.020781561782444842,0.2377636554316147,0.0417340917271179,6.230608410626253,2.0080938279080933,8.916251430412407,2.0842024291091343,40.0,40.0,6.323301894322411,22.679066283138194,0.0,0.7748747834043088,7.86260154457747,0.0,38.54280215908891,39.42368617870873,37.66352129522333,1.7601648834853947,0.007972301309686314,0.7620574673745345,0.8087552788519559,0.7102071886124799,0.020240659359874874,0.09854809023947597,0,0
em2x3125u_bearing_fault_timeseries.csv,EMB_COMP_001,EM2X3125U,bearing_fault,steady_state,2026-01-01 00:01:44.000,2026-01-01 00:01:45.990,104.0,105.99,200,0.04048385543614938,0.020715344786691885,0.04025752873289125,0.020715048129225318,0.249332108203428,0.0379873078235624,6.158803441946665,1.8337762762204421,9.548769397328485,2.056256288359135,40.0,40.0,9.917696970039731,22.508722514850444,0.0,0.7155812499495201,7.866700650737116,0.0,39.33693014902468,40.26248030286279,38.43704112718139,1.825439175681403,0.007928293096107906,0.760571246685238,0.8141380083845944,0.7038993895630732,0.01973834425596147,0.1102386188215212,0,0
em2x3125u_bearing_fault_timeseries.csv,EMB_COMP_001,EM2X3125U,bearing_fault,steady_state,2026-01-01 00:01:45.000,2026-01-01 00:01:46.990,105.0,106.99,200,0.040596324690654,0.02069784797526889,0.04039849411976532,0.020697681040444144,0.249332108203428,0.0396699158320466,6.141740911359611,1.9166203114182088,9.456278188716958,2.105302080164619,40.0,40.0,10.002703534002427,22.666501649326303,0.0,0.8327207832516711,7.735223506113579,0.0,40.12598781837816,41.03114445651238,39.1658277485773,1.8653167079350794,0.007954411546974979,0.7603565411063181,0.8141380083845944,0.7038993895630732,0.020774189563327078,0.1102386188215212,0,0
em2x3125u_bearing_fault_timeseries.csv,EMB_COMP_001,EM2X3125U,bearing_fault,steady_state,2026-01-01 00:01:46.000,2026-01-01 00:01:47.990,106.0,107.99,200,0.033356271630359056,0.02031626528333154,0.03335041848562984,0.02031393961976627,0.0635859337242655,0.0396699158320466,1.9062662167072972,1.952618519142578,2.203452759424711,2.1711234472466465,40.0,40.0,2.0189743922801777,20.236574089206925,0.0,0.8844607808358613,7.368848467483657,0.0,40.91679741143357,41.84208477885262,40.05240581279381,1.7896789660588155,0.007988922564407839,0.7599712193382561,0.8079335731779593,0.7093679368465664,0.021337239894622436,0.09856563633139293,0,0
em2x3125u_bearing_fault_timeseries.csv,EMB_COMP_001,EM2X3125U,bearing_fault,steady_state,2026-01-01 00:01:47.000,2026-01-01 00:01:48.990,107.0,108.99,200,0.03284219902328839,0.02067255465833212,0.03283672027205745,0.020671582051158703,0.0615398239037915,0.0412707969664643,1.8738033911844223,1.9964052652694289,2.1908121219453847,2.140064012997683,40.0,40.0,1.8442431810941102,19.75364327314982,0.0,0.8096718051836026,7.738492936228562,0.0,41.69969515503085,42.64748892004157,40.81387064548888,1.8336182745526841,0.007767984881842101,0.7579823031938531,0.8050711139335429,0.7045712830142106,0.01992017912014881,0.10049983091933234,0,0
em2x3125u_bearing_fault_timeseries.csv,EMB_COMP_001,EM2X3125U,bearing_fault,steady_state,2026-01-01 00:01:48.000,2026-01-01 00:01:49.990,108.0,109.99,200,0.0375518928886221,0.021056045435591128,0.03749995744526665,0.021055712581105404,0.2271632830729451,0.0412707969664643,6.049316441829051,1.9600450185533933,8.32820768959331,2.0713554860938905,40.0,40.0,6.356760495048244,21.768178010241478,0.0,0.7285094490741413,8.144599682786202,0.0,42.504606995507444,43.49613911503643,41.53448915652283,1.961649958513597,0.008269921998180482,0.7585124459276684,0.8043204494409477,0.7045712830142106,0.018958830495300977,0.09974916642673715,0,0
em2x3125u_bearing_fault_timeseries.csv,EMB_COMP_001,EM2X3125U,bearing_fault,shutdown,2026-01-01 00:01:49.000,2026-01-01 00:01:50.990,109.0,110.99,200,0.032213526025281304,0.016635820072587227,0.032160963955638985,0.01663458814926217,0.2271632830729451,0.0373771777064912,7.0517981451228415,2.24678900970334,14.397338159773206,2.7451122564606343,40.0,40.0,5.640756584735661,15.068748833199384,0.0,0.4019820910367402,5.138086781324535,0.0,42.95554738900159,43.546913944862204,42.37221601949184,1.174697925370367,0.00018218782330730956,0.5901131561289347,0.8043204494409477,0.2735010200017925,0.18029864085453123,0.5308194294391553,0,0
em2x3125u_bearing_fault_timeseries.csv,EMB_COMP_001,EM2X3125U,bearing_fault,shutdown,2026-01-01 00:01:50.000,2026-01-01 00:01:51.990,110.0,111.99,200,0.014480655535751818,0.009017858590585792,0.014479595436246663,0.009014226503747363,0.0362523177465178,0.0206620881265761,2.503499766085391,2.291241087784002,2.4403703646169075,2.3426826195513613,40.0,40.0,0.2875335834375433,3.9103420800040483,0.0,0.15842166911804226,1.466807657377789,0.0,42.49127236128151,43.546913944862204,41.34167418805008,2.2052397568121265,-0.009984702665720506,0.27930781558324896,0.5681628902864262,0.0,0.1624652371694999,0.5681628902864262,0,0
em2x3125u_bearing_fault_timeseries.csv,EMB_COMP_001,EM2X3125U,bearing_fault,idle,2026-01-01 00:01:51.000,2026-01-01 00:01:52.990,111.0,112.99,200,0.007148755173625608,0.004958543840950291,0.007148726388758649,0.004958532504230414,0.0250240980556591,0.0166007703829425,3.5004832936484127,3.3479123943292612,4.8194473545502285,4.442479190362493,40.0,40.0,0.14931514867004758,0.8730896152374213,0.0,0.08769395230981193,0.4041225333653888,0.0,41.57683165854207,42.51060800195574,40.90964828294603,1.6009597190097082,-0.00804264458446263,0.06976693692999707,0.2919717470482403,0.0,0.08994149834519066,0.2919717470482403,0,0
em2x3125u_bearing_fault_timeseries.csv,EMB_COMP_001,EM2X3125U,bearing_fault,idle,2026-01-01 00:01:52.000,2026-01-01 00:01:53.990,112.0,113.99,200,0.001518280350546374,0.001176642068196752,0.0015181647565395606,0.001176440280839026,0.0042191370820335,0.0037539510504008,2.7788919750658607,3.190393367588727,3.105861390065023,3.1670573007896565,8.0,31.0,0.028698927341329596,0.017426551535525775,0.0,0.014425881961065293,0.013273012790925985,0.0,40.967383414085916,41.41259894622203,40.516915573729314,0.8956833724927193,-0.00381604004977061,0.0008348062369541764,0.0046595660527262,0.0,0.0011444434017880724,0.0046595660527262,0,0
em2x3125u_bearing_fault_timeseries.csv,EMB_COMP_001,EM2X3125U,bearing_fault,idle,2026-01-01 00:01:53.000,2026-01-01 00:01:54.990,113.0,114.99,200,0.0015592701408096835,0.0012119449982718044,0.0015588520125833234,0.0012076990035497248,0.0042191370820335,0.004105594589437,2.7058410031776954,3.3876080146305725,2.90802313619549,3.292198810285311,25.5,4.0,0.03220799859807575,0.016395651929199104,0.0,0.017947578090107587,0.011360510073387245,0.0,40.58889326603062,41.11038036389469,40.148901468153454,0.9614788957412372,-0.003801985843963636,0.0008862624881631787,0.0044897279622552,0.0,0.0011526874797540972,0.0044897279622552,0,0
em2x3125u_bearing_fault_timeseries.csv,EMB_COMP_001,EM2X3125U,bearing_fault,idle,2026-01-01 00:01:54.000,2026-01-01 00:01:55.990,114.0,115.99,200,0.0015044662251941932,0.0012162578388546887,0.0015036613608159887,0.0012128119553689706,0.0037881211034899,0.004105594589437,2.51791701272718,3.3755955836659663,2.6344400393806175,3.271506725028221,11.0,14.5,0.02736044307955783,0.018192502571145946,0.0,0.018065327957993812,0.011504185674413895,0.0,40.21970083552626,40.68005821962964,39.75266833309261,0.9273898865370356,-0.0037293644659180908,0.0007010351769677295,0.0042693643937516,0.0,0.0010124474761387767,0.0042693643937516,0,0
em2x3125u_bearing_fault_timeseries.csv,EMB_COMP_001,EM2X3125U,bearing_fault,idle,2026-01-01 00:01:55.000,2026-01-01 00:01:56.990,115.0,116.99,200,0.0015679830305323306,0.0011639820492275264,0.001567138335075513,0.0011587049995736875,0.0046462336927039,0.003401931033249,2.9631913115325634,2.92266623485017,2.8496837398622006,2.9740908352329747,9.0,29.5,0.031302103411738225,0.018112091917095948,0.0,0.015799348344681628,0.011213285508261266,0.0,39.84616045456823,40.321805254464905,39.408902141606994,0.9129031128579115,-0.0038826449864763483,0.0007264707254916045,0.0042693643937516,0.0,0.0010323288307349094,0.0042693643937516,0,0
em2x3125u_bearing_fault_timeseries.csv,EMB_COMP_001,EM2X3125U,bearing_fault,idle,2026-01-01 00:01:56.000,2026-01-01 00:01:57.990,116.0,117.99,200,0.0014970921658381464,0.0011811674077348163,0.0014970768290261754,0.0011722965837799024,0.0046462336927039,0.003719205608851,3.1035054479112234,3.1487540076842335,3.0270988519539697,3.154139512635362,50.0,31.0,0.028963210762673115,0.017103610298612588,0.0,0.013346384942207013,0.014371264424149727,0.0,39.47107390692302,39.92756574307307,39.01362224123341,0.913943501839654,-0.0037004993969595823,0.0007866725958484239,0.0070356396256901,0.0,0.0011234017221779828,0.0070356396256901,0,0
em2x3125u_bearing_fault_timeseries.csv,EMB_COMP_001,EM2X3125U,bearing_fault,idle,2026-01-01 00:01:57.000,2026-01-01 00:01:58.990,117.0,118.99,200,0.0015572796211079114,0.0011733521288532845,0.0015564530931690512,0.0011702059346450188,0.0048326244292548,0.003719205608851,3.10324771720616,3.1697267319792353,2.9795074031080073,3.145458409963628,36.0,37.5,0.029761878233007286,0.01888413047420966,0.0,0.015547296430393308,0.011896800329564165,0.0,39.09664338290197,39.49870151042416,38.60420340103158,0.894498109392579,-0.0037858595092525775,0.0008216039377457979,0.0070356396256901,0.0,0.0011319350601463934,0.0070356396256901,0,0
em2x3125u_bearing_fault_timeseries.csv,EMB_COMP_001,EM2X3125U,bearing_fault,idle,2026-01-01 00:01:58.000,2026-01-01 00:01:59.990,118.0,119.99,200,0.0015954280578558135,0.001174650601221604,0.0015929254888529991,0.001174018302131056,0.004987723632651,0.0038248518778134,3.126260446587786,3.2561613417944537,3.4039729323847143,3.480455923007888,14.0,7.0,0.028230009256777218,0.022561462227636674,0.0,0.016909178038437105,0.011059458003927358,0.0,38.71669697074423,39.15570568755126,38.306032167790434,0.8496735197608274,-0.003772611888867684,0.0008851405297076489,0.005125513041833,0.0,0.0011900907700186857,0.005125513041833,0,0
em2x3125u_bearing_fault_timeseries.csv,EMB_COMP_001,EM2X3125U,bearing_fault,idle,2026-01-01 00:01:59.000,2026-01-01 00:02:00.990,119.0,120.99,200,0.05853205797667147,0.03913416894174891,0.05850864976017997,0.0391182667648984,0.1814121032634437,0.1340621770893033,3.0993631444796845,3.4257065044323394,5.200958995146906,4.742919257207552,40.0,40.0,17.82272413144242,50.643653932336946,0.0,6.520188404350646,24.096001411063668,0.0,32.3609811197976,38.78655512955929,25.15176512092444,13.634790008634848,-0.09045672917713067,2.50663990376365,6.367997904963263,0.0,2.568304953854742,6.367997904963263,1,0
em2x3125u_bearing_fault_timeseries.csv,EMB_COMP_001,EM2X3125U,bearing_fault,startup,2026-01-01 00:02:00.000,2026-01-01 00:02:01.990,120.0,121.99,200,0.08334642394636997,0.055528051273719875,0.08334625915163536,0.05552448408252221,0.1855076001742966,0.1345670236634398,2.2257415662328017,2.4234061987896056,2.60454719379734,2.3885583887577813,40.0,40.0,37.09740946710299,101.90161626316845,0.0,13.174117894794543,48.61987618508506,0.0,27.202787750835068,29.176886961584994,25.15176512092444,4.025121840660553,0.020116312414580163,3.628519411790859,6.367997904963263,0.862618321533605,1.6007759874429304,5.505379583429658,1,0
em2x3125u_bearing_fault_timeseries.csv,EMB_COMP_001,EM2X3125U,bearing_fault,startup,2026-01-01 00:02:01.000,2026-01-01 00:02:02.990,121.0,122.99,200,0.06367140606188719,0.04205418440085933,0.06366629043259715,0.04205256071301435,0.1855076001742966,0.1345670236634398,2.9135150556277547,3.199848613891798,4.0602987810411815,3.7945747735561914,40.0,40.0,20.20983261511941,60.94809452060247,0.0,7.23631095435998,28.18599298582883,0.0,28.859998828850475,30.025484107194465,27.193436414635595,2.83204769255887,0.013219183830305292,1.5023270206677177,3.682291279098526,0.687845932700565,0.9387943512191195,2.994445346397961,1,0
em2x3125u_bearing_fault_timeseries.csv,EMB_COMP_001,EM2X3125U,bearing_fault,steady_state,2026-01-01 00:02:02.000,2026-01-01 00:02:03.990,122.0,123.99,200,0.03280121325737874,0.02096385731108028,0.03279540915927644,0.020963849612208856,0.0621719303212355,0.0412934277747404,1.8954155699484598,1.969743791039595,2.161988242629139,2.1438187979340353,40.0,40.0,1.9008707200365604,19.610243701777357,0.0,0.8903469412327006,7.900409106882864,0.0,29.92069534721463,30.88625036331404,28.944329799250887,1.9419205640631532,0.008275576844877069,0.7588727098584235,0.8164021222854552,0.687845932700565,0.02106606722738649,0.12855618958489012,0,0
em2x3125u_bearing_fault_timeseries.csv,EMB_COMP_001,EM2X3125U,bearing_fault,steady_state,2026-01-01 00:02:03.000,2026-01-01 00:02:04.990,123.0,124.99,200,0.0331807266883919,0.02101096792487877,0.033180556320593455,0.021010663067870184,0.0633080224465639,0.0412934277747404,1.9079757668089854,1.9653272482437838,2.1988038106727044,2.126784417776668,40.0,40.0,2.0004779587288257,20.04755013521652,0.0,0.8448915318165311,7.984435323244768,0.0,30.741696719044594,31.66888575181668,29.754820534378183,1.9140652174384982,0.008169535915399333,0.7589410876108141,0.8121930857956581,0.7128215014341703,0.019052873495234643,0.09937158436148774,0,0
em2x3125u_bearing_fault_timeseries.csv,EMB_COMP_001,EM2X3125U,bearing_fault,steady_state,2026-01-01 00:02:04.000,2026-01-01 00:02:05.990,124.0,125.99,200,0.03408687571712834,0.020991643431734566,0.034052637114324574,0.020988849190755936,0.0921279003862824,0.0418268916659301,2.7027381784945748,1.9925496449076208,2.36470296834513,2.1214523454131373,40.0,40.0,3.5398946446092383,19.65246312893412,0.0,0.8586660982335138,7.951982974274298,0.0,31.560708400751597,32.41270164659585,30.6288515564391,1.7838500901567507,0.008105177381747989,0.7607718025295916,0.8156542914421194,0.6947989006317936,0.020605985354811344,0.12085539081032581,0,0
em2x3125u_bearing_fault_timeseries.csv,EMB_COMP_001,EM2X3125U,bearing_fault,steady_state,2026-01-01 00:02:05.000,2026-01-01 00:02:06.990,125.0,126.99,200,0.03437104752082225,0.021234975895568532,0.03434601790436752,0.021234973676667875,0.0921279003862824,0.0418268916659301,2.680392569661154,1.9697169364180365,2.359221997423968,2.07514831274696,40.0,40.0,3.6005972542627442,20.01094681681456,0.0,0.7963671675789468,8.225296135490344,0.0,32.393344281875216,33.385815630246704,31.52348198268796,1.8623336475587422,0.008288071764909474,0.7607847461504058,0.8156542914421194,0.6947989006317936,0.020806457397419275,0.12085539081032581,0,0
em2x3125u_bearing_fault_timeseries.csv,EMB_COMP_001,EM2X3125U,bearing_fault,steady_state,2026-01-01 00:02:06.000,2026-01-01 00:02:07.990,126.0,127.99,200,0.03401828995105313,0.021459939553348482,0.03401652302489373,0.02145993861356143,0.0666384398381933,0.0466268711823989,1.9589003425532363,2.17274009866088,2.2115103265764535,2.109180246540416,40.0,40.0,1.9971957259956956,21.146592450413028,0.0,0.8821275103751102,8.328562483607278,0.0,33.213498536314994,34.12547533433768,32.2326901495161,1.8927851848215766,0.007904273893044949,0.7601679473276084,0.8064972143315399,0.680613791126051,0.02047113996577254,0.12588342320548884,0,0
em2x3125u_bearing_fault_timeseries.csv,EMB_COMP_001,EM2X3125U,bearing_fault,steady_state,2026-01-01 00:02:07.000,2026-01-01 00:02:08.990,127.0,128.99,200,0.03805293281289388,0.021455791453317215,0.03798770181319203,0.021448990081429836,0.2060736017144616,0.0466268711823989,5.415445971739541,2.1731601597567756,6.25972253424594,2.1271099568989147,40.0,40.0,7.423450128979203,21.446303108590225,0.0,0.8784079042970476,8.326024990164685,0.0,34.02141425355474,34.95875665873987,33.10991358716747,1.8488430715724036,0.008118780588883536,0.7610620081158443,0.813172704556951,0.680613791126051,0.02038891472957158,0.13255891343089998,0,0
em2x3125u_bearing_fault_timeseries.csv,EMB_COMP_001,EM2X3125U,bearing_fault,steady_state,2026-01-01 00:02:08.000,2026-01-01 00:02:09.990,128.0,129.99,200,0.03739819135720962,0.02114167373697053,0.03735895783226962,0.02114080923549943,0.2060736017144616,0.0392882595452582,5.5102558235008,1.8583325064067497,6.606980910409682,2.1204659365560925,40.0,40.0,7.361010344599176,20.56609260502634,0.0,0.819063008846551,8.120268083168858,0.0,34.843019145583895,35.83093255483365,33.78454689713708,2.046385657696568,0.00823691706143649,0.7604209775163575,0.8218751728925571,0.7113147516184763,0.019739139438612833,0.11056042127408072,0,0
em2x3125u_bearing_fault_timeseries.csv,EMB_COMP_001,EM2X3125U,bearing_fault,steady_state,2026-01-01 00:02:09.000,2026-01-01 00:02:10.990,129.0,130.99,200,0.03403434707794242,0.02132148360731998,0.034026113091655694,0.021321407681784536,0.0659512779687979,0.0403628304722545,1.9377859025108424,1.8930591892956896,2.247114779019357,2.090968054620822,40.0,40.0,2.106592556237222,21.05011564325701,0.0,0.8265283613429619,8.266413654283781,0.0,35.669354812398126,36.55932734265168,34.640210128869775,1.9191172137819024,0.008279886601724138,0.7578739554339774,0.8218751728925571,0.7000742365613168,0.02079812763010471,0.12180093633124023,0,0
em2x3125u_bearing_fault_timeseries.csv,EMB_COMP_001,EM2X3125U,bearing_fault,steady_state,2026-01-01 00:02:10.000,2026-01-01 00:02:11.990,130.0,131.99,200,0.03839995745762862,0.021073630597841033,0.038361891511756965,0.021070158471018174,0.2378926327727167,0.0403628304722545,6.195127508545101,1.9153240010000756,8.867655066855699,2.0468394950487654,40.0,40.0,6.640826824898326,22.808909782735416,0.0,0.7746675907845662,8.104415753723819,0.0,36.49312216714357,37.42246695740354,35.58394547578072,1.83852148162282,0.008222934172624766,0.7564175184663585,0.8059408632928879,0.7000742365613168,0.019781516721279896,0.1058666267315711,0,0
em2x3125u_bearing_fault_timeseries.csv,EMB_COMP_001,EM2X3125U,bearing_fault,steady_state,2026-01-01 00:02:11.000,2026-01-01 00:02:12.990,131.0,132.99,200,0.03767172408805027,0.02082884198587225,0.037634012635335425,0.020828722843476002,0.2378926327727167,0.0412554438843362,6.3148857274673516,1.9806883125004677,9.419829748594053,2.112746247911977,40.0,40.0,6.326275706639261,22.0147263148685,0.0,0.8860558119328141,7.790815485661521,0.0,37.3128587235153,38.23995651046904,36.36819825473739,1.871758255731649,0.00822658505365673,0.7583650999107729,0.802554691068947,0.707278878378931,0.019067244190622386,0.09527581269001595,0,0
em2x3125u_bearing_fault_timeseries.csv,EMB_COMP_001,EM2X3125U,bearing_fault,steady_state,2026-01-01 00:02:12.000,2026-01-01 00:02:13.990,132.0,133.99,200,0.03760100621763766,0.021244784449115227,0.03755967370372014,0.02124200347606801,0.2289173266286835,0.0412554438843362,6.0880638487090355,1.9419092711036825,8.33503006230178,2.1561665589742587,40.0,40.0,5.548200173004693,22.675245413876755,0.0,0.9583060946112574,8.066223620810499,0.0,38.13788844750716,39.09765406197456,37.181748679805686,1.915905382168873,0.008309055487344919,0.760063723893731,0.8184863137096114,0.707278878378931,0.020143793898348243,0.11120743533068045,0,0
em2x3125u_bearing_fault_timeseries.csv,EMB_COMP_001,EM2X3125U,bearing_fault,steady_state,2026-01-01 00:02:13.000,2026-01-01 00:02:14.990,133.0,134.99,200,0.04159813971742136,0.021189094709782846,0.04137568462864062,0.02118897362304942,0.2289173266286835,0.0401904895217344,5.503066439598803,1.8967534985427554,8.825466700278309,2.1142174558059312,40.0,40.0,10.77441593833082,23.464615150193517,0.0,0.898742279137487,8.08075197905902,0.0,38.96029232368675,39.81224698516392,37.85707657395387,1.955170411210048,0.008224120157825516,0.7575289903022431,0.8432735842587766,0.7117435141729525,0.02004982112199783,0.13153007008582418,0,0
em2x3125u_bearing_fault_timeseries.csv,EMB_COMP_001,EM2X3125U,bearing_fault,steady_state,2026-01-01 00:02:14.000,2026-01-01 00:02:15.990,134.0,135.99,200,0.03835361383463564,0.021332947420149604,0.03827026651637237,0.021331496145330264,0.2062926519811662,0.0434919674364277,5.378701805535504,2.038722853427569,6.159104298591779,2.0776112757725738,40.0,40.0,7.465487724805657,21.827507588905625,0.0,0.8081476246844093,8.293967823715636,0.0,39.789415148979764,40.70696987894732,38.82179650653495,1.8851733724123676,0.008386130076483336,0.7577905113968768,0.8432735842587766,0.7132839422154329,0.020499722580779714,0.12998964204334373,0,0
em2x3125u_bearing_fault_timeseries.csv,EMB_COMP_001,EM2X3125U,bearing_fault,steady_state,2026-01-01 00:02:15.000,2026-01-01 00:02:16.990,135.0,136.99,200,0.03440865773505707,0.021119585691786385,0.03440831569859412,0.021119047458732276,0.0666165305006594,0.0434919674364277,1.9360397901481494,2.0593191585828388,2.193118744058364,2.0758927182148366,40.0,40.0,1.992190339887592,21.690480503977703,0.0,0.8012381157453589,8.119798027327048,0.0,40.62394739538834,41.5508682744094,39.67991148307229,1.8709567913371146,0.008303041611099444,0.7620611284578328,0.8190514426659532,0.7097174229259504,0.021459415963480583,0.10933401974000279,0,0
em2x3125u_bearing_fault_timeseries.csv,EMB_COMP_001,EM2X3125U,bearing_fault,steady_state,2026-01-01 00:02:16.000,2026-01-01 00:02:17.990,136.0,137.99,200,0.03537104887818018,0.02078964470810253,0.03535262749284188,0.020789630787048086,0.1154962464504132,0.038954152450303,3.2652762672712528,1.873728627749038,2.7137775779663333,2.0660727113527795,40.0,40.0,3.845441205916793,21.156195572870004,0.0,0.8093621997129054,7.835663275612758,0.0,41.451062313988395,42.33462227996261,40.50278850301283,1.8318337769497788,0.008293964416135677,0.7630496209040624,0.8406701340659579,0.7097174229259504,0.02090465053746586,0.1309527111400075,0,0
em2x3125u_bearing_fault_timeseries.csv,EMB_COMP_001,EM2X3125U,bearing_fault,steady_state,2026-01-01 00:02:17.000,2026-01-01 00:02:18.990,137.0,138.99,200,0.034888075500484346,0.021450074876028867,0.03484010205222493,0.0214499081806945,0.1154962464504132,0.043696778201783,3.310479147776718,2.0371387258240072,2.7115265099733783,2.0861321126824173,40.0,40.0,3.5316005556181693,20.745138530823798,0.0,0.8208963242127525,8.381519704902775,0.0,42.25868919640366,43.29548013363355,41.2991064419514,1.9963736916821517,0.007930156473229453,0.7596349597614835,0.8406701340659579,0.7102069428439768,0.020906099639796633,0.13046319122198113,0,0
em2x3125u_bearing_fault_timeseries.csv,EMB_COMP_001,EM2X3125U,bearing_fault,steady_state,2026-01-01 00:02:18.000,2026-01-01 00:02:19.990,138.0,139.99,200,0.032948681612657064,0.021329195477530406,0.0329442951946989,0.021327774924802333,0.0614803474795187,0.043696778201783,1.8659425649341108,2.0486838450055975,2.1196772969415183,2.104815818821075,40.0,40.0,1.5410895180949298,20.172462459560215,0.0,0.8253040859309384,8.273005317615263,0.0,43.06176663303355,43.97208695234562,42.17996845162684,1.7921185007187788,0.008117661441278762,0.7603178584572388,0.8150386384710746,0.718184473592864,0.020601101336681166,0.09685416487821064,0,0
em2x3125u_bearing_fault_timeseries.csv,EMB_COMP_001,EM2X3125U,bearing_fault,shutdown,2026-01-01 00:02:19.000,2026-01-01 00:02:20.990,139.0,140.99,200,0.026013193215530254,0.016310863519521504,0.02599995955572667,0.016310759274397842,0.0607907764475334,0.0396276316807077,2.3369209594476246,2.4295238344235877,2.726627945887116,2.8267131113380697,40.0,40.0,0.938922906402542,12.58103870378232,0.0,0.4656100328414811,4.855207894639336,0.0,43.464745946427875,44.01838298740512,42.855970026371686,1.1624129610334322,-0.00044121722845215144,0.591772097308153,0.8136193307176298,0.2795413418081777,0.1811343792867314,0.5340779889094521,0,0
em2x3125u_bearing_fault_timeseries.csv,EMB_COMP_001,EM2X3125U,bearing_fault,shutdown,2026-01-01 00:02:20.000,2026-01-01 00:02:21.990,140.0,141.99,200,0.014484016498955293,0.008612446589405163,0.01447778267793561,0.008609276602005961,0.0369716598146393,0.022147241045755,2.552583381640445,2.5715388555210357,2.496459910123967,2.4074468823277835,40.0,40.0,0.2888529778100194,3.9068566879829123,0.0,0.21019410462149535,1.273671275540046,0.0,42.966351006239094,44.01838298740512,41.92123773130807,2.0971452560970505,-0.009974654253928808,0.28014919000565913,0.5626431743740873,0.0,0.16172804201671434,0.5626431743740873,0,0
em2x3125u_bearing_fault_timeseries.csv,EMB_COMP_001,EM2X3125U,bearing_fault,idle,2026-01-01 00:02:21.000,2026-01-01 00:02:22.990,141.0,142.99,200,0.00723953899155291,0.0046969646466122625,0.0072309173331053835,0.004695874688230734,0.0259847606954674,0.0157616932674438,3.589283893047113,3.355718949005097,4.5201563894579655,4.4032016754741985,40.0,40.0,0.17613812475700225,0.8713397157317946,0.0,0.1404281455285294,0.3028918083175698,0.0,42.10371746021978,43.02291989753751,41.49543599765126,1.5274838998862492,-0.007264269652674099,0.0702726628734505,0.3020615934489917,0.0,0.09000769292229521,0.3020615934489917,0,0
em2x3125u_bearing_fault_timeseries.csv,EMB_COMP_001,EM2X3125U,bearing_fault,idle,2026-01-01 00:02:22.000,2026-01-01 00:02:23.990,142.0,143.99,200,0.001552130020287631,0.0012894937724792655,0.0015359488302362746,0.0012755409774899383,0.0042372214081603,0.0036687466158895,2.729939729775399,2.84510611387888,2.8342289258371154,3.0389740743255373,12.0,38.5,0.026873696235172717,0.02037724233601694,0.0,0.018920163957803736,0.01366240474555101,0.0,41.54969589257846,42.03953783919144,41.09578652902936,0.943751310162078,-0.0036848884048431606,0.0007313966627766194,0.0051894269415389,0.0,0.0010750374871566477,0.0051894269415389,0,0
em2x3125u_bearing_fault_timeseries.csv,EMB_COMP_001,EM2X3125U,bearing_fault,idle,2026-01-01 00:02:23.000,2026-01-01 00:02:24.990,143.0,144.99,200,0.0015397486025060178,0.001298160429205231,0.0015274198546301938,0.0012957886089714028,0.0038866747721165,0.0041410326261032,2.5242268548195095,3.1899236280360603,2.8598193532338967,2.9343416455870885,0.5,44.0,0.02678541195760746,0.019925419817696834,0.0,0.018107507060448388,0.015514574481030791,0.0,41.175110013941406,41.60757726176367,40.736653121588205,0.8709241401754682,-0.003829322601512222,0.0007077824587593203,0.0051894269415389,0.0,0.0010868516342810346,0.0051894269415389,0,0
em2x3125u_bearing_fault_timeseries.csv,EMB_COMP_001,EM2X3125U,bearing_fault,idle,2026-01-01 00:02:24.000,2026-01-01 00:02:25.990,144.0,145.99,200,0.001457921692840726,0.00123413896626966,0.0014536908084732427,0.0012329574345041389,0.0036976036940593,0.0041410326261032,2.5362155678297142,3.355402219103405,2.4967759660876476,3.1527996313817805,26.5,36.0,0.025584622500809787,0.016777215320739784,0.0,0.01542417597743716,0.01498743520890584,0.0,40.79997924908271,41.236778114433285,40.40180962533048,0.8349684891028062,-0.0037093735692902904,0.0008207720269998218,0.0056714308359366,0.0,0.00115738319878967,0.0056714308359366,0,0
em2x3125u_bearing_fault_timeseries.csv,EMB_COMP_001,EM2X3125U,bearing_fault,idle,2026-01-01 00:02:25.000,2026-01-01 00:02:26.990,145.0,146.99,200,0.001442061997771609,0.0011547685254928157,0.0014364542359224558,0.0011540938245563986,0.0041339750313427,0.0039928180862922,2.866711027494555,3.457678312273191,2.9770509884742165,3.244182543178275,27.0,14.0,0.027691934994608966,0.013615715774354348,0.0,0.01600587189072213,0.010784106536636072,0.0,40.41948652636731,40.879588653874535,39.92993186758317,0.9496567862913636,-0.0038994363651104805,0.0008790360884574339,0.0056714308359366,0.0,0.0011791365476139493,0.0056714308359366,0,0
em2x3125u_bearing_fault_timeseries.csv,EMB_COMP_001,EM2X3125U,bearing_fault,idle,2026-01-01 00:02:26.000,2026-01-01 00:02:27.990,146.0,147.99,200,0.0014190454427757764,0.0011923044290498047,0.0014058632825758848,0.0011915111781937147,0.0044044432585727,0.0042733984067632,3.103807056352773,3.5841504087750833,3.5004565810988075,3.8519431000314155,31.5,2.0,0.025599605355149158,0.013958390463419684,0.0,0.019442819582230087,0.009015210987329733,0.0,40.03966253675671,40.49224669500818,39.603987227689565,0.8882594673186119,-0.003707532617589828,0.0007071083113235082,0.0060954738298156,0.0,0.0011709772144785939,0.0060954738298156,0,0
em2x3125u_bearing_fault_timeseries.csv,EMB_COMP_001,EM2X3125U,bearing_fault,idle,2026-01-01 00:02:27.000,2026-01-01 00:02:28.990,147.0,148.99,200,0.0014231821613325728,0.00125131586953399,0.0014179331707456818,0.0012510284933741666,0.0044044432585727,0.0042733984067632,3.094785318591032,3.4151236396887397,3.302609979358176,3.65952565770947,15.0,50.0,0.026053158014197747,0.01491555525684729,0.0,0.01870171915726916,0.013261735967019895,0.0,39.66794122100856,40.08396142813879,39.218773782568505,0.8651876455702876,-0.0037622586809055794,0.0008701383487475786,0.0060954738298156,0.0,0.00127591617917145,0.0060954738298156,0,0
em2x3125u_bearing_fault_timeseries.csv,EMB_COMP_001,EM2X3125U,bearing_fault,idle,2026-01-01 00:02:28.000,2026-01-01 00:02:29.990,148.0,149.99,200,0.0015261731166546098,0.0012675231273638421,0.0015233330255593064,0.0012650508181973217,0.004161755718923,0.0039199524015841,2.7269224398642398,3.0926081875418743,2.9872867423915848,3.3059722544060035,26.0,49.5,0.029842523357206684,0.01659400284161224,0.0,0.017630076853260006,0.014595075403945989,0.0,39.293692039023306,39.75897955218778,38.87905154523688,0.8799280069509052,-0.003718579628675533,0.000904846442204825,0.0072591361145575,0.0,0.00125877875795131,0.0072591361145575,0,0
em2x3125u_bearing_fault_timeseries.csv,EMB_COMP_001,EM2X3125U,bearing_fault,idle,2026-01-01 00:02:29.000,2026-01-01 00:02:30.990,149.0,150.99,200,0.05643193224382882,0.04263811384227922,0.05643191802347137,0.042637682787458366,0.1807045023039896,0.1270687732119127,3.2021675515771615,2.9801687213920216,5.3079361717984614,4.805507746769283,40.0,40.0,15.845538839595477,47.88669944111071,0.0,7.814513887526783,28.546208501165495,0.0,32.808963044673575,39.348016546200114,25.57520913794029,13.772807408259823,-0.09248218368689412,2.5005554676409956,6.331156856642033,0.0,2.562131526084838,6.331156856642033,1,0
em2x3125u_bearing_fault_timeseries.csv,EMB_COMP_001,EM2X3125U,bearing_fault,startup,2026-01-01 00:02:30.000,2026-01-01 00:02:31.990,150.0,151.99,200,0.08198165862451676,0.058019934109402475,0.08197998748143377,0.058019343341128155,0.1807045023039896,0.1270687732119127,2.204206469298605,2.1900882026565496,2.540199865530297,2.4067998657953598,40.0,40.0,35.294787747679045,99.1798311631336,0.0,13.68384009022065,53.64184298522042,0.0,27.512371368349385,29.498059582693138,25.57520913794029,3.9228504447528465,0.020041828197174236,3.6165012201487716,6.331156856642033,0.7366436428819516,1.5997038975692541,5.594513213760081,1,0
em2x3125u_bearing_fault_timeseries.csv,EMB_COMP_001,EM2X3125U,bearing_fault,startup,2026-01-01 00:02:31.000,2026-01-01 00:02:32.990,151.0,152.99,200,0.06407164903304147,0.04211631041452742,0.06406991006514602,0.04211511062086482,0.1641295015502126,0.1193573697676117,2.56165564687701,2.8339939703369903,3.746102979290096,3.779801462475657,40.0,40.0,20.251929576975634,61.856063847615076,0.0,6.190201230289894,29.284704707594976,0.0,29.21892135385383,30.43145815337241,27.462712480510216,2.9687456728621946,0.014178415305326125,1.4951592290257036,3.654530651572288,0.696178958295373,0.9341006139762081,2.958351693276915,1,0
em2x3125u_bearing_fault_timeseries.csv,EMB_COMP_001,EM2X3125U,bearing_fault,steady_state,2026-01-01 00:02:32.000,2026-01-01 00:02:33.990,152.0,153.99,200,0.03344191741274772,0.021203571566725494,0.03344013055050305,0.02120319296853083,0.0633260226036476,0.0400598472408235,1.893612194003815,1.8892971457548657,2.123650028565792,2.048908655350414,40.0,40.0,1.6562812140497956,20.712925110999983,0.0,0.6994579688723364,8.292424433194592,0.0,30.32981219603826,31.271656253933745,29.368726128039896,1.9029301258938496,0.008149664759724172,0.7584171432001235,0.8127236865704737,0.696178958295373,0.018735651417383956,0.11654472827510065,0,0
em2x3125u_bearing_fault_timeseries.csv,EMB_COMP_001,EM2X3125U,bearing_fault,steady_state,2026-01-01 00:02:33.000,2026-01-01 00:02:34.990,153.0,154.99,200,0.03346340985569781,0.02107839450247747,0.03346321635766316,0.02107625435664925,0.0633260226036476,0.0379387969017395,1.8923959894321734,1.7998902571673723,2.107538939780845,2.037924228815395,40.0,40.0,1.5433912631348532,20.85350128304515,0.0,0.755385409610986,8.136213607459993,0.0,31.15441319854667,32.007026520855646,30.200359753839827,1.8066667670158196,0.008349180975235388,0.7607549717100918,0.8127236865704737,0.7065976969536067,0.01854203036702035,0.10612598961686692,0,0
em2x3125u_bearing_fault_timeseries.csv,EMB_COMP_001,EM2X3125U,bearing_fault,steady_state,2026-01-01 00:02:34.000,2026-01-01 00:02:35.990,154.0,155.99,200,0.033237814557237844,0.021234299812230985,0.033236556981004896,0.02123417977883641,0.0647979325970479,0.0392797269875348,1.9495244636334716,1.8498244507647774,2.1595618646647825,2.0571075336104783,40.0,40.0,1.6071320789668426,20.48663217734265,0.0,0.881775403033969,8.13612767310019,0.0,31.989807231684555,32.94936203881387,31.09285131344492,1.8565107253689455,0.008416861813799673,0.7609045591097867,0.8092295060917627,0.7011437146248216,0.020489412872713712,0.10808579146694108,0,0
em2x3125u_bearing_fault_timeseries.csv,EMB_COMP_001,EM2X3125U,bearing_fault,steady_state,2026-01-01 00:02:35.000,2026-01-01 00:02:36.990,155.0,156.99,200,0.032597143927525725,0.02122978735213422,0.032592345241947006,0.021229412450656782,0.0647979325970479,0.0392797269875348,1.9878407979887815,1.8502176369461385,2.2149788088641014,2.0665343580097235,40.0,40.0,1.8595004860742386,19.387542275949833,0.0,0.9161950604683083,8.098362347823313,0.0,32.826861612970355,33.79259369870354,31.920503490363625,1.872090208339916,0.00836399161006224,0.7591132840939919,0.8109059793849309,0.7011437146248216,0.020283802236173324,0.10976226476010931,0,0
em2x3125u_bearing_fault_timeseries.csv,EMB_COMP_001,EM2X3125U,bearing_fault,steady_state,2026-01-01 00:02:36.000,2026-01-01 00:02:37.990,156.0,157.99,200,0.03513422008812652,0.02088432508469054,0.03511631615609744,0.020883404592492008,0.1263769003211583,0.044194678832941,3.5969746874747597,2.116165049802751,3.0415752392402347,2.077034509159321,40.0,40.0,4.339463697785223,20.323770980088362,0.0,0.8558769475426015,7.867531701862048,0.0,33.663852802346184,34.600861611423085,32.75806272257494,1.8427988888481437,0.008299442224111012,0.759019399710728,0.8109059793849309,0.7074480839431843,0.0194502139938321,0.10345789544174666,0,0
em2x3125u_bearing_fault_timeseries.csv,EMB_COMP_001,EM2X3125U,bearing_fault,steady_state,2026-01-01 00:02:37.000,2026-01-01 00:02:38.990,157.0,158.99,200,0.03848911493329448,0.020702197867236125,0.03835226588975969,0.020702183353010526,0.1431415237192949,0.044194678832941,3.7190131279291196,2.1347819741827863,3.559071264367696,2.1284900533278464,40.0,40.0,8.08192534442225,21.340876944586107,0.0,0.8646628735702571,7.708485089951546,0.0,34.49755549186134,35.41644484563343,33.48244303340055,1.9340018122328786,0.008320457392451115,0.7601050075639616,0.8056983711056758,0.6951027083446526,0.019682624911689785,0.11059566276102317,0,0
em2x3125u_bearing_fault_timeseries.csv,EMB_COMP_001,EM2X3125U,bearing_fault,steady_state,2026-01-01 00:02:38.000,2026-01-01 00:02:39.990,158.0,159.99,200,0.036437851485139866,0.021318142561765795,0.03638377752083873,0.02131722453451577,0.1431415237192949,0.0410888452040249,3.928374420694674,1.9274120662706313,3.3527153170652606,2.0955761156897452,40.0,40.0,5.775508656966418,20.701226999368462,0.0,0.923704138007062,8.165078986298687,0.0,35.32258501587607,36.29156919276785,34.30825056481037,1.9833186279574804,0.008186590543921273,0.761471308541446,0.8111371129376672,0.6951027083446526,0.02019664833060188,0.11603440459301462,0,0
em2x3125u_bearing_fault_timeseries.csv,EMB_COMP_001,EM2X3125U,bearing_fault,steady_state,2026-01-01 00:02:39.000,2026-01-01 00:02:40.990,159.0,160.99,200,0.035073765213466994,0.021622794195277403,0.035039483199175166,0.0216227812542146,0.1521325860031017,0.0412512160980993,4.337503689073238,1.9077652835038732,3.5377755450367054,2.0580145832692054,40.0,40.0,3.4537245774781953,21.104775402973534,0.0,0.8637325959561953,8.488357724722944,0.0,36.1619958507174,37.16551202918309,35.21343028383375,1.9520817453493393,0.008558348147784084,0.7614938671730513,0.8111371129376672,0.6856445943551899,0.021774362147323922,0.12549251858247734,0,0
em2x3125u_bearing_fault_timeseries.csv,EMB_COMP_001,EM2X3125U,bearing_fault,steady_state,2026-01-01 00:02:40.000,2026-01-01 00:02:41.990,160.0,161.99,200,0.03496090496239234,0.020829103999741787,0.03491339141915532,0.02082905262595874,0.1521325860031017,0.0417268628662605,4.3515059511975345,2.0032961027405585,3.5243365510941493,2.079319571419694,40.0,40.0,3.3673406799059955,21.011646179465167,0.0,0.7092628267103764,7.967740136010954,0.0,37.001617297669576,37.98646575952717,36.06347527344617,1.922990486080998,0.008243946747359962,0.7586977921380316,0.8067262261185535,0.6856445943551899,0.021752895653158105,0.12108163176336362,0,0
em2x3125u_bearing_fault_timeseries.csv,EMB_COMP_001,EM2X3125U,bearing_fault,steady_state,2026-01-01 00:02:41.000,2026-01-01 00:02:42.990,161.0,162.99,200,0.033699456049821275,0.02099689117000418,0.03369395629262795,0.0209968786883054,0.0632392066964779,0.0422318935428961,1.8765646128823283,2.0113403075226635,2.1602596240264766,2.1344234674803206,40.0,40.0,1.9304722854547345,20.7752974141149,0.0,0.7608129551158891,8.056656027276741,0.0,37.8274061951182,38.87518865050935,36.92890565454918,1.9462829959601677,0.008403917514541937,0.7583250851321504,0.815723115471199,0.7104422158612624,0.020184545817833282,0.10528089960993658,0,0
em2x3125u_bearing_fault_timeseries.csv,EMB_COMP_001,EM2X3125U,bearing_fault,steady_state,2026-01-01 00:02:42.000,2026-01-01 00:02:43.990,162.0,163.99,200,0.03368745984616256,0.02105903183689265,0.03368702630462904,0.021057535229495678,0.0632392066964779,0.0451118593062774,1.877232863067343,2.1421620735311944,2.150287559175628,2.16419234387555,40.0,40.0,1.9160562411622295,20.780490442630928,0.0,0.8097651182783601,8.062374424051109,0.0,38.67172228771116,39.62582087896409,37.70715919122403,1.9186616877400624,0.008588606193768578,0.7597559032177363,0.815723115471199,0.7076903517675397,0.020599655886950403,0.10803276370365933,0,0
em2x3125u_bearing_fault_timeseries.csv,EMB_COMP_001,EM2X3125U,bearing_fault,steady_state,2026-01-01 00:02:43.000,2026-01-01 00:02:44.990,163.0,164.99,200,0.037238968306735315,0.020655660321912354,0.03719069842299705,0.02065214730036901,0.2366369832124858,0.0451118593062774,6.354552609065861,2.1839950213753725,9.531616440874435,2.120080715662347,40.0,40.0,5.967479004883557,21.721027397388653,0.0,0.831621741694846,7.700746009684531,0.0,39.507920826826556,40.483939615612734,38.56408057992455,1.9198590356881837,0.00824868362891789,0.7597646132219162,0.8103266726027787,0.6991549561558237,0.019787065967555334,0.111171716446955,0,0
em2x3125u_bearing_fault_timeseries.csv,EMB_COMP_001,EM2X3125U,bearing_fault,steady_state,2026-01-01 00:02:44.000,2026-01-01 00:02:45.990,164.0,165.99,200,0.04098385226298717,0.02053844862053797,0.04077437431176265,0.0205383773618222,0.2366369832124858,0.0413021026450162,5.77390777455526,2.010965064017302,8.788088126682304,2.1030946919408655,40.0,40.0,10.397618270037022,22.893355445569522,0.0,0.8407438980178705,7.59809581113455,0.0,40.33383699264279,41.39204710325947,39.44498990163522,1.9470572016242542,0.008388687707904172,0.76056145088303,0.8027710744695666,0.6991549561558237,0.017662839607146822,0.10361611831374296,0,0
em2x3125u_bearing_fault_timeseries.csv,EMB_COMP_001,EM2X3125U,bearing_fault,steady_state,2026-01-01 00:02:45.000,2026-01-01 00:02:46.990,165.0,166.99,200,0.036551754312771835,0.02061261996160521,0.03650162617990202,0.02060967530573093,0.1870039788586946,0.0397555379706915,5.11614236784668,1.9286989254516644,5.261332433124485,2.098713833628762,40.0,40.0,6.289192141799793,20.36406929541679,0.0,0.7738164120012724,7.722275358457645,0.0,41.16707808025497,42.11495793604973,40.315302367691245,1.7996555683584816,0.008393229978202514,0.7614955629503377,0.8101337179335204,0.7138664902399341,0.018238984593128883,0.09626722769358631,0,0
em2x3125u_bearing_fault_timeseries.csv,EMB_COMP_001,EM2X3125U,bearing_fault,steady_state,2026-01-01 00:02:46.000,2026-01-01 00:02:47.990,166.0,167.99,200,0.03264021747916211,0.020642619055215836,0.03263757986524825,0.02064147092077478,0.0650278290856599,0.0397555379706915,1.9922609010547927,1.9258960243538643,2.1800527397167957,2.0819213027017085,40.0,40.0,1.7513136017901532,19.552971281454433,0.0,0.7682378187904991,7.753636634448849,0.0,42.00008378618326,42.95254589728995,41.08125507777632,1.8712908195136322,0.00826584084972532,0.7614575082149048,0.8101337179335204,0.7194486071456925,0.019236346051845446,0.09068511078782793,0,0
em2x3125u_bearing_fault_timeseries.csv,EMB_COMP_001,EM2X3125U,bearing_fault,steady_state,2026-01-01 00:02:47.000,2026-01-01 00:02:48.990,167.0,168.99,200,0.033485767245054976,0.020872960369862765,0.033483135029425945,0.020872960024157106,0.0650278290856599,0.0420484753044798,1.9419542819423652,2.01449504810976,2.2077639807605873,2.0974733608268004,40.0,40.0,2.0084268751549432,20.415056334798876,0.0,0.7998202753821386,7.915276099175796,0.0,42.823931425294084,43.76057467421512,41.77643795514412,1.984136719071003,0.00812790989355767,0.7601445345195798,0.8221551805241067,0.7039688447602042,0.01923341722471091,0.11818633576390258,0,0
em2x3125u_bearing_fault_timeseries.csv,EMB_COMP_001,EM2X3125U,bearing_fault,steady_state,2026-01-01 00:02:48.000,2026-01-01 00:02:49.990,168.0,169.99,200,0.03459619980204103,0.021071796388571238,0.03458814102095658,0.02107178485721496,0.1117992484573148,0.0424210319012679,3.231547080229289,2.0131663726722366,2.549459791253444,2.0930500349845107,40.0,40.0,3.5264226417783617,20.41322699821704,0.0,0.758612092656664,8.12212373449653,0.0,43.65713772775284,44.579179156976174,42.64059550926218,1.9385836477139975,0.008570213999346765,0.7604829670365599,0.8221551805241067,0.7039688447602042,0.019889445850485906,0.11818633576390258,0,0
em2x3125u_bearing_fault_timeseries.csv,EMB_COMP_001,EM2X3125U,bearing_fault,shutdown,2026-01-01 00:02:49.000,2026-01-01 00:02:50.990,169.0,170.99,200,0.028292223651602746,0.016438634602549428,0.02826605232322097,0.016436343265278028,0.1117992484573148,0.0424210319012679,3.9515893071551274,2.5805690634846843,3.693175489036419,2.871995931443317,40.0,40.0,2.6022821148357065,13.404252378399741,0.0,0.44345207670033354,4.959987438504623,0.0,44.08115799903987,44.66430711462201,43.46424567068831,1.2000614439337056,-0.00013322532498834843,0.5914084755593758,0.8092958011897633,0.290833032297044,0.18000882334930096,0.5184627688927193,0,0
em2x3125u_bearing_fault_timeseries.csv,EMB_COMP_001,EM2X3125U,bearing_fault,shutdown,2026-01-01 00:02:50.000,2026-01-01 00:02:51.990,170.0,171.99,200,0.014302234830411742,0.008936763526089674,0.014299227012221277,0.008936741807584596,0.0335851747646288,0.0215717853741494,2.3482466315833754,2.413825241226702,2.344606311085427,2.327365835289744,40.0,40.0,0.3001533744596902,3.790883880308323,0.0,0.17036493435474517,1.4291960300037378,0.0,43.58266729460991,44.66430711462201,42.51701211839162,2.147294996230393,-0.009882394781951152,0.28061766876562944,0.5652711758105676,0.0,0.16242497923520374,0.5652711758105676,0,0
em2x3125u_bearing_fault_timeseries.csv,EMB_COMP_001,EM2X3125U,bearing_fault,idle,2026-01-01 00:02:51.000,2026-01-01 00:02:52.990,171.0,172.99,200,0.0069439734748089395,0.005176538216544611,0.006943971739792239,0.005170476314386592,0.0254267727987215,0.0158073176171672,3.661703618391357,3.053646463315157,5.217271470599489,3.9183283696021807,40.0,40.0,0.168012378945588,0.7983380317412272,0.0,0.08886115836158405,0.445977445919992,0.0,42.772088432870994,43.57536927731908,42.17133611248297,1.4040331648361146,-0.006385685377019513,0.07044662368266237,0.2829654671232157,0.0,0.0903206680815838,0.2829654671232157,0,0
em2x3125u_bearing_fault_timeseries.csv,EMB_COMP_001,EM2X3125U,bearing_fault,idle,2026-01-01 00:02:52.000,2026-01-01 00:02:53.990,172.0,173.99,200,0.0013699809785869016,0.0012671934865860302,0.0013669743165900191,0.0012670316482658163,0.0040735778798917,0.004523455700346,2.9734557950530713,3.569664576269822,3.063831580192546,3.5238334710282206,33.0,16.5,0.023569227105791304,0.013895689384706427,0.0,0.017897144928571505,0.014238757253858205,0.0,42.266509543283334,42.71266220754178,41.82389484778834,0.8887673597534445,-0.0038226026689685035,0.0009480033333818908,0.0054603319437624,0.0,0.0013186413274939406,0.0054603319437624,0,0
em2x3125u_bearing_fault_timeseries.csv,EMB_COMP_001,EM2X3125U,bearing_fault,idle,2026-01-01 00:02:53.000,2026-01-01 00:02:54.990,173.0,174.99,200,0.0014922295250830882,0.001303697746683299,0.001492198182477427,0.001302961917432595,0.0047540269145649,0.004523455700346,3.1858550140268758,3.469711987961931,3.0638973662938813,3.261108352028916,30.0,16.0,0.021991106503216878,0.02265771958357177,0.0,0.0184231754198912,0.015541296319126888,0.0,41.88931887578675,42.35786780191018,41.44994384614507,0.9079239557651135,-0.003738076098661784,0.0009118579142332849,0.005950740888759,0.0,0.001288203789659666,0.005950740888759,0,0
em2x3125u_bearing_fault_timeseries.csv,EMB_COMP_001,EM2X3125U,bearing_fault,idle,2026-01-01 00:02:54.000,2026-01-01 00:02:55.990,174.0,175.99,200,0.0015296191671792824,0.001201723177762025,0.0015253159653639166,0.0011995871857320253,0.0047540269145649,0.002911265454812,3.1079807422468666,2.4225757717627316,3.0289980505126803,2.5998883631964826,10.5,1.5,0.020458119419964088,0.026473610307151934,0.0,0.01618353152914225,0.012604537705562217,0.0,41.51524860895325,41.96545192428943,41.09438642562345,0.8710654986659847,-0.0037284880163206873,0.0008414635059199691,0.005950740888759,0.0,0.0011776768373699543,0.005950740888759,0,0
em2x3125u_bearing_fault_timeseries.csv,EMB_COMP_001,EM2X3125U,bearing_fault,idle,2026-01-01 00:02:55.000,2026-01-01 00:02:56.990,175.0,176.99,200,0.0014335578402003277,0.0011233208607139564,0.0014298935676010944,0.0011230387697132578,0.0043996189917164,0.0030902313875649,3.069020913102181,2.750978367481595,2.9614523903454413,2.756189034857867,0.5,25.0,0.024906674247662637,0.016002337171167738,0.0,0.015444406100742812,0.009780020386680514,0.0,41.13260819424354,41.56950512161854,40.686108900675954,0.8833962209425863,-0.003841169205343237,0.000911553449738842,0.0054670257878911,0.0,0.0012033867388577793,0.0054670257878911,0,0
em2x3125u_bearing_fault_timeseries.csv,EMB_COMP_001,EM2X3125U,bearing_fault,idle,2026-01-01 00:02:56.000,2026-01-01 00:02:57.990,176.0,177.99,200,0.0014897799463852144,0.001164234854455207,0.0014891049227174445,0.0011639664634435505,0.0043996189917164,0.0031967758317997,2.953200573273648,2.7458169797670267,2.974958193809813,2.8535349430121406,0.5,18.5,0.031478409284874165,0.013045162777574277,0.0,0.01757704748542458,0.00952015482964143,0.0,40.75397297627394,41.15039884055228,40.34264663408792,0.8077522064643574,-0.0037330858466154866,0.0009582207495114887,0.0050948352588706,0.0,0.0012751747735904855,0.0050948352588706,0,0
em2x3125u_bearing_fault_timeseries.csv,EMB_COMP_001,EM2X3125U,bearing_fault,idle,2026-01-01 00:02:57.000,2026-01-01 00:02:58.990,177.0,178.99,200,0.0014922640871924912,0.0011479369282146618,0.0014615063464268369,0.001147444050125569,0.0043760030927218,0.0031967758317997,2.9324588926848087,2.7848009356851264,3.012934637281562,2.8841151976730526,15.0,7.5,0.025923364155659205,0.016798841084976153,0.0,0.017684273757211787,0.008752317372308787,0.0,40.38179388596296,40.81297387071413,39.94944593595073,0.863527934763404,-0.0037689203218643393,0.0008322947633744473,0.0050948352588706,0.0,0.0011941802648049078,0.0050948352588706,0,0
em2x3125u_bearing_fault_timeseries.csv,EMB_COMP_001,EM2X3125U,bearing_fault,idle,2026-01-01 00:02:58.000,2026-01-01 00:02:59.990,178.0,179.99,200,0.0015003396021768226,0.001219479371603386,0.0015002230501692574,0.001216857809508459,0.0043760030927218,0.0031291233126588,2.9166750556825374,2.565950179661171,2.899677491584173,2.896212002471656,13.0,36.5,0.025762633750091454,0.01928300167592828,0.0,0.01893843021655596,0.010676739657206556,0.0,40.00775505046081,40.4352126806889,39.54766840776873,0.8875442729201666,-0.0037385976648460595,0.0008330753645057437,0.0048864500878971,0.0,0.0012069049788231549,0.0048864500878971,0,0
em2x3125u_bearing_fault_timeseries.csv,EMB_COMP_001,EM2X3125U,bearing_fault,idle,2026-01-01 00:02:59.000,2026-01-01 00:03:00.990,179.0,180.99,200,0.05818935736903551,0.03888660825262505,0.05818930457037066,0.03887340740512893,0.1699374110326473,0.1133383344010258,2.9204208246347925,2.9145852388238276,4.89983814982206,4.906594463110437,40.0,40.0,15.267348930693599,52.462697167094625,0.0,7.278672879554021,22.954623051007346,0.0,33.302039410825145,40.04605089620203,25.722767656114076,14.323283240087957,-0.09572184244985289,2.5046299169819735,6.440945690362504,0.0,2.5672099222925184,6.440945690362504,1,0
em2x3125u_bearing_fault_timeseries.csv,EMB_COMP_001,EM2X3125U,bearing_fault,startup,2026-01-01 00:03:00.000,2026-01-01 00:03:01.990,180.0,181.99,200,0.08445558130016954,0.05622957182351227,0.08445538049013532,0.056225932828144656,0.1797111705489291,0.1330513668134507,2.127877965935785,2.366216965532993,2.4640001708262833,2.346966399152796,40.0,40.0,29.34310674846761,113.43358852595665,0.0,13.786349987533074,49.45839360753052,0.0,27.792387850505985,29.844882638678904,25.722767656114076,4.122114982564828,0.020186704573460685,3.620464631676857,6.440945690362504,0.8800688320425539,1.6048830691732565,5.560876858319951,1,0
em2x3125u_bearing_fault_timeseries.csv,EMB_COMP_001,EM2X3125U,bearing_fault,startup,2026-01-01 00:03:01.000,2026-01-01 00:03:02.990,181.0,182.99,200,0.06585198018433766,0.043499735755723606,0.06585158207126464,0.04349711321633287,0.1797111705489291,0.1330513668134507,2.7290169566028006,3.058670690797106,3.8112840678709863,3.5712208413586763,40.0,40.0,15.112209532602828,71.65411288278624,0.0,7.113294519871901,30.726791310904595,0.0,29.50025585435127,30.70940888158488,27.77695735415417,2.932451527430711,0.013983081162735951,1.496530479949788,3.755159146447799,0.6937623483436453,0.9324827495139423,3.0613967981041537,1,0
em2x3125u_bearing_fault_timeseries.csv,EMB_COMP_001,EM2X3125U,bearing_fault,steady_state,2026-01-01 00:03:02.000,2026-01-01 00:03:03.990,182.0,183.99,200,0.03351003062887621,0.02154803964251928,0.033507486492274495,0.021548004690941636,0.0634920813583542,0.0393094317427374,1.8947186906968059,1.824269511049663,2.1259580099562627,2.094575551928679,40.0,40.0,1.747714919545764,20.71741610536705,0.0,0.8034973608572552,8.483553020324798,0.0,30.64253306140922,31.723588852365797,29.654180404156733,2.0694084482090638,0.008728871247343587,0.7600238163208783,0.8192160487995856,0.6937623483436453,0.020951983833923285,0.1254537004559404,0,0
em2x3125u_bearing_fault_timeseries.csv,EMB_COMP_001,EM2X3125U,bearing_fault,steady_state,2026-01-01 00:03:03.000,2026-01-01 00:03:04.990,183.0,184.99,200,0.03397610542287509,0.020697300760198562,0.033938295970991114,0.020693245636611363,0.0744041232129629,0.039314126340971,2.1898955835847165,1.899480845182144,2.2100783369039316,2.090349147612037,40.0,40.0,3.147569205640671,19.905538989555527,0.0,0.7559504944123576,7.809470329961255,0.0,31.500125695749617,32.47363989841981,30.54011736663231,1.9335225317875029,0.00834306797510257,0.7584697854623537,0.8380400133400221,0.7141054024675704,0.01931967448667364,0.12393461087245172,0,0
em2x3125u_bearing_fault_timeseries.csv,EMB_COMP_001,EM2X3125U,bearing_fault,steady_state,2026-01-01 00:03:04.000,2026-01-01 00:03:05.990,184.0,185.99,200,0.03606505258544682,0.020276044217912202,0.035929705457142753,0.020272840480102482,0.1344708185967051,0.0402127984880711,3.728562942702253,1.9832664624269476,2.827139791672317,2.108500664909013,40.0,40.0,4.668686427119243,21.15019280619778,0.0,0.8080903480885515,7.416443581843598,0.0,32.335501301705285,33.274536852902855,31.344242153395165,1.9302946995076908,0.008522741826831047,0.7596482451411818,0.8380400133400221,0.7153731584927296,0.02032020002414955,0.12266685484729245,0,0
em2x3125u_bearing_fault_timeseries.csv,EMB_COMP_001,EM2X3125U,bearing_fault,steady_state,2026-01-01 00:03:05.000,2026-01-01 00:03:06.990,185.0,186.99,200,0.03542804403526689,0.02066578096190996,0.03538089835934324,0.020664001452555755,0.1344708185967051,0.0425599784704542,3.7956038008433644,2.059442057810369,2.877058023581262,2.1375232697614854,40.0,40.0,3.420893412719037,21.625099370330336,0.0,0.8242940876799736,7.718787405257233,0.0,33.189612757239644,34.242663450864576,32.1350876802613,2.107575770603276,0.008615063335630523,0.7601096297848287,0.8220825209566407,0.7066608607010996,0.022005379568232418,0.11542166025554113,0,0
em2x3125u_bearing_fault_timeseries.csv,EMB_COMP_001,EM2X3125U,bearing_fault,steady_state,2026-01-01 00:03:06.000,2026-01-01 00:03:07.990,186.0,187.99,200,0.03521736561732168,0.02091493055906049,0.03519593767399636,0.020909508901233446,0.1193234287032063,0.0425599784704542,3.388198594971482,2.0349089063562262,2.579244030471339,2.108701424270266,40.0,40.0,2.9702290752957183,21.805139233127747,0.0,0.8334861531994302,7.911319469807763,0.0,34.03765814993167,35.03237116332169,33.12895220605142,1.9034189572702687,0.008316735460870852,0.7600550012915792,0.8220825209566407,0.7066608607010996,0.021438571773506818,0.11542166025554113,0,0
em2x3125u_bearing_fault_timeseries.csv,EMB_COMP_001,EM2X3125U,bearing_fault,steady_state,2026-01-01 00:03:07.000,2026-01-01 00:03:08.990,187.0,188.99,200,0.03502885172824956,0.02059527040614755,0.035014547453150316,0.020591872302089347,0.1193234287032063,0.0437196047666195,3.4064327780112778,2.1227982883667065,2.5953721063000343,2.135059038962668,40.0,40.0,2.9048480565274315,21.615763172746103,0.0,0.8616754755097337,7.618903748465958,0.0,34.89683026025517,35.903410941290936,33.810106374040465,2.0933045672504704,0.008741101859569828,0.7601870860903304,0.8113414110718438,0.7105533571411355,0.018753563338401658,0.10078805393070822,0,0
em2x3125u_bearing_fault_timeseries.csv,EMB_COMP_001,EM2X3125U,bearing_fault,steady_state,2026-01-01 00:03:08.000,2026-01-01 00:03:09.990,188.0,189.99,200,0.03339004528377415,0.02060124085059473,0.033382877583296236,0.020600962313659595,0.0644200372790289,0.0437196047666195,1.9293186556513515,2.1221830803146684,2.180072248052573,2.1484124771510045,40.0,40.0,2.0569734790779592,20.234401608620214,0.0,0.8492648390776358,7.648388633836412,0.0,35.74600417370828,36.67829822308275,34.844970393055696,1.8333278300270521,0.008223730613363752,0.7589438672538027,0.8161926895178855,0.7105533571411355,0.020563005654827455,0.10563933237674994,0,0
em2x3125u_bearing_fault_timeseries.csv,EMB_COMP_001,EM2X3125U,bearing_fault,steady_state,2026-01-01 00:03:09.000,2026-01-01 00:03:10.990,189.0,190.99,200,0.032785743859690145,0.020814208633406987,0.032783753187782184,0.020813472878155267,0.0609204888731302,0.0432604725523279,1.8581395967053698,2.078410633536865,2.1990763509277467,2.097504518315861,40.0,40.0,2.066092772122811,19.446883735276806,0.0,0.7762155541831274,7.887798555287938,0.0,36.582858032278914,37.48146515813456,35.6450700177563,1.836395140378265,0.008654786285252371,0.7608948408418746,0.816517028484899,0.715717203495954,0.021630800889886396,0.10079982498894502,0,0
em2x3125u_bearing_fault_timeseries.csv,EMB_COMP_001,EM2X3125U,bearing_fault,steady_state,2026-01-01 00:03:10.000,2026-01-01 00:03:11.990,190.0,191.99,200,0.03391610727017546,0.020729538602989768,0.03388152502888462,0.020728133254176485,0.0847130268468969,0.0432604725523279,2.497722576829751,2.0868999248294196,2.299628710331617,2.1234322353130777,40.0,40.0,3.2622823549319837,19.71377819651749,0.0,0.8408167118639742,7.753837487877488,0.0,37.44055389730099,38.36746245001124,36.44463344890109,1.922829001110152,0.008599930204218413,0.7598548465836541,0.816517028484899,0.702492858568798,0.019062263832689316,0.11402416991610109,0,0
em2x3125u_bearing_fault_timeseries.csv,EMB_COMP_001,EM2X3125U,bearing_fault,steady_state,2026-01-01 00:03:11.000,2026-01-01 00:03:12.990,191.0,192.99,200,0.03472755227281371,0.02050385219537581,0.034684233984197906,0.020503852158886043,0.0847130268468969,0.039770099066595,2.4393607180087398,1.9396403508782738,2.26798481448506,2.1033063640876697,40.0,40.0,3.3945731036363354,20.6666515323469,0.0,0.7988376365151613,7.6096185819492606,0.0,38.289002296098694,39.274875724834935,37.34078598053386,1.934089744301076,0.008486170104056237,0.7587885362122074,0.8212983248903958,0.702492858568798,0.01846007827721135,0.11880546632159783,0,0
em2x3125u_bearing_fault_timeseries.csv,EMB_COMP_001,EM2X3125U,bearing_fault,steady_state,2026-01-01 00:03:12.000,2026-01-01 00:03:13.990,192.0,193.99,200,0.03410374367295748,0.02078425334259046,0.034101450318321756,0.020784168953053357,0.0652182357795451,0.0425500621796421,1.9123482865976327,2.0472259204255274,2.176998266418001,2.0604551876391444,40.0,40.0,2.001312670931231,21.26718734543791,0.0,0.7616557139006885,7.878019919203446,0.0,39.13933044445669,40.18226116959941,38.17051789547824,2.011743274121166,0.008590813069011964,0.7601739661828959,0.8212983248903958,0.7197536309991555,0.018313605588121135,0.10154469389124032,0,0
em2x3125u_bearing_fault_timeseries.csv,EMB_COMP_001,EM2X3125U,bearing_fault,steady_state,2026-01-01 00:03:13.000,2026-01-01 00:03:14.990,193.0,194.99,200,0.03436938540312801,0.020987913946447726,0.034343154695351805,0.020987840204855546,0.0671545069836483,0.0425500621796421,1.9539047962590703,2.0273602363823224,2.1301398832402394,2.103076353448199,40.0,40.0,1.69042603015772,21.90018186382801,0.0,0.8707749101443639,7.939795180793634,0.0,39.993727840221915,40.96603021095474,39.00404215573867,1.961988055216075,0.008547542987636799,0.7588867151329751,0.807529303200766,0.6845399069543179,0.018035324673187178,0.12298939624644811,0,0
em2x3125u_bearing_fault_timeseries.csv,EMB_COMP_001,EM2X3125U,bearing_fault,steady_state,2026-01-01 00:03:14.000,2026-01-01 00:03:15.990,194.0,195.99,200,0.03677528998387497,0.02086910635657279,0.03676506698085888,0.020868804281217884,0.1322829736108285,0.0404316288250021,3.5970613329991745,1.9373914787811712,3.235930676914729,2.054506794643388,40.0,40.0,4.821699720380871,22.215379101651124,0.0,0.7853986820708191,7.930036423310963,0.0,40.84856952137917,41.8656413814428,39.85744784848969,2.0081935329531078,0.008560773604166004,0.7601445873501415,0.8219604953626694,0.6845399069543179,0.02036554941734649,0.13742058840835147,0,0
em2x3125u_bearing_fault_timeseries.csv,EMB_COMP_001,EM2X3125U,bearing_fault,steady_state,2026-01-01 00:03:15.000,2026-01-01 00:03:16.990,195.0,196.99,200,0.036513070693861706,0.020838164314216274,0.0364743137571925,0.02083797847121336,0.1322829736108285,0.0426601704690152,3.6228936952450534,2.0472134601564425,3.3052142226907257,2.073661091228295,40.0,40.0,4.981684085512779,21.63777707897601,0.0,0.8057920444809908,7.887448571042778,0.0,41.6981609910607,42.58045721856846,40.74565534558677,1.8348018729816928,0.008337020743797663,0.7618627281204156,0.8219604953626694,0.6986559837947721,0.020949028136544673,0.12330451156789723,0,0
em2x3125u_bearing_fault_timeseries.csv,EMB_COMP_001,EM2X3125U,bearing_fault,steady_state,2026-01-01 00:03:16.000,2026-01-01 00:03:17.990,196.0,197.99,200,0.033618701521213816,0.020360776481877466,0.03361595909567245,0.020360348261283665,0.0681179457390173,0.0426601704690152,2.026192049566044,2.0952133385966776,2.229122325530669,2.1207261314527472,40.0,40.0,1.9848998172242043,20.624158536247364,0.0,0.8053293958704687,7.48650213555684,0.0,42.54116141630922,43.584709022037885,41.48245715779447,2.1022518642434136,0.008393353902512841,0.7600202497648945,0.8213420961136126,0.6989169590844162,0.02036502294854818,0.12242513702919644,0,0
em2x3125u_bearing_fault_timeseries.csv,EMB_COMP_001,EM2X3125U,bearing_fault,steady_state,2026-01-01 00:03:17.000,2026-01-01 00:03:18.990,197.0,198.99,200,0.03539777833451699,0.020511084142849124,0.035348879659025785,0.020505695437128636,0.1302921329243646,0.0415759067403865,3.680799729663103,2.0269970349120383,3.2069801055063367,2.083580309432974,40.0,40.0,4.479895682349621,20.511785791890105,0.0,0.7382326722486338,7.671708080675937,0.0,43.392634124895615,44.35996745908639,42.39208879295514,1.9678786661312486,0.008492865918996327,0.757691817671284,0.8213420961136126,0.6768419583191998,0.01999651699034711,0.14450013779441284,0,0
em2x3125u_bearing_fault_timeseries.csv,EMB_COMP_001,EM2X3125U,bearing_fault,steady_state,2026-01-01 00:03:18.000,2026-01-01 00:03:19.990,198.0,199.99,200,0.03499710256965278,0.021033100940830787,0.03497924658497867,0.021029688164985804,0.1302921329243646,0.0415759067403865,3.72294056815279,1.9766893553806284,3.301731077474129,2.1455289052502096,40.0,40.0,4.356976014450712,20.117171516148357,0.0,0.9604379793721433,7.886536328829838,0.0,44.24514378018688,45.20257355958734,43.281945442472136,1.920628117115207,0.008488296763616399,0.758848906298033,0.8206211425733434,0.6768419583191998,0.021568911725554148,0.1437791842541436,0,0
em2x3125u_bearing_fault_timeseries.csv,EMB_COMP_001,EM2X3125U,bearing_fault,shutdown,2026-01-01 00:03:19.000,2026-01-01 00:03:20.990,199.0,200.99,200,0.026151355270765664,0.01667246488785651,0.02614913345615081,0.01667232924821067,0.0630024140472956,0.0398690107299599,2.409145277366384,2.391308723582842,2.765642256156645,2.932001487398492,40.0,40.0,0.9266227107856294,12.74958180025912,0.0,0.6565169707099084,4.909566317527914,0.0,44.666368822607076,45.20257355958734,44.0757225561105,1.126851003476844,-0.00016366168594195054,0.5908212650786908,0.8206211425733434,0.2753083642252921,0.18080602992035058,0.5453127783480514,0,0
em2x3125u_bearing_fault_timeseries.csv,EMB_COMP_001,EM2X3125U,bearing_fault,shutdown,2026-01-01 00:03:20.000,2026-01-01 00:03:21.990,200.0,201.99,200,0.014150394223991593,0.008922456582473927,0.014139215805344052,0.00892236545146256,0.0369908722755047,0.027211514058613,2.614123090138911,3.0497782541260703,2.3729436715574868,2.5942049308075625,40.0,40.0,0.24055279119613263,3.7577959718379987,0.0,0.18389968541763216,1.4136182407616646,0.0,44.164702430294035,45.19393077127122,43.06506165330385,2.128869117967369,-0.010007324558592727,0.2799262360833068,0.5660251511099753,0.0,0.1631081003532275,0.5660251511099753,0,0
em2x3125u_bearing_fault_timeseries.csv,EMB_COMP_001,EM2X3125U,bearing_fault,idle,2026-01-01 00:03:21.000,2026-01-01 00:03:22.990,201.0,202.99,200,0.006594423237357725,0.004853937837817992,0.006586691603676431,0.004851997917192063,0.0202295255962218,0.0162649411952057,3.067671708060921,3.3508754620799466,4.528760607040401,4.413319505035027,40.0,40.0,0.13711649164456832,0.7306661289008244,0.0,0.0953945006543512,0.37682888443195117,0.0,43.362732560891764,44.19457989287246,42.8165829024233,1.3779969904491622,-0.006267614297440275,0.07018572859609262,0.2820817446794171,0.0,0.09061582471995897,0.2820817446794171,0,0
em2x3125u_bearing_fault_timeseries.csv,EMB_COMP_001,EM2X3125U,bearing_fault,idle,2026-01-01 00:03:22.000,2026-01-01 00:03:23.990,202.0,203.99,200,0.0015617557887722775,0.0012376831103693546,0.0015329012432134233,0.0012353655575342577,0.0044558116058206,0.0038106940754792,2.8530783352007862,3.0788931702736066,2.89221581973279,3.074414290896332,44.0,39.0,0.02823667105081255,0.019189273371929598,0.0,0.016720194259354657,0.01381771951307238,0.0,42.87512428468357,43.28587557780637,42.46982068543946,0.816054892366914,-0.0036646748920051895,0.0008793291755646762,0.0054832153750326,0.0,0.001245981318764631,0.0054832153750326,0,0
em2x3125u_bearing_fault_timeseries.csv,EMB_COMP_001,EM2X3125U,bearing_fault,idle,2026-01-01 00:03:23.000,2026-01-01 00:03:24.990,203.0,204.99,200,0.0015991482828701434,0.0012792648296442704,0.0015914663303946833,0.0012786798276699914,0.0044558116058206,0.0030662070469698,2.786365500654718,2.3968508911656947,2.935547924426242,2.685229476115531,43.5,33.0,0.029709569995972605,0.021625613425930904,0.0,0.01620677447753518,0.0168681061256011,0.0,42.49964196462764,42.9677355884198,42.03508917476047,0.9326464136593273,-0.003757053809245261,0.000706223147720139,0.0054832153750326,0.0,0.0010653607623486326,0.0054832153750326,0,0
em2x3125u_bearing_fault_timeseries.csv,EMB_COMP_001,EM2X3125U,bearing_fault,idle,2026-01-01 00:03:24.000,2026-01-01 00:03:25.990,204.0,205.99,200,0.0015146999151725586,0.0012938534143902007,0.0015124282471067414,0.0012923388315932002,0.0045715047869081,0.0031650493943341,3.0180927199611696,2.4462194551040413,2.8885990764796627,2.8416040200655317,14.5,21.0,0.025150612274928423,0.02078156395294373,0.0,0.018349992999566724,0.015202409764418825,0.0,42.12271825331219,42.55180791822468,41.6894078466815,0.8624000715431848,-0.0037470912487879014,0.0007157807697445078,0.0066056418793303,0.0,0.0010582457684243792,0.0066056418793303,0,0
em2x3125u_bearing_fault_timeseries.csv,EMB_COMP_001,EM2X3125U,bearing_fault,idle,2026-01-01 00:03:25.000,2026-01-01 00:03:26.990,205.0,206.99,200,0.001523555747783895,0.0011681381407348662,0.0015219769082977935,0.0011677497600890696,0.0045715047869081,0.0034967115973513,3.0005497295111345,2.9934058956002816,2.894382215457847,3.286331623024915,48.5,42.5,0.02708865362961229,0.01924439025057461,0.0,0.015557542817895238,0.011718338899359734,0.0,41.74850207642381,42.21260427435509,41.27083627268522,0.941768001669864,-0.0037828996545214762,0.000800084594956393,0.0066056418793303,0.0,0.0011760572215617016,0.0066056418793303,0,0
em2x3125u_bearing_fault_timeseries.csv,EMB_COMP_001,EM2X3125U,bearing_fault,idle,2026-01-01 00:03:26.000,2026-01-01 00:03:27.990,206.0,207.99,200,0.0015098903690242338,0.0011064311588437163,0.001509606523833656,0.0011063488202990594,0.0041108083680472,0.0034967115973513,2.7225873165240526,3.160351703223509,2.78420936599407,3.2093860927258655,24.0,31.5,0.02655636118805037,0.01939848432496358,0.0,0.013022224259585326,0.011469725501521899,0.0,41.367455138243415,41.81560442719449,40.90461809411384,0.9109863330806434,-0.0038653373861907065,0.00079294989783844,0.0057872025925901,0.0,0.0011786122529431878,0.0057872025925901,0,0
em2x3125u_bearing_fault_timeseries.csv,EMB_COMP_001,EM2X3125U,bearing_fault,idle,2026-01-01 00:03:27.000,2026-01-01 00:03:28.990,207.0,208.99,200,0.0014241994489141224,0.0011953209111365704,0.001423135543369955,0.0011938308342734091,0.0034642394785852,0.0030712219535924,2.4324117533021807,2.569370220982857,2.6446941192909326,2.5363567556597193,44.5,48.5,0.022996355095263293,0.01766134065767703,0.0,0.015985167983429076,0.012519953829832666,0.0,40.98952146568641,41.42267100517699,40.5590784639955,0.8635925411814895,-0.003686068897497516,0.0008444458421373536,0.0057872025925901,0.0,0.0011993997411894363,0.0057872025925901,0,0
em2x3125u_bearing_fault_timeseries.csv,EMB_COMP_001,EM2X3125U,bearing_fault,idle,2026-01-01 00:03:28.000,2026-01-01 00:03:29.990,208.0,209.99,200,0.0014402433065480679,0.0012286199010628739,0.0014299437714805662,0.0012284987468550864,0.004599859412326,0.0032849043498838,3.1938071792541813,2.67365386727176,3.2648583290808437,2.5263111439084582,21.5,35.0,0.023839754414507235,0.017055160227970847,0.0,0.016619950859737075,0.01369274740289545,0.0,40.62284544724789,41.061279925861925,40.1961485577289,0.8651313681330279,-0.003620533236143289,0.0008337390228980417,0.004710795774672,0.0,0.0011787784007561526,0.004710795774672,0,0
em2x3125u_bearing_fault_timeseries.csv,EMB_COMP_001,EM2X3125U,bearing_fault,idle,2026-01-01 00:03:29.000,2026-01-01 00:03:30.990,209.0,210.99,200,0.058658290583901374,0.03895886327406671,0.05865596405033433,0.03895828337809273,0.1814499664303059,0.1326065589493409,3.0933388038434315,3.4037584211963274,5.250536715417813,4.870759669656797,40.0,40.0,17.630605515815027,51.23526798875354,0.0,6.602415131009411,23.773438490589353,0.0,33.77872848716113,40.70566613293504,26.066555216312096,14.639110916622947,-0.09789249394300388,2.4982994491309483,6.41343592159962,0.0,2.5595007563104595,6.41343592159962,1,0
em2x3125u_bearing_fault_timeseries.csv,EMB_COMP_001,EM2X3125U,bearing_fault,startup,2026-01-01 00:03:30.000,2026-01-01 00:03:31.990,210.0,211.99,200,0.08215982435613753,0.05520340258175725,0.08215588559497557,0.0551943265980097,0.1814499664303059,0.1326065589493409,2.2084999311071574,2.4021446640530564,2.5156941761575964,2.4175583737885296,40.0,40.0,31.599901103339764,103.41077313210396,0.0,13.259755902452358,47.72642587063485,0.0,28.1102325395564,30.14433690415709,26.066555216312096,4.077781687844993,0.0199108393882673,3.618780641416415,6.41343592159962,0.8141316820393801,1.5930462021926308,5.59930423956024,1,0
em2x3125u_bearing_fault_timeseries.csv,EMB_COMP_001,EM2X3125U,bearing_fault,startup,2026-01-01 00:03:31.000,2026-01-01 00:03:32.990,211.0,212.99,200,0.06345901486169289,0.04177876868201247,0.06345850795079414,0.04174842439348726,0.1812969410963795,0.1269697763189478,2.8569138914543664,3.039098095143567,3.708155512916504,3.7493276900727652,40.0,40.0,17.44360327979836,63.09938226802102,0.0,6.97430695945298,27.910526353578692,0.0,29.83417560686802,31.019833273274088,28.066744985090207,2.9530882881838814,0.014504621080844047,1.501627807912366,3.738810874201013,0.7161446887275384,0.9360145637672613,3.0226661854734744,1,0
em2x3125u_bearing_fault_timeseries.csv,EMB_COMP_001,EM2X3125U,bearing_fault,steady_state,2026-01-01 00:03:32.000,2026-01-01 00:03:33.990,212.0,213.99,200,0.03553550065806001,0.020795848788731558,0.03552369984047328,0.020795277451690825,0.1812969410963795,0.0425274876612168,5.101854138510879,2.0449988886368877,5.056914184075941,2.0682719183537936,40.0,40.0,4.283119178948222,20.95796577411271,0.0,0.703136836452863,7.95370321138745,0.0,30.98433740511724,31.899513827548088,30.035210105904373,1.864303721643715,0.008447128065976962,0.759070014490981,0.818031779052456,0.7161446887275384,0.01883748978621841,0.1018870903249176,0,0
em2x3125u_bearing_fault_timeseries.csv,EMB_COMP_001,EM2X3125U,bearing_fault,steady_state,2026-01-01 00:03:33.000,2026-01-01 00:03:34.990,213.0,214.99,200,0.03351478823063427,0.020843356760414607,0.03351474079400822,0.02084200931482779,0.0656808029186071,0.0425274876612168,1.9597558685622667,2.040337751258203,2.1706366921370224,2.1194458412293367,40.0,40.0,1.7884601728690157,20.67643927576818,0.0,0.8040369692970334,7.886067786670755,0.0,31.834089955263735,32.83158514591742,30.808872755074365,2.0227123908430578,0.008645399662019613,0.7591298907309723,0.818031779052456,0.7147628621972835,0.01845231130819429,0.10326891685517259,0,0
em2x3125u_bearing_fault_timeseries.csv,EMB_COMP_001,EM2X3125U,bearing_fault,steady_state,2026-01-01 00:03:34.000,2026-01-01 00:03:35.990,214.0,215.99,200,0.03398809543732487,0.02072711751246307,0.03398808449472825,0.02072617321814555,0.0655759839224739,0.0407541813807806,1.929380951733471,1.9662252291605624,2.1649037346057343,2.082865031768643,40.0,40.0,1.7930071496324593,21.310790736018223,0.0,0.7818755112496946,7.811749118853039,0.0,32.70461708682702,33.69483958992638,31.682913780658787,2.011925809267595,0.008831035609170566,0.7609094705780225,0.8081150506726693,0.7147628621972835,0.017959328261376563,0.09335218847538584,0,0
em2x3125u_bearing_fault_timeseries.csv,EMB_COMP_001,EM2X3125U,bearing_fault,steady_state,2026-01-01 00:03:35.000,2026-01-01 00:03:36.990,215.0,216.99,200,0.03727598985099879,0.02039795862360919,0.03724631321198186,0.020389367287684996,0.226670569816995,0.0402036914041021,6.080873257103366,1.9709664160985785,8.326939810772203,2.0056714492288705,40.0,40.0,5.094315546242938,22.658937974500695,0.0,0.7345928221682677,7.580044231695567,0.0,33.56635634351801,34.57203142778583,32.6457292911123,1.9263021366735273,0.008526704354907726,0.759739042879322,0.8164542609227026,0.711239159315523,0.01919298462146556,0.10521510160717962,0,0
em2x3125u_bearing_fault_timeseries.csv,EMB_COMP_001,EM2X3125U,bearing_fault,steady_state,2026-01-01 00:03:36.000,2026-01-01 00:03:37.990,216.0,217.99,200,0.03999581834538633,0.020715657782533006,0.039880123753078645,0.02071491155866994,0.226670569816995,0.0399577078890054,5.667356718634119,1.928865030908981,8.28198269451505,2.0885748347624085,40.0,40.0,9.138541849201244,22.671642636474715,0.0,0.8205892939237753,7.764867560659437,0.0,34.44191353912782,35.45779475623478,33.39128496538989,2.06650979084489,0.009021228698005531,0.7596198949653115,0.8168636088315742,0.711239159315523,0.021105662217670518,0.10562444951605121,0,0
em2x3125u_bearing_fault_timeseries.csv,EMB_COMP_001,EM2X3125U,bearing_fault,steady_state,2026-01-01 00:03:37.000,2026-01-01 00:03:38.990,217.0,218.99,200,0.03679671348623222,0.021121207977648677,0.036773512646900514,0.02112106006767465,0.1653724193554349,0.0399577078890054,4.494217110376183,1.8918287216948138,4.599319404220028,2.093295717400321,40.0,40.0,6.066643935068281,20.980457248567664,0.0,0.7963092815872381,8.134109674359836,0.0,35.31189770898895,36.31541455188662,34.29236404428754,2.0230505075990806,0.008351523768187801,0.7592009511062459,0.8168636088315742,0.706374395288194,0.021044167712434562,0.11048921354338015,0,0
em2x3125u_bearing_fault_timeseries.csv,EMB_COMP_001,EM2X3125U,bearing_fault,steady_state,2026-01-01 00:03:38.000,2026-01-01 00:03:39.990,218.0,219.99,200,0.03754339105674575,0.02074371311896598,0.037500591329133796,0.02074371229446435,0.2037940420959928,0.0378053548603315,5.428226815951814,1.8224969967293878,6.264961423459296,2.0539377470395603,40.0,40.0,6.8953197949244345,21.24976289283507,0.0,0.7610985295616168,7.84614561009881,0.0,36.16655316446665,37.15057402412912,35.23157514355046,1.9189988805786626,0.008645936921818633,0.7616063008858563,0.8230075803761523,0.6978245012652566,0.022268514425190802,0.12518307911089566,0,0
em2x3125u_bearing_fault_timeseries.csv,EMB_COMP_001,EM2X3125U,bearing_fault,steady_state,2026-01-01 00:03:39.000,2026-01-01 00:03:40.990,219.0,220.99,200,0.03738506712760842,0.020953974300764962,0.03735220593823152,0.02094834651346137,0.2037940420959928,0.0396494787057471,5.451215090784025,1.8922175877775906,6.372305164631131,2.0504793195808366,40.0,40.0,7.292448600701801,20.63583008279895,0.0,0.7688831594992004,8.008566916405984,0.0,37.042012306276945,38.02773974398162,36.10608528307195,1.9216544609096715,0.008748638486381407,0.7619228254129957,0.8292766191494685,0.6978245012652566,0.02197544265715955,0.13145211788421185,0,0
em2x3125u_bearing_fault_timeseries.csv,EMB_COMP_001,EM2X3125U,bearing_fault,steady_state,2026-01-01 00:03:40.000,2026-01-01 00:03:41.990,220.0,221.99,200,0.036975480297621106,0.021236976927014338,0.03693275734237874,0.021229785661206698,0.2046550353687259,0.0410080482766301,5.534885110928303,1.9309739054463122,6.458229388346385,2.1258700866920037,40.0,40.0,7.217388284256884,20.07029612455551,0.0,0.8177878140891569,8.196770487345646,0.0,37.90772887956383,38.89384237378696,36.87792968709228,2.0159126866946764,0.008704628585752229,0.7594118916178769,0.8292766191494685,0.7079527246730448,0.01964056978975689,0.12132389447642367,0,0
em2x3125u_bearing_fault_timeseries.csv,EMB_COMP_001,EM2X3125U,bearing_fault,steady_state,2026-01-01 00:03:41.000,2026-01-01 00:03:42.990,221.0,222.99,200,0.036859861580777274,0.021042005296728124,0.036786123369602346,0.021035627965617476,0.2046550353687259,0.0410080482766301,5.552246443471595,1.948865980135769,6.422218678151532,2.143493648601453,40.0,40.0,6.656539802988622,20.42302177766811,0.0,0.8803750586530641,7.970272233606225,0.0,38.76817807715584,39.77412412592835,37.817019595651374,1.957104530276979,0.00873925328849928,0.7602733193714312,0.8068752430829418,0.7080439878938196,0.019807915798204043,0.09883125518912217,0,0
em2x3125u_bearing_fault_timeseries.csv,EMB_COMP_001,EM2X3125U,bearing_fault,steady_state,2026-01-01 00:03:42.000,2026-01-01 00:03:43.990,222.0,223.99,200,0.03333355456904934,0.02085593539416543,0.03333341655454538,0.02085258009952154,0.0644109941449441,0.0399791111463036,1.9323169994222755,1.9169176731094013,2.1622110999125304,2.1260052911768317,40.0,40.0,1.8076913860051076,20.41516372838549,0.0,0.8727586313415262,7.823929429606722,0.0,39.6321120632892,40.6082665394894,38.58826209435955,2.0200044451298496,0.008786140064662556,0.7608907911891992,0.8104398504920005,0.7115187596166617,0.019891458296199982,0.09892109087533885,0,0
em2x3125u_bearing_fault_timeseries.csv,EMB_COMP_001,EM2X3125U,bearing_fault,steady_state,2026-01-01 00:03:43.000,2026-01-01 00:03:44.990,223.0,224.99,200,0.03323454331495824,0.021186894480583283,0.03323274560844661,0.021186561744749928,0.0644109941449441,0.0401363532179672,1.9380736944248584,1.894395294919231,2.1724905732396147,2.103882561800294,40.0,40.0,1.841389169492323,20.250002915440945,0.0,0.8247330065553667,8.153131734880661,0.0,40.506113668737086,41.48912385249952,39.47612853786098,2.0129953146385375,0.008722484110055783,0.7606805728394562,0.8104398504920005,0.7037455169455897,0.019541492560206833,0.10669433354641078,0,0
em2x3125u_bearing_fault_timeseries.csv,EMB_COMP_001,EM2X3125U,bearing_fault,steady_state,2026-01-01 00:03:44.000,2026-01-01 00:03:45.990,224.0,225.99,200,0.03283689436999709,0.021343511069267726,0.03283628678766654,0.021342933841292076,0.0594324361090451,0.0401363532179672,1.8099286564489554,1.8804944082400328,2.120347820508657,2.038434773660348,40.0,40.0,1.667434016194422,19.897500983016535,0.0,0.7899584316851656,8.320626437276495,0.0,41.374378743438186,42.2955481106467,40.5069090375544,1.7886390730922983,0.008429391520811185,0.7594252170874951,0.8040292186305897,0.7037455169455897,0.020051689189446477,0.100283701685,0,0
em2x3125u_bearing_fault_timeseries.csv,EMB_COMP_001,EM2X3125U,bearing_fault,steady_state,2026-01-01 00:03:45.000,2026-01-01 00:03:46.990,225.0,226.99,200,0.032811437809879045,0.021006983340063703,0.03281143758792427,0.021005278648863212,0.0607321372484641,0.0419279724824702,1.8509441006629261,1.9959063994927246,2.114399839805891,2.094127739389853,40.0,40.0,1.6446874559438984,19.88756642519928,0.0,0.8493605403938388,7.975080445515271,0.0,42.23076764202313,43.27944168771468,41.24745082197155,2.0319908657431327,0.008637811340454316,0.7592979662492144,0.807584111022269,0.7013712539126591,0.020268947078263176,0.10621285710960993,0,0
em2x3125u_bearing_fault_timeseries.csv,EMB_COMP_001,EM2X3125U,bearing_fault,steady_state,2026-01-01 00:03:46.000,2026-01-01 00:03:47.990,226.0,227.99,200,0.03366188208077112,0.020709298330456663,0.033659612124465596,0.02070583213736387,0.0658621044916971,0.0427869351258538,1.9565781952911037,2.0660736275612046,2.1595890518383456,2.1706270013385556,40.0,40.0,1.8348158149462996,20.824588272468613,0.0,0.8440654707209458,7.730584779785406,0.0,43.09110824661477,44.12431969158503,42.08028981752994,2.0440298740550915,0.008699951713230012,0.7606099116868842,0.8145938747982449,0.7013712539126591,0.02071384059209251,0.11322262088558577,0,0
em2x3125u_bearing_fault_timeseries.csv,EMB_COMP_001,EM2X3125U,bearing_fault,steady_state,2026-01-01 00:03:47.000,2026-01-01 00:03:48.990,227.0,228.99,200,0.034293542767224114,0.020723708276309802,0.03429353396335059,0.02071629236504482,0.0658621044916971,0.0427869351258538,1.92053952951879,2.06463701164745,2.1369291248908677,2.136102920809631,40.0,40.0,1.8165363032260027,21.707598701043302,0.0,0.7881865329520049,7.796090620159645,0.0,43.961463160920886,44.9650607356244,42.90280428019141,2.062256455432987,0.00864366563999106,0.761125203791348,0.8157347907019772,0.7081931203826437,0.020734278257186402,0.10754167031933348,0,0
em2x3125u_bearing_fault_timeseries.csv,EMB_COMP_001,EM2X3125U,bearing_fault,steady_state,2026-01-01 00:03:48.000,2026-01-01 00:03:49.990,228.0,229.99,200,0.03561560336161872,0.020601872853602272,0.035599419406318625,0.02060174430722825,0.1667505656453321,0.0422771682423401,4.681952568716874,2.052103153085321,4.120642809205569,2.0980213527373643,40.0,40.0,3.239385078380746,22.130194551048042,0.0,0.74053100784793,7.748144740993202,0.0,44.83382247415307,45.86473133430851,43.88896588804044,1.9757654462680705,0.008558199742012966,0.759075505997141,0.8199746811746185,0.7064142773998445,0.020262946576467232,0.11356040377477394,0,0
em2x3125u_bearing_fault_timeseries.csv,EMB_COMP_001,EM2X3125U,bearing_fault,shutdown,2026-01-01 00:03:49.000,2026-01-01 00:03:50.990,229.0,230.99,200,0.029198736524929148,0.016056481657423703,0.029181736795983307,0.0160529767430984,0.1667505656453321,0.0422771682423401,5.71088291792916,2.6330281530134148,7.330622848692485,2.779750755444696,40.0,40.0,2.5309253514674244,14.50527561488547,0.0,0.43419762154554264,4.7197817703331415,0.0,45.30393979333998,45.96968605736193,44.69782240130456,1.27186365605737,0.0003915204095076731,0.5882567984887391,0.8199746811746185,0.2816397751915194,0.1788786100073358,0.5383349059830991,0,0
em2x3125u_bearing_fault_timeseries.csv,EMB_COMP_001,EM2X3125U,bearing_fault,shutdown,2026-01-01 00:03:50.000,2026-01-01 00:03:51.990,230.0,231.99,200,0.014505379824107573,0.008560407987176723,0.014504288008718983,0.008554731068361153,0.0366555979017185,0.0204020058185991,2.527034682731839,2.3832983018053335,2.5571549120789814,2.2996699304222887,40.0,40.0,0.2458982848846763,3.9617963969022063,0.0,0.18272165454889047,1.2809526120994137,0.0,44.84015046368299,45.96968605736193,43.761464537252365,2.208221520109568,-0.009985492111542982,0.28003013915223257,0.5554316480685463,0.0,0.16218777692780867,0.5554316480685463,0,0
em2x3125u_bearing_fault_timeseries.csv,EMB_COMP_001,EM2X3125U,bearing_fault,idle,2026-01-01 00:03:51.000,2026-01-01 00:03:52.990,231.0,232.99,200,0.006907102226788903,0.004398482413837946,0.006906780904145825,0.004386111596408697,0.0226180810553989,0.014951305582125,3.274612176387897,3.399196398986865,4.545585115436658,4.261433989638698,40.0,40.0,0.1400410560417171,0.8145479669087299,0.0,0.10633594618050746,0.2784295970256202,0.0,43.960111441132106,44.86204272865978,43.34191277213063,1.5201299565291535,-0.007404690220398994,0.07058049517934446,0.2803832144604268,0.0,0.09145965918491585,0.2803832144604268,0,0
em2x3125u_bearing_fault_timeseries.csv,EMB_COMP_001,EM2X3125U,bearing_fault,idle,2026-01-01 00:03:52.000,2026-01-01 00:03:53.990,232.0,233.99,200,0.0015341476460698506,0.0012478933180351045,0.0015327102737977838,0.0012477716804300898,0.0044938864601654,0.0035710007103049,2.9292398757562546,2.8616233925570587,2.7432411465417452,2.8803547301099406,44.0,35.5,0.02928146705755699,0.018072136184590342,0.0,0.021284307544157603,0.00997427134045022,0.0,43.38957548333939,43.87244906179358,42.924891746897536,0.947557314896045,-0.0038440956853494188,0.0005853972650246955,0.0046611559961641,0.0,0.0009600238350565044,0.0046611559961641,0,0
em2x3125u_bearing_fault_timeseries.csv,EMB_COMP_001,EM2X3125U,bearing_fault,idle,2026-01-01 00:03:53.000,2026-01-01 00:03:54.990,233.0,234.99,200,0.0015509200313441392,0.0012430451215921915,0.0015490881737750413,0.0012406320908370332,0.0044938864601654,0.0042391003478502,2.89756168554395,3.4102546031638994,2.7334158205432866,2.95171967473479,49.0,13.0,0.025139582495436345,0.023002207866948166,0.0,0.01817955924758228,0.012860479697998702,0.0,43.01114204946449,43.47162789080026,42.57345167958244,0.898176211217816,-0.0037837893635273476,0.0006277446341120546,0.0072259062265072,0.0,0.001087505344559092,0.0072259062265072,0,0
em2x3125u_bearing_fault_timeseries.csv,EMB_COMP_001,EM2X3125U,bearing_fault,idle,2026-01-01 00:03:54.000,2026-01-01 00:03:55.990,234.0,235.99,200,0.0014756750121992946,0.0012151143885941575,0.0014749258466623548,0.0012109768103394404,0.0039634899706221,0.0042391003478502,2.6858826895191865,3.488643034467465,2.845614987976173,3.2100444249564557,35.5,26.5,0.025983448560865565,0.0175253564645779,0.0,0.015369303388324233,0.014013040656359256,0.0,42.634924085204474,43.06642565480225,42.24681333053872,0.8196123242635309,-0.0037487493825717052,0.0007855056143348303,0.0072259062265072,0.0,0.001192748387850578,0.0072259062265072,0,0
em2x3125u_bearing_fault_timeseries.csv,EMB_COMP_001,EM2X3125U,bearing_fault,idle,2026-01-01 00:03:55.000,2026-01-01 00:03:56.990,235.0,236.99,200,0.0014068292407456613,0.0011558733166011077,0.0014067824464544755,0.0011548717556540144,0.0039634899706221,0.0035645116179595,2.8173212894845236,3.0838255081803347,2.785973837262473,3.306385017933245,27.5,27.0,0.02474220089691873,0.014947482112864752,0.0,0.015487367025265354,0.011664199978901009,0.0,42.25584990955504,42.66349855346994,41.84398873684624,0.8195098166237003,-0.0037607485994733208,0.0008206430686809842,0.0049763126670537,0.0,0.00112007227507997,0.0049763126670537,0,0
em2x3125u_bearing_fault_timeseries.csv,EMB_COMP_001,EM2X3125U,bearing_fault,idle,2026-01-01 00:03:56.000,2026-01-01 00:03:57.990,236.0,237.99,200,0.0015391350034757115,0.0011913616555575717,0.0015323867193055962,0.0011913274791241705,0.0045848873602863,0.0039290898138765,2.9788727758985387,3.2979824350966194,2.8025557913411308,3.5526903420915694,28.5,46.5,0.029111320274987883,0.018064870866496517,0.0,0.013921849259230309,0.014464974817660767,0.0,41.877532702924455,42.28294947466881,41.39369686179409,0.8892526128747207,-0.003737248820096404,0.0007498058828759055,0.0048071483711177,0.0,0.0010831614129568515,0.0048071483711177,0,0
em2x3125u_bearing_fault_timeseries.csv,EMB_COMP_001,EM2X3125U,bearing_fault,idle,2026-01-01 00:03:57.000,2026-01-01 00:03:58.990,237.0,238.99,200,0.0015886938416933836,0.001251749333153033,0.0015846267523151759,0.0012503493139776544,0.0056041096099996,0.0039290898138765,3.5274950169292514,3.1388790948899574,3.4299274347054283,3.271325825429565,30.5,41.5,0.027307208169417767,0.02292707032810857,0.0,0.015640106070207827,0.01574904106971202,0.0,41.506623654753184,41.96701057933029,41.10758286412143,0.8594277152088594,-0.003643692350271492,0.0008165692219450171,0.005980481307988,0.0,0.0011948986121028654,0.005980481307988,0,0
em2x3125u_bearing_fault_timeseries.csv,EMB_COMP_001,EM2X3125U,bearing_fault,idle,2026-01-01 00:03:58.000,2026-01-01 00:03:59.990,238.0,239.99,200,0.0015827504255209296,0.0012241596430831708,0.0015791867336310535,0.001223042977010266,0.0056041096099996,0.0034763834858274,3.5407411804391855,2.839812197265198,3.367232982329232,3.0820853421750387,1.5,18.0,0.02557988537840984,0.024619245098088792,0.0,0.01797101440664275,0.011964327632468588,0.0,41.1308774426562,41.5434894357295,40.63182606565305,0.9116633700764467,-0.0038421281828619276,0.0008982472236391223,0.005980481307988,0.0,0.0012450896723226021,0.005980481307988,0,0
em2x3125u_bearing_fault_timeseries.csv,EMB_COMP_001,EM2X3125U,bearing_fault,idle,2026-01-01 00:03:59.000,2026-01-01 00:04:00.990,239.0,240.99,200,0.05990042450406383,0.04005671467661062,0.05989932649993173,0.040054227330067714,0.1644267402586864,0.1221198094566947,2.7450012519949865,3.048672624367801,5.076412836319726,4.873147963195987,40.0,40.0,16.563068966221763,55.23437445383996,0.0,6.57468076264723,25.58203932927499,0.0,34.16787865748074,41.19984597161896,26.376583041751005,14.823262929867958,-0.09952193020871156,2.5004461674018637,6.493129969890986,0.0,2.563132383562745,6.493129969890986,1,0
em2x3125u_bearing_fault_timeseries.csv,EMB_COMP_001,EM2X3125U,bearing_fault,startup,2026-01-01 00:04:00.000,2026-01-01 00:04:01.990,240.0,241.99,200,0.08497283438206565,0.05667005651226647,0.08494224379608765,0.05666988529460826,0.1866645483302149,0.1221198094566947,2.196755582977379,2.154926551560106,2.538787193852843,2.403267049484735,40.0,40.0,35.25105308928424,109.05712825058572,0.0,14.043226200769276,50.25834401715557,0.0,28.40051153400783,30.47542952493478,26.376583041751005,4.098846483183774,0.02004311797771322,3.612478727431136,6.493129969890986,0.7825720587218992,1.6058690150390589,5.7105579111690865,1,0
em2x3125u_bearing_fault_timeseries.csv,EMB_COMP_001,EM2X3125U,bearing_fault,startup,2026-01-01 00:04:01.000,2026-01-01 00:04:02.990,241.0,242.99,200,0.06476949712157905,0.04266990685203588,0.0647423783313807,0.042668782031032956,0.1866645483302149,0.1215694007823014,2.88198236246649,2.849066467472287,3.9257293819499988,3.817698783390929,40.0,40.0,19.602917550019086,64.26853404283459,0.0,7.896717364208744,28.515919154858718,0.0,30.082472417928965,31.38119929433516,28.430901713158157,2.9502975811770042,0.013831807909430626,1.492809333545245,3.6748214839183873,0.7041654858235451,0.9316943576865521,2.970655998094842,1,0
em2x3125u_bearing_fault_timeseries.csv,EMB_COMP_001,EM2X3125U,bearing_fault,steady_state,2026-01-01 00:04:02.000,2026-01-01 00:04:03.990,242.0,243.99,200,0.03302994523535746,0.020931141002059856,0.03302994050739868,0.020927131965454423,0.0618807609521656,0.0394352188966769,1.8734745247450275,1.884045351029647,2.1851092043510785,2.085348650341338,40.0,40.0,1.7588469289996134,20.079847685246172,0.0,0.8810341871306454,7.880424585732294,0.0,31.20251771348967,32.18740568081425,30.091793320970403,2.095612359843848,0.008893228408623655,0.7597888572049734,0.8174570994660773,0.7041654858235451,0.020113524341709366,0.11329161364253215,0,0
em2x3125u_bearing_fault_timeseries.csv,EMB_COMP_001,EM2X3125U,bearing_fault,steady_state,2026-01-01 00:04:03.000,2026-01-01 00:04:04.990,243.0,244.99,200,0.03277480123591155,0.02093857893503492,0.03277425214377997,0.020938532233582583,0.0681640925549595,0.0417713809850048,2.0797713482476192,1.9949482299924348,2.1661986771457435,2.156062184124203,40.0,40.0,1.7280965983293672,19.764353976899727,0.0,0.9054945733738885,7.863433724054713,0.0,32.096114329510925,33.10127324159203,31.076149691133253,2.0251235504587797,0.009003482138416502,0.7607668367684707,0.8102747889423596,0.7048119724366104,0.019894369976971738,0.10546281650574918,0,0
em2x3125u_bearing_fault_timeseries.csv,EMB_COMP_001,EM2X3125U,bearing_fault,steady_state,2026-01-01 00:04:04.000,2026-01-01 00:04:05.990,244.0,245.99,200,0.032992847841472536,0.020715258227275383,0.03299156368977836,0.020704557036767476,0.0681640925549595,0.0417713809850048,2.066026336449688,2.0164547565236344,2.19624241617814,2.132659011784977,40.0,40.0,1.7123237306026051,20.058267949088947,0.0,0.8570028251333826,7.717251748201068,0.0,32.98518975347615,34.042330288827294,31.986772828057457,2.055557460769837,0.008771673731613212,0.7613961835265883,0.8102747889423596,0.7048119724366104,0.020618147049076767,0.10546281650574918,0,0
em2x3125u_bearing_fault_timeseries.csv,EMB_COMP_001,EM2X3125U,bearing_fault,steady_state,2026-01-01 00:04:05.000,2026-01-01 00:04:06.990,245.0,246.99,200,0.03793189951884885,0.02094044514219983,0.037862556162859905,0.020936103626497057,0.2483482876614993,0.0387452922959542,6.547214634956307,1.8502611588649323,10.506187693043277,2.06352314455554,40.0,40.0,6.633992103902885,22.043849801125454,0.0,0.8205659876351774,7.9463718341492715,0.0,33.868612016072696,34.825923158528774,32.88486539486212,1.941057763666656,0.008975171395057295,0.7584789345319541,0.8018978523525235,0.6950319509999221,0.01979350697949324,0.10686590135260143,0,0
em2x3125u_bearing_fault_timeseries.csv,EMB_COMP_001,EM2X3125U,bearing_fault,steady_state,2026-01-01 00:04:06.000,2026-01-01 00:04:07.990,246.0,247.99,200,0.042960772081129,0.021050561953843208,0.04275308825895999,0.02105054522165006,0.2483482876614993,0.0389035808241707,5.780815279402044,1.8481017708445573,10.798301607433366,2.049930770646284,40.0,40.0,11.889190300926659,24.669240480308922,0.0,0.8146752170904039,8.047956092589667,0.0,34.74783010681769,35.70950119587057,33.811571241665,1.8979299542055728,0.008684400121089727,0.7606231097323704,0.8107357108432973,0.6950319509999221,0.02035846260689775,0.11570375984337522,0,0
em2x3125u_bearing_fault_timeseries.csv,EMB_COMP_001,EM2X3125U,bearing_fault,steady_state,2026-01-01 00:04:07.000,2026-01-01 00:04:08.990,247.0,248.99,200,0.038662474589527575,0.02086446302819646,0.03857922404161797,0.020856550247737766,0.2321960127199782,0.0389035808241707,6.005720409393367,1.864585768231657,8.185605220875956,2.0448193164700488,40.0,40.0,7.2098079653764575,22.568145036755833,0.0,0.7704015464815956,7.929708009959019,0.0,35.63823605517169,36.64982344854404,34.66750876865503,1.982314679889008,0.009122438592844336,0.7610038974928827,0.8107357108432973,0.7078821999010714,0.02092599632976375,0.10285351094222595,0,0
em2x3125u_bearing_fault_timeseries.csv,EMB_COMP_001,EM2X3125U,bearing_fault,steady_state,2026-01-01 00:04:08.000,2026-01-01 00:04:09.990,248.0,249.99,200,0.03328557884823737,0.02093845989366416,0.03327812098228179,0.020929860992477713,0.0631763161747589,0.0386327764633263,1.8980086379992271,1.845062944434434,2.2049687531190276,2.0591517220804865,40.0,40.0,1.945281022080294,20.20343002404904,0.0,0.7972705765473146,7.965813636693162,0.0,36.54329699460748,37.57791411165272,35.591042933194885,1.9868711784578323,0.00895626024915651,0.7604901027330571,0.8157777759357843,0.706470546676917,0.021520954415758027,0.10930722925886727,0,0
em2x3125u_bearing_fault_timeseries.csv,EMB_COMP_001,EM2X3125U,bearing_fault,steady_state,2026-01-01 00:04:09.000,2026-01-01 00:04:10.990,249.0,250.99,200,0.03330089555892432,0.020738340134970192,0.03330078924274903,0.020738340134947388,0.0632687931438048,0.0389400674513841,1.8999126624643996,1.8776848676390014,2.169257971189725,2.091029175017404,40.0,40.0,1.9039852773500712,20.276962066594006,0.0,0.8223909028683076,7.779187281324031,0.0,37.43132507686537,38.65577860582856,36.4664286964976,2.189349909330957,0.00882083661104872,0.7604986970576522,0.8157777759357843,0.706470546676917,0.02161611151664633,0.10930722925886727,0,0
em2x3125u_bearing_fault_timeseries.csv,EMB_COMP_001,EM2X3125U,bearing_fault,steady_state,2026-01-01 00:04:10.000,2026-01-01 00:04:11.990,250.0,251.99,200,0.03356427223058012,0.02011595220960778,0.03355677295331761,0.02011442940365833,0.0632687931438048,0.0389400674513841,1.8850041707789855,1.935780471420366,2.138422770901663,2.1008353872044023,40.0,40.0,1.857364966895481,20.663780030018096,0.0,0.8130975791320346,7.2791617847268135,0.0,38.316350650803145,39.35039734090981,37.27931980055679,2.0710775403530164,0.008749290727293095,0.7589559054766113,0.8175704358697884,0.7079980670775428,0.02045074163714634,0.10957236879224563,0,0
em2x3125u_bearing_fault_timeseries.csv,EMB_COMP_001,EM2X3125U,bearing_fault,steady_state,2026-01-01 00:04:11.000,2026-01-01 00:04:12.990,251.0,252.99,200,0.034056942998426466,0.020534825055155793,0.03405511971423046,0.020534280135694125,0.0645003248928863,0.0434370424671386,1.8938964925849748,2.11528670687324,2.1601263087123974,2.1319903660218746,40.0,40.0,1.952029982706789,21.245994207001857,0.0,0.8612351033194453,7.572030984803113,0.0,39.19151936599087,40.212724395929406,38.04959336754766,2.1631310283817484,0.008616364911262676,0.7591344146059206,0.8175704358697884,0.7006738768080305,0.020849964431893943,0.11689655906175789,0,0
em2x3125u_bearing_fault_timeseries.csv,EMB_COMP_001,EM2X3125U,bearing_fault,steady_state,2026-01-01 00:04:12.000,2026-01-01 00:04:13.990,252.0,253.99,200,0.04022475221502535,0.021061069708185665,0.0400102509345569,0.021060283555784896,0.2130838286824271,0.0434370424671386,5.297331044909031,2.0624328711212714,6.182392287111373,2.1529028685055174,40.0,40.0,8.732953229434866,23.283669475240107,0.0,0.9363864262134575,7.937677096947262,0.0,40.0723504468404,41.04546786405876,38.96117697656599,2.08429088749277,0.008908067319411198,0.7588096610522973,0.8106265933402248,0.7006738768080305,0.02042995326967362,0.1099527165321943,0,0
em2x3125u_bearing_fault_timeseries.csv,EMB_COMP_001,EM2X3125U,bearing_fault,steady_state,2026-01-01 00:04:13.000,2026-01-01 00:04:14.990,253.0,254.99,200,0.03991195873670928,0.021081504891271235,0.03971557820312035,0.021080305918643426,0.2130838286824271,0.0432980512669465,5.338846687232162,2.0538406290375404,6.342977007278183,2.1303881276123784,40.0,40.0,8.894691356207383,22.653765360902657,0.0,0.8643881793545849,8.027262743231972,0.0,40.96359591393955,41.99559848126678,40.00357257442072,1.9920259068460595,0.008751685996551989,0.7618064656011166,0.8106265933402248,0.6987705141442873,0.01971684248913555,0.11185607919593754,0,0
em2x3125u_bearing_fault_timeseries.csv,EMB_COMP_001,EM2X3125U,bearing_fault,steady_state,2026-01-01 00:04:14.000,2026-01-01 00:04:15.990,254.0,255.99,200,0.04007173155537389,0.021027035641637968,0.0398925148912111,0.021024908080949232,0.1990645347356049,0.0432980512669465,4.967704838522482,2.0591609775563047,6.383487051282621,2.1171992995442412,40.0,40.0,11.671076247383665,20.183571419648516,0.0,0.7763371524307617,8.065248775025301,0.0,41.85960790139013,42.8884145164122,40.90168939718603,1.9867251192261648,0.009052000174369343,0.7623818443677116,0.8235289375975021,0.6987705141442873,0.020635182098408606,0.12475842345321486,0,0
em2x3125u_bearing_fault_timeseries.csv,EMB_COMP_001,EM2X3125U,bearing_fault,steady_state,2026-01-01 00:04:15.000,2026-01-01 00:04:16.990,255.0,256.99,200,0.04036983942158961,0.02067223929410823,0.04015298900490138,0.020671977092758354,0.1990645347356049,0.0396206571093665,4.93102121751681,1.9166117683563548,6.219113783796672,2.078180525994372,40.0,40.0,11.523358020988631,20.723283785737397,0.0,0.7749600462800368,7.772219747504535,0.0,42.74344667144361,43.75808768912688,41.67063906938155,2.087448619745331,0.008648486531816576,0.7609813832273828,0.8235289375975021,0.7077125078585211,0.019993758107450063,0.11581642973898099,0,0
em2x3125u_bearing_fault_timeseries.csv,EMB_COMP_001,EM2X3125U,bearing_fault,steady_state,2026-01-01 00:04:16.000,2026-01-01 00:04:17.990,256.0,257.99,200,0.03420874577294222,0.02034860492947475,0.03419354910198365,0.020348596426810063,0.0704768614056643,0.0434965471740959,2.060200098344697,2.137569004108561,2.2243823624680235,2.089616729494482,40.0,40.0,2.239169520674042,21.14803019990182,0.0,0.7533024118740855,7.529553650001531,0.0,43.62544841029551,44.6277463882148,42.65181918627103,1.975927201943776,0.00890131715911193,0.7597518592639215,0.8137744068699742,0.6981007265524888,0.020579360818837242,0.11567368031748537,0,0
em2x3125u_bearing_fault_timeseries.csv,EMB_COMP_001,EM2X3125U,bearing_fault,steady_state,2026-01-01 00:04:17.000,2026-01-01 00:04:18.990,257.0,258.99,200,0.03426105921231756,0.020543968615034297,0.03425916399904597,0.020543591339594915,0.0704768614056643,0.0434965471740959,2.057054365100493,2.1172417067588714,2.233773317182075,2.173572245680185,40.0,40.0,2.2646373352916913,21.212350213303484,0.0,0.8548349505481491,7.58929208777387,0.0,44.53352871554673,45.55319362114035,43.54350779229342,2.0096858288469335,0.009048684620341581,0.7585640043070907,0.8045642300260529,0.6981007265524888,0.02098740321569104,0.10646350347356415,0,0
em2x3125u_bearing_fault_timeseries.csv,EMB_COMP_001,EM2X3125U,bearing_fault,steady_state,2026-01-01 00:04:18.000,2026-01-01 00:04:19.990,258.0,259.99,200,0.03371861446507128,0.021203933527577577,0.03371790219281349,0.021203243507402728,0.0648471404944341,0.0406727171341276,1.9231852056557217,1.918168488937638,2.165944842697928,2.0847804935816683,40.0,40.0,1.8245470490981799,20.935239905721954,0.0,0.8215021987020215,8.170082618778306,0.0,45.42245563448976,46.42688672560541,44.38927309336161,2.037613632243797,0.008694084266469712,0.760599616888262,0.8047338828659791,0.6991500170545744,0.01957015067763065,0.10558386581140478,0,0
em2x3125u_bearing_fault_timeseries.csv,EMB_COMP_001,EM2X3125U,bearing_fault,shutdown,2026-01-01 00:04:19.000,2026-01-01 00:04:20.990,259.0,260.99,200,0.026857895156911556,0.017143077322873203,0.02685761851601891,0.017139159510715797,0.0622782012362477,0.0404664631079892,2.318804242566311,2.3605133632569397,2.736173897285132,2.682224358107552,40.0,40.0,0.9219818543544772,13.508544696385448,0.0,0.432722120016982,5.444535587593944,0.0,45.81131774348803,46.42688672560541,45.23495780738338,1.1919289182220254,-0.0008852695092917175,0.5921035768666727,0.8047338828659791,0.2730814855479882,0.18036792667732202,0.531652397317991,0,0
em2x3125u_bearing_fault_timeseries.csv,EMB_COMP_001,EM2X3125U,bearing_fault,shutdown,2026-01-01 00:04:20.000,2026-01-01 00:04:21.990,260.0,261.99,200,0.014550645868544501,0.009113406308004375,0.014548274187702924,0.009102947701472243,0.0346644159534725,0.0241382185546616,2.3823283355696137,2.648649444441078,2.4938904527480767,2.6782678083187013,40.0,40.0,0.2543107280086361,3.9788688842904496,0.0,0.17203328508583438,1.4913339746821248,0.0,45.261760246281746,46.351810960536966,44.24251254501716,2.1092984155198025,-0.010117104514849864,0.2801690651398632,0.570841634012591,0.0,0.1635365929271161,0.570841634012591,0,0
em2x3125u_bearing_fault_timeseries.csv,EMB_COMP_001,EM2X3125U,bearing_fault,idle,2026-01-01 00:04:21.000,2026-01-01 00:04:22.990,261.0,262.99,200,0.006888253377010841,0.004671534518053784,0.006886917271771936,0.0046695151474437585,0.024460692424522,0.015701429811311,3.5510732671591594,3.361086116484996,4.556301092117353,5.1339314503315725,40.0,40.0,0.12413742778374401,0.8258310252545683,0.0,0.09016428964228844,0.3482158426445991,0.0,44.40650912526829,45.31874670756688,43.8094161089042,1.5093305986626788,-0.006970798840160008,0.0696240960720244,0.2817650338996679,0.0,0.08985069696584755,0.2817650338996679,0,0
em2x3125u_bearing_fault_timeseries.csv,EMB_COMP_001,EM2X3125U,bearing_fault,idle,2026-01-01 00:04:22.000,2026-01-01 00:04:23.990,262.0,263.99,200,0.0014607001335900898,0.0012141888572138714,0.0014556416550903222,0.0012033333925928942,0.0038738910630524,0.0037597125628408,2.652078256151864,3.0964808649850353,2.447381405856881,3.3507565069985166,39.0,38.0,0.022771485015208388,0.01978613911196553,0.0,0.015317477854368185,0.01421204251790126,0.0,43.87336948502494,44.33611168958117,43.45335836922313,0.8827533203580415,-0.003722932614243469,0.0007376893699373646,0.0070923478787052,0.0,0.0011740812826788773,0.0070923478787052,0,0
em2x3125u_bearing_fault_timeseries.csv,EMB_COMP_001,EM2X3125U,bearing_fault,idle,2026-01-01 00:04:23.000,2026-01-01 00:04:24.990,263.0,264.99,200,0.0014658087384370128,0.0012088510202916032,0.0014650553198765589,0.0011955939995414561,0.0036313602097741,0.0037597125628408,2.477376559813805,3.11015377389835,2.3527631435654595,3.3440789925242362,34.5,32.5,0.022828075472959335,0.020173952947524297,0.0,0.01403141251821676,0.014945976870878414,0.0,43.50124771131881,43.90885285195023,43.04788312077376,0.8609697311764677,-0.003808196081936872,0.000832522931034133,0.0054644812382453,0.0,0.0011294454000539955,0.0054644812382453,0,0
em2x3125u_bearing_fault_timeseries.csv,EMB_COMP_001,EM2X3125U,bearing_fault,idle,2026-01-01 00:04:24.000,2026-01-01 00:04:25.990,264.0,265.99,200,0.0014789067005854086,0.0012334931381118267,0.001474677771835651,0.0012306279210906404,0.0050828151223102,0.0029842374513834,3.4368734148666884,2.4193385104286276,3.0464962189071056,2.7264519158331995,12.0,32.0,0.02604328310167801,0.01745111989304981,0.0,0.01732257677146714,0.012978079568802104,0.0,43.121622324400136,43.56683361013046,42.675736151731385,0.8910974583990736,-0.0038088553127873064,0.0008619026687728359,0.0051120130832199,0.0,0.0011239012493073621,0.0051120130832199,0,0
em2x3125u_bearing_fault_timeseries.csv,EMB_COMP_001,EM2X3125U,bearing_fault,idle,2026-01-01 00:04:25.000,2026-01-01 00:04:26.990,265.0,266.99,200,0.0014878613450384638,0.0012297704065547222,0.0014822304312527266,0.0012285668993719792,0.0050828151223102,0.0037179185855902,3.416188705526724,3.0232623632619187,3.423712937862486,2.9996055946251725,3.0,23.0,0.02783678475025854,0.01610361393815094,0.0,0.019044853506570064,0.011167805354673222,0.0,42.75058628333035,43.1981696506187,42.34078597753405,0.8573836730846551,-0.003625759343041232,0.0007537944885756974,0.0051120130832199,0.0,0.00113343220310117,0.0051120130832199,0,0
em2x3125u_bearing_fault_timeseries.csv,EMB_COMP_001,EM2X3125U,bearing_fault,idle,2026-01-01 00:04:26.000,2026-01-01 00:04:27.990,266.0,267.99,200,0.0015557209631553162,0.001190989701225922,0.001554701565206125,0.0011863409181467697,0.0039129357777572,0.0037267839753903,2.515191265290259,3.129148784035838,2.710405054187936,3.9363306945912626,15.0,32.5,0.029547942674937593,0.018947510122467898,0.0,0.0154611838954655,0.012688492300761404,0.0,42.38326375337737,42.81695943372234,41.94396394385795,0.8729954898643868,-0.0036845128933248456,0.0008730172291595315,0.0050475312021715,0.0,0.0012169892531004745,0.0050475312021715,0,0
em2x3125u_bearing_fault_timeseries.csv,EMB_COMP_001,EM2X3125U,bearing_fault,idle,2026-01-01 00:04:27.000,2026-01-01 00:04:28.990,267.0,268.99,200,0.0015303902456562653,0.0012054391619637117,0.0015303321715315727,0.0012036977666956255,0.0039129357777572,0.0041386771313039,2.5568222150287205,3.4333355526311413,2.7375195050350416,3.785052060141221,1.5,10.0,0.027476110402650397,0.019542508519380036,0.0,0.01632524102733668,0.012828362305228803,0.0,42.00412517951405,42.417425693028285,41.5628898142381,0.8545358787901876,-0.0037609257984196945,0.0009162593464288133,0.004938455649782,0.0,0.0011626382650183414,0.004938455649782,0,0
em2x3125u_bearing_fault_timeseries.csv,EMB_COMP_001,EM2X3125U,bearing_fault,idle,2026-01-01 00:04:28.000,2026-01-01 00:04:29.990,268.0,269.99,200,0.0016115524458031605,0.0012397718970142057,0.0016073994243366722,0.0012394082481499604,0.0046790764564152,0.0041386771313039,2.903459002281031,3.3382569336111336,3.094103505250988,3.2832091801672725,3.5,50.0,0.032834983021954624,0.01907083544810633,0.0,0.01762739931320764,0.013745245815070022,0.0,41.62471231772513,42.12580894779865,41.171989618728496,0.9538193290701571,-0.0037263061625368954,0.0007762082971577538,0.0045816552399434,0.0,0.001123739872936502,0.0045816552399434,0,0
em2x3125u_bearing_fault_timeseries.csv,EMB_COMP_001,EM2X3125U,bearing_fault,idle,2026-01-01 00:04:29.000,2026-01-01 00:04:30.990,269.0,270.99,200,0.06014121876522074,0.04008560980589511,0.06013673623994428,0.040084689744174604,0.1687769644886056,0.1205802894196572,2.8063442669407324,3.0080692299191196,5.011129524555878,4.243779592043547,40.0,40.0,16.90057791966683,55.427969592501675,0.0,6.676389521910242,25.46702057064005,0.0,34.56641255383955,41.64425872324362,26.69703401868596,14.947224704557655,-0.10097727570809169,2.5031730818150963,6.3635845290207,0.0,2.5660096990624806,6.3635845290207,1,0
em2x3125u_bearing_fault_timeseries.csv,EMB_COMP_001,EM2X3125U,bearing_fault,startup,2026-01-01 00:04:30.000,2026-01-01 00:04:31.990,270.0,271.99,200,0.08119965355799637,0.05849974025045249,0.08118149436411315,0.058482577797286564,0.1687769644886056,0.1362288664632525,2.078542913585926,2.3287089118690365,2.5359634194334233,2.2739431212875965,40.0,40.0,28.721288392454984,103.10082277428182,0.0,14.579471238985391,53.82561817850983,0.0,28.70553791144489,30.69578015010211,26.69703401868596,3.998746131416148,0.020183645121854284,3.6182307548811377,6.3635845290207,0.772595275822556,1.6043663004691742,5.590989253198144,1,0
em2x3125u_bearing_fault_timeseries.csv,EMB_COMP_001,EM2X3125U,bearing_fault,startup,2026-01-01 00:04:31.000,2026-01-01 00:04:32.990,271.0,272.99,200,0.05936058508839116,0.045129981123950766,0.0593295178010309,0.04510330098962011,0.1678111935887177,0.1362288664632525,2.8269801138051056,3.018589041486547,3.782453639028644,3.9216583325886023,40.0,40.0,13.008555865846132,57.45295325860561,0.0,8.264746664214604,32.43596003609296,0.0,30.42706450524419,31.665947934307603,28.597233452675788,3.0687144816318153,0.014302831503048983,1.495879874236016,3.73931266975481,0.7150641911402955,0.9312830677496966,3.0242484786145143,1,0
em2x3125u_bearing_fault_timeseries.csv,EMB_COMP_001,EM2X3125U,bearing_fault,steady_state,2026-01-01 00:04:32.000,2026-01-01 00:04:33.990,272.0,273.99,200,0.0334563072482814,0.02086819934071372,0.033441475384797775,0.020867627430715914,0.0654801824292406,0.0428442576110962,1.957184991855436,2.0530883815886947,2.2229866827301525,2.085678449307804,40.0,40.0,1.9832255056032713,20.394309235877916,0.0,0.7943386437980484,7.914823041787845,0.0,31.58303470173995,32.56749877188553,30.63065342314356,1.9368453487419721,0.008868753523773113,0.7602567173365111,0.8114977441131841,0.7042661517986379,0.020072338924282604,0.10723159231454615,0,0
em2x3125u_bearing_fault_timeseries.csv,EMB_COMP_001,EM2X3125U,bearing_fault,steady_state,2026-01-01 00:04:33.000,2026-01-01 00:04:34.990,273.0,274.99,200,0.03499760282297362,0.021058775359843497,0.03496320267199787,0.021056828116119967,0.1624603327111234,0.0422528023696667,4.642041728768888,2.006422579075401,4.0993366321141425,2.067686148893712,40.0,40.0,3.700042189730143,20.757721422910674,0.0,0.8439793163541177,8.025930695591466,0.0,32.481933452660115,33.558061876597606,31.52453385848466,2.0335280181129463,0.008999897574307678,0.7603220118853155,0.806938622851681,0.7042661517986379,0.02160789856398465,0.10267247105304311,0,0
em2x3125u_bearing_fault_timeseries.csv,EMB_COMP_001,EM2X3125U,bearing_fault,steady_state,2026-01-01 00:04:34.000,2026-01-01 00:04:35.990,274.0,275.99,200,0.03438461004608554,0.020723247103430938,0.03435635333850514,0.020716346834049573,0.1624603327111234,0.0425425688392712,4.724797881766829,2.05289106610266,4.228902887479908,2.1117580116528627,40.0,40.0,3.645304648400436,19.971389121562222,0.0,0.7934669357986326,7.7907866160261285,0.0,33.38457622455576,34.364245880041715,32.329363475176265,2.0348824048654492,0.008943068863276775,0.758833714140552,0.806938622851681,0.6948454847436953,0.02054349885196413,0.11209313810798571,0,0
em2x3125u_bearing_fault_timeseries.csv,EMB_COMP_001,EM2X3125U,bearing_fault,steady_state,2026-01-01 00:04:35.000,2026-01-01 00:04:36.990,275.0,276.99,200,0.033167845040157164,0.0204196234801541,0.033167162136483345,0.020415125961593675,0.0726655143802195,0.0425425688392712,2.1908421934630207,2.0834159298097963,2.1801607601041773,2.1490421564887265,40.0,40.0,1.828077588393578,20.173174922839777,0.0,0.8820085358447142,7.4536567852811375,0.0,34.28050233840135,35.42076774603911,33.24491841685903,2.175849329180082,0.009060176597898855,0.7582885961651263,0.8095753696710815,0.6948454847436953,0.01903420104056199,0.11472988492738612,0,0
em2x3125u_bearing_fault_timeseries.csv,EMB_COMP_001,EM2X3125U,bearing_fault,steady_state,2026-01-01 00:04:36.000,2026-01-01 00:04:37.990,276.0,277.99,200,0.03609138869343759,0.020880984777436225,0.03604669674522184,0.020877951816254098,0.1489282301483915,0.0420355371236483,4.126420055858664,2.013101277151998,3.6560238246126833,2.1726458859970084,40.0,40.0,6.14869722017565,19.846481855808896,0.0,0.9524429411749264,7.765878425295629,0.0,35.18429738811991,36.271167610962806,34.12756621356326,2.143601397399543,0.00922453099832275,0.7614432615378652,0.8394905172242828,0.7161405799549985,0.01962917708750389,0.12334993726928434,0,0
em2x3125u_bearing_fault_timeseries.csv,EMB_COMP_001,EM2X3125U,bearing_fault,steady_state,2026-01-01 00:04:37.000,2026-01-01 00:04:38.990,277.0,278.99,200,0.036065472110192745,0.021318862033445338,0.03599270668126221,0.02131884751537212,0.1489282301483915,0.0420355371236483,4.129385293872299,1.971753326125116,3.625177100111714,2.124797744489947,40.0,40.0,6.039764300762435,19.881051138162697,0.0,0.8832831545166034,8.209400795230572,0.0,36.09141100139991,37.13231944855812,35.14355191507226,1.9887675334858628,0.00897983860846815,0.7600697907183988,0.8394905172242828,0.7200273338601602,0.019391778160849672,0.11946318336412265,0,0
em2x3125u_bearing_fault_timeseries.csv,EMB_COMP_001,EM2X3125U,bearing_fault,steady_state,2026-01-01 00:04:38.000,2026-01-01 00:04:39.990,278.0,279.99,200,0.03568586220917235,0.02133232162942509,0.03562032067903233,0.02133197490262086,0.1508985010871933,0.0404091573885567,4.22852333517131,1.8942690856872166,3.386294554574645,2.1023453626808095,40.0,40.0,3.5212903675972993,21.855530247557354,0.0,0.818721648203497,8.282856702528669,0.0,36.989145160629995,38.005606167280185,35.995788429848126,2.0098177374320585,0.008887507593603378,0.7580862621240553,0.8119642898257657,0.7042857056015461,0.019077752795416472,0.10767858422421961,0,0
em2x3125u_bearing_fault_timeseries.csv,EMB_COMP_001,EM2X3125U,bearing_fault,steady_state,2026-01-01 00:04:39.000,2026-01-01 00:04:40.990,279.0,280.99,200,0.035612859439650126,0.020859961002213323,0.03551936107817675,0.020856266395986037,0.1508985010871933,0.0404091573885567,4.237191381470147,1.9371636113926163,3.3902308549177,2.137750085298428,40.0,40.0,3.489589302644844,21.743723525810477,0.0,0.8388739588675974,7.861421337789756,0.0,37.88707987358211,38.89406581905713,36.7851404670481,2.108925352009031,0.00892186652783841,0.7592756534172956,0.8056938888226914,0.7022700549274095,0.01926117758663998,0.10342383389528198,0,0
em2x3125u_bearing_fault_timeseries.csv,EMB_COMP_001,EM2X3125U,bearing_fault,steady_state,2026-01-01 00:04:40.000,2026-01-01 00:04:41.990,280.0,281.99,200,0.033521402502721384,0.021369433008276,0.03351668494987488,0.021369133053959787,0.0629991054912245,0.0422049306724399,1.8793696202332233,1.9750140612572489,2.1519285860110706,2.0910311481275365,40.0,40.0,1.7210178879872495,20.752255802898855,0.0,0.8645138145678493,8.268574085648366,0.0,38.79551034607731,39.80670777424936,37.79036509483578,2.016342679413583,0.00903029992968254,0.7592205227036386,0.8213319111726289,0.7022700549274095,0.0187822019047266,0.11906185624521948,0,0
em2x3125u_bearing_fault_timeseries.csv,EMB_COMP_001,EM2X3125U,bearing_fault,steady_state,2026-01-01 00:04:41.000,2026-01-01 00:04:42.990,281.0,282.99,200,0.03333683294571386,0.02147222452929715,0.03333677429578439,0.02146329135065528,0.0601960936828556,0.0422049306724399,1.805693233693786,1.965559302663523,2.168228801546201,2.1052778002606183,40.0,40.0,1.7735149627558446,20.456522749243206,0.0,0.8035539470990634,8.415603589315841,0.0,39.69630374103712,40.74400006049037,38.745886239591016,1.9981138208993556,0.008936080965428465,0.7583917068069446,0.8459398081968681,0.7141282644520515,0.020802226393123385,0.13181154374481663,0,0
em2x3125u_bearing_fault_timeseries.csv,EMB_COMP_001,EM2X3125U,bearing_fault,steady_state,2026-01-01 00:04:42.000,2026-01-01 00:04:43.990,282.0,283.99,200,0.03366333774464281,0.02081243109886124,0.033662681979713206,0.02080707048630985,0.0636398412811391,0.0396331982853018,1.8904792437365117,1.9043041198329944,2.2239006102541117,2.140679398720756,40.0,40.0,2.017993758922535,20.65384068503318,0.0,0.8613307952642769,7.798471746956184,0.0,40.60235305713636,41.62994506259956,39.52878852220066,2.101156540398904,0.009249844535496075,0.7599851471372293,0.8459398081968681,0.7120708692806046,0.021990972568560675,0.1338689389162635,0,0
em2x3125u_bearing_fault_timeseries.csv,EMB_COMP_001,EM2X3125U,bearing_fault,steady_state,2026-01-01 00:04:43.000,2026-01-01 00:04:44.990,283.0,284.99,200,0.03396329671565316,0.020838661205022167,0.03396270075275464,0.020838305629854097,0.0636398412811391,0.0440667011083083,1.87378280188591,2.114660854397312,2.2005231341157097,2.139805856645132,40.0,40.0,2.0661935237335474,21.00699411318434,0.0,0.8752959115338409,7.810262987705594,0.0,41.500846058039244,42.49196361391611,40.3569868532494,2.13497676066671,0.008801687252672389,0.7592897845594768,0.8296383798954117,0.7120708692806046,0.020339790656269258,0.11756751061480708,0,0
em2x3125u_bearing_fault_timeseries.csv,EMB_COMP_001,EM2X3125U,bearing_fault,steady_state,2026-01-01 00:04:44.000,2026-01-01 00:04:45.990,284.0,285.99,200,0.03385864443751345,0.0213022143919959,0.03385649095100031,0.02129560633604698,0.0610576953447449,0.0440667011083083,1.8033118678873172,2.0686441464445093,2.132777497703669,2.0948488791270963,40.0,40.0,1.9233016959048075,21.002117566070037,0.0,0.8123173810730837,8.258917566767938,0.0,42.400007776843744,43.408679081279,41.3752552371384,2.0334238441406,0.00920103401996202,0.7580824981474518,0.8121271945520303,0.7117814048623112,0.019418175656163727,0.10034578968971908,0,0
em2x3125u_bearing_fault_timeseries.csv,EMB_COMP_001,EM2X3125U,bearing_fault,steady_state,2026-01-01 00:04:45.000,2026-01-01 00:04:46.990,285.0,286.99,200,0.03745327990565877,0.021693177122376367,0.03741397152867385,0.021691700461340013,0.1927148270437408,0.0436064771434117,5.145472640291345,2.0101471028156546,5.26650761693352,2.1286475326737033,40.0,40.0,5.461823527002255,22.545469072039236,0.0,0.8371246061500275,8.573538743151877,0.0,43.3009061177398,44.30639034288542,42.26037526794082,2.0460150749445987,0.008889625820719125,0.7604105716563015,0.8121271945520303,0.7061591162069893,0.019993992405842615,0.10596807834504096,0,0
em2x3125u_bearing_fault_timeseries.csv,EMB_COMP_001,EM2X3125U,bearing_fault,steady_state,2026-01-01 00:04:46.000,2026-01-01 00:04:47.990,286.0,287.99,200,0.039115716463165126,0.021454513183632555,0.03898999843356754,0.021454376758832053,0.1927148270437408,0.0436064771434117,4.926787605315075,2.032508347785708,6.2243472858716355,2.147450847793837,40.0,40.0,7.252732041326336,23.166968607953667,0.0,0.7902401524210609,8.415986720480939,0.0,44.19783883747346,45.19752871992952,43.07190227091896,2.1256264490105607,0.009175804351533989,0.7615402696847382,0.8094485473302695,0.7061591162069893,0.019976328276631435,0.10328943112328015,0,0
em2x3125u_bearing_fault_timeseries.csv,EMB_COMP_001,EM2X3125U,bearing_fault,steady_state,2026-01-01 00:04:47.000,2026-01-01 00:04:48.990,287.0,288.99,200,0.035671681148912504,0.021386294185945644,0.03563739944468554,0.02138626442010131,0.1734720002332118,0.0413327013521256,4.863017235129674,1.9326724393087262,4.46333713852504,2.10584744643491,40.0,40.0,3.558018124980063,21.84401405943932,0.0,0.8459032160291444,8.302227643561604,0.0,45.1121659983732,46.14605256716296,44.06842697418212,2.0776255929808443,0.009058585348813038,0.7606403313643273,0.8237566938083447,0.7001678392108175,0.02095437175817764,0.12358885459752722,0,0
em2x3125u_bearing_fault_timeseries.csv,EMB_COMP_001,EM2X3125U,bearing_fault,steady_state,2026-01-01 00:04:48.000,2026-01-01 00:04:49.990,288.0,289.99,200,0.03486440366740216,0.021348864119037064,0.03481968959978564,0.02134842756036474,0.1303611604745422,0.0413327013521256,3.7390904980952953,1.936060912733464,2.7693577154864073,2.110805264391664,40.0,40.0,2.9727201978149997,21.275569070729265,0.0,0.8911883388090359,8.225041387853285,0.0,46.012095055037975,47.05167107132212,44.98280556349308,2.068865507829038,0.008891222962418283,0.7607287066473313,0.8237566938083447,0.7001678392108175,0.02150374557462546,0.12358885459752722,0,0
em2x3125u_bearing_fault_timeseries.csv,EMB_COMP_001,EM2X3125U,bearing_fault,shutdown,2026-01-01 00:04:49.000,2026-01-01 00:04:50.990,289.0,290.99,200,0.02807746719357888,0.01698899738424926,0.028019682536377197,0.01698890014121557,0.1303611604745422,0.0410076025378948,4.642910258812621,2.4137741392504735,4.559325353545781,2.707192909078971,40.0,40.0,2.39427595815764,13.307894354290712,0.0,0.48739861667822426,5.288861563450046,0.0,46.42103687009434,47.05167107132212,45.777370145591554,1.2743009257305644,-0.0006940617420458272,0.5919862006778215,0.8119761466186726,0.2689078933439,0.18046199263534365,0.5430682532747726,0,0
em2x3125u_bearing_fault_timeseries.csv,EMB_COMP_001,EM2X3125U,bearing_fault,shutdown,2026-01-01 00:04:50.000,2026-01-01 00:04:51.990,290.0,291.99,200,0.013973485529371178,0.009389686172263509,0.013966648634396246,0.009389684884899852,0.033896339300258,0.022303062102858,2.4257612196334644,2.375272367327858,2.4277333339806537,2.47029852108177,40.0,40.0,0.32285938556851795,3.5797281165540777,0.0,0.1689410950019286,1.594936354372592,0.0,45.88469744250082,46.95956186511321,44.82669739233694,2.1328644727762693,-0.010059409789864455,0.28096534332134493,0.5804237423968924,0.0,0.16291973324880787,0.5804237423968924,0,0
em2x3125u_bearing_fault_timeseries.csv,EMB_COMP_001,EM2X3125U,bearing_fault,idle,2026-01-01 00:04:51.000,2026-01-01 00:04:52.990,291.0,292.99,200,0.007410482214647727,0.004696423600391254,0.007409239402672341,0.004691390660020231,0.033896339300258,0.0142132455901282,4.5741070983555865,3.026397701634944,5.778768069555465,4.525784181542479,40.0,40.0,0.1759378796259104,0.9220159216533315,0.0,0.09602941539970662,0.3493397411057522,0.0,45.042448071700385,45.94862952587836,44.49182855544932,1.4568009704290432,-0.006875372025389553,0.07038209713386266,0.2968772309113197,0.0,0.09019292916160494,0.2968772309113197,0,0
em2x3125u_bearing_fault_timeseries.csv,EMB_COMP_001,EM2X3125U,bearing_fault,idle,2026-01-01 00:04:52.000,2026-01-01 00:04:53.990,292.0,293.99,200,0.0015018219358485336,0.0010986525454420076,0.0014995845045898716,0.0010985577827026993,0.0042852510682601,0.0028479862711804,2.8533682762057415,2.592253832201885,3.058691013887279,3.0668001757376384,21.0,31.5,0.02679122180229695,0.018379831114347215,0.0,0.012948417648227633,0.011196428378081467,0.0,44.51474548458788,44.94609502666051,44.09864948885111,0.8474455378093992,-0.0037251436781018847,0.0007544163495160661,0.0055370451653106,0.0,0.0010996498564204125,0.0055370451653106,0,0
em2x3125u_bearing_fault_timeseries.csv,EMB_COMP_001,EM2X3125U,bearing_fault,idle,2026-01-01 00:04:53.000,2026-01-01 00:04:54.990,293.0,294.99,200,0.001485406535185351,0.001134018788824085,0.001485368279119967,0.0011339106294102257,0.0052517497834044,0.0032948374648465,3.5355639409174136,2.9054522705598775,3.44782594047878,3.212598965537281,21.0,34.5,0.023860449037364156,0.02148919590154942,0.0,0.015052688709394328,0.010666937380001785,0.0,44.135057946578314,44.57943732720781,43.67531612352449,0.9041212036833244,-0.0038604573707004676,0.0006924501890508075,0.0055370451653106,0.0,0.0011318368488946844,0.0055370451653106,0,0
em2x3125u_bearing_fault_timeseries.csv,EMB_COMP_001,EM2X3125U,bearing_fault,idle,2026-01-01 00:04:54.000,2026-01-01 00:04:55.990,294.0,295.99,200,0.0014089783911292585,0.0013042940638512929,0.0014050977406157834,0.0013040910471856652,0.0052517497834044,0.0038933003440217,3.7273458673807363,2.984986631408597,3.788709743202665,3.015758170853612,50.0,11.0,0.023131036037294522,0.017206038841709625,0.0,0.02052978950649252,0.013879843778817076,0.0,43.7569308766397,44.18940868749532,43.29918604093055,0.8902226465647729,-0.0037250786721676854,0.0007018152306104902,0.0046391973057447,0.0,0.0011338070600085631,0.0046391973057447,0,0
em2x3125u_bearing_fault_timeseries.csv,EMB_COMP_001,EM2X3125U,bearing_fault,idle,2026-01-01 00:04:55.000,2026-01-01 00:04:56.990,295.0,296.99,200,0.001437786839716461,0.001254525848675399,0.0014376327208090193,0.0012507576406714776,0.0040566693252495,0.0038933003440217,2.821467837366974,3.1034038462678724,2.942523799300236,2.9311765818047886,15.5,45.0,0.02794619666188116,0.013536293688069446,0.0,0.01721771034613278,0.01435345225309256,0.0,43.38513086059536,43.8469926651802,42.889428984997,0.9575636801832061,-0.0037849953028670407,0.0006640870365973582,0.0046391973057447,0.0,0.0010162045243176548,0.0046391973057447,0,0
em2x3125u_bearing_fault_timeseries.csv,EMB_COMP_001,EM2X3125U,bearing_fault,idle,2026-01-01 00:04:56.000,2026-01-01 00:04:57.990,296.0,297.99,200,0.0014865924642881562,0.0011152423519692693,0.0014784454737409394,0.0011117450728113237,0.0040566693252495,0.0033676241143675,2.728837541358052,3.019634349808386,2.741330478223336,3.020997327073937,37.0,8.0,0.028840259377687617,0.01513254338939398,0.0,0.014459430127813007,0.010266870376380475,0.0,43.013741239373104,43.460360753226944,42.61020730238496,0.8501534508419866,-0.0037579769743841945,0.0006614905913584169,0.0066701257744029,0.0,0.0011438474382795833,0.0066701257744029,0,0
em2x3125u_bearing_fault_timeseries.csv,EMB_COMP_001,EM2X3125U,bearing_fault,idle,2026-01-01 00:04:57.000,2026-01-01 00:04:58.990,297.0,298.99,200,0.0014748061873422888,0.001164528880250234,0.0014677402108775218,0.0011641732045973088,0.0053839635051495,0.0031173573426575,3.65062443550756,2.676925746991901,3.383471989282908,3.136697160127535,37.0,9.5,0.023945720414588867,0.019266771753228867,0.0,0.0173184797888821,0.009813502783935252,0.0,42.63644270038842,43.05030316699451,42.20871393067671,0.8415892363178017,-0.0038990912627352024,0.0008634904089491746,0.0066701257744029,0.0,0.001334828931253931,0.0066701257744029,0,0
em2x3125u_bearing_fault_timeseries.csv,EMB_COMP_001,EM2X3125U,bearing_fault,idle,2026-01-01 00:04:58.000,2026-01-01 00:04:59.990,298.0,299.99,200,0.00158330465451575,0.001261500946230807,0.0015825350504185948,0.0012557409980380203,0.0053839635051495,0.0033951034889844,3.4004595955641728,2.691320604339225,3.2122515219720977,2.8769158690847583,43.0,16.5,0.026832298957420037,0.023256193306264338,0.0,0.021830525457759424,0.010136435829743957,0.0,42.25544647555771,42.68963040989915,41.81328109646548,0.8763493134336713,-0.0037547807877523747,0.0008576001054866166,0.0052997555607168,0.0,0.0011782042200755892,0.0052997555607168,0,0
em2x3125u_bearing_fault_timeseries.csv,EMB_COMP_001,EM2X3125U,bearing_fault,idle,2026-01-01 00:04:59.000,2026-01-01 00:05:00.990,299.0,300.99,200,0.058249537652079374,0.041615123902288095,0.0582454724495499,0.04161509791602691,0.1749907676928834,0.1324827775586841,3.004157195857788,3.1835247654134675,4.915370607433759,4.65005279140659,40.0,40.0,15.219865995646455,52.64088659489997,0.0,6.655571472882006,27.982716215286825,0.0,35.026756607140086,42.31893114576636,26.91807936395076,15.400851781815604,-0.1035585945663179,2.504879083002257,6.4249872048714245,0.0,2.567346460700235,6.4249872048714245,1,0
em2x3125u_bearing_fault_timeseries.csv,EMB_COMP_001,EM2X3125U,bearing_fault,startup,2026-01-01 00:05:00.000,2026-01-01 00:05:01.990,300.0,301.99,200,0.08261981343512047,0.05754170055356173,0.08261866696290972,0.057540856491985225,0.1749907676928834,0.1357973509502413,2.1180242416100326,2.3599815376300293,2.501766682088953,2.330141592562737,40.0,40.0,30.12398008809286,106.5104532580659,0.0,14.152770357324636,52.1748344569838,0.0,28.99033113939996,31.088061085756955,26.91807936395076,4.169981721806195,0.020145537527301676,3.623097407342945,6.4249872048714245,0.8530091957420131,1.5995089415393158,5.5719780091294115,1,0
em2x3125u_bearing_fault_timeseries.csv,EMB_COMP_001,EM2X3125U,bearing_fault,startup,2026-01-01 00:05:01.000,2026-01-01 00:05:02.990,301.0,302.99,200,0.06326889648310269,0.0423191168853496,0.06326873409478112,0.042317383537618936,0.1724640430557045,0.1357973509502413,2.7258898549268156,3.208889054044812,3.8877868498484904,3.727492541538431,40.0,40.0,16.147608281566853,63.98161222207629,0.0,7.904698485744767,27.97809024112413,0.0,30.753852078465016,32.1283407110536,28.822502784362733,3.30583792669087,0.015170425400263282,1.499445640535819,3.745597924272242,0.7214731064152684,0.9281942428424768,3.0241248178569737,1,0
em2x3125u_bearing_fault_timeseries.csv,EMB_COMP_001,EM2X3125U,bearing_fault,steady_state,2026-01-01 00:05:02.000,2026-01-01 00:05:03.990,302.0,303.99,200,0.03752262551009965,0.020994410781877384,0.03746892076603764,0.02099378648422724,0.2355050600625667,0.0387004018600881,6.276348119594611,1.8433668971312465,9.148562338258257,2.0298911932716295,40.0,40.0,6.143912789017433,21.951342079605098,0.0,0.8585008788636777,7.956440628633721,0.0,31.960501085609756,32.961475890718475,30.892744960756588,2.0687309299618875,0.009033117393155477,0.7606733965468083,0.8284407493174966,0.7134640779107695,0.020508200497814145,0.11497667140672707,0,0
em2x3125u_bearing_fault_timeseries.csv,EMB_COMP_001,EM2X3125U,bearing_fault,steady_state,2026-01-01 00:05:03.000,2026-01-01 00:05:04.990,303.0,304.99,200,0.03719533222784939,0.020891903672287392,0.03713231229082899,0.020891898150929424,0.2355050600625667,0.0420719228205917,6.331575656319482,2.0137907718002306,9.407871426224983,2.0676632756575186,40.0,40.0,6.110376472906006,21.471410695653102,0.0,0.79813439599085,7.931297268583032,0.0,32.8657170109699,33.97815873123372,31.856608420422276,2.1215503108114433,0.009109093653179058,0.7587404352014785,0.8114480830051647,0.7077031417185033,0.01862703204042799,0.10374494128666134,0,0
em2x3125u_bearing_fault_timeseries.csv,EMB_COMP_001,EM2X3125U,bearing_fault,steady_state,2026-01-01 00:05:04.000,2026-01-01 00:05:05.990,304.0,305.99,200,0.0358978049789654,0.02068137044710536,0.03585546091848788,0.02068126518709244,0.1732892265608694,0.0420719228205917,4.8272931078212045,2.0342908574745944,4.386612889968288,2.128607490673397,40.0,40.0,4.190182358277311,21.540859024173635,0.0,0.8167839569916701,7.737952311428221,0.0,33.78566907215499,34.80754930861151,32.77606701068319,2.0314822979283207,0.009240645350651153,0.7603348809775148,0.8171463431485488,0.706614918981179,0.019329568891174643,0.11053142416736983,0,0
em2x3125u_bearing_fault_timeseries.csv,EMB_COMP_001,EM2X3125U,bearing_fault,steady_state,2026-01-01 00:05:05.000,2026-01-01 00:05:06.990,305.0,306.99,200,0.03632607032738521,0.02084448909747345,0.03627687071320002,0.02084278840343971,0.1732892265608694,0.0399054742891559,4.7703818497051,1.9144376291761844,4.299338122911674,2.116488490114656,40.0,40.0,4.4313817025334,21.907290875413047,0.0,0.8012139038043442,7.887250812526341,0.0,34.69583621084488,35.746600742189244,33.744330688350324,2.00227005383892,0.009059659508196162,0.7628688359628524,0.8171463431485488,0.706614918981179,0.020065207754434985,0.11053142416736983,0,0
em2x3125u_bearing_fault_timeseries.csv,EMB_COMP_001,EM2X3125U,bearing_fault,steady_state,2026-01-01 00:05:06.000,2026-01-01 00:05:07.990,306.0,307.99,200,0.03371326610475735,0.020713178907500553,0.03371322670064647,0.02070974924595043,0.0655582549231992,0.0404086745484218,1.9445833197973108,1.9508678377604904,2.2615312280208593,2.105914727561643,40.0,40.0,2.1709548018208795,20.567726187069614,0.0,0.8346894267067484,7.743228785233154,0.0,35.6119793622714,36.64519553992038,34.56235095897011,2.0828445809502725,0.009301412510164793,0.7619066976144602,0.8045962637640087,0.7136401176460194,0.019468888186370704,0.0909561461179893,0,0
em2x3125u_bearing_fault_timeseries.csv,EMB_COMP_001,EM2X3125U,bearing_fault,steady_state,2026-01-01 00:05:07.000,2026-01-01 00:05:08.990,307.0,308.99,200,0.03353533013137202,0.020911092217450404,0.03352606794068611,0.020911066221108904,0.0637020055246499,0.0404224860564897,1.8995490807784596,1.9330643103738478,2.2276034652258745,2.0966841632541593,40.0,40.0,1.9957980921198597,20.484169665726295,0.0,0.8929021161443287,7.852845717371975,0.0,36.5323214930916,37.55213825291102,35.53783012807338,2.0143081248376404,0.00893773035797245,0.7623256246889337,0.8151964225494874,0.7083317241379363,0.01902457135826352,0.1068646984115511,0,0
em2x3125u_bearing_fault_timeseries.csv,EMB_COMP_001,EM2X3125U,bearing_fault,steady_state,2026-01-01 00:05:08.000,2026-01-01 00:05:09.990,308.0,309.99,200,0.034718729625646726,0.021015478463961693,0.03470286355110672,0.021014921293590144,0.1101080733294762,0.0406475418633728,3.1714315159774555,1.93417161227507,2.624346323666113,2.0951134843684063,40.0,40.0,4.343311388867391,19.745756273319884,0.0,0.8679364757277052,7.967347554064232,0.0,37.43962667292611,38.465648332139445,36.476233384714185,1.98941494742526,0.009031875653167622,0.7610730512615851,0.8151964225494874,0.7083317241379363,0.02009661245476812,0.1068646984115511,0,0
em2x3125u_bearing_fault_timeseries.csv,EMB_COMP_001,EM2X3125U,bearing_fault,steady_state,2026-01-01 00:05:09.000,2026-01-01 00:05:10.990,309.0,310.99,200,0.03410267359622219,0.021218270496252148,0.03406028746551301,0.021218048881568356,0.1101080733294762,0.0406475418633728,3.2287226108182234,1.915685911844347,2.660964705844204,2.1236662017800976,40.0,40.0,4.290316554958316,18.91178786786127,0.0,0.8381108010727097,8.167784428327456,0.0,38.35619783892913,39.38204373426206,37.39623890127282,1.9858048329892455,0.009256926353260976,0.7582555727724476,0.813786673902541,0.7189034447357232,0.019565585128803915,0.0948832291668178,0,0
em2x3125u_bearing_fault_timeseries.csv,EMB_COMP_001,EM2X3125U,bearing_fault,steady_state,2026-01-01 00:05:10.000,2026-01-01 00:05:11.990,310.0,311.99,200,0.033635327731867455,0.020894152274663715,0.03363403676934572,0.020894021274985113,0.067075777087123,0.0393149890566949,1.9942061400987252,1.8816264254170447,2.1524824646829,2.0683043173219673,40.0,40.0,1.84788343218427,20.777105497103094,0.0,0.7843067262414121,7.9474291493951,0.0,39.2695066931876,40.23030310125928,38.14566692397976,2.0846361772795206,0.00912876603156939,0.7590367307380919,0.8055299958841133,0.7107285612016432,0.018562229811669217,0.09480143468247015,0,0
em2x3125u_bearing_fault_timeseries.csv,EMB_COMP_001,EM2X3125U,bearing_fault,steady_state,2026-01-01 00:05:11.000,2026-01-01 00:05:12.990,311.0,312.99,200,0.034325846736474076,0.0207465286565064,0.03432532109514056,0.02074288789063212,0.067075777087123,0.040086688484774,1.954089511675451,1.9322118484724071,2.1498922852536486,2.054584350768078,40.0,40.0,1.6976122347683387,21.866960077863308,0.0,0.8120120985106063,7.797721982759235,0.0,40.17342226514142,41.18569116939197,39.00168888267692,2.1840022867150495,0.009107725864863293,0.7602504685084788,0.8124616273686869,0.7054096644730723,0.019685028331436087,0.10705196289561458,0,0
em2x3125u_bearing_fault_timeseries.csv,EMB_COMP_001,EM2X3125U,bearing_fault,steady_state,2026-01-01 00:05:12.000,2026-01-01 00:05:13.990,312.0,313.99,200,0.03355240060959448,0.021150578923615097,0.033552394511419725,0.02115054770702367,0.0643474714314033,0.0418814453879971,1.9178201935572625,1.9801559824556636,2.1667055018080315,2.123760860843221,40.0,40.0,1.7271017892361002,20.788207961306025,0.0,0.8688905163118518,8.078559816120965,0.0,41.08684987376108,42.18506526657666,40.09538943920574,2.089675827370918,0.009288227834651542,0.7610221143869106,0.8124616273686869,0.7054096644730723,0.021177566049464927,0.10705196289561458,0,0
em2x3125u_bearing_fault_timeseries.csv,EMB_COMP_001,EM2X3125U,bearing_fault,steady_state,2026-01-01 00:05:13.000,2026-01-01 00:05:14.990,313.0,314.99,200,0.03766880741597986,0.021301352758957573,0.03761446726771351,0.021298492993526055,0.1936520140753824,0.0418814453879971,5.14091173465798,1.9661401725007939,6.547445944535925,2.072023474826102,40.0,40.0,7.664573598849349,20.641188894470293,0.0,0.889626185809813,8.185274537023886,0.0,42.00964151540093,43.01043175988327,40.916711992150205,2.093719767733063,0.00924904544081434,0.7622947030955944,0.818214419935831,0.7135025951835208,0.020296263095840067,0.10471182475231022,0,0
em2x3125u_bearing_fault_timeseries.csv,EMB_COMP_001,EM2X3125U,bearing_fault,steady_state,2026-01-01 00:05:14.000,2026-01-01 00:05:15.990,314.0,315.99,200,0.04136654554322618,0.020970492812904393,0.041171648214440366,0.02096529994133263,0.2355685803521489,0.0384488287713512,5.694664063886851,1.8334728284349784,9.558713824344757,2.037038608337606,40.0,40.0,11.759233193899867,22.171382387460003,0.0,0.8143561054209777,7.977632223315058,0.0,42.92420786639296,43.891140936492505,41.888343849990505,2.0027970865019995,0.009089702857622206,0.7617852184174939,0.818214419935831,0.7108493786775378,0.01953388348831551,0.10736504125829316,0,0
em2x3125u_bearing_fault_timeseries.csv,EMB_COMP_001,EM2X3125U,bearing_fault,steady_state,2026-01-01 00:05:15.000,2026-01-01 00:05:16.990,315.0,316.99,200,0.03766755503418394,0.020724598178892828,0.03759495401232348,0.02072326450298427,0.2355685803521489,0.0413846341122095,6.253885608937624,1.9968847528420643,8.986375656407006,2.103887472454314,40.0,40.0,5.919707836104153,22.348347514864326,0.0,0.8234716220538868,7.766181922198815,0.0,43.842267364912786,44.79874526223632,42.83222224260724,1.9665230196290793,0.009222768396242436,0.7611295960184087,0.8199392443170068,0.7108493786775378,0.02009229274772366,0.10908986563946899,0,0
em2x3125u_bearing_fault_timeseries.csv,EMB_COMP_001,EM2X3125U,bearing_fault,steady_state,2026-01-01 00:05:16.000,2026-01-01 00:05:17.990,316.0,317.99,200,0.033992441161987706,0.020997351738548817,0.033988543007008015,0.02099730454148283,0.0631821125527014,0.0413846341122095,1.8587106542779062,1.9709454138557811,2.1292639523850254,2.1180307699159595,40.0,40.0,1.772793464836517,21.34159307341353,0.0,0.8458072051607481,7.971973513895154,0.0,44.760965047724824,45.74490808698165,43.779619266045614,1.9652888209360384,0.009098613623518345,0.7617673827699869,0.8199392443170068,0.712854137931739,0.01970071813664866,0.1070851063852678,0,0
em2x3125u_bearing_fault_timeseries.csv,EMB_COMP_001,EM2X3125U,bearing_fault,steady_state,2026-01-01 00:05:17.000,2026-01-01 00:05:18.990,317.0,318.99,200,0.0387244204738218,0.020976176840226294,0.03867776250418928,0.02097442817831926,0.2292803544419787,0.0392516427811165,5.9208208060072876,1.8712486588997048,7.7907727751858475,2.117774723270708,40.0,40.0,6.7793718739059186,23.15372677436714,0.0,0.8162646405107387,7.982269170785624,0.0,45.66749824146005,46.73271415479269,44.62343075584037,2.1092833989523214,0.009115394762376343,0.7598086838043875,0.8013501760080646,0.7052734535690857,0.019208597688144577,0.09607672243897891,0,0
em2x3125u_bearing_fault_timeseries.csv,EMB_COMP_001,EM2X3125U,bearing_fault,steady_state,2026-01-01 00:05:18.000,2026-01-01 00:05:19.990,318.0,319.99,200,0.03847973171982907,0.020822712590405672,0.03845388287164058,0.020820546990726028,0.2292803544419787,0.0405498705953609,5.958470711577955,1.9473865577938565,8.016659324598741,2.175576128762428,40.0,40.0,6.825214511958585,22.75393421909157,0.0,0.8316178138269777,7.838402992729968,0.0,46.57772886764583,47.68113590969276,45.57769639717935,2.103439512513411,0.009235830221977909,0.7588139928729306,0.8091718344115129,0.7042375213831813,0.018813379321540237,0.10493431302833156,0,0
em2x3125u_bearing_fault_timeseries.csv,EMB_COMP_001,EM2X3125U,bearing_fault,shutdown,2026-01-01 00:05:19.000,2026-01-01 00:05:20.990,319.0,320.99,200,0.026944139527961743,0.016687163155414884,0.02694352320840076,0.0166824588350509,0.0649854840889566,0.0405498705953609,2.4118596929590868,2.4300038429361623,2.9184322116595824,2.8319151144798536,40.0,40.0,1.1379308368012258,13.381550468736041,0.0,0.4831260022617393,5.083974219857295,0.0,46.96545091545724,47.68113590969276,46.2962150266272,1.3849208830655613,-0.0011176532928199765,0.5902243362810835,0.8091718344115129,0.285573316170613,0.1795144834083681,0.5235985182408999,0,0
em2x3125u_bearing_fault_timeseries.csv,EMB_COMP_001,EM2X3125U,bearing_fault,shutdown,2026-01-01 00:05:20.000,2026-01-01 00:05:21.990,320.0,321.99,200,0.014156271401321864,0.009353561503811626,0.014148097341959343,0.009337626868249899,0.0376527446989505,0.0224833428613228,2.659792513969082,2.4037200003614365,2.5202948510975314,2.4522484939754117,40.0,40.0,0.2547992885725596,3.756379144951614,0.0,0.1709982936694301,1.5755769058711975,0.0,46.39233238443126,47.47882778603418,45.38219288914997,2.0966348968842112,-0.010063386147195796,0.27957683653125764,0.5557103537555798,0.0,0.1628106921411392,0.5557103537555798,0,0
em2x3125u_bearing_fault_timeseries.csv,EMB_COMP_001,EM2X3125U,bearing_fault,idle,2026-01-01 00:05:21.000,2026-01-01 00:05:22.990,321.0,322.99,200,0.006610832424933626,0.004910524329870596,0.006599931253569508,0.0049008443650870506,0.0247431401890216,0.0183016463265492,3.7428176360513365,3.727024874965132,5.194261091040685,5.059747087054426,40.0,40.0,0.12960639894448148,0.7462816728111727,0.0,0.09707299354967948,0.38360910939398607,0.0,45.5461851727498,46.48402784273743,44.882562796076776,1.6014650466606568,-0.006855887165760687,0.06968132164696733,0.277216834102353,0.0,0.0897956574905312,0.277216834102353,0,0
em2x3125u_bearing_fault_timeseries.csv,EMB_COMP_001,EM2X3125U,bearing_fault,idle,2026-01-01 00:05:22.000,2026-01-01 00:05:23.990,322.0,323.99,200,0.0014954180663656431,0.0012519911183397482,0.0014720440065403703,0.0012331646201806466,0.0042688729957826,0.0032261572429593,2.854635163100151,2.57682118962431,2.866501143744058,2.6663101066739285,43.5,46.0,0.022999213155122385,0.020426519156198225,0.0,0.018656260188212467,0.011848638632746074,0.0,45.010949270617886,45.53706404863522,44.60158590157397,0.9354781470612537,-0.0037946769858321077,0.000785611228878745,0.0057277443143745,0.0,0.00112937841575214,0.0057277443143745,0,0
em2x3125u_bearing_fault_timeseries.csv,EMB_COMP_001,EM2X3125U,bearing_fault,idle,2026-01-01 00:05:23.000,2026-01-01 00:05:24.990,323.0,324.99,200,0.0015119681489840803,0.0012968035239344308,0.001496356823260439,0.0012728663272989068,0.0042688729957826,0.0032261572429593,2.8233881769605635,2.487776431368197,2.8630773860238534,2.826704667340622,19.0,30.0,0.027019475111580933,0.0178850281643916,0.0,0.02006240488189844,0.012657713348117845,0.0,44.631595396213925,45.0278714446957,44.19202106232844,0.835850382367255,-0.003735302282567575,0.000810035685320508,0.0062997571808034,0.0,0.0011634732803375348,0.0062997571808034,0,0
em2x3125u_bearing_fault_timeseries.csv,EMB_COMP_001,EM2X3125U,bearing_fault,idle,2026-01-01 00:05:24.000,2026-01-01 00:05:25.990,324.0,325.99,200,0.0015087916919406448,0.00125204212877313,0.0014819303953923634,0.001250793482953125,0.0039160679115797,0.0033744573245008,2.5954993870245655,2.695162764057639,2.8591648818165067,2.8708684242885623,37.0,46.5,0.02515273243620293,0.018769639912868653,0.0,0.019408823853580188,0.012004582769541717,0.0,44.25712864220516,44.70347824473394,43.83663458796048,0.8668436567734545,-0.0037510894768923546,0.0009040015547786951,0.0062997571808034,0.0,0.0013195040169745463,0.0062997571808034,0,0
em2x3125u_bearing_fault_timeseries.csv,EMB_COMP_001,EM2X3125U,bearing_fault,idle,2026-01-01 00:05:25.000,2026-01-01 00:05:26.990,325.0,326.99,200,0.001510899793768479,0.0011981541995281049,0.001507189220546279,0.001190609911378312,0.0047732265088161,0.0033744573245008,3.1591946259458688,2.816379833104817,2.968865597179296,2.717800708269281,36.5,1.0,0.02174382710225954,0.024403390582900336,0.0,0.016117314667362003,0.01225852661851127,0.0,43.88585237894014,44.3234382078535,43.46312027375526,0.8603179340982408,-0.0036972733721111757,0.0008211318657102844,0.0055813723945923,0.0,0.0011934132963079191,0.0055813723945923,0,0
em2x3125u_bearing_fault_timeseries.csv,EMB_COMP_001,EM2X3125U,bearing_fault,idle,2026-01-01 00:05:26.000,2026-01-01 00:05:27.990,326.0,327.99,200,0.0014982848576543606,0.0012233163922488802,0.0014973813679443025,0.0012226004400096128,0.0047732265088161,0.0030137576398357,3.1857937323673036,2.463596220022334,2.874756542841314,2.453385057965883,48.0,38.0,0.02315622383081644,0.02178123526272916,0.0,0.016799854393385952,0.013143967886456708,0.0,43.509746711187674,43.941660531527255,43.1035896489956,0.8380708825316532,-0.0038359618310800495,0.0007021590830058776,0.0041098253743436,0.0,0.0009689984625179902,0.0041098253743436,0,0
em2x3125u_bearing_fault_timeseries.csv,EMB_COMP_001,EM2X3125U,bearing_fault,idle,2026-01-01 00:05:27.000,2026-01-01 00:05:28.990,327.0,328.99,200,0.0014263612505529407,0.0012124188044635741,0.0014206439015361652,0.0012120153852067175,0.0036670355852481,0.0034718650708803,2.570902416079057,2.8635856340222317,2.7438464975132204,2.84206350697307,50.0,22.0,0.024507740585603115,0.016985202639227058,0.0,0.01636799606191742,0.013013567474693455,0.0,43.134803407129404,43.56488865459002,42.700888088548,0.8640005660420229,-0.003698773197278681,0.0007133288037948392,0.004793657113074,0.0,0.0010421766341813785,0.004793657113074,0,0
em2x3125u_bearing_fault_timeseries.csv,EMB_COMP_001,EM2X3125U,bearing_fault,idle,2026-01-01 00:05:28.000,2026-01-01 00:05:29.990,328.0,329.99,200,0.001501620909541178,0.0012220586254861675,0.0014992555139971206,0.0012211396991351738,0.0064691490186659,0.0034718650708803,4.308110640682645,2.8409971489699193,4.210085019953349,3.446303198623902,50.0,14.0,0.025217036680931046,0.02115474366325451,0.0,0.01713936622469397,0.012685176181307326,0.0,42.760411958367975,43.21400527516156,42.2348113351703,0.9791939399912621,-0.003868057966297118,0.00067263937863823,0.004793657113074,0.0,0.001041334331997022,0.004793657113074,0,0
em2x3125u_bearing_fault_timeseries.csv,EMB_COMP_001,EM2X3125U,bearing_fault,idle,2026-01-01 00:05:29.000,2026-01-01 00:05:30.990,329.0,330.99,200,0.05676409793941289,0.038319436533401155,0.0566941620256859,0.03831391049364605,0.1817616246257057,0.1292932334487344,3.202052551239497,3.3740901522921893,5.183253014197548,4.936039885551314,40.0,40.0,16.965404967016934,47.35853254068748,0.0,5.772508576550542,23.588993488005755,0.0,35.4216273368077,42.89795118693134,27.204377872858505,15.693573314072832,-0.10517517123679487,2.4996486205035575,6.594237358453281,0.0,2.5640422982930144,6.594237358453281,1,0
em2x3125u_bearing_fault_timeseries.csv,EMB_COMP_001,EM2X3125U,bearing_fault,startup,2026-01-01 00:05:30.000,2026-01-01 00:05:31.990,330.0,331.99,200,0.08075909873117366,0.056177769431568644,0.08068064718051,0.05615615166740497,0.1850422363308039,0.1347605359548043,2.291286545269185,2.3988231878618644,2.6206406457334546,2.38717043648535,40.0,40.0,31.912045804730987,98.32133836738325,0.0,11.95605669159224,51.11688079327314,0.0,29.28497784255231,31.37230515682569,27.204377872858505,4.167927283967185,0.02022471304994003,3.6240028904841837,6.594237358453281,0.8220398179560945,1.596266717596454,5.772197540497187,1,0
em2x3125u_bearing_fault_timeseries.csv,EMB_COMP_001,EM2X3125U,bearing_fault,startup,2026-01-01 00:05:31.000,2026-01-01 00:05:32.990,331.0,332.99,200,0.06330472843951623,0.04367321308846322,0.06326987496229614,0.043658605348791235,0.1850422363308039,0.1347605359548043,2.9230397300827278,3.0856565483706726,4.013662991545887,3.6722357559503123,40.0,40.0,17.91022660581145,62.153362354849,0.0,6.670111582370914,31.451538211200425,0.0,31.017652329291824,32.337757006461175,29.35352347780083,2.9842335286603436,0.014538763343750748,1.5059903591710213,3.5888187723887923,0.71436287108376,0.9391090604325494,2.8744559013050326,1,0
em2x3125u_bearing_fault_timeseries.csv,EMB_COMP_001,EM2X3125U,bearing_fault,steady_state,2026-01-01 00:05:32.000,2026-01-01 00:05:33.990,332.0,333.99,200,0.03565867761964529,0.021088058192500717,0.03562866942248714,0.021087850800290932,0.1719855924527649,0.0424313689130476,4.823106293712181,2.012104126691804,4.379524240170485,2.0964735746931,40.0,40.0,3.4297722059435216,21.961405450110213,0.0,0.9616301408175608,7.932319307747852,0.0,32.19498267334009,33.266737826522416,31.103355480900746,2.1633823456216703,0.009155986244366867,0.7616392531636471,0.8127567503579847,0.71436287108376,0.01967998240825885,0.09839387927422472,0,0
em2x3125u_bearing_fault_timeseries.csv,EMB_COMP_001,EM2X3125U,bearing_fault,steady_state,2026-01-01 00:05:33.000,2026-01-01 00:05:34.990,333.0,334.99,200,0.03693601739519126,0.0210534196925269,0.0368008831745741,0.021052354079949643,0.1637282885234119,0.0424313689130476,4.432754261825961,2.015414575528981,3.9600597944330893,2.171913804233787,40.0,40.0,6.908497375765896,20.178005052200543,0.0,1.0954888573499864,7.772443919079055,0.0,33.11900454838672,34.11909162460852,32.13901269540446,1.980078929204062,0.009285896524697475,0.7592300748823775,0.8105398072944017,0.7118606125241644,0.020206747927921667,0.09867919477023723,0,0
em2x3125u_bearing_fault_timeseries.csv,EMB_COMP_001,EM2X3125U,bearing_fault,steady_state,2026-01-01 00:05:34.000,2026-01-01 00:05:35.990,334.0,335.99,200,0.03677264576888931,0.020881247303531695,0.03658229435897428,0.020880589954774844,0.1637282885234119,0.0402970717238226,4.45244787531526,1.9298211039819955,3.989052124157768,2.110281350546085,40.0,40.0,7.178337399526843,19.586964623587473,0.0,0.8527275514496674,7.872191763671574,0.0,34.05834236247135,35.09743896837141,33.050537294973985,2.0469016733974215,0.009355258717786257,0.7590554348843044,0.8105495264549092,0.7118606125241644,0.021112169736975283,0.09868891393074475,0,0
em2x3125u_bearing_fault_timeseries.csv,EMB_COMP_001,EM2X3125U,bearing_fault,steady_state,2026-01-01 00:05:35.000,2026-01-01 00:05:36.990,335.0,336.99,200,0.03286975855571642,0.020721426260786376,0.03286646160943385,0.020719934097117934,0.0626330181512059,0.0402970717238226,1.9054906669009681,1.9447055051457318,2.1915489018265744,2.0864077449944443,40.0,40.0,2.0900250089647185,19.514083827854144,0.0,0.7314752908437534,7.854889517348385,0.0,35.00398341702294,36.050615899963454,34.00806831012728,2.0425475898361753,0.009486160389727234,0.7594856506285477,0.8105495264549092,0.7082663836954153,0.021689520232827088,0.1022831427594939,0,0
em2x3125u_bearing_fault_timeseries.csv,EMB_COMP_001,EM2X3125U,bearing_fault,steady_state,2026-01-01 00:05:36.000,2026-01-01 00:05:37.990,336.0,337.99,200,0.03230400765881102,0.020484772487547594,0.032303329572486404,0.020483381197616852,0.0612796302981736,0.0393970889753489,1.8969668081247926,1.9232378099047884,2.1962514779898163,2.094418096959229,40.0,40.0,1.8946750519522244,18.975720368496447,0.0,0.7989219572161446,7.592900941655485,0.0,35.94423870117696,37.11784400630594,34.83957529817483,2.278268708131108,0.00926350650067433,0.7587451398025377,0.8104259176643946,0.7026213037114248,0.02001127924532286,0.10780461395296981,0,0
em2x3125u_bearing_fault_timeseries.csv,EMB_COMP_001,EM2X3125U,bearing_fault,steady_state,2026-01-01 00:05:37.000,2026-01-01 00:05:38.990,337.0,338.99,200,0.037913900885954976,0.020688970546102012,0.037787915912720745,0.02068707124067179,0.1612945867760276,0.0379298993110546,4.25423348711075,1.8333391323910477,5.084643323540261,2.0553267242101194,40.0,40.0,7.935622856840597,20.64051349774477,0.0,0.8084551383038383,7.750678817239846,0.0,36.873217649188526,38.00211844343529,35.84501409607208,2.157104347363216,0.00925699030968535,0.7582434068101053,0.8144900608382315,0.7026213037114248,0.01834358469614297,0.11186875712680666,0,0
em2x3125u_bearing_fault_timeseries.csv,EMB_COMP_001,EM2X3125U,bearing_fault,steady_state,2026-01-01 00:05:38.000,2026-01-01 00:05:39.990,338.0,339.99,200,0.03870097766531774,0.020781824501460232,0.0386071504022333,0.020781749014665122,0.1612945867760276,0.0400444219846928,4.16771349217292,1.9268963599360147,4.82413791181643,2.047040763925616,40.0,40.0,8.099326332743203,21.73387594955598,0.0,0.7474705156461839,7.891329185387012,0.0,37.80609005682296,38.873655012443294,36.79023102839458,2.0834239840487143,0.009438750340731456,0.7607906318111651,0.8144900608382315,0.7090879930391472,0.01852446034879809,0.10540206779908434,0,0
em2x3125u_bearing_fault_timeseries.csv,EMB_COMP_001,EM2X3125U,bearing_fault,steady_state,2026-01-01 00:05:39.000,2026-01-01 00:05:40.990,339.0,340.99,200,0.03422271423770603,0.02114597927483119,0.034205327669571864,0.02114593429096324,0.0654194421474643,0.0425003477411179,1.9115795928128407,2.0098547903006576,2.1724600982745965,2.1010161663947855,40.0,40.0,1.969536400291078,21.430576035210027,0.0,0.8220717826896999,8.122346663110966,0.0,38.73314885331228,39.77093057395197,37.671265313678,2.099665260273973,0.009302866819036061,0.7611991245072492,0.8103917918484309,0.6891969356054339,0.019807592338928523,0.12119485624299697,0,0
em2x3125u_bearing_fault_timeseries.csv,EMB_COMP_001,EM2X3125U,bearing_fault,steady_state,2026-01-01 00:05:40.000,2026-01-01 00:05:41.990,340.0,341.99,200,0.03363013614247133,0.021152585010704092,0.033625691765819296,0.02115099154719185,0.0654194421474643,0.0425003477411179,1.9452624833369738,2.0092271332137868,2.1599594670657982,2.0919915255198687,40.0,40.0,1.8461078660077872,20.770477642129613,0.0,0.8391639398102232,8.108126117523504,0.0,39.659605413128354,40.80436718478281,38.59721502211528,2.2071521626675334,0.009487231228336033,0.7576121915597921,0.8103917918484309,0.6891969356054339,0.020280262318413685,0.12119485624299697,0,0
em2x3125u_bearing_fault_timeseries.csv,EMB_COMP_001,EM2X3125U,bearing_fault,steady_state,2026-01-01 00:05:41.000,2026-01-01 00:05:42.990,341.0,342.99,200,0.03285912124651422,0.020831184325374147,0.03285870622518209,0.020831035189735947,0.0648129435623859,0.0395479880716544,1.9724490827417192,1.8984992621606058,2.196704620632983,2.039320850126179,40.0,40.0,1.8860390414843275,19.71130880982607,0.0,0.774189724492965,7.906428907016425,0.0,40.60039671957925,41.62399822810914,39.505913409369725,2.118084818739412,0.009498308795328408,0.7589870713099117,0.807246879375074,0.7058444309953784,0.01873398283049713,0.10140244837969559,0,0
em2x3125u_bearing_fault_timeseries.csv,EMB_COMP_001,EM2X3125U,bearing_fault,steady_state,2026-01-01 00:05:42.000,2026-01-01 00:05:43.990,342.0,343.99,200,0.03333796541821456,0.02093220241145171,0.03333746637338562,0.02093219785762768,0.0648129435623859,0.0408852919054714,1.9441181472632594,1.9532245628918457,2.2612524916003665,2.0737398123049737,40.0,40.0,2.1926797498128803,20.03505821460235,0.0,0.8208171419743285,7.948591233077801,0.0,41.546624330680196,42.58931838895607,40.50848143008097,2.0808369588751034,0.00940832300738608,0.7605221843304002,0.807246879375074,0.6924918700714862,0.01794359447896585,0.11475500930358784,0,0
em2x3125u_bearing_fault_timeseries.csv,EMB_COMP_001,EM2X3125U,bearing_fault,steady_state,2026-01-01 00:05:43.000,2026-01-01 00:05:44.990,343.0,344.99,200,0.033687546029464076,0.02117983761995058,0.03368626440910054,0.02117950583254412,0.0638719106809343,0.0446008647248605,1.8960096002561342,2.1058171231137406,2.206323669152864,2.127550182749382,40.0,40.0,2.0241969793502625,20.671192540706663,0.0,0.8594605568130741,8.114124634112292,0.0,42.488867461453665,43.5040669818369,41.48947864346496,2.0145883383719365,0.00928833435879605,0.7594730749711504,0.8102441805872578,0.6924918700714862,0.019134522313930435,0.11775231051577162,0,0
em2x3125u_bearing_fault_timeseries.csv,EMB_COMP_001,EM2X3125U,bearing_fault,steady_state,2026-01-01 00:05:44.000,2026-01-01 00:05:45.990,344.0,345.99,200,0.03364882455891905,0.0211221184790246,0.033643642869806485,0.021119196562756605,0.0616241877045849,0.0446008647248605,1.8313919880523917,2.1115715627270797,2.138153412456158,2.1243340096278422,40.0,40.0,1.7301577345938743,20.908344280828416,0.0,0.8614201476323878,8.059653791393952,0.0,43.41637901447842,44.451548207450415,42.42820848169552,2.0233397257548944,0.009177785003452397,0.7588431435228195,0.812654082719596,0.6905979185322704,0.020454634633248862,0.12205616418732568,0,0
em2x3125u_bearing_fault_timeseries.csv,EMB_COMP_001,EM2X3125U,bearing_fault,steady_state,2026-01-01 00:05:45.000,2026-01-01 00:05:46.990,345.0,346.99,200,0.03510521476015167,0.02088414193593895,0.035089813088045284,0.020881299912768537,0.096012313846223,0.0387707573148414,2.7349872234710744,1.8564687710784928,2.3673738842961267,2.0871918424195113,40.0,40.0,3.8028791257938424,20.839365715659298,0.0,0.8350560440733551,7.888416982770548,0.0,44.34089357937995,45.44337217293828,43.35442299074765,2.088949182190632,0.009380966855149239,0.7584808408193734,0.812654082719596,0.6905979185322704,0.019799545748094644,0.12205616418732568,0,0
em2x3125u_bearing_fault_timeseries.csv,EMB_COMP_001,EM2X3125U,bearing_fault,steady_state,2026-01-01 00:05:46.000,2026-01-01 00:05:47.990,346.0,347.99,200,0.03495074886702115,0.021014309985854816,0.03490275951930993,0.02101414582194072,0.096012313846223,0.0401456567554378,2.7470745823365847,1.9103961435070056,2.3918502558773804,2.0710303660711333,40.0,40.0,3.814731129224525,20.552659790637605,0.0,0.8211139155747035,8.010804290092098,0.0,45.283681355048536,46.3913120310622,44.224920576323065,2.1663914547391343,0.009631882810050932,0.7580074875625473,0.8088913144204593,0.7072127105469996,0.02058685740689298,0.10167860387345962,0,0
em2x3125u_bearing_fault_timeseries.csv,EMB_COMP_001,EM2X3125U,bearing_fault,steady_state,2026-01-01 00:05:47.000,2026-01-01 00:05:48.990,347.0,348.99,200,0.03369469365855776,0.021083084067186304,0.03369255871637209,0.021081718981430058,0.064584613960694,0.0401456567554378,1.916759197016496,1.9041643351373088,2.1573173078413905,2.061593641435943,40.0,40.0,1.686358383864166,21.028820438432373,0.0,0.8273011530040554,8.06204759930392,0.0,46.22870305544922,47.36803697376576,45.13416586809564,2.2338711056701186,0.00948312471939263,0.757560181101702,0.8088913144204593,0.7072127105469996,0.022068809273882165,0.10167860387345962,0,0
em2x3125u_bearing_fault_timeseries.csv,EMB_COMP_001,EM2X3125U,bearing_fault,steady_state,2026-01-01 00:05:48.000,2026-01-01 00:05:49.990,348.0,349.99,200,0.03355993563004171,0.020727402134163655,0.03355989397372213,0.020726945797595583,0.0624992536650421,0.0379395934274643,1.862317447626297,1.8304075533388184,2.1228033859386892,2.0627704911132487,40.0,40.0,1.6428796053513903,20.882779292454796,0.0,0.8903117725528964,7.702119460964894,0.0,47.16674949007934,48.23166534420156,46.10974369622,2.1219216479815586,0.00941495854723112,0.7578845286627908,0.8112961786369706,0.7091607276666114,0.020955223556301195,0.10213545097035914,0,0
em2x3125u_bearing_fault_timeseries.csv,EMB_COMP_001,EM2X3125U,bearing_fault,shutdown,2026-01-01 00:05:49.000,2026-01-01 00:05:50.990,349.0,350.99,200,0.026454752135295814,0.01636329075089805,0.02645123396409598,0.016361897472897,0.0619618478205763,0.0357869257004144,2.3421821343737736,2.187024984473269,2.79226766202986,2.619750497030494,40.0,40.0,1.0516669001230066,12.941871068254997,0.0,0.5495254866002345,4.8061055359130185,0.0,47.602846869052975,48.23166534420156,47.031472001741456,1.2001933424601035,-0.0006753015029406997,0.5888404708267474,0.8112961786369706,0.2634066911792602,0.17931388309980342,0.5478894874577104,0,0
em2x3125u_bearing_fault_timeseries.csv,EMB_COMP_001,EM2X3125U,bearing_fault,shutdown,2026-01-01 00:05:50.000,2026-01-01 00:05:51.990,350.0,351.99,200,0.014340818159241217,0.009229432410006778,0.014325231265732794,0.009226896004375384,0.0318886650370505,0.0243190435497085,2.2236294110250228,2.6349446498292997,2.3792103826548927,2.4097507384233463,40.0,40.0,0.3117872488209877,3.79260112178831,0.0,0.16894515885536635,1.5364400600864156,0.0,47.066316463475744,48.087657401372255,45.90574148424844,2.181915917123817,-0.01008935761231303,0.27947940205886446,0.5626113367250785,0.0,0.16171932820100432,0.5626113367250785,0,0
em2x3125u_bearing_fault_timeseries.csv,EMB_COMP_001,EM2X3125U,bearing_fault,idle,2026-01-01 00:05:51.000,2026-01-01 00:05:52.990,351.0,352.99,200,0.007229811971364658,0.004840225990258661,0.007225816359089377,0.00483914705397773,0.0262169546107641,0.0159814113492273,3.6262291072855573,3.301790325780482,5.328859465764282,4.753870862645801,40.0,40.0,0.17147951167470016,0.8729926348837727,0.0,0.09248549502572267,0.3766979846578257,0.0,46.138851552280336,47.12407378221664,45.47489841448647,1.649175367730173,-0.00814007932356762,0.07028868372096372,0.2913898461403065,0.0,0.08986792316417123,0.2913898461403065,0,0
em2x3125u_bearing_fault_timeseries.csv,EMB_COMP_001,EM2X3125U,bearing_fault,idle,2026-01-01 00:05:52.000,2026-01-01 00:05:53.990,352.0,353.99,200,0.0014926533753122646,0.001242796061843701,0.0014873257584966414,0.0012338147015072175,0.0056252924336485,0.0036793149853298,3.768652874597683,2.960513875359001,3.8014015608070864,2.7574641854430815,12.0,4.5,0.028180258267242277,0.016083493076821383,0.0,0.018782411873685498,0.011691924232996932,0.0,45.528584838415156,45.96425555262452,45.05383010530253,0.910425447321991,-0.0037208162860820873,0.0009489299754387414,0.00605481687852,0.0,0.0013128621045568468,0.00605481687852,0,0
em2x3125u_bearing_fault_timeseries.csv,EMB_COMP_001,EM2X3125U,bearing_fault,idle,2026-01-01 00:05:53.000,2026-01-01 00:05:54.990,353.0,354.99,200,0.0015781546296379373,0.001179727001476863,0.0015643792640706432,0.0011625902575156735,0.0056252924336485,0.0027944750313494,3.564474816348677,2.3687471998615655,3.296656750349239,2.2882967148654987,10.0,48.0,0.029238204199531305,0.01973787572415176,0.0,0.014222720718710672,0.013102497138937715,0.0,45.157438821310315,45.60411327614643,44.75339708329139,0.8507161928550389,-0.003721613933927467,0.0007650285781256247,0.0055586806234654,0.0,0.0011134087454258037,0.0055586806234654,0,0
em2x3125u_bearing_fault_timeseries.csv,EMB_COMP_001,EM2X3125U,bearing_fault,idle,2026-01-01 00:05:54.000,2026-01-01 00:05:55.990,354.0,355.99,200,0.0015897113616451387,0.0011874171447630501,0.001589584818908824,0.0011797829389727627,0.0045233962142773,0.0038066169618018,2.8454198185991384,3.2057958558122497,2.491569144064396,2.9253617081431162,10.0,48.5,0.028214553501576218,0.02255612530688417,0.0,0.015345180657296861,0.012927768835210452,0.0,44.78576853859677,45.22953874024788,44.30636350406259,0.9231752361852941,-0.0037491818586916042,0.000732189199464042,0.0058054782403017,0.0,0.0010751776616359661,0.0058054782403017,0,0
em2x3125u_bearing_fault_timeseries.csv,EMB_COMP_001,EM2X3125U,bearing_fault,idle,2026-01-01 00:05:55.000,2026-01-01 00:05:56.990,355.0,356.99,200,0.0015124835140125797,0.001252147698243361,0.0015110928284786873,0.0012521437662760756,0.0045233962142773,0.004101631940856,2.990707781188865,3.275677419373276,2.8133578204239504,3.5076427080198482,34.5,13.5,0.024537329492669353,0.021188533552101766,0.0,0.0183478583194675,0.01304229805578177,0.0,44.40881967909592,44.88563193772884,43.996424006146135,0.8892079315827033,-0.0038540458523991777,0.0009345880391664207,0.0058054782403017,0.0,0.0012420211395904892,0.0058054782403017,0,0
em2x3125u_bearing_fault_timeseries.csv,EMB_COMP_001,EM2X3125U,bearing_fault,idle,2026-01-01 00:05:56.000,2026-01-01 00:05:57.990,356.0,357.99,200,0.0013990465581524983,0.0011956435035494638,0.0013988899417282958,0.001195321460756952,0.0044758202479763,0.004101631940856,3.1991932090428894,3.4304806814737283,3.7032316960726197,3.4429124175835066,0.5,14.0,0.022558608872995677,0.016594486495046135,0.0,0.015118016758938337,0.013906799530933886,0.0,44.03004929997256,44.46081612209791,43.586129971393696,0.8746861507042141,-0.0037966188769879153,0.0009414201959868903,0.0055380243978733,0.0,0.001172918050107884,0.0055380243978733,0,0
em2x3125u_bearing_fault_timeseries.csv,EMB_COMP_001,EM2X3125U,bearing_fault,idle,2026-01-01 00:05:57.000,2026-01-01 00:05:58.990,357.0,358.99,200,0.0015260712113886004,0.0011424480539993685,0.0015260596749712993,0.0011410492686349907,0.0045591804884424,0.0034305379203365,2.9875280094524013,3.0027955392170473,3.202060295505817,2.892616556883729,29.5,34.0,0.025204701371154044,0.021613363877601276,0.0,0.016180413058083914,0.009946120167479242,0.0,43.651367799094224,44.09496470113208,43.24663428080008,0.8483304203319975,-0.00385489893789939,0.0007286710781006503,0.0051389332264181,0.0,0.0010098715251234658,0.0051389332264181,0,0
em2x3125u_bearing_fault_timeseries.csv,EMB_COMP_001,EM2X3125U,bearing_fault,idle,2026-01-01 00:05:58.000,2026-01-01 00:05:59.990,358.0,359.99,200,0.0014564633791756118,0.0011628156309860087,0.0014543524735675705,0.0011626216805436138,0.0045591804884424,0.003251367380308,3.130309044243179,2.7961159909340103,3.0949945465859123,3.003293088730449,40.0,14.5,0.021469099619278356,0.02115115355453331,0.0,0.018035773195475738,0.009125885038089487,0.0,43.27677561344331,43.748918348351246,42.82128489586855,0.927633452482695,-0.003730591344730545,0.0007800660307919022,0.0051389332264181,0.0,0.0011570004538963728,0.0051389332264181,0,0
em2x3125u_bearing_fault_timeseries.csv,EMB_COMP_001,EM2X3125U,bearing_fault,idle,2026-01-01 00:05:59.000,2026-01-01 00:06:00.990,359.0,360.99,200,0.05569027927943886,0.03929821341439412,0.0556898102479116,0.039297494218921016,0.1874989342325513,0.1181600562967586,3.3668161959061473,3.0067538961829503,5.154121829690237,4.622113572299702,40.0,40.0,12.277142138769111,49.75015292889621,0.0,7.395776529051939,23.491116442396688,0.0,35.84407392174664,43.36870799533428,27.50066043031064,15.868047565023645,-0.10672822102142204,2.4987010089739363,6.503397739874173,0.0,2.561606513183593,6.503397739874173,1,0
em2x3125u_bearing_fault_timeseries.csv,EMB_COMP_001,EM2X3125U,bearing_fault,startup,2026-01-01 00:06:00.000,2026-01-01 00:06:01.990,360.0,361.99,200,0.08027626802849133,0.05619984599608906,0.08027373525421728,0.05619958823097807,0.1874989342325513,0.1181600562967586,2.335670788358085,2.102497866363928,2.5070870096009967,2.1814446492045043,40.0,40.0,24.647812010296267,104.2296995058313,0.0,13.859769881486319,49.30884284820317,0.0,29.59151601530427,31.59339274623519,27.50066043031064,4.09273231592455,0.019996505741300342,3.6139590292453194,6.503397739874173,0.7800456619211285,1.6000814182242862,5.723352077953045,1,0
em2x3125u_bearing_fault_timeseries.csv,EMB_COMP_001,EM2X3125U,bearing_fault,startup,2026-01-01 00:06:01.000,2026-01-01 00:06:02.990,361.0,362.99,200,0.06253315893805746,0.042741389258435646,0.06252883244566133,0.04274116376460759,0.175359351271204,0.1104618683538472,2.804261838825496,2.584423910180831,3.7162155782501074,3.3327980072744605,40.0,40.0,13.465242257371575,64.74029813127949,0.0,7.007061824732997,29.529538847142184,0.0,31.292348047007234,32.64322162840568,29.62355318821341,3.019668440192273,0.01436353774716898,1.494217033632974,3.669552705399214,0.6977480367960462,0.932600953735338,2.971804668603168,1,0
em2x3125u_bearing_fault_timeseries.csv,EMB_COMP_001,EM2X3125U,bearing_fault,steady_state,2026-01-01 00:06:02.000,2026-01-01 00:06:03.990,362.0,363.99,200,0.035144641521737484,0.02104890000297656,0.035126340520186844,0.02104066175420309,0.1299140946545259,0.0416333800085806,3.696554838215439,1.9779361393086174,2.8203026534742373,2.104390676983905,40.0,40.0,3.383948803351239,21.294852481087894,0.0,0.7398040081339032,8.11469995273542,0.0,32.47517285135578,33.57073214711802,31.34695738169109,2.2237747654269313,0.009663455986647484,0.7568959907971704,0.8124541607172224,0.6874141964074871,0.02121077533343712,0.1250399643097353,0,0
em2x3125u_bearing_fault_timeseries.csv,EMB_COMP_001,EM2X3125U,bearing_fault,steady_state,2026-01-01 00:06:03.000,2026-01-01 00:06:04.990,363.0,364.99,200,0.03911089028969676,0.021172147658712472,0.03900293806947301,0.021171428771204513,0.2015828645545901,0.0416333800085806,5.154136432626654,1.9664221447769943,5.745577516018261,2.084777932549304,40.0,40.0,8.425360206339663,22.000279553715274,0.0,0.7961658269448617,8.168987334215627,0.0,33.440244310224905,34.5757872126231,32.402791633044075,2.1729955795790232,0.009629265871247118,0.7605593610638235,0.8296268404739071,0.6874141964074871,0.022073910397582913,0.14221264406641998,0,0
em2x3125u_bearing_fault_timeseries.csv,EMB_COMP_001,EM2X3125U,bearing_fault,steady_state,2026-01-01 00:06:04.000,2026-01-01 00:06:05.990,364.0,365.99,200,0.037839533404288174,0.021185928703904164,0.03775098297930889,0.021185650043365242,0.2015828645545901,0.046031674855628,5.327308410514007,2.1727475580121838,5.8842594317155115,2.0826345350183404,40.0,40.0,6.903921949808032,21.603554682094515,0.0,0.791014815779223,8.185920531884074,0.0,34.39238471368448,35.36693190097442,33.369344187044824,1.9975877139295974,0.00930423470929372,0.7635797157077213,0.8296268404739071,0.7089194716749787,0.02185229422543285,0.1207073687989284,0,0
em2x3125u_bearing_fault_timeseries.csv,EMB_COMP_001,EM2X3125U,bearing_fault,steady_state,2026-01-01 00:06:05.000,2026-01-01 00:06:06.990,365.0,366.99,200,0.03382614022290047,0.02129553658120055,0.03382185729048328,0.021293874357335357,0.0663581144330914,0.046031674855628,1.961740653702092,2.161564451785837,2.1729783186199065,2.0468712610491986,40.0,40.0,1.934632684013753,20.951179052286527,0.0,0.7130092929613397,8.356589332828689,0.0,35.343604068395464,36.39156522454885,34.299537357355184,2.0920278671936643,0.00964431311405994,0.7607264985115634,0.8137538150565999,0.7078647697312439,0.0202410317213993,0.10588904532535603,0,0
em2x3125u_bearing_fault_timeseries.csv,EMB_COMP_001,EM2X3125U,bearing_fault,steady_state,2026-01-01 00:06:06.000,2026-01-01 00:06:07.990,366.0,367.99,200,0.03505590541180255,0.02085748547055528,0.03503300194375619,0.02085665694345548,0.157873643086348,0.0404685596260113,4.503482116117173,1.9402415350182631,3.8620424268274087,2.041997780320962,40.0,40.0,3.534300660104246,21.04360095726221,0.0,0.7209700176516755,7.9792063580363495,0.0,36.30038702139409,37.33785130201556,35.23323573816974,2.104615563845819,0.009397743328615982,0.7600929674050845,0.8115271177902259,0.7078647697312439,0.019067225160759923,0.103662348058982,0,0
em2x3125u_bearing_fault_timeseries.csv,EMB_COMP_001,EM2X3125U,bearing_fault,steady_state,2026-01-01 00:06:07.000,2026-01-01 00:06:08.990,367.0,368.99,200,0.03517563384465498,0.02125671695786539,0.035137083487193854,0.021256704550997558,0.157873643086348,0.0410316203597129,4.488153469630719,1.9302896322628234,3.8049580437685364,2.1357402560599983,40.0,40.0,3.3383488485557313,21.353956290921737,0.0,0.8644405067155381,8.17799085121846,0.0,37.25155020255549,38.313211992348734,36.19418166552396,2.1190303268247703,0.009527834763877766,0.7587912525965198,0.8192199319405968,0.6962775697598269,0.01992899273711167,0.12294236218076993,0,0
em2x3125u_bearing_fault_timeseries.csv,EMB_COMP_001,EM2X3125U,bearing_fault,steady_state,2026-01-01 00:06:08.000,2026-01-01 00:06:09.990,368.0,369.99,200,0.03410980336153074,0.02116921273978103,0.03410578376073299,0.021169204560662843,0.0706177826125584,0.041211299479877,2.0703075260821233,1.9467563572845117,2.1819968435161137,2.107171912158574,40.0,40.0,1.890902230789807,21.3763214061735,0.0,0.831700371749976,8.144375748034935,0.0,38.20751783614094,39.25560619152287,37.18348362287512,2.0721225686477496,0.009535508982311857,0.7574705183232574,0.8245800685968541,0.6962775697598269,0.02142017700336621,0.12830249883702716,0,0
em2x3125u_bearing_fault_timeseries.csv,EMB_COMP_001,EM2X3125U,bearing_fault,steady_state,2026-01-01 00:06:09.000,2026-01-01 00:06:10.990,369.0,370.99,200,0.03421502753898283,0.020772613611243294,0.0342143165839785,0.02077238425615487,0.0657679304901622,0.041211299479877,1.9221942877359846,1.9839246158976909,2.219312266716291,2.054070466796424,40.0,40.0,1.9659897604891092,21.446613987342214,0.0,0.7343124016436232,7.899624672189187,0.0,39.15754475217983,40.24107153350603,38.16257531947762,2.0784962140284122,0.009481988531256933,0.7594300152861561,0.8245800685968541,0.7041946596282875,0.02209923544294828,0.12038540896856653,0,0
em2x3125u_bearing_fault_timeseries.csv,EMB_COMP_001,EM2X3125U,bearing_fault,steady_state,2026-01-01 00:06:10.000,2026-01-01 00:06:11.990,370.0,371.99,200,0.03388668012710707,0.020905477515217024,0.03388517618946467,0.02089544872268513,0.0643030794337914,0.0456042305024308,1.8975915962435417,2.1814488795692726,2.1890696236200964,2.0873833061625806,40.0,40.0,1.82203983709691,21.143119198040043,0.0,0.8343745177789916,7.900304452240333,0.0,40.12310996588801,41.22565078177155,39.04421280065767,2.1814379811138807,0.009782754117195156,0.7590209867672556,0.8157119350572233,0.7029957135747171,0.020972831865920104,0.11271622148250615,0,0
em2x3125u_bearing_fault_timeseries.csv,EMB_COMP_001,EM2X3125U,bearing_fault,steady_state,2026-01-01 00:06:11.000,2026-01-01 00:06:12.990,371.0,372.99,200,0.03374302545650952,0.021392505618917198,0.03373990518351554,0.021375928134430743,0.063544874787935,0.0456042305024308,1.8832002740784546,2.131785369830797,2.169760881506721,2.1219398646315457,40.0,40.0,1.8831407580097776,20.88452560559466,0.0,0.9994294666249656,8.141434407624102,0.0,41.07729436147753,42.16181801432058,40.01919979931106,2.14261821500952,0.009317025036123049,0.7599517283575021,0.8181009750633286,0.7029957135747171,0.02045121084371202,0.11510526148861144,0,0
em2x3125u_bearing_fault_timeseries.csv,EMB_COMP_001,EM2X3125U,bearing_fault,steady_state,2026-01-01 00:06:12.000,2026-01-01 00:06:13.990,372.0,373.99,200,0.03358599952165084,0.02154825747085817,0.03358460453618654,0.021548228376238394,0.063544874787935,0.0424809405866228,1.8920048738454696,1.9714327547865047,2.193088066888842,2.0619584006183773,40.0,40.0,1.9671703869004857,20.591513349714702,0.0,0.9212498360137306,8.366337108995022,0.0,42.02087916191729,43.08403226892864,40.917681750512,2.1663505184166354,0.009583263022276018,0.7604563296231097,0.8181009750633286,0.6770106237813518,0.020975510956950792,0.14109035128197678,0,0
em2x3125u_bearing_fault_timeseries.csv,EMB_COMP_001,EM2X3125U,bearing_fault,steady_state,2026-01-01 00:06:13.000,2026-01-01 00:06:14.990,373.0,374.99,200,0.03314889289625969,0.020687899465646774,0.03314798427863929,0.020687621971595488,0.0615049558540756,0.0380785471080237,1.8554150826863791,1.8406193036298784,2.1623859233995413,2.0679123584149535,40.0,40.0,1.665497973279888,20.32210128115444,0.0,0.8175073151869368,7.745046114837143,0.0,42.98156864440998,44.07885110374252,41.993332039677554,2.085519064064968,0.009533881589732394,0.7598608854392139,0.8220703369961528,0.6770106237813518,0.02044272804835184,0.14505971321480104,0,0
em2x3125u_bearing_fault_timeseries.csv,EMB_COMP_001,EM2X3125U,bearing_fault,steady_state,2026-01-01 00:06:14.000,2026-01-01 00:06:15.990,374.0,375.99,200,0.03754714080180994,0.02065472540936027,0.03747379248254452,0.020650976785995617,0.2127232045458429,0.0383687496093615,5.665496759625135,1.8576257417575555,6.836374023203559,2.0757755587366424,40.0,40.0,6.122206095032556,22.042914749416042,0.0,0.8763845053412896,7.657459395501907,0.0,43.93408108165005,45.06048340155064,42.84198165621952,2.2185017453311247,0.009469332706662175,0.7600589798214713,0.8220703369961528,0.7127260045479005,0.019851289050923194,0.10934433244825237,0,0
em2x3125u_bearing_fault_timeseries.csv,EMB_COMP_001,EM2X3125U,bearing_fault,steady_state,2026-01-01 00:06:15.000,2026-01-01 00:06:16.990,375.0,376.99,200,0.0377575602653191,0.021167449241550177,0.03769822967868725,0.021162698976068248,0.2127232045458429,0.0432026455592458,5.633923459329877,2.0409944092102568,6.7427444053256345,2.1072617469371533,40.0,40.0,6.2654191276254645,22.209247243379632,0.0,0.8771955658808931,8.082890390875898,0.0,44.882825729883244,46.0092282987679,43.8055952049889,2.203633093779004,0.009518303987527548,0.7611183472734298,0.8094676081315693,0.7079402102339631,0.020625219609299854,0.10152739789760612,0,0
em2x3125u_bearing_fault_timeseries.csv,EMB_COMP_001,EM2X3125U,bearing_fault,steady_state,2026-01-01 00:06:16.000,2026-01-01 00:06:17.990,376.0,377.99,200,0.037380491494469203,0.021080454917962052,0.037332622366676935,0.021079505204195208,0.2336745524678894,0.0432026455592458,6.251243446129213,2.0494171367447134,9.002187232935816,2.1497084166363556,40.0,40.0,5.619427120602536,22.256907517558233,0.0,0.8366946864995962,8.050441641534293,0.0,45.840178412470785,46.83886729886465,44.796112881889975,2.042754416974674,0.009460420203081589,0.7630253693269882,0.8094676081315693,0.7079402102339631,0.019517420798281507,0.10152739789760612,0,0
em2x3125u_bearing_fault_timeseries.csv,EMB_COMP_001,EM2X3125U,bearing_fault,steady_state,2026-01-01 00:06:17.000,2026-01-01 00:06:18.990,377.0,378.99,200,0.03842422395703278,0.02077451358322841,0.03825965473036965,0.0207724567574824,0.2336745524678894,0.0423300581296138,6.081438436575633,2.037595631783529,8.433511456916204,2.1462658309159974,40.0,40.0,8.040407977404442,21.28503135635982,0.0,0.8374181492922647,7.79248725078099,0.0,46.79696425586695,47.79042283933665,45.7055355711215,2.084887268215148,0.009379693093340588,0.7615406302499612,0.8055312427553041,0.709981942842798,0.019236788378556458,0.09554929991250605,0,0
em2x3125u_bearing_fault_timeseries.csv,EMB_COMP_001,EM2X3125U,bearing_fault,steady_state,2026-01-01 00:06:18.000,2026-01-01 00:06:19.990,378.0,379.99,200,0.03501659141558301,0.020605053257523473,0.03496907547083431,0.02060503179220341,0.1094207019165701,0.0423300581296138,3.1248244758590618,2.0543532501745867,2.6178568677598477,2.1632495946506896,40.0,40.0,4.4059573330565955,20.065229441375994,0.0,0.8878334536299785,7.604423317825869,0.0,47.75269239077583,48.828446226854986,46.63063028427256,2.197815942582423,0.009550185983809537,0.760310357567993,0.8055312427553041,0.709981942842798,0.01988018127659427,0.09554929991250605,0,0
em2x3125u_bearing_fault_timeseries.csv,EMB_COMP_001,EM2X3125U,bearing_fault,shutdown,2026-01-01 00:06:19.000,2026-01-01 00:06:20.990,379.0,380.99,200,0.02736216828862854,0.016374012833896445,0.0273612663316311,0.016372155758433066,0.0640514851920687,0.0390966511077166,2.3408775399823814,2.38772569096692,2.8069619143816813,2.8252419460220635,40.0,40.0,1.1527769039796456,13.820737389806263,0.0,0.5126507186128162,4.8499752363569275,0.0,48.22011405018779,48.828446226854986,47.633976409096206,1.1944698177587796,-0.00026573012174358943,0.5906170688890113,0.7995737497731243,0.2794803904879794,0.1799123216172757,0.5200933592851449,0,0
em2x3125u_bearing_fault_timeseries.csv,EMB_COMP_001,EM2X3125U,bearing_fault,shutdown,2026-01-01 00:06:20.000,2026-01-01 00:06:21.990,380.0,381.99,200,0.014786816134128786,0.008915326996104037,0.01476647046807019,0.008914850490463469,0.0336132172911703,0.0220002171266412,2.273188290587393,2.4676848237036295,2.2674980452053024,2.344696538915926,40.0,40.0,0.34586179511971776,4.015111966526159,0.0,0.18542115704772963,1.4062455619206364,0.0,47.700867903506314,48.827513935038056,46.70480421001192,2.1227097250261338,-0.010045633971774928,0.27995507510498996,0.5696965406655847,0.0,0.1622634579698079,0.5696965406655847,0,0
em2x3125u_bearing_fault_timeseries.csv,EMB_COMP_001,EM2X3125U,bearing_fault,idle,2026-01-01 00:06:21.000,2026-01-01 00:06:22.990,381.0,382.99,200,0.007211744550004283,0.004659396900698045,0.007189636380263756,0.004659305181104623,0.0221128942599257,0.0142157861885384,3.066233711774021,3.050992755394731,4.13941137192304,4.697588984534277,40.0,40.0,0.17419382716773135,0.8616403308644993,0.0,0.11366703691695994,0.3217507330211513,0.0,46.856439013990205,47.79003241649652,46.278551277685736,1.5114811388107867,-0.006741114702616721,0.0702454960196689,0.2821484726021496,0.0,0.09037818983715641,0.2821484726021496,0,0
em2x3125u_bearing_fault_timeseries.csv,EMB_COMP_001,EM2X3125U,bearing_fault,idle,2026-01-01 00:06:22.000,2026-01-01 00:06:23.990,382.0,383.99,200,0.0015050119265055948,0.0012201254865280044,0.0015046003255078466,0.0012104528874165219,0.0043471116811148,0.0039251955804808,2.888423410177301,3.2170425286749462,2.911780967700428,2.9049243555824376,5.5,22.5,0.03301950916573049,0.012509544265884234,0.0,0.016383123166119496,0.012920839692643238,0.0,46.331224972706025,46.79296008002458,45.88613649285399,0.9068235871705852,-0.003684028635984206,0.0008209201148808845,0.0052419283504447,0.0,0.001191005050218221,0.0052419283504447,0,0
em2x3125u_bearing_fault_timeseries.csv,EMB_COMP_001,EM2X3125U,bearing_fault,idle,2026-01-01 00:06:23.000,2026-01-01 00:06:24.990,383.0,384.99,200,0.0015467209025109047,0.0011631953176587013,0.0015462369417870892,0.0011566436258250874,0.0051585943607475,0.0036790342797357,3.3351811256789627,3.1628688870076616,2.9966497013522235,2.634854858552186,7.5,48.0,0.03500616348020021,0.012953429238587538,0.0,0.01685230781016506,0.010170044619331518,0.0,45.958528425698084,46.352877323259904,45.53885628650017,0.8140210367597334,-0.003686610434763413,0.0007255691103134402,0.0048234879867793,0.0,0.0011103907482674852,0.0048234879867793,0,0
em2x3125u_bearing_fault_timeseries.csv,EMB_COMP_001,EM2X3125U,bearing_fault,idle,2026-01-01 00:06:24.000,2026-01-01 00:06:25.990,384.0,385.99,200,0.0015400679177748591,0.0011990971560751126,0.0015300135551428468,0.0011968914672029873,0.0051585943607475,0.0037084786449384,3.3495888728081598,3.092725744656922,2.8560489159166975,3.002275572623583,7.5,30.5,0.03053660781497684,0.01658475743331253,0.0,0.01730448734505725,0.011501782310475264,0.0,45.5874312895525,46.034744154929975,45.15619900651865,0.8785451484113267,-0.0036975701194439624,0.0008044511368254267,0.005822307674554,0.0,0.0012085800015105605,0.005822307674554,0,0
em2x3125u_bearing_fault_timeseries.csv,EMB_COMP_001,EM2X3125U,bearing_fault,idle,2026-01-01 00:06:25.000,2026-01-01 00:06:26.990,385.0,386.99,200,0.0015039838692366835,0.00122766060417264,0.0014998055707553832,0.001227482824330912,0.0050151791180038,0.0037084786449384,3.334596348130484,3.0207686329053973,3.4258725091355586,3.07396074536694,31.5,32.0,0.027711151460858258,0.017585259455673623,0.0,0.017267745286126512,0.012968926170994644,0.0,45.208051512755354,45.64938347262345,44.75394469198957,0.8954387806338815,-0.003838177355064654,0.0008823033075059661,0.005822307674554,0.0,0.001229835645259959,0.005822307674554,0,0
em2x3125u_bearing_fault_timeseries.csv,EMB_COMP_001,EM2X3125U,bearing_fault,idle,2026-01-01 00:06:26.000,2026-01-01 00:06:27.990,386.0,387.99,200,0.0015245883721361324,0.0012231908823679095,0.0015231227735789622,0.0012212266433448908,0.0050151791180038,0.0034817527279914,3.2895299542242533,2.8464508509508035,3.332123891819366,2.866728270632561,45.0,11.0,0.02778078681699038,0.01889050584327808,0.0,0.01693064265661944,0.012945292251894813,0.0,44.83164193301467,45.26726307657516,44.39285829691919,0.8744047796559755,-0.003676515251787678,0.0008999167734708609,0.0052754884154018,0.0,0.0011907464588251078,0.0052754884154018,0,0
em2x3125u_bearing_fault_timeseries.csv,EMB_COMP_001,EM2X3125U,bearing_fault,idle,2026-01-01 00:06:27.000,2026-01-01 00:06:28.990,387.0,388.99,200,0.0015430932010976036,0.0011842642445972975,0.0015353424292809971,0.0011798462939981724,0.0042331274211548,0.0031456998975722,2.743273976026706,2.656248309381221,2.721105199574213,3.053779675980784,43.0,28.0,0.024919959637914005,0.022243607476615537,0.0,0.01631799759268708,0.011644254237088009,0.0,44.45947084534425,44.89989513562014,44.031149415411306,0.8687457202088353,-0.0037691462657819213,0.0008277648904612906,0.0052754884154018,0.0,0.0011808197642955182,0.0052754884154018,0,0
em2x3125u_bearing_fault_timeseries.csv,EMB_COMP_001,EM2X3125U,bearing_fault,idle,2026-01-01 00:06:28.000,2026-01-01 00:06:29.990,388.0,389.99,200,0.0016346893948033347,0.0011650804383467135,0.0016346482285019416,0.0011625528209930724,0.0046943974678331,0.0031456998975722,2.8717366630973165,2.6999851632871366,2.8990218707960724,2.737703213598864,42.0,50.0,0.025091805633323087,0.02835017299740683,0.0,0.014115640281800962,0.013645580853423878,0.0,44.08456856945273,44.55913665414727,43.69657251266888,0.8625641414783871,-0.003700960244137078,0.0008094058578304636,0.0046382699359657,0.0,0.0011903402536720185,0.0046382699359657,0,0
em2x3125u_bearing_fault_timeseries.csv,EMB_COMP_001,EM2X3125U,bearing_fault,idle,2026-01-01 00:06:29.000,2026-01-01 00:06:30.990,389.0,390.99,200,0.058732836951034914,0.041754302581650755,0.05873211555773812,0.041726634947099515,0.1822058645651253,0.1285548518836244,3.102282709705115,3.0788408363960746,5.013725494591983,4.684287526924946,40.0,40.0,14.062593132304322,55.06543493511673,0.0,7.008348092909923,27.827721946124306,0.0,36.394285771423355,44.14951965197629,27.78348220183676,16.36603745013953,-0.11056544137072064,2.4994015560143032,6.468599949952835,0.0,2.5628051163101344,6.468599949952835,1,0
em2x3125u_bearing_fault_timeseries.csv,EMB_COMP_001,EM2X3125U,bearing_fault,startup,2026-01-01 00:06:30.000,2026-01-01 00:06:31.990,390.0,391.99,200,0.0816027731861015,0.05892003450558744,0.08156834135665376,0.05892000096084392,0.1822058645651253,0.1285548518836244,2.2328391236115297,2.1818529632977968,2.442095369851052,2.2983284098472745,40.0,40.0,28.34570460987213,104.86314065502792,0.0,13.29721460590089,56.13643087241155,0.0,29.89562919388226,31.93020348033945,27.78348220183676,4.146721278502689,0.020154009837419717,3.6177833701987265,6.468599949952835,0.7229442447536154,1.5987280334782512,5.745655705199219,1,0
em2x3125u_bearing_fault_timeseries.csv,EMB_COMP_001,EM2X3125U,bearing_fault,startup,2026-01-01 00:06:31.000,2026-01-01 00:06:32.990,391.0,392.99,200,0.06220887424495407,0.04419533798217836,0.06220543639435878,0.044167670749382944,0.1529347313280939,0.1181309726623192,2.4584069907116004,2.67292836882377,3.4388472168557556,3.5833244969965894,40.0,40.0,16.95680782262667,60.437265829775065,0.0,6.649598230631972,32.36744034493721,0.0,31.65209275577906,32.96266291976621,29.82401168908304,3.1386512306831698,0.01503362592796033,1.4979957305079663,3.709554088534612,0.7082443902009123,0.9344406664676935,3.0013096983336993,1,0
em2x3125u_bearing_fault_timeseries.csv,EMB_COMP_001,EM2X3125U,bearing_fault,steady_state,2026-01-01 00:06:32.000,2026-01-01 00:06:33.990,392.0,393.99,200,0.0406000793498832,0.021346500180446263,0.04029333935736452,0.021346284252566693,0.2025130990959496,0.0424932625499886,4.987997618200029,1.9906430651762348,6.560158455825453,2.074070865349432,40.0,40.0,10.195161642772584,22.286371437073434,0.0,0.8423928582367566,8.270924204024768,0.0,32.89367386439886,33.953227689728216,31.76786245552946,2.1853652341987555,0.00982784812012445,0.7586653329348629,0.8226035481649692,0.7082443902009123,0.021873201057863403,0.11435915796405682,0,0
em2x3125u_bearing_fault_timeseries.csv,EMB_COMP_001,EM2X3125U,bearing_fault,steady_state,2026-01-01 00:06:33.000,2026-01-01 00:06:34.990,393.0,394.99,200,0.03895534445267004,0.02119359547841966,0.03878528019487886,0.02119304616786076,0.2025130990959496,0.0424932625499886,5.198596031977049,2.005004889012687,7.364630413555924,2.106307264691917,40.0,40.0,8.811197194458394,21.310903103470974,0.0,0.8858725320873527,8.099089900818734,0.0,33.85708174184818,34.83242666131406,32.801516758293054,2.030909903021005,0.009379374529072957,0.7601600082076403,0.8226035481649692,0.7084357853532597,0.02188502014586424,0.11416776281170948,0,0
em2x3125u_bearing_fault_timeseries.csv,EMB_COMP_001,EM2X3125U,bearing_fault,steady_state,2026-01-01 00:06:34.000,2026-01-01 00:06:35.990,394.0,395.99,200,0.03288040930495529,0.021247229481872226,0.03287890725917523,0.021247168200673516,0.0642968855797829,0.0435776935072904,1.9554770435930353,2.050982390173276,2.2012765664705864,2.1265028953042178,40.0,40.0,1.6970503564547421,19.929890684242622,0.0,0.8549741127885859,8.174068580448555,0.0,34.81049895865369,35.85012779340586,33.80308728533946,2.0470405080664023,0.009414981135324555,0.7605717913928897,0.8213509453180332,0.7084357853532597,0.02151106957215106,0.11291515996477353,0,0
em2x3125u_bearing_fault_timeseries.csv,EMB_COMP_001,EM2X3125U,bearing_fault,steady_state,2026-01-01 00:06:35.000,2026-01-01 00:06:36.990,395.0,396.99,200,0.033305213394648286,0.021170610474088785,0.0333030927577845,0.02116895075006578,0.0626901720351726,0.0435776935072904,1.8822930600182282,2.058405144274237,2.1830359367948224,2.1373294580779167,40.0,40.0,1.7053208858707616,20.479565346594352,0.0,0.8756750514315773,8.087038429960517,0.0,35.789569642243634,36.90216731682876,34.75726285827044,2.1449044585583223,0.009777181461613193,0.7591666785010558,0.8146181234998671,0.7064892377663303,0.02095365692209736,0.10812888573353674,0,0
em2x3125u_bearing_fault_timeseries.csv,EMB_COMP_001,EM2X3125U,bearing_fault,steady_state,2026-01-01 00:06:36.000,2026-01-01 00:06:37.990,396.0,397.99,200,0.03354535108203103,0.020890802631874282,0.03354377870602808,0.020890207599278537,0.0654494335123233,0.0388095928721871,1.9510731413206783,1.857735844623466,2.1884654396579135,2.1200814824560923,40.0,40.0,1.8094409068635622,20.696542697075692,0.0,0.92904582774259,7.800718408171797,0.0,36.75945954941637,37.75540295326673,35.74645289185156,2.0089500614151703,0.009424120833172813,0.7583501852343963,0.7999253643545081,0.7064892377663303,0.019476986458452455,0.09343612658817779,0,0
em2x3125u_bearing_fault_timeseries.csv,EMB_COMP_001,EM2X3125U,bearing_fault,steady_state,2026-01-01 00:06:37.000,2026-01-01 00:06:38.990,397.0,398.99,200,0.034241154119201214,0.020678208684729745,0.03424010287322807,0.02067819478860554,0.0655708968771385,0.0398587830113025,1.9149733285528683,1.927574270044825,2.2394104587546515,2.1491616410417924,40.0,40.0,2.1308830196728588,21.3172356709439,0.0,0.9168420941840254,7.6360477221619245,0.0,37.71517100159847,38.7413894100301,36.62687813287887,2.11451127715123,0.009488455991884503,0.7585595539833554,0.809393867002471,0.7111005300827593,0.018325339749458786,0.09829333691971165,0,0
em2x3125u_bearing_fault_timeseries.csv,EMB_COMP_001,EM2X3125U,bearing_fault,steady_state,2026-01-01 00:06:38.000,2026-01-01 00:06:39.990,398.0,399.99,200,0.03428817803009455,0.02070901192389044,0.03428534168550619,0.020706912691334418,0.0655708968771385,0.041310530289215,1.9123470724979112,1.9948093342666013,2.2258735943268184,2.132417733648354,40.0,40.0,2.1147641957413983,21.395039582983287,0.0,0.7679803489448253,7.808310614724684,0.0,38.67800575108035,39.83198521662448,37.6327389069108,2.199246309713679,0.009490246489732897,0.7599180262394544,0.8182199701710278,0.709881265781662,0.019460822878962246,0.10833870438936577,0,0
em2x3125u_bearing_fault_timeseries.csv,EMB_COMP_001,EM2X3125U,bearing_fault,steady_state,2026-01-01 00:06:39.000,2026-01-01 00:06:40.990,399.0,400.99,200,0.03562072970602282,0.021132836854053164,0.03558990349325901,0.021132724453187066,0.1384972466713697,0.041310530289215,3.8881080711817178,1.9548028773662662,3.344291236662156,2.0672844985597845,40.0,40.0,5.078341967765671,20.260076677259583,0.0,0.7599081332415634,8.172231815408125,0.0,39.64430165807718,40.77650307442744,38.570727363950496,2.205775710476942,0.009726537945483145,0.7621127662381799,0.8182199701710278,0.709881265781662,0.02011119282445103,0.10833870438936577,0,0
em2x3125u_bearing_fault_timeseries.csv,EMB_COMP_001,EM2X3125U,bearing_fault,steady_state,2026-01-01 00:06:40.000,2026-01-01 00:06:41.990,400.0,401.99,200,0.03599327192689315,0.020773243363245993,0.035958547741161265,0.02077265633652212,0.1384972466713697,0.0378485838072064,3.8478648718759154,1.82198721429181,3.2689531257561226,2.0401003289035478,40.0,40.0,5.6511240561666325,20.21168031267027,0.0,0.746525455600633,7.8890288630560255,0.0,40.61182022550181,41.68562409794401,39.60630505992847,2.079319038015541,0.009654098654089546,0.7629294517280567,0.8131521368580212,0.7138725313754348,0.02020891377510121,0.09927960548258641,0,0
em2x3125u_bearing_fault_timeseries.csv,EMB_COMP_001,EM2X3125U,bearing_fault,steady_state,2026-01-01 00:06:41.000,2026-01-01 00:06:42.990,401.0,402.99,200,0.034308584509847986,0.020881022268035985,0.03430593315653421,0.020879734532158908,0.0649081546022518,0.0410821999916022,1.8918925257210908,1.9674419893938597,2.1384812680502177,2.0614815736212315,40.0,40.0,2.3632261277442197,21.175784305299466,0.0,0.7488058998657121,7.972492129296052,0.0,41.579784771249635,42.709926457060966,40.499329914714416,2.2105965423465506,0.009660092116931921,0.7613638869685179,0.8107899010834227,0.6798950108592161,0.020993569118114844,0.13089489022420664,0,0
em2x3125u_bearing_fault_timeseries.csv,EMB_COMP_001,EM2X3125U,bearing_fault,steady_state,2026-01-01 00:06:42.000,2026-01-01 00:06:43.990,402.0,403.99,200,0.033464788867565945,0.02121377178980566,0.03346209968067133,0.021213326166686135,0.0626896032820107,0.041110804906002,1.87330042720722,1.9379300066647234,2.1485833294837966,2.1216124847089883,40.0,40.0,1.7723938276317068,20.621891610136156,0.0,0.9310799245780462,8.072411294512076,0.0,42.54085330562798,43.55739126688896,41.49288531013291,2.064505956756051,0.00946678403360489,0.7599270940009711,0.8110359042306079,0.6798950108592161,0.021228996112364736,0.1311408933713918,0,0
em2x3125u_bearing_fault_timeseries.csv,EMB_COMP_001,EM2X3125U,bearing_fault,steady_state,2026-01-01 00:06:43.000,2026-01-01 00:06:44.990,403.0,404.99,200,0.034286645793960166,0.020997328063416133,0.0342809358083635,0.020997279022471,0.1171122609801035,0.041110804906002,3.4156814779687092,1.9579064908563197,2.587787470584758,2.1218459365534335,40.0,40.0,2.8413487467010965,20.662991303548043,0.0,0.8343586338017709,7.985561012844814,0.0,43.507338758826734,44.51274954411651,42.50510691394155,2.0076426301749564,0.009762211254325009,0.7584189532709926,0.8110359042306079,0.7001739244599674,0.019884145101601726,0.1108619797706405,0,0
em2x3125u_bearing_fault_timeseries.csv,EMB_COMP_001,EM2X3125U,bearing_fault,steady_state,2026-01-01 00:06:44.000,2026-01-01 00:06:45.990,404.0,405.99,200,0.03423295892380596,0.02089836803498162,0.03419494756649889,0.020896887318528328,0.1171122609801035,0.0408486342518469,3.4210382234491097,1.9546327341671217,2.581532295213047,2.091552350432969,40.0,40.0,2.7407409805451795,20.659126349518992,0.0,0.7210740551668631,8.014349309655717,0.0,44.480405281385636,45.68768911514446,43.4013077753698,2.286381339774657,0.009617575399334359,0.7593258891508774,0.8117444159429463,0.7083820165264396,0.02014047387488102,0.10336239941650671,0,0
em2x3125u_bearing_fault_timeseries.csv,EMB_COMP_001,EM2X3125U,bearing_fault,steady_state,2026-01-01 00:06:45.000,2026-01-01 00:06:46.990,405.0,406.99,200,0.03366959550782538,0.020944870212758256,0.03366959149318849,0.020944096440510113,0.0694930235165472,0.0408393707463041,2.063969657740493,1.9498507429961254,2.1913828931220163,2.1368039399865286,40.0,40.0,1.785574421890183,20.8962276737457,0.0,0.8788710684607871,7.896366403048722,0.0,45.44120020626315,46.54555110216808,44.38614978707719,2.1594013150908964,0.009641498359158512,0.7617292508274169,0.8301795515783981,0.7083820165264396,0.019917263843863876,0.12179753505195845,0,0
em2x3125u_bearing_fault_timeseries.csv,EMB_COMP_001,EM2X3125U,bearing_fault,steady_state,2026-01-01 00:06:46.000,2026-01-01 00:06:47.990,406.0,407.99,200,0.03396736016363191,0.02071279142732473,0.03396486334445296,0.020711959754379252,0.0694930235165472,0.0416565270631705,2.045876487951272,2.0111498350828936,2.1691917259315114,2.1651118820277935,40.0,40.0,1.847320653343607,21.230291488968135,0.0,0.88649864508778,7.6932624362786255,0.0,46.41393211565337,47.51848099783197,45.19461957615889,2.3238614216730795,0.009859873789676407,0.7619882794353388,0.8301795515783981,0.716795554962423,0.018552715399816334,0.11338399661597509,0,0
em2x3125u_bearing_fault_timeseries.csv,EMB_COMP_001,EM2X3125U,bearing_fault,steady_state,2026-01-01 00:06:47.000,2026-01-01 00:06:48.990,407.0,408.99,200,0.037305771540176835,0.02082698860535418,0.0372315183292092,0.020825034441929378,0.2359815563949942,0.0416565270631705,6.325604501728411,2.000122430203927,9.335210309701349,2.14387348347778,40.0,40.0,5.780042984606865,21.97762274358037,0.0,0.8291851431388035,7.844467358325393,0.0,47.386617933760625,48.61622449453978,46.35323192465585,2.2629925698839273,0.009648319230811988,0.7605485817936107,0.8290085097565887,0.7007262915082644,0.020770100010927817,0.1282822182483243,0,0
em2x3125u_bearing_fault_timeseries.csv,EMB_COMP_001,EM2X3125U,bearing_fault,steady_state,2026-01-01 00:06:48.000,2026-01-01 00:06:49.990,408.0,409.99,200,0.03772175391656573,0.02131329519592611,0.037675113237707156,0.02131179211508687,0.2359815563949942,0.039990257699417,6.255847936364421,1.876305720527948,9.058944981912774,2.100283407678632,40.0,40.0,6.164755406222616,22.238787098621277,0.0,0.8433333630037974,8.244977041305983,0.0,48.34274715273649,49.40652519107363,47.30378071841604,2.1027444726575837,0.009540417613491139,0.7607478560698638,0.8290085097565887,0.7007262915082644,0.022174961152497875,0.1282822182483243,0,0
em2x3125u_bearing_fault_timeseries.csv,EMB_COMP_001,EM2X3125U,bearing_fault,shutdown,2026-01-01 00:06:49.000,2026-01-01 00:06:50.990,409.0,410.99,200,0.027562835791154674,0.017047690246283557,0.027559897160784514,0.017046337140211816,0.0605177301755589,0.0382278999253188,2.1956278604315433,2.242409345374667,2.90509203864123,2.757748189011427,40.0,40.0,1.3849910388089517,13.806021266712898,0.0,0.5434328239757692,5.2740515931390375,0.0,48.80734775802732,49.40652519107363,48.21839596030503,1.1881292307685953,-0.00022157108781214904,0.5910990108510992,0.8252083877845084,0.2725479769044968,0.18127444725134378,0.5526604108800117,0,0
em2x3125u_bearing_fault_timeseries.csv,EMB_COMP_001,EM2X3125U,bearing_fault,shutdown,2026-01-01 00:06:50.000,2026-01-01 00:06:51.990,410.0,411.99,200,0.014858864131480479,0.009099128189270538,0.014857134022317364,0.009097093912036997,0.0358441070951344,0.0216695204712046,2.4123046538391786,2.3814941410273516,2.4235620851454103,2.5265545292733784,40.0,40.0,0.2514657853626176,4.167027609532826,0.0,0.22117529743493008,1.4340857179673183,0.0,48.293692428997076,49.38155839912567,47.22139389687092,2.1601645022547515,-0.010059984348836485,0.27979950332542153,0.5612335807536889,0.0,0.1614919055379801,0.5612335807536889,0,0
em2x3125u_bearing_fault_timeseries.csv,EMB_COMP_001,EM2X3125U,bearing_fault,idle,2026-01-01 00:06:51.000,2026-01-01 00:06:52.990,411.0,412.99,200,0.007182404040882751,0.004647617781639503,0.007173798347721782,0.004645762877188039,0.0252893834503532,0.0187027805940326,3.521019328125269,4.024164953477515,4.895894548460458,5.576683730810393,40.0,40.0,0.12306534587474428,0.9114442708941615,0.0,0.11274146241439326,0.3189328193295182,0.0,47.4335216658386,48.37128194983809,46.81678386875401,1.554498081084084,-0.007110232289152216,0.07032492131591296,0.283107499147942,0.0,0.08910218891609392,0.283107499147942,0,0
em2x3125u_bearing_fault_timeseries.csv,EMB_COMP_001,EM2X3125U,bearing_fault,idle,2026-01-01 00:06:52.000,2026-01-01 00:06:53.990,412.0,413.99,200,0.0014646909028409553,0.001184204069614479,0.0014645571678017209,0.0011841656293392357,0.0036059637777058,0.0029501508815563,2.461928158843325,2.491252105320606,2.485649070320971,2.731622454177238,0.5,22.5,0.02584778307039082,0.0170636544592328,0.0,0.01822923517761613,0.009816436451948459,0.0,46.88193409475748,47.37311464778987,46.48813696439414,0.8849776833957321,-0.00385026240152681,0.0008686383575151689,0.0044848104551509,0.0,0.0012025349962673773,0.0044848104551509,0,0
em2x3125u_bearing_fault_timeseries.csv,EMB_COMP_001,EM2X3125U,bearing_fault,idle,2026-01-01 00:06:53.000,2026-01-01 00:06:54.990,413.0,414.99,200,0.0014940347069337077,0.0012165688647085612,0.0014785416817319958,0.0012162189581005115,0.0046426124938326,0.0031935232259098,3.107432827555189,2.625024623390172,3.2582004667052376,2.6048519548185656,49.0,22.0,0.026512169446961352,0.017285550902412045,0.0,0.0189398801238485,0.010647062898002164,0.0,46.50079703155103,47.01197395095482,46.07497902348352,0.9369949274712965,-0.003729482412948809,0.0007226276181444355,0.0044129862067594,0.0,0.000998788678260813,0.0044129862067594,0,0
em2x3125u_bearing_fault_timeseries.csv,EMB_COMP_001,EM2X3125U,bearing_fault,idle,2026-01-01 00:06:54.000,2026-01-01 00:06:55.990,414.0,415.99,200,0.0014868419745408465,0.0012634332507194396,0.0014836813044723789,0.0012634244585650765,0.0046426124938326,0.0031935232259098,3.1224653146251744,2.527654883304128,3.4189041211461157,2.585952180582991,48.5,48.0,0.025288146684705623,0.018781374278068454,0.0,0.019896742481361755,0.012337238346447928,0.0,46.12977010409732,46.55416912322335,45.67207326220814,0.8820958610152161,-0.0036674307330061147,0.0007425072764339173,0.004702396380557,0.0,0.0010377034860864448,0.004702396380557,0,0
em2x3125u_bearing_fault_timeseries.csv,EMB_COMP_001,EM2X3125U,bearing_fault,idle,2026-01-01 00:06:55.000,2026-01-01 00:06:56.990,415.0,416.99,200,0.0014514063919379044,0.0012878262391520937,0.0014501616251272052,0.0012878102425931761,0.0044362044559436,0.003734845204538,3.0564867845320847,2.9001157850278205,3.2111719654652147,2.874860877991553,31.0,50.0,0.02667490278767388,0.01551014345121255,0.0,0.020672463919015956,0.013806135295720568,0.0,45.75598375245926,46.16545323545925,45.3635058133959,0.8019474220633498,-0.0037848361424677097,0.0008685838403665668,0.004736064272039,0.0,0.0012418040965599005,0.004736064272039,0,0
em2x3125u_bearing_fault_timeseries.csv,EMB_COMP_001,EM2X3125U,bearing_fault,idle,2026-01-01 00:06:56.000,2026-01-01 00:06:57.990,416.0,417.99,200,0.0015362221707645716,0.0012634629052628314,0.001532399314500789,0.001263345009729049,0.0048619465983119,0.003734845204538,3.1648720418428335,2.956038668789457,3.399180363319465,2.808093911328745,4.5,30.5,0.027232252649812157,0.019920301181762502,0.0,0.018075035646824594,0.014018650400913144,0.0,45.378562643317636,45.808252635755,44.96471358117078,0.8435390545842196,-0.0036955773122245897,0.0008514816067161002,0.004736064272039,0.0,0.00119941677619282,0.004736064272039,0,0
em2x3125u_bearing_fault_timeseries.csv,EMB_COMP_001,EM2X3125U,bearing_fault,idle,2026-01-01 00:06:57.000,2026-01-01 00:06:58.990,417.0,418.99,200,0.0016095965666971812,0.0011729022223327752,0.0016069963405362041,0.0011719947003339373,0.005137828873252,0.0028887200157311,3.191997907770511,2.4628822085320543,3.5086258804086796,2.5960098037782404,38.5,30.5,0.027808599049621043,0.024114267403251614,0.0,0.01239220098155237,0.015165598307025588,0.0,45.00764894383054,45.387871471235,44.52832339671303,0.8595480745219746,-0.003638027947624502,0.000864362324210821,0.0060479143181481,0.0,0.0011495763695648373,0.0060479143181481,0,0
em2x3125u_bearing_fault_timeseries.csv,EMB_COMP_001,EM2X3125U,bearing_fault,idle,2026-01-01 00:06:58.000,2026-01-01 00:06:59.990,418.0,419.99,200,0.001511752384759338,0.0012114045742609067,0.001510468471196899,0.0012107507270580316,0.005137828873252,0.0039746972639798,3.3985915451821245,3.2810650945451587,3.485814122768727,3.0564680311967534,17.5,44.0,0.027366547920663967,0.018364095337120124,0.0,0.01426149290199827,0.015058255692550721,0.0,44.637279566805574,45.10285233638974,44.20109525996578,0.9017570764239551,-0.003715370218105505,0.0009680700558602668,0.0060479143181481,0.0,0.0012709978529008435,0.0060479143181481,0,0
em2x3125u_bearing_fault_timeseries.csv,EMB_COMP_001,EM2X3125U,bearing_fault,idle,2026-01-01 00:06:59.000,2026-01-01 00:07:00.990,419.0,420.99,200,0.058039869380007,0.03806554044824242,0.058000276738705524,0.03806491853882893,0.1672572926854633,0.1163922253378679,2.8817654910691175,3.057679569691806,5.1102943935674014,4.653161108730962,40.0,40.0,17.03479355333156,50.24966953995683,0.0,6.356729949544357,22.62215659119417,0.0,36.81757116471132,44.71481648902088,28.14928431322384,16.565532175797042,-0.11246162951358389,2.5048148580019753,6.521094915091608,0.0,2.5681155351374927,6.521094915091608,1,0
em2x3125u_bearing_fault_timeseries.csv,EMB_COMP_001,EM2X3125U,bearing_fault,startup,2026-01-01 00:07:00.000,2026-01-01 00:07:01.990,420.0,421.99,200,0.07928885318106749,0.0548728749397994,0.07924047226322993,0.05487124655386196,0.1672572926854633,0.1330442023995454,2.109467926134677,2.424589609082942,2.5347186579492096,2.3962874042008853,40.0,40.0,32.10811507854928,93.47972985636542,0.0,14.21195689047015,46.02892909757893,0.0,30.19519541496168,32.216834942508605,28.14928431322384,4.067550629284764,0.020119109365634442,3.6293336525882776,6.521094915091608,0.8531893174506824,1.597359732828498,5.667905597640926,1,0
em2x3125u_bearing_fault_timeseries.csv,EMB_COMP_001,EM2X3125U,bearing_fault,startup,2026-01-01 00:07:01.000,2026-01-01 00:07:02.990,421.0,422.99,200,0.05884422370126195,0.04216554671717462,0.05884283324191267,0.042165542046978435,0.1498551452365865,0.1330442023995454,2.5466415530837017,3.1552822803873335,3.677371247175304,3.8784197549904875,40.0,40.0,16.156614199088374,53.096082706259246,0.0,8.319273213534844,27.271325510810932,0.0,31.934782236705257,33.28993768515858,30.110791719175957,3.1791459659826202,0.014696994069748908,1.5045751466429167,3.657173034355361,0.717554583264836,0.9374774429085962,2.939618451090525,1,0
em2x3125u_bearing_fault_timeseries.csv,EMB_COMP_001,EM2X3125U,bearing_fault,steady_state,2026-01-01 00:07:02.000,2026-01-01 00:07:03.990,422.0,423.99,200,0.03369693576945457,0.02097802888348937,0.033696866713019774,0.020977443840776915,0.063069192524333,0.043571345006654,1.871659576284193,2.076998999698516,2.160002839045498,2.137053531204012,40.0,40.0,1.8391680777619863,20.870750109671604,0.0,0.9084304764934155,7.892636295679502,0.0,33.15487943940411,34.28782107126945,32.03348562106468,2.2543354502047706,0.009974394637524553,0.7600963688804161,0.8068706994562038,0.717554583264836,0.018830736085492367,0.08931611619136781,0,0
em2x3125u_bearing_fault_timeseries.csv,EMB_COMP_001,EM2X3125U,bearing_fault,steady_state,2026-01-01 00:07:03.000,2026-01-01 00:07:04.990,423.0,424.99,200,0.033988770611900844,0.02060234849463745,0.033988769705315114,0.020602330484443612,0.0637762796895168,0.0402930071417882,1.876392659732922,1.9557482561891426,2.1389185857005355,2.085499922145307,40.0,40.0,1.7895727239917123,21.316442787405688,0.0,0.7922902450605123,7.696847152735001,0.0,34.14722168118137,35.21932429033382,33.01889516977014,2.2004291205636832,0.010058091826031483,0.7620441867641498,0.8096188388877317,0.7172804928138725,0.018668090024486758,0.09233834607385916,0,0
em2x3125u_bearing_fault_timeseries.csv,EMB_COMP_001,EM2X3125U,bearing_fault,steady_state,2026-01-01 00:07:04.000,2026-01-01 00:07:05.990,424.0,425.99,200,0.033006423377060584,0.020526326658751096,0.033004712664511736,0.020525658168361827,0.0667968790517943,0.0410059774624301,2.023753930824811,1.997726049290354,2.1585251319550975,2.0387368884972057,40.0,40.0,1.7328275168393086,20.05423321672417,0.0,0.7039240295791199,7.722838828406946,0.0,35.136546443270795,36.15766106030791,34.065358991494946,2.0923020688129625,0.009804696537180406,0.7614990673813751,0.8122909923893138,0.6990925251681153,0.02033122803726271,0.11319846722119853,0,0
em2x3125u_bearing_fault_timeseries.csv,EMB_COMP_001,EM2X3125U,bearing_fault,steady_state,2026-01-01 00:07:05.000,2026-01-01 00:07:06.990,425.0,426.99,200,0.03309592706732396,0.02112364095081138,0.03309584242098219,0.021123152715395124,0.0667968790517943,0.0410059774624301,2.0182809478615185,1.9412362460579988,2.1826345936615725,2.045019327380551,40.0,40.0,1.8681894257419798,20.03882526977436,0.0,0.7528998923647267,8.172015055116264,0.0,36.113587451896855,37.183321657647525,35.02294739633135,2.1603742613161785,0.009837033656651867,0.7608398540248732,0.8122909923893138,0.6909936820590032,0.021390598074251557,0.12129731033031055,0,0
em2x3125u_bearing_fault_timeseries.csv,EMB_COMP_001,EM2X3125U,bearing_fault,steady_state,2026-01-01 00:07:06.000,2026-01-01 00:07:07.990,426.0,427.99,200,0.033707548992647426,0.02124153661428209,0.03370282695790702,0.021240785479446665,0.0623528004617764,0.0400143351620292,1.8498170981039683,1.8837778023612906,2.135774920205047,2.053228554538191,40.0,40.0,1.7691627111519774,20.950095143957608,0.0,0.783106865269717,8.242847924390285,0.0,37.103881101264484,38.26875661746183,35.98727262713929,2.281483990322542,0.009970580992889845,0.7609460485406814,0.8226684721828192,0.6909936820590032,0.021009471603435987,0.131674790123816,0,0
em2x3125u_bearing_fault_timeseries.csv,EMB_COMP_001,EM2X3125U,bearing_fault,steady_state,2026-01-01 00:07:07.000,2026-01-01 00:07:08.990,427.0,428.99,200,0.03392684938753038,0.02091560137180075,0.03392682174260582,0.020915575221418913,0.0614917797186046,0.0398799283497349,1.8124812892648252,1.9067072297286474,2.171570907087049,2.0954712106262106,40.0,40.0,1.9427695378885503,21.0827738242473,0.0,0.8427326182769844,7.90700179858111,0.0,38.08824484048787,39.22276013301864,37.01840486755046,2.2043552654681804,0.009698768506811796,0.7614919913299434,0.8250927398354619,0.6978310733000916,0.0204103677333862,0.1272616665353703,0,0
em2x3125u_bearing_fault_timeseries.csv,EMB_COMP_001,EM2X3125U,bearing_fault,steady_state,2026-01-01 00:07:08.000,2026-01-01 00:07:09.990,428.0,429.99,200,0.035128026516996064,0.020819642885369027,0.035102076985388496,0.020818573705619126,0.1179227119557968,0.0401434983040331,3.3569409855330763,1.9281549892598724,2.588315428147081,2.1006504439610683,40.0,40.0,3.3610450641238954,21.28210708033365,0.0,0.8295093335777781,7.838822539420352,0.0,39.07084619839617,40.23586550727929,37.9264084332146,2.309457074064696,0.010036950943589848,0.7600212367016909,0.8250927398354619,0.7071928888222514,0.019044968456812524,0.11789985101321054,0,0
em2x3125u_bearing_fault_timeseries.csv,EMB_COMP_001,EM2X3125U,bearing_fault,steady_state,2026-01-01 00:07:09.000,2026-01-01 00:07:10.990,429.0,430.99,200,0.03465514377199549,0.021026321530438822,0.034612727520314315,0.021025719655360996,0.1179227119557968,0.0401434983040331,3.4027477344096058,1.9092021514994544,2.6051008352820553,2.056091318564651,40.0,40.0,3.2564085488998424,20.705249503581566,0.0,0.8070801014434016,8.035171353763547,0.0,40.056050112950714,41.11386092773844,39.015762346529215,2.0980985812092285,0.009843838489020661,0.7589065579734512,0.8097800602245477,0.7071928888222514,0.01913169578416842,0.10258717140229634,0,0
em2x3125u_bearing_fault_timeseries.csv,EMB_COMP_001,EM2X3125U,bearing_fault,steady_state,2026-01-01 00:07:10.000,2026-01-01 00:07:11.990,430.0,431.99,200,0.03346366869446606,0.020955313407860266,0.03344359992399647,0.02095157862678636,0.0679061339497101,0.0399615765335702,2.029249529384082,1.9069901631049218,2.1904834536097564,2.0797081552430408,40.0,40.0,1.8294885780651726,20.53999975645008,0.0,0.7860898649074499,7.993768098805606,0.0,41.03177332864834,42.09782279497546,39.77681641073492,2.3210063842405404,0.00985830998409158,0.7599979517962613,0.8097800602245477,0.7114820104327948,0.01942276576620775,0.09829804979175294,0,0
em2x3125u_bearing_fault_timeseries.csv,EMB_COMP_001,EM2X3125U,bearing_fault,steady_state,2026-01-01 00:07:11.000,2026-01-01 00:07:12.990,431.0,432.99,200,0.03661848489725977,0.021068856989953578,0.036546150423922154,0.021060530463877184,0.1627981933919464,0.0399615765335702,4.4457927150374505,1.8967130752572567,3.733169968533178,2.0660643047088363,40.0,40.0,4.097594809819315,22.615260830895654,0.0,0.7990859016677003,8.072176046625945,0.0,42.011046995262994,43.09715254310513,40.96342581074927,2.1337267323558606,0.009722005315762295,0.7584854271434527,0.8132751898864394,0.7023446700820521,0.019970822072940143,0.11093051980438728,0,0
em2x3125u_bearing_fault_timeseries.csv,EMB_COMP_001,EM2X3125U,bearing_fault,steady_state,2026-01-01 00:07:12.000,2026-01-01 00:07:13.990,432.0,433.99,200,0.036826277540638205,0.021044540704273324,0.036797623388918496,0.02104101897678942,0.1627981933919464,0.0395797374035021,4.4207072846908515,1.880760333983673,3.6965079009229997,2.0380761111960948,40.0,40.0,4.101663270058026,22.980235242406977,0.0,0.831661245814293,8.022937475528101,0.0,42.98834773774547,44.15010063389463,41.92525037947744,2.2248502544171913,0.009757677407878541,0.7579074786861333,0.8183340263273209,0.7023446700820521,0.020297316151505117,0.11598935624526874,0,0
em2x3125u_bearing_fault_timeseries.csv,EMB_COMP_001,EM2X3125U,bearing_fault,steady_state,2026-01-01 00:07:13.000,2026-01-01 00:07:14.990,433.0,434.99,200,0.03393068560458886,0.020879328758754277,0.03392930747651182,0.02087866499637699,0.0656605501289412,0.0394734561790823,1.9351377362107038,1.8905519729666542,2.1415958595960882,2.055845730439528,40.0,40.0,1.6223856955598372,21.433070270730347,0.0,0.7742345704109023,7.944593222920296,0.0,43.982226178204,45.09160712594439,42.827524066225365,2.2640830597190273,0.010112522408856904,0.7591569651429473,0.8183340263273209,0.6874112582227112,0.020515878335866218,0.13092276810460968,0,0
em2x3125u_bearing_fault_timeseries.csv,EMB_COMP_001,EM2X3125U,bearing_fault,steady_state,2026-01-01 00:07:14.000,2026-01-01 00:07:15.990,434.0,435.99,200,0.03333542469873727,0.021096605470332288,0.03333542461865261,0.021093639422838685,0.0605784952094442,0.0429984055086179,1.817240840844571,2.038167020238666,2.1701733470647757,2.091418728812833,40.0,40.0,1.7811874549882056,20.461426794138767,0.0,0.8460203437729993,8.053043944844495,0.0,44.98018928767604,46.02961383790273,43.72184387149331,2.307769966409417,0.009834569552314812,0.7616970861535768,0.826761879965175,0.6874112582227112,0.02088789771073741,0.13935062174246382,0,0
em2x3125u_bearing_fault_timeseries.csv,EMB_COMP_001,EM2X3125U,bearing_fault,steady_state,2026-01-01 00:07:15.000,2026-01-01 00:07:16.990,435.0,436.99,200,0.03554690862249867,0.021089948932429072,0.035532288232527375,0.021088191704507035,0.1788932666525727,0.0429984055086179,5.0325970269984595,2.038810318905096,4.862697724730385,2.067988420046986,40.0,40.0,3.8365515279724285,21.437346111512124,0.0,0.805493229801638,8.093894160377705,0.0,45.96446353450523,46.96900905395892,44.86600208189434,2.103006972064584,0.009803158876985053,0.7596901680660588,0.826761879965175,0.6986256031319609,0.019144412181865213,0.12813627683321416,0,0
em2x3125u_bearing_fault_timeseries.csv,EMB_COMP_001,EM2X3125U,bearing_fault,steady_state,2026-01-01 00:07:16.000,2026-01-01 00:07:17.990,436.0,437.99,200,0.04157761385296435,0.020867676855060153,0.04129907900483757,0.020861589425951878,0.2293632231050587,0.0405258025266286,5.516507607102754,1.9420370944071619,7.898093034784134,2.072709753874323,40.0,40.0,11.230936122781083,22.88142330582858,0.0,0.7810641922711555,7.924984772280576,0.0,46.94884167325718,48.14093202474129,45.83530964107965,2.3056223836616425,0.009885567839478455,0.7574504718726754,0.8024762884578502,0.6986256031319609,0.017779306367694103,0.10385068532588937,0,0
em2x3125u_bearing_fault_timeseries.csv,EMB_COMP_001,EM2X3125U,bearing_fault,steady_state,2026-01-01 00:07:17.000,2026-01-01 00:07:18.990,437.0,438.99,200,0.04130463878137133,0.020978279145631377,0.04096934110463415,0.02097068499006654,0.2293632231050587,0.040734404304251,5.552965232769522,1.9417419332383008,6.818618509826729,2.082412465826196,40.0,40.0,10.777407764728457,22.8080980390396,0.0,0.7833695603206031,8.012535993348434,0.0,47.93523119692989,49.05829601948615,46.69767265387238,2.360623365613769,0.009958767637296952,0.7607478759309063,0.81234031872559,0.7110310484195117,0.019302130765753087,0.10130927030607828,0,0
em2x3125u_bearing_fault_timeseries.csv,EMB_COMP_001,EM2X3125U,bearing_fault,steady_state,2026-01-01 00:07:18.000,2026-01-01 00:07:19.990,438.0,439.99,200,0.03516196093865435,0.020815439685006286,0.03515154513992905,0.020815397691278124,0.1119916788904304,0.040734404304251,3.1850236989290144,1.9569322061254697,2.4715872507329335,2.10757114666435,40.0,40.0,3.3940027334942053,21.319780607163338,0.0,0.7891003378203691,7.8787878516201975,0.0,48.92316509479471,50.02860713021806,47.73249179653839,2.2961153336796727,0.009962044658161301,0.7612030352266834,0.8338544251296021,0.704932951245153,0.019774254276195277,0.12892147388444908,0,0
em2x3125u_bearing_fault_timeseries.csv,EMB_COMP_001,EM2X3125U,bearing_fault,shutdown,2026-01-01 00:07:19.000,2026-01-01 00:07:20.990,439.0,440.99,200,0.02646552057064279,0.01637695382673759,0.02646163764845657,0.016371089206138775,0.0618520121213407,0.0396038126586743,2.337078991370788,2.418264903086905,2.7610621662900656,2.881532458765671,40.0,40.0,1.013382809219267,12.994269607706821,0.0,0.5130017404877714,4.853803353379722,0.0,49.47066770866634,50.0909195156324,48.82804808085568,1.26287143477672,0.0007681160007397225,0.5901573997423322,0.8338544251296021,0.2768194410875669,0.17985806596933948,0.5570349840420352,0,0
em2x3125u_bearing_fault_timeseries.csv,EMB_COMP_001,EM2X3125U,bearing_fault,shutdown,2026-01-01 00:07:20.000,2026-01-01 00:07:21.990,440.0,441.99,200,0.014716776825510482,0.008802873759358272,0.014716370047713232,0.00880078571949341,0.0388232317176489,0.0225660316972839,2.63802544388331,2.5634846431023863,2.548330021179974,2.338599126006475,40.0,40.0,0.2862268650101459,4.046171101596837,0.0,0.1782253564443414,1.3709227418023489,0.0,49.02150796745166,50.0909195156324,47.97558643382844,2.1153330818039606,-0.010107283901373058,0.2809880042147788,0.5688534584420342,0.0054915934363605,0.16203445373930978,0.5633618650056736,0,0
em2x3125u_bearing_fault_timeseries.csv,EMB_COMP_001,EM2X3125U,bearing_fault,idle,2026-01-01 00:07:21.000,2026-01-01 00:07:22.990,441.0,442.99,200,0.007506960741553549,0.0046787663436617865,0.007506725979460347,0.004678523150433354,0.0262744321576475,0.015177954191434,3.5000092663612445,3.2440077312249653,4.811498999268972,4.164583095040822,40.0,40.0,0.1524042327495338,0.9778333301714012,0.0,0.10764038558054029,0.33137197733594703,0.0,48.16720023707403,49.11457774860749,47.57256166826678,1.5420160803407086,-0.0070170579760837635,0.0711801188052329,0.2919354754587022,0.0,0.09133899288732505,0.2919354754587022,0,0
em2x3125u_bearing_fault_timeseries.csv,EMB_COMP_001,EM2X3125U,bearing_fault,idle,2026-01-01 00:07:22.000,2026-01-01 00:07:23.990,442.0,443.99,200,0.00142552143299592,0.001214438165435301,0.0014192499612081936,0.0012143270444718386,0.0037758998492304,0.0044494077423547,2.6487850423229706,3.663758163232512,2.6298633315697275,3.4086553266661936,49.5,44.5,0.021753285125334917,0.01854481713871522,0.0,0.015297198848352149,0.014195737509109121,0.0,47.63177457050756,48.09749821566255,47.21292732576919,0.8845708898933538,-0.0037104404951568107,0.0007834109076280885,0.0078335693272469,0.0,0.0011886548689147409,0.0078335693272469,0,0
em2x3125u_bearing_fault_timeseries.csv,EMB_COMP_001,EM2X3125U,bearing_fault,idle,2026-01-01 00:07:23.000,2026-01-01 00:07:24.990,443.0,444.99,200,0.0016245598258908497,0.001218148286072205,0.0016243598916400863,0.0012166889877916797,0.0056678327547849,0.0044494077423547,3.4888421247748544,3.652599435739767,2.8354801653046655,3.635025954962079,42.5,3.5,0.026963922337309116,0.025856069894128014,0.0,0.019299167927482125,0.010428214567892577,0.0,47.25456849848271,47.70836228877335,46.80218197256319,0.9061803162101612,-0.0038030104778461575,0.0007377061863614341,0.0061111940242813,0.0,0.001129240225026053,0.0061111940242813,0,0
em2x3125u_bearing_fault_timeseries.csv,EMB_COMP_001,EM2X3125U,bearing_fault,idle,2026-01-01 00:07:24.000,2026-01-01 00:07:25.990,444.0,445.99,200,0.0016709753656837497,0.001246354216947676,0.0016681193674932982,0.0012330716673105144,0.0056678327547849,0.0035912827021587,3.391930767612285,2.8814302172890773,3.0221818294526597,3.122018539963954,40.5,16.0,0.029125659625618822,0.026668920869793663,0.0,0.022477029817321054,0.0081588390141081,0.0,46.87354576550301,47.27415613668838,46.41038538672787,0.8637707499605156,-0.0037341297426063216,0.0008170961741661734,0.0061111940242813,0.0,0.0011644299997960357,0.0061111940242813,0,0
em2x3125u_bearing_fault_timeseries.csv,EMB_COMP_001,EM2X3125U,bearing_fault,idle,2026-01-01 00:07:25.000,2026-01-01 00:07:26.990,445.0,446.99,200,0.0015338627580700375,0.0012741641520359155,0.0015336581086528482,0.0012648236558805428,0.0043280793285975,0.0035912827021587,2.8216861683526684,2.818540057354769,3.064454401795077,2.905737374164554,22.5,15.5,0.028855751991853678,0.01818736122875338,0.0,0.023399834884416406,0.008701595084314987,0.0,46.5030620522115,46.9177865254811,46.06685336148426,0.8509331639968352,-0.0037172181464481756,0.0007538289700347837,0.005328471974393,0.0,0.0010420443721901509,0.005328471974393,0,0
em2x3125u_bearing_fault_timeseries.csv,EMB_COMP_001,EM2X3125U,bearing_fault,idle,2026-01-01 00:07:26.000,2026-01-01 00:07:27.990,446.0,447.99,200,0.0014995845318302508,0.0012965901851630746,0.001498367757431459,0.001296213393880156,0.003948597452896,0.0035070022901227,2.633127622406665,2.704788552507528,2.9314997020122506,2.8179463908297695,33.5,50.0,0.028134372552173548,0.016951479911764974,0.0,0.021053936959564142,0.013680294409651838,0.0,46.127719271392706,46.559466000302415,45.675542085862965,0.8839239144394497,-0.0038776242552530397,0.000733608444489911,0.005328471974393,0.0,0.0010777487290208395,0.005328471974393,0,0
em2x3125u_bearing_fault_timeseries.csv,EMB_COMP_001,EM2X3125U,bearing_fault,idle,2026-01-01 00:07:27.000,2026-01-01 00:07:28.990,447.0,448.99,200,0.001495562350074123,0.0012775586586357504,0.0014899008381024149,0.0012771229764778496,0.0037978596854591,0.0039790241899182,2.539419159134937,3.1145530289522894,2.7181784040580528,3.261400197630744,5.5,20.0,0.027416253634912287,0.01701575202022096,0.0,0.017576291535715483,0.015731881785402777,0.0,45.75208417392521,46.15662555600198,45.25899723131329,0.8976283246886894,-0.0036895616553677397,0.0007590645265002998,0.0047030287875317,0.0,0.0011418283957095312,0.0047030287875317,0,0
em2x3125u_bearing_fault_timeseries.csv,EMB_COMP_001,EM2X3125U,bearing_fault,idle,2026-01-01 00:07:28.000,2026-01-01 00:07:29.990,448.0,449.99,200,0.0014533990270686685,0.001199184759079459,0.0014443957271200846,0.0011990501718143881,0.0045021098823867,0.0039790241899182,3.097642009205769,3.3181077059156876,2.868623837981762,3.4063731928542658,41.5,47.0,0.023691286578356355,0.01803715520765642,0.0,0.016441727020015603,0.012613668098457924,0.0,45.37589265612385,45.784576039754114,44.91767133932096,0.8669047004331532,-0.0038280649815523268,0.0007716346429403768,0.0056271858174931,0.0,0.0012163211121939605,0.0056271858174931,0,0
